realisation,gate_factor,delta_bic_threshold,separation_threshold,delta_v_kms,intrinsic_velocity_sigma_kms,velocity_seed,velocity_direction_angle_rad,angle_matches_archived_table3,exact_spatial_reconstruction,stage1_fracture_abs_error_pc,stage1_radius_graph_pairs,t01_stage1_best_group,t02_stage1_best_group,stage1_already_separate,target_parent_gid,s3_accepted_splits,s3_orphans,mean_completeness,mean_purity,mean_jaccard,templates_detected_ge50pct,strict_recoveries_of_8,overlap_best_groups_separate,formal_overlap_resolved,strict_overlap_resolved
0,0.8,8.0,1.6,3.0,1.0,50260725,3.489988484439527,True,True,0.0,15922,4,4,False,4,0,0,1.0,0.7193180544672495,0.7193180544672495,8,6,False,False,False
0,0.9,9.0,1.8,3.0,1.0,50260725,3.489988484439527,True,True,0.0,15922,4,4,False,4,0,0,1.0,0.7193180544672495,0.7193180544672495,8,6,False,False,False
0,1.0,10.0,2.0,3.0,1.0,50260725,3.489988484439527,True,True,0.0,15922,4,4,False,4,0,0,1.0,0.7193180544672495,0.7193180544672495,8,6,False,False,False
0,1.1,11.0,2.2,3.0,1.0,50260725,3.489988484439527,True,True,0.0,15922,4,4,False,4,0,0,1.0,0.7193180544672495,0.7193180544672495,8,6,False,False,False
0,1.2,12.0,2.4,3.0,1.0,50260725,3.489988484439527,True,True,0.0,15922,4,4,False,4,0,0,1.0,0.7193180544672495,0.7193180544672495,8,6,False,False,False
1,0.8,8.0,1.6,3.0,1.0,50260726,3.961831083182719,True,True,0.0,15816,8,8,False,8,1,34,0.9862000512295082,0.8689198784832226,0.8566428659428122,8,8,True,True,True
1,0.9,9.0,1.8,3.0,1.0,50260726,3.961831083182719,True,True,0.0,15816,8,8,False,8,1,34,0.9862000512295082,0.8689198784832226,0.8566428659428122,8,8,True,True,True
1,1.0,10.0,2.0,3.0,1.0,50260726,3.961831083182719,True,True,0.0,15816,8,8,False,8,1,34,0.9862000512295082,0.8689198784832226,0.8566428659428122,8,8,True,True,True
1,1.1,11.0,2.2,3.0,1.0,50260726,3.961831083182719,True,True,0.0,15816,8,8,False,8,1,34,0.9862000512295082,0.8689198784832226,0.8566428659428122,8,8,True,True,True
1,1.2,12.0,2.4,3.0,1.0,50260726,3.961831083182719,True,True,0.0,15816,8,8,False,8,1,34,0.9862000512295082,0.8689198784832226,0.8566428659428122,8,8,True,True,True
2,0.8,8.0,1.6,3.0,1.0,50260727,4.833512560881695,True,True,0.0,15845,2,2,False,2,0,0,1.0,0.7421885182420709,0.7421885182420709,8,6,False,False,False
2,0.9,9.0,1.8,3.0,1.0,50260727,4.833512560881695,True,True,0.0,15845,2,2,False,2,0,0,1.0,0.7421885182420709,0.7421885182420709,8,6,False,False,False
2,1.0,10.0,2.0,3.0,1.0,50260727,4.833512560881695,True,True,0.0,15845,2,2,False,2,0,0,1.0,0.7421885182420709,0.7421885182420709,8,6,False,False,False
2,1.1,11.0,2.2,3.0,1.0,50260727,4.833512560881695,True,True,0.0,15845,2,2,False,2,0,0,1.0,0.7421885182420709,0.7421885182420709,8,6,False,False,False
2,1.2,12.0,2.4,3.0,1.0,50260727,4.833512560881695,True,True,0.0,15845,2,2,False,2,0,0,1.0,0.7421885182420709,0.7421885182420709,8,6,False,False,False
3,0.8,8.0,1.6,3.0,1.0,50260728,2.327526136450255,True,True,0.0,15675,9,9,False,9,0,0,1.0,0.7693224871006205,0.7693224871006205,8,6,False,False,False
3,0.9,9.0,1.8,3.0,1.0,50260728,2.327526136450255,True,True,0.0,15675,9,9,False,9,0,0,1.0,0.7693224871006205,0.7693224871006205,8,6,False,False,False
3,1.0,10.0,2.0,3.0,1.0,50260728,2.327526136450255,True,True,0.0,15675,9,9,False,9,0,0,1.0,0.7693224871006205,0.7693224871006205,8,6,False,False,False
3,1.1,11.0,2.2,3.0,1.0,50260728,2.327526136450255,True,True,0.0,15675,9,9,False,9,0,0,1.0,0.7693224871006205,0.7693224871006205,8,6,False,False,False
3,1.2,12.0,2.4,3.0,1.0,50260728,2.327526136450255,True,True,0.0,15675,9,9,False,9,0,0,1.0,0.7693224871006205,0.7693224871006205,8,6,False,False,False
4,0.8,8.0,1.6,3.0,1.0,50260729,1.4905496987390803,True,True,0.0,16214,2,2,False,2,1,46,0.9794014685792349,0.8043794659124945,0.7861708727039014,8,7,True,True,True
4,0.9,9.0,1.8,3.0,1.0,50260729,1.4905496987390803,True,True,0.0,16214,2,2,False,2,1,46,0.9794014685792349,0.8043794659124945,0.7861708727039014,8,7,True,True,True
4,1.0,10.0,2.0,3.0,1.0,50260729,1.4905496987390803,True,True,0.0,16214,2,2,False,2,1,46,0.9794014685792349,0.8043794659124945,0.7861708727039014,8,7,True,True,True
4,1.1,11.0,2.2,3.0,1.0,50260729,1.4905496987390803,True,True,0.0,16214,2,2,False,2,1,46,0.9794014685792349,0.8043794659124945,0.7861708727039014,8,7,True,True,True
4,1.2,12.0,2.4,3.0,1.0,50260729,1.4905496987390803,True,True,0.0,16214,2,2,False,2,0,0,1.0,0.6835524459329323,0.6835524459329323,8,5,False,False,False
5,0.8,8.0,1.6,3.0,1.0,50260730,5.354146647333957,True,True,0.0,16094,1,1,False,1,0,0,1.0,0.6801769027485203,0.6801769027485203,8,6,False,False,False
5,0.9,9.0,1.8,3.0,1.0,50260730,5.354146647333957,True,True,0.0,16094,1,1,False,1,0,0,1.0,0.6801769027485203,0.6801769027485203,8,6,False,False,False
5,1.0,10.0,2.0,3.0,1.0,50260730,5.354146647333957,True,True,0.0,16094,1,1,False,1,0,0,1.0,0.6801769027485203,0.6801769027485203,8,6,False,False,False
5,1.1,11.0,2.2,3.0,1.0,50260730,5.354146647333957,True,True,0.0,16094,1,1,False,1,0,0,1.0,0.6801769027485203,0.6801769027485203,8,6,False,False,False
5,1.2,12.0,2.4,3.0,1.0,50260730,5.354146647333957,True,True,0.0,16094,1,1,False,1,0,0,1.0,0.6801769027485203,0.6801769027485203,8,6,False,False,False
6,0.8,8.0,1.6,3.0,1.0,50260731,2.3338096915687427,True,True,0.0,15333,7,7,False,7,0,0,0.9953195382882882,0.7454908177397843,0.7423122721682294,8,6,False,False,False
6,0.9,9.0,1.8,3.0,1.0,50260731,2.3338096915687427,True,True,0.0,15333,7,7,False,7,0,0,0.9953195382882882,0.7454908177397843,0.7423122721682294,8,6,False,False,False
6,1.0,10.0,2.0,3.0,1.0,50260731,2.3338096915687427,True,True,0.0,15333,7,7,False,7,0,0,0.9953195382882882,0.7454908177397843,0.7423122721682294,8,6,False,False,False
6,1.1,11.0,2.2,3.0,1.0,50260731,2.3338096915687427,True,True,0.0,15333,7,7,False,7,0,0,0.9953195382882882,0.7454908177397843,0.7423122721682294,8,6,False,False,False
6,1.2,12.0,2.4,3.0,1.0,50260731,2.3338096915687427,True,True,0.0,15333,7,7,False,7,0,0,0.9953195382882882,0.7454908177397843,0.7423122721682294,8,6,False,False,False
7,0.8,8.0,1.6,3.0,1.0,50260732,0.4940348716259156,True,True,0.0,16023,2,2,False,2,0,0,1.0,0.7181007058041172,0.7181007058041172,8,6,False,False,False
7,0.9,9.0,1.8,3.0,1.0,50260732,0.4940348716259156,True,True,0.0,16023,2,2,False,2,0,0,1.0,0.7181007058041172,0.7181007058041172,8,6,False,False,False
7,1.0,10.0,2.0,3.0,1.0,50260732,0.4940348716259156,True,True,0.0,16023,2,2,False,2,0,0,1.0,0.7181007058041172,0.7181007058041172,8,6,False,False,False
7,1.1,11.0,2.2,3.0,1.0,50260732,0.4940348716259156,True,True,0.0,16023,2,2,False,2,0,0,1.0,0.7181007058041172,0.7181007058041172,8,6,False,False,False
7,1.2,12.0,2.4,3.0,1.0,50260732,0.4940348716259156,True,True,0.0,16023,2,2,False,2,0,0,1.0,0.7181007058041172,0.7181007058041172,8,6,False,False,False
8,0.8,8.0,1.6,3.0,1.0,50260733,3.193245037579377,True,True,0.0,15942,6,6,False,6,0,0,1.0,0.7613937681594118,0.7613937681594118,8,6,False,False,False
8,0.9,9.0,1.8,3.0,1.0,50260733,3.193245037579377,True,True,0.0,15942,6,6,False,6,0,0,1.0,0.7613937681594118,0.7613937681594118,8,6,False,False,False
8,1.0,10.0,2.0,3.0,1.0,50260733,3.193245037579377,True,True,0.0,15942,6,6,False,6,0,0,1.0,0.7613937681594118,0.7613937681594118,8,6,False,False,False
8,1.1,11.0,2.2,3.0,1.0,50260733,3.193245037579377,True,True,0.0,15942,6,6,False,6,0,0,1.0,0.7613937681594118,0.7613937681594118,8,6,False,False,False
8,1.2,12.0,2.4,3.0,1.0,50260733,3.193245037579377,True,True,0.0,15942,6,6,False,6,0,0,1.0,0.7613937681594118,0.7613937681594118,8,6,False,False,False
9,0.8,8.0,1.6,3.0,1.0,50260734,1.7054631439414238,True,True,0.0,15982,13,13,False,13,1,37,0.9826886953551912,0.9317716248423367,0.9163941886113316,8,8,True,True,True
9,0.9,9.0,1.8,3.0,1.0,50260734,1.7054631439414238,True,True,0.0,15982,13,13,False,13,1,37,0.9826886953551912,0.9317716248423367,0.9163941886113316,8,8,True,True,True
9,1.0,10.0,2.0,3.0,1.0,50260734,1.7054631439414238,True,True,0.0,15982,13,13,False,13,1,37,0.9826886953551912,0.9317716248423367,0.9163941886113316,8,8,True,True,True
9,1.1,11.0,2.2,3.0,1.0,50260734,1.7054631439414238,True,True,0.0,15982,13,13,False,13,1,37,0.9826886953551912,0.9317716248423367,0.9163941886113316,8,8,True,True,True
9,1.2,12.0,2.4,3.0,1.0,50260734,1.7054631439414238,True,True,0.0,15982,13,13,False,13,1,37,0.9826886953551912,0.9317716248423367,0.9163941886113316,8,8,True,True,True
10,0.8,8.0,1.6,3.0,1.0,50260735,5.714785923302727,True,True,0.0,16224,6,6,False,6,0,0,1.0,0.7563250916510829,0.7563250916510829,8,6,False,False,False
10,0.9,9.0,1.8,3.0,1.0,50260735,5.714785923302727,True,True,0.0,16224,6,6,False,6,0,0,1.0,0.7563250916510829,0.7563250916510829,8,6,False,False,False
10,1.0,10.0,2.0,3.0,1.0,50260735,5.714785923302727,True,True,0.0,16224,6,6,False,6,0,0,1.0,0.7563250916510829,0.7563250916510829,8,6,False,False,False
10,1.1,11.0,2.2,3.0,1.0,50260735,5.714785923302727,True,True,0.0,16224,6,6,False,6,0,0,1.0,0.7563250916510829,0.7563250916510829,8,6,False,False,False
10,1.2,12.0,2.4,3.0,1.0,50260735,5.714785923302727,True,True,0.0,16224,6,6,False,6,0,0,1.0,0.7563250916510829,0.7563250916510829,8,6,False,False,False
11,0.8,8.0,1.6,3.0,1.0,50260736,3.540579634198396,True,True,0.0,15906,4,4,False,4,1,9,0.9844497096994536,0.8870403892730558,0.8720351828694989,8,8,True,True,True
11,0.9,9.0,1.8,3.0,1.0,50260736,3.540579634198396,True,True,0.0,15906,4,4,False,4,1,9,0.9844497096994536,0.8870403892730558,0.8720351828694989,8,8,True,True,True
11,1.0,10.0,2.0,3.0,1.0,50260736,3.540579634198396,True,True,0.0,15906,4,4,False,4,1,9,0.9844497096994536,0.8870403892730558,0.8720351828694989,8,8,True,True,True
11,1.1,11.0,2.2,3.0,1.0,50260736,3.540579634198396,True,True,0.0,15906,4,4,False,4,1,9,0.9844497096994536,0.8870403892730558,0.8720351828694989,8,8,True,True,True
11,1.2,12.0,2.4,3.0,1.0,50260736,3.540579634198396,True,True,0.0,15906,4,4,False,4,1,9,0.9844497096994536,0.8870403892730558,0.8720351828694989,8,8,True,True,True
12,0.8,8.0,1.6,3.0,1.0,50260737,0.6268795493003532,True,True,0.0,15971,3,3,False,3,1,32,0.9807675887978142,0.8921018933910031,0.8740871418088357,8,8,True,True,True
12,0.9,9.0,1.8,3.0,1.0,50260737,0.6268795493003532,True,True,0.0,15971,3,3,False,3,1,32,0.9807675887978142,0.8921018933910031,0.8740871418088357,8,8,True,True,True
12,1.0,10.0,2.0,3.0,1.0,50260737,0.6268795493003532,True,True,0.0,15971,3,3,False,3,1,32,0.9807675887978142,0.8921018933910031,0.8740871418088357,8,8,True,True,True
12,1.1,11.0,2.2,3.0,1.0,50260737,0.6268795493003532,True,True,0.0,15971,3,3,False,3,1,32,0.9807675887978142,0.8921018933910031,0.8740871418088357,8,8,True,True,True
12,1.2,12.0,2.4,3.0,1.0,50260737,0.6268795493003532,True,True,0.0,15971,3,3,False,3,1,32,0.9807675887978142,0.8921018933910031,0.8740871418088357,8,8,True,True,True
13,0.8,8.0,1.6,3.0,1.0,50260738,3.520276229882516,True,True,0.0,16191,16,16,False,16,1,43,0.9824645662568305,0.8631555113012623,0.8477227709221022,8,8,True,True,True
13,0.9,9.0,1.8,3.0,1.0,50260738,3.520276229882516,True,True,0.0,16191,16,16,False,16,1,43,0.9824645662568305,0.8631555113012623,0.8477227709221022,8,8,True,True,True
13,1.0,10.0,2.0,3.0,1.0,50260738,3.520276229882516,True,True,0.0,16191,16,16,False,16,1,43,0.9824645662568305,0.8631555113012623,0.8477227709221022,8,8,True,True,True
13,1.1,11.0,2.2,3.0,1.0,50260738,3.520276229882516,True,True,0.0,16191,16,16,False,16,1,43,0.9824645662568305,0.8631555113012623,0.8477227709221022,8,8,True,True,True
13,1.2,12.0,2.4,3.0,1.0,50260738,3.520276229882516,True,True,0.0,16191,16,16,False,16,1,43,0.9824645662568305,0.8631555113012623,0.8477227709221022,8,8,True,True,True
14,0.8,8.0,1.6,3.0,1.0,50260739,0.9886276275548219,True,True,0.0,15937,8,8,False,8,1,34,0.9814506489071038,0.8318261436682489,0.8157312941646824,8,8,True,True,True
14,0.9,9.0,1.8,3.0,1.0,50260739,0.9886276275548219,True,True,0.0,15937,8,8,False,8,1,34,0.9814506489071038,0.8318261436682489,0.8157312941646824,8,8,True,True,True
14,1.0,10.0,2.0,3.0,1.0,50260739,0.9886276275548219,True,True,0.0,15937,8,8,False,8,0,0,1.0,0.7109438500814873,0.7109438500814873,8,6,False,False,False
14,1.1,11.0,2.2,3.0,1.0,50260739,0.9886276275548219,True,True,0.0,15937,8,8,False,8,0,0,1.0,0.7109438500814873,0.7109438500814873,8,6,False,False,False
14,1.2,12.0,2.4,3.0,1.0,50260739,0.9886276275548219,True,True,0.0,15937,8,8,False,8,0,0,1.0,0.7109438500814873,0.7109438500814873,8,6,False,False,False
15,0.8,8.0,1.6,3.0,1.0,50260740,4.2853403992109635,True,True,0.0,15827,4,4,False,4,0,0,1.0,0.7358405176206575,0.7358405176206575,8,5,False,False,False
15,0.9,9.0,1.8,3.0,1.0,50260740,4.2853403992109635,True,True,0.0,15827,4,4,False,4,0,0,1.0,0.7358405176206575,0.7358405176206575,8,5,False,False,False
15,1.0,10.0,2.0,3.0,1.0,50260740,4.2853403992109635,True,True,0.0,15827,4,4,False,4,0,0,1.0,0.7358405176206575,0.7358405176206575,8,5,False,False,False
15,1.1,11.0,2.2,3.0,1.0,50260740,4.2853403992109635,True,True,0.0,15827,4,4,False,4,0,0,1.0,0.7358405176206575,0.7358405176206575,8,5,False,False,False
15,1.2,12.0,2.4,3.0,1.0,50260740,4.2853403992109635,True,True,0.0,15827,4,4,False,4,0,0,1.0,0.7358405176206575,0.7358405176206575,8,5,False,False,False
16,0.8,8.0,1.6,3.0,1.0,50260741,4.156599688540642,True,True,0.0,16168,1,1,False,1,0,0,1.0,0.7206978781933788,0.7206978781933788,8,6,False,False,False
16,0.9,9.0,1.8,3.0,1.0,50260741,4.156599688540642,True,True,0.0,16168,1,1,False,1,0,0,1.0,0.7206978781933788,0.7206978781933788,8,6,False,False,False
16,1.0,10.0,2.0,3.0,1.0,50260741,4.156599688540642,True,True,0.0,16168,1,1,False,1,0,0,1.0,0.7206978781933788,0.7206978781933788,8,6,False,False,False
16,1.1,11.0,2.2,3.0,1.0,50260741,4.156599688540642,True,True,0.0,16168,1,1,False,1,0,0,1.0,0.7206978781933788,0.7206978781933788,8,6,False,False,False
16,1.2,12.0,2.4,3.0,1.0,50260741,4.156599688540642,True,True,0.0,16168,1,1,False,1,0,0,1.0,0.7206978781933788,0.7206978781933788,8,6,False,False,False
17,0.8,8.0,1.6,3.0,1.0,50260742,1.2400365498747543,True,True,0.0,15504,4,4,False,4,0,0,0.9953195382882882,0.6939310548354898,0.6907582724960408,8,6,False,False,False
17,0.9,9.0,1.8,3.0,1.0,50260742,1.2400365498747543,True,True,0.0,15504,4,4,False,4,0,0,0.9953195382882882,0.6939310548354898,0.6907582724960408,8,6,False,False,False
17,1.0,10.0,2.0,3.0,1.0,50260742,1.2400365498747543,True,True,0.0,15504,4,4,False,4,0,0,0.9953195382882882,0.6939310548354898,0.6907582724960408,8,6,False,False,False
17,1.1,11.0,2.2,3.0,1.0,50260742,1.2400365498747543,True,True,0.0,15504,4,4,False,4,0,0,0.9953195382882882,0.6939310548354898,0.6907582724960408,8,6,False,False,False
17,1.2,12.0,2.4,3.0,1.0,50260742,1.2400365498747543,True,True,0.0,15504,4,4,False,4,0,0,0.9953195382882882,0.6939310548354898,0.6907582724960408,8,6,False,False,False
18,0.8,8.0,1.6,3.0,1.0,50260743,0.9801992095446961,True,True,0.0,15435,25,25,False,25,1,43,0.9819785205287255,0.8484269181540853,0.8324596287119954,8,7,True,True,True
18,0.9,9.0,1.8,3.0,1.0,50260743,0.9801992095446961,True,True,0.0,15435,25,25,False,25,1,43,0.9819785205287255,0.8484269181540853,0.8324596287119954,8,7,True,True,True
18,1.0,10.0,2.0,3.0,1.0,50260743,0.9801992095446961,True,True,0.0,15435,25,25,False,25,1,43,0.9819785205287255,0.8484269181540853,0.8324596287119954,8,7,True,True,True
18,1.1,11.0,2.2,3.0,1.0,50260743,0.9801992095446961,True,True,0.0,15435,25,25,False,25,1,43,0.9819785205287255,0.8484269181540853,0.8324596287119954,8,7,True,True,True
18,1.2,12.0,2.4,3.0,1.0,50260743,0.9801992095446961,True,True,0.0,15435,25,25,False,25,1,43,0.9819785205287255,0.8484269181540853,0.8324596287119954,8,7,True,True,True
19,0.8,8.0,1.6,3.0,1.0,50260744,2.3405469589234884,True,True,0.0,15864,4,4,False,4,0,0,1.0,0.7447217451811158,0.7447217451811158,8,6,False,False,False
19,0.9,9.0,1.8,3.0,1.0,50260744,2.3405469589234884,True,True,0.0,15864,4,4,False,4,0,0,1.0,0.7447217451811158,0.7447217451811158,8,6,False,False,False
19,1.0,10.0,2.0,3.0,1.0,50260744,2.3405469589234884,True,True,0.0,15864,4,4,False,4,0,0,1.0,0.7447217451811158,0.7447217451811158,8,6,False,False,False
19,1.1,11.0,2.2,3.0,1.0,50260744,2.3405469589234884,True,True,0.0,15864,4,4,False,4,0,0,1.0,0.7447217451811158,0.7447217451811158,8,6,False,False,False
19,1.2,12.0,2.4,3.0,1.0,50260744,2.3405469589234884,True,True,0.0,15864,4,4,False,4,0,0,1.0,0.7447217451811158,0.7447217451811158,8,6,False,False,False
20,0.8,8.0,1.6,3.0,1.0,50260745,1.3788287780389752,True,True,0.0,15672,3,3,False,3,1,35,0.9767652834699454,0.8655842985104822,0.8423495819804275,8,8,True,True,True
20,0.9,9.0,1.8,3.0,1.0,50260745,1.3788287780389752,True,True,0.0,15672,3,3,False,3,0,0,1.0,0.7405842985104822,0.7405842985104822,8,7,False,False,False
20,1.0,10.0,2.0,3.0,1.0,50260745,1.3788287780389752,True,True,0.0,15672,3,3,False,3,0,0,1.0,0.7405842985104822,0.7405842985104822,8,7,False,False,False
20,1.1,11.0,2.2,3.0,1.0,50260745,1.3788287780389752,True,True,0.0,15672,3,3,False,3,0,0,1.0,0.7405842985104822,0.7405842985104822,8,7,False,False,False
20,1.2,12.0,2.4,3.0,1.0,50260745,1.3788287780389752,True,True,0.0,15672,3,3,False,3,0,0,1.0,0.7405842985104822,0.7405842985104822,8,7,False,False,False
21,0.8,8.0,1.6,3.0,1.0,50260746,5.525609156846147,True,True,0.0,15779,5,5,False,5,0,0,1.0,0.8015014361289773,0.8015014361289773,8,6,False,False,False
21,0.9,9.0,1.8,3.0,1.0,50260746,5.525609156846147,True,True,0.0,15779,5,5,False,5,0,0,1.0,0.8015014361289773,0.8015014361289773,8,6,False,False,False
21,1.0,10.0,2.0,3.0,1.0,50260746,5.525609156846147,True,True,0.0,15779,5,5,False,5,0,0,1.0,0.8015014361289773,0.8015014361289773,8,6,False,False,False
21,1.1,11.0,2.2,3.0,1.0,50260746,5.525609156846147,True,True,0.0,15779,5,5,False,5,0,0,1.0,0.8015014361289773,0.8015014361289773,8,6,False,False,False
21,1.2,12.0,2.4,3.0,1.0,50260746,5.525609156846147,True,True,0.0,15779,5,5,False,5,0,0,1.0,0.8015014361289773,0.8015014361289773,8,6,False,False,False
22,0.8,8.0,1.6,3.0,1.0,50260747,1.9547055472494776,True,True,0.0,15722,6,6,False,6,1,24,0.9825286031420766,0.7486866544755255,0.7318174986942131,8,7,True,True,True
22,0.9,9.0,1.8,3.0,1.0,50260747,1.9547055472494776,True,True,0.0,15722,6,6,False,6,1,24,0.9825286031420766,0.7486866544755255,0.7318174986942131,8,7,True,True,True
22,1.0,10.0,2.0,3.0,1.0,50260747,1.9547055472494776,True,True,0.0,15722,6,6,False,6,1,24,0.9825286031420766,0.7486866544755255,0.7318174986942131,8,7,True,True,True
22,1.1,11.0,2.2,3.0,1.0,50260747,1.9547055472494776,True,True,0.0,15722,6,6,False,6,1,24,0.9825286031420766,0.7486866544755255,0.7318174986942131,8,7,True,True,True
22,1.2,12.0,2.4,3.0,1.0,50260747,1.9547055472494776,True,True,0.0,15722,6,6,False,6,1,24,0.9825286031420766,0.7486866544755255,0.7318174986942131,8,7,True,True,True
23,0.8,8.0,1.6,3.0,1.0,50260748,1.5857552189561728,True,True,0.0,15525,6,6,False,6,1,58,0.9733228682063211,0.8583448944935526,0.8361423751482197,8,8,True,True,True
23,0.9,9.0,1.8,3.0,1.0,50260748,1.5857552189561728,True,True,0.0,15525,6,6,False,6,1,58,0.9733228682063211,0.8583448944935526,0.8361423751482197,8,8,True,True,True
23,1.0,10.0,2.0,3.0,1.0,50260748,1.5857552189561728,True,True,0.0,15525,6,6,False,6,1,58,0.9733228682063211,0.8583448944935526,0.8361423751482197,8,8,True,True,True
23,1.1,11.0,2.2,3.0,1.0,50260748,1.5857552189561728,True,True,0.0,15525,6,6,False,6,1,58,0.9733228682063211,0.8583448944935526,0.8361423751482197,8,8,True,True,True
23,1.2,12.0,2.4,3.0,1.0,50260748,1.5857552189561728,True,True,0.0,15525,6,6,False,6,1,58,0.9733228682063211,0.8583448944935526,0.8361423751482197,8,8,True,True,True
24,0.8,8.0,1.6,3.0,1.0,50260749,0.44193108489231314,True,True,0.0,15928,10,10,False,10,0,0,1.0,0.6839120221030888,0.6839120221030888,8,6,False,False,False
24,0.9,9.0,1.8,3.0,1.0,50260749,0.44193108489231314,True,True,0.0,15928,10,10,False,10,0,0,1.0,0.6839120221030888,0.6839120221030888,8,6,False,False,False
24,1.0,10.0,2.0,3.0,1.0,50260749,0.44193108489231314,True,True,0.0,15928,10,10,False,10,0,0,1.0,0.6839120221030888,0.6839120221030888,8,6,False,False,False
24,1.1,11.0,2.2,3.0,1.0,50260749,0.44193108489231314,True,True,0.0,15928,10,10,False,10,0,0,1.0,0.6839120221030888,0.6839120221030888,8,6,False,False,False
24,1.2,12.0,2.4,3.0,1.0,50260749,0.44193108489231314,True,True,0.0,15928,10,10,False,10,0,0,1.0,0.6839120221030888,0.6839120221030888,8,6,False,False,False
25,0.8,8.0,1.6,3.0,1.0,50260750,5.049677872782353,True,True,0.0,15672,3,3,False,3,0,0,1.0,0.7939110627592783,0.7939110627592783,8,6,False,False,False
25,0.9,9.0,1.8,3.0,1.0,50260750,5.049677872782353,True,True,0.0,15672,3,3,False,3,0,0,1.0,0.7939110627592783,0.7939110627592783,8,6,False,False,False
25,1.0,10.0,2.0,3.0,1.0,50260750,5.049677872782353,True,True,0.0,15672,3,3,False,3,0,0,1.0,0.7939110627592783,0.7939110627592783,8,6,False,False,False
25,1.1,11.0,2.2,3.0,1.0,50260750,5.049677872782353,True,True,0.0,15672,3,3,False,3,0,0,1.0,0.7939110627592783,0.7939110627592783,8,6,False,False,False
25,1.2,12.0,2.4,3.0,1.0,50260750,5.049677872782353,True,True,0.0,15672,3,3,False,3,0,0,1.0,0.7939110627592783,0.7939110627592783,8,6,False,False,False
26,0.8,8.0,1.6,3.0,1.0,50260751,4.7391679302823455,True,True,0.0,16325,4,4,False,4,0,0,1.0,0.7229692155527139,0.7229692155527139,8,6,False,False,False
26,0.9,9.0,1.8,3.0,1.0,50260751,4.7391679302823455,True,True,0.0,16325,4,4,False,4,0,0,1.0,0.7229692155527139,0.7229692155527139,8,6,False,False,False
26,1.0,10.0,2.0,3.0,1.0,50260751,4.7391679302823455,True,True,0.0,16325,4,4,False,4,0,0,1.0,0.7229692155527139,0.7229692155527139,8,6,False,False,False
26,1.1,11.0,2.2,3.0,1.0,50260751,4.7391679302823455,True,True,0.0,16325,4,4,False,4,0,0,1.0,0.7229692155527139,0.7229692155527139,8,6,False,False,False
26,1.2,12.0,2.4,3.0,1.0,50260751,4.7391679302823455,True,True,0.0,16325,4,4,False,4,0,0,1.0,0.7229692155527139,0.7229692155527139,8,6,False,False,False
27,0.8,8.0,1.6,3.0,1.0,50260752,4.560044363021102,True,True,0.0,16153,6,6,False,6,0,0,1.0,0.7262386006074288,0.7262386006074288,8,6,False,False,False
27,0.9,9.0,1.8,3.0,1.0,50260752,4.560044363021102,True,True,0.0,16153,6,6,False,6,0,0,1.0,0.7262386006074288,0.7262386006074288,8,6,False,False,False
27,1.0,10.0,2.0,3.0,1.0,50260752,4.560044363021102,True,True,0.0,16153,6,6,False,6,0,0,1.0,0.7262386006074288,0.7262386006074288,8,6,False,False,False
27,1.1,11.0,2.2,3.0,1.0,50260752,4.560044363021102,True,True,0.0,16153,6,6,False,6,0,0,1.0,0.7262386006074288,0.7262386006074288,8,6,False,False,False
27,1.2,12.0,2.4,3.0,1.0,50260752,4.560044363021102,True,True,0.0,16153,6,6,False,6,0,0,1.0,0.7262386006074288,0.7262386006074288,8,6,False,False,False
28,0.8,8.0,1.6,3.0,1.0,50260753,3.4128214153334104,True,True,0.0,15845,2,2,False,2,0,0,1.0,0.7547051352293925,0.7547051352293925,8,6,False,False,False
28,0.9,9.0,1.8,3.0,1.0,50260753,3.4128214153334104,True,True,0.0,15845,2,2,False,2,0,0,1.0,0.7547051352293925,0.7547051352293925,8,6,False,False,False
28,1.0,10.0,2.0,3.0,1.0,50260753,3.4128214153334104,True,True,0.0,15845,2,2,False,2,0,0,1.0,0.7547051352293925,0.7547051352293925,8,6,False,False,False
28,1.1,11.0,2.2,3.0,1.0,50260753,3.4128214153334104,True,True,0.0,15845,2,2,False,2,0,0,1.0,0.7547051352293925,0.7547051352293925,8,6,False,False,False
28,1.2,12.0,2.4,3.0,1.0,50260753,3.4128214153334104,True,True,0.0,15845,2,2,False,2,0,0,1.0,0.7547051352293925,0.7547051352293925,8,6,False,False,False
29,0.8,8.0,1.6,3.0,1.0,50260754,0.015298608333530759,True,True,0.0,15884,12,12,False,12,0,0,1.0,0.7777484389724909,0.7777484389724909,8,6,False,False,False
29,0.9,9.0,1.8,3.0,1.0,50260754,0.015298608333530759,True,True,0.0,15884,12,12,False,12,0,0,1.0,0.7777484389724909,0.7777484389724909,8,6,False,False,False
29,1.0,10.0,2.0,3.0,1.0,50260754,0.015298608333530759,True,True,0.0,15884,12,12,False,12,0,0,1.0,0.7777484389724909,0.7777484389724909,8,6,False,False,False
29,1.1,11.0,2.2,3.0,1.0,50260754,0.015298608333530759,True,True,0.0,15884,12,12,False,12,0,0,1.0,0.7777484389724909,0.7777484389724909,8,6,False,False,False
29,1.2,12.0,2.4,3.0,1.0,50260754,0.015298608333530759,True,True,0.0,15884,12,12,False,12,0,0,1.0,0.7777484389724909,0.7777484389724909,8,6,False,False,False
30,0.8,8.0,1.6,3.0,1.0,50260755,3.7599218828947416,True,True,0.0,15747,12,12,False,12,1,41,0.9794975239071038,0.9142146142585793,0.8948762222453494,8,8,True,True,True
30,0.9,9.0,1.8,3.0,1.0,50260755,3.7599218828947416,True,True,0.0,15747,12,12,False,12,1,41,0.9794975239071038,0.9142146142585793,0.8948762222453494,8,8,True,True,True
30,1.0,10.0,2.0,3.0,1.0,50260755,3.7599218828947416,True,True,0.0,15747,12,12,False,12,1,41,0.9794975239071038,0.9142146142585793,0.8948762222453494,8,8,True,True,True
30,1.1,11.0,2.2,3.0,1.0,50260755,3.7599218828947416,True,True,0.0,15747,12,12,False,12,1,41,0.9794975239071038,0.9142146142585793,0.8948762222453494,8,8,True,True,True
30,1.2,12.0,2.4,3.0,1.0,50260755,3.7599218828947416,True,True,0.0,15747,12,12,False,12,1,41,0.9794975239071038,0.9142146142585793,0.8948762222453494,8,8,True,True,True
31,0.8,8.0,1.6,3.0,1.0,50260756,4.879422056246835,True,True,0.0,15779,12,12,False,12,0,0,1.0,0.8053650049491821,0.8053650049491821,8,6,False,False,False
31,0.9,9.0,1.8,3.0,1.0,50260756,4.879422056246835,True,True,0.0,15779,12,12,False,12,0,0,1.0,0.8053650049491821,0.8053650049491821,8,6,False,False,False
31,1.0,10.0,2.0,3.0,1.0,50260756,4.879422056246835,True,True,0.0,15779,12,12,False,12,0,0,1.0,0.8053650049491821,0.8053650049491821,8,6,False,False,False
31,1.1,11.0,2.2,3.0,1.0,50260756,4.879422056246835,True,True,0.0,15779,12,12,False,12,0,0,1.0,0.8053650049491821,0.8053650049491821,8,6,False,False,False
31,1.2,12.0,2.4,3.0,1.0,50260756,4.879422056246835,True,True,0.0,15779,12,12,False,12,0,0,1.0,0.8053650049491821,0.8053650049491821,8,6,False,False,False
32,0.8,8.0,1.6,3.0,1.0,50260757,1.5461891265206609,True,True,0.0,16086,4,4,False,4,1,61,0.9879930840163934,0.8367206978335806,0.8270618966099492,8,8,True,True,True
32,0.9,9.0,1.8,3.0,1.0,50260757,1.5461891265206609,True,True,0.0,16086,4,4,False,4,1,61,0.9879930840163934,0.8367206978335806,0.8270618966099492,8,8,True,True,True
32,1.0,10.0,2.0,3.0,1.0,50260757,1.5461891265206609,True,True,0.0,16086,4,4,False,4,1,61,0.9879930840163934,0.8367206978335806,0.8270618966099492,8,8,True,True,True
32,1.1,11.0,2.2,3.0,1.0,50260757,1.5461891265206609,True,True,0.0,16086,4,4,False,4,1,61,0.9879930840163934,0.8367206978335806,0.8270618966099492,8,8,True,True,True
32,1.2,12.0,2.4,3.0,1.0,50260757,1.5461891265206609,True,True,0.0,16086,4,4,False,4,0,0,1.0,0.7149520572669861,0.7149520572669861,8,6,False,False,False
33,0.8,8.0,1.6,3.0,1.0,50260758,6.188873218858218,True,True,0.0,16064,7,7,False,7,1,41,0.9753991632513661,0.8195094837308483,0.7982074393528877,8,7,True,True,True
33,0.9,9.0,1.8,3.0,1.0,50260758,6.188873218858218,True,True,0.0,16064,7,7,False,7,1,41,0.9753991632513661,0.8195094837308483,0.7982074393528877,8,7,True,True,True
33,1.0,10.0,2.0,3.0,1.0,50260758,6.188873218858218,True,True,0.0,16064,7,7,False,7,0,0,1.0,0.7028692720906367,0.7028692720906367,8,5,False,False,False
33,1.1,11.0,2.2,3.0,1.0,50260758,6.188873218858218,True,True,0.0,16064,7,7,False,7,0,0,1.0,0.7028692720906367,0.7028692720906367,8,5,False,False,False
33,1.2,12.0,2.4,3.0,1.0,50260758,6.188873218858218,True,True,0.0,16064,7,7,False,7,0,0,1.0,0.7028692720906367,0.7028692720906367,8,5,False,False,False
34,0.8,8.0,1.6,3.0,1.0,50260759,1.5881214935958665,True,True,0.0,15768,1,1,False,1,0,0,1.0,0.7723969120215286,0.7723969120215286,8,6,False,False,False
34,0.9,9.0,1.8,3.0,1.0,50260759,1.5881214935958665,True,True,0.0,15768,1,1,False,1,0,0,1.0,0.7723969120215286,0.7723969120215286,8,6,False,False,False
34,1.0,10.0,2.0,3.0,1.0,50260759,1.5881214935958665,True,True,0.0,15768,1,1,False,1,0,0,1.0,0.7723969120215286,0.7723969120215286,8,6,False,False,False
34,1.1,11.0,2.2,3.0,1.0,50260759,1.5881214935958665,True,True,0.0,15768,1,1,False,1,0,0,1.0,0.7723969120215286,0.7723969120215286,8,6,False,False,False
34,1.2,12.0,2.4,3.0,1.0,50260759,1.5881214935958665,True,True,0.0,15768,1,1,False,1,0,0,1.0,0.7723969120215286,0.7723969120215286,8,6,False,False,False
35,0.8,8.0,1.6,3.0,1.0,50260760,5.029279401564912,True,True,0.0,15999,1,1,False,1,0,0,1.0,0.7079180083568128,0.7079180083568128,8,6,False,False,False
35,0.9,9.0,1.8,3.0,1.0,50260760,5.029279401564912,True,True,0.0,15999,1,1,False,1,0,0,1.0,0.7079180083568128,0.7079180083568128,8,6,False,False,False
35,1.0,10.0,2.0,3.0,1.0,50260760,5.029279401564912,True,True,0.0,15999,1,1,False,1,0,0,1.0,0.7079180083568128,0.7079180083568128,8,6,False,False,False
35,1.1,11.0,2.2,3.0,1.0,50260760,5.029279401564912,True,True,0.0,15999,1,1,False,1,0,0,1.0,0.7079180083568128,0.7079180083568128,8,6,False,False,False
35,1.2,12.0,2.4,3.0,1.0,50260760,5.029279401564912,True,True,0.0,15999,1,1,False,1,0,0,1.0,0.7079180083568128,0.7079180083568128,8,6,False,False,False
36,0.8,8.0,1.6,3.0,1.0,50260761,0.524892684682426,True,True,0.0,15939,11,11,False,11,0,0,1.0,0.7732143520251472,0.7732143520251472,8,6,False,False,False
36,0.9,9.0,1.8,3.0,1.0,50260761,0.524892684682426,True,True,0.0,15939,11,11,False,11,0,0,1.0,0.7732143520251472,0.7732143520251472,8,6,False,False,False
36,1.0,10.0,2.0,3.0,1.0,50260761,0.524892684682426,True,True,0.0,15939,11,11,False,11,0,0,1.0,0.7732143520251472,0.7732143520251472,8,6,False,False,False
36,1.1,11.0,2.2,3.0,1.0,50260761,0.524892684682426,True,True,0.0,15939,11,11,False,11,0,0,1.0,0.7732143520251472,0.7732143520251472,8,6,False,False,False
36,1.2,12.0,2.4,3.0,1.0,50260761,0.524892684682426,True,True,0.0,15939,11,11,False,11,0,0,1.0,0.7732143520251472,0.7732143520251472,8,6,False,False,False
37,0.8,8.0,1.6,3.0,1.0,50260762,1.1214408147372361,True,True,0.0,15867,2,2,False,2,1,21,0.9419932547814207,0.8663009804688042,0.8108908571279003,8,7,True,True,False
37,0.9,9.0,1.8,3.0,1.0,50260762,1.1214408147372361,True,True,0.0,15867,2,2,False,2,1,21,0.9419932547814207,0.8663009804688042,0.8108908571279003,8,7,True,True,False
37,1.0,10.0,2.0,3.0,1.0,50260762,1.1214408147372361,True,True,0.0,15867,2,2,False,2,1,21,0.9419932547814207,0.8663009804688042,0.8108908571279003,8,7,True,True,False
37,1.1,11.0,2.2,3.0,1.0,50260762,1.1214408147372361,True,True,0.0,15867,2,2,False,2,1,21,0.9419932547814207,0.8663009804688042,0.8108908571279003,8,7,True,True,False
37,1.2,12.0,2.4,3.0,1.0,50260762,1.1214408147372361,True,True,0.0,15867,2,2,False,2,1,21,0.9419932547814207,0.8663009804688042,0.8108908571279003,8,7,True,True,False
38,0.8,8.0,1.6,3.0,1.0,50260763,5.430242135991792,True,True,0.0,15773,6,6,False,6,1,28,0.9753991632513661,0.8730209892505614,0.8496498879893402,8,8,True,True,True
38,0.9,9.0,1.8,3.0,1.0,50260763,5.430242135991792,True,True,0.0,15773,6,6,False,6,1,28,0.9753991632513661,0.8730209892505614,0.8496498879893402,8,8,True,True,True
38,1.0,10.0,2.0,3.0,1.0,50260763,5.430242135991792,True,True,0.0,15773,6,6,False,6,1,28,0.9753991632513661,0.8730209892505614,0.8496498879893402,8,8,True,True,True
38,1.1,11.0,2.2,3.0,1.0,50260763,5.430242135991792,True,True,0.0,15773,6,6,False,6,0,0,1.0,0.7544641597390958,0.7544641597390958,8,7,False,False,False
38,1.2,12.0,2.4,3.0,1.0,50260763,5.430242135991792,True,True,0.0,15773,6,6,False,6,0,0,1.0,0.7544641597390958,0.7544641597390958,8,7,False,False,False
39,0.8,8.0,1.6,3.0,1.0,50260764,6.271068615586418,True,True,0.0,15837,14,14,False,14,0,0,1.0,0.7927262093579261,0.7927262093579261,8,6,False,False,False
39,0.9,9.0,1.8,3.0,1.0,50260764,6.271068615586418,True,True,0.0,15837,14,14,False,14,0,0,1.0,0.7927262093579261,0.7927262093579261,8,6,False,False,False
39,1.0,10.0,2.0,3.0,1.0,50260764,6.271068615586418,True,True,0.0,15837,14,14,False,14,0,0,1.0,0.7927262093579261,0.7927262093579261,8,6,False,False,False
39,1.1,11.0,2.2,3.0,1.0,50260764,6.271068615586418,True,True,0.0,15837,14,14,False,14,0,0,1.0,0.7927262093579261,0.7927262093579261,8,6,False,False,False
39,1.2,12.0,2.4,3.0,1.0,50260764,6.271068615586418,True,True,0.0,15837,14,14,False,14,0,0,1.0,0.7927262093579261,0.7927262093579261,8,6,False,False,False
40,0.8,8.0,1.6,3.0,1.0,50260765,2.2583822105702653,True,True,0.0,15905,1,1,False,1,1,51,0.9840868340163934,0.8956528309246876,0.8812958168572007,8,8,True,True,True
40,0.9,9.0,1.8,3.0,1.0,50260765,2.2583822105702653,True,True,0.0,15905,1,1,False,1,1,51,0.9840868340163934,0.8956528309246876,0.8812958168572007,8,8,True,True,True
40,1.0,10.0,2.0,3.0,1.0,50260765,2.2583822105702653,True,True,0.0,15905,1,1,False,1,1,51,0.9840868340163934,0.8956528309246876,0.8812958168572007,8,8,True,True,True
40,1.1,11.0,2.2,3.0,1.0,50260765,2.2583822105702653,True,True,0.0,15905,1,1,False,1,1,51,0.9840868340163934,0.8956528309246876,0.8812958168572007,8,8,True,True,True
40,1.2,12.0,2.4,3.0,1.0,50260765,2.2583822105702653,True,True,0.0,15905,1,1,False,1,1,51,0.9840868340163934,0.8956528309246876,0.8812958168572007,8,8,True,True,True
41,0.8,8.0,1.6,3.0,1.0,50260766,0.11885830052367337,True,True,0.0,15722,3,3,False,3,1,49,0.9800894324139713,0.8156898667783349,0.8006238174924991,8,8,True,True,True
41,0.9,9.0,1.8,3.0,1.0,50260766,0.11885830052367337,True,True,0.0,15722,3,3,False,3,1,49,0.9800894324139713,0.8156898667783349,0.8006238174924991,8,8,True,True,True
41,1.0,10.0,2.0,3.0,1.0,50260766,0.11885830052367337,True,True,0.0,15722,3,3,False,3,1,49,0.9800894324139713,0.8156898667783349,0.8006238174924991,8,8,True,True,True
41,1.1,11.0,2.2,3.0,1.0,50260766,0.11885830052367337,True,True,0.0,15722,3,3,False,3,1,49,0.9800894324139713,0.8156898667783349,0.8006238174924991,8,8,True,True,True
41,1.2,12.0,2.4,3.0,1.0,50260766,0.11885830052367337,True,True,0.0,15722,3,3,False,3,1,49,0.9800894324139713,0.8156898667783349,0.8006238174924991,8,8,True,True,True
42,0.8,8.0,1.6,3.0,1.0,50260767,1.9603919540918155,True,True,0.0,16175,2,2,False,2,0,0,1.0,0.7194266504524447,0.7194266504524447,8,6,False,False,False
42,0.9,9.0,1.8,3.0,1.0,50260767,1.9603919540918155,True,True,0.0,16175,2,2,False,2,0,0,1.0,0.7194266504524447,0.7194266504524447,8,6,False,False,False
42,1.0,10.0,2.0,3.0,1.0,50260767,1.9603919540918155,True,True,0.0,16175,2,2,False,2,0,0,1.0,0.7194266504524447,0.7194266504524447,8,6,False,False,False
42,1.1,11.0,2.2,3.0,1.0,50260767,1.9603919540918155,True,True,0.0,16175,2,2,False,2,0,0,1.0,0.7194266504524447,0.7194266504524447,8,6,False,False,False
42,1.2,12.0,2.4,3.0,1.0,50260767,1.9603919540918155,True,True,0.0,16175,2,2,False,2,0,0,1.0,0.7194266504524447,0.7194266504524447,8,6,False,False,False
43,0.8,8.0,1.6,3.0,1.0,50260768,5.898033516486495,True,True,0.0,16025,11,11,False,11,0,0,1.0,0.7334942388642689,0.7334942388642689,8,6,False,False,False
43,0.9,9.0,1.8,3.0,1.0,50260768,5.898033516486495,True,True,0.0,16025,11,11,False,11,0,0,1.0,0.7334942388642689,0.7334942388642689,8,6,False,False,False
43,1.0,10.0,2.0,3.0,1.0,50260768,5.898033516486495,True,True,0.0,16025,11,11,False,11,0,0,1.0,0.7334942388642689,0.7334942388642689,8,6,False,False,False
43,1.1,11.0,2.2,3.0,1.0,50260768,5.898033516486495,True,True,0.0,16025,11,11,False,11,0,0,1.0,0.7334942388642689,0.7334942388642689,8,6,False,False,False
43,1.2,12.0,2.4,3.0,1.0,50260768,5.898033516486495,True,True,0.0,16025,11,11,False,11,0,0,1.0,0.7334942388642689,0.7334942388642689,8,6,False,False,False
44,0.8,8.0,1.6,3.0,1.0,50260769,3.249181330320122,True,True,0.0,16493,5,5,False,5,0,0,1.0,0.7600244226061426,0.7600244226061426,8,6,False,False,False
44,0.9,9.0,1.8,3.0,1.0,50260769,3.249181330320122,True,True,0.0,16493,5,5,False,5,0,0,1.0,0.7600244226061426,0.7600244226061426,8,6,False,False,False
44,1.0,10.0,2.0,3.0,1.0,50260769,3.249181330320122,True,True,0.0,16493,5,5,False,5,0,0,1.0,0.7600244226061426,0.7600244226061426,8,6,False,False,False
44,1.1,11.0,2.2,3.0,1.0,50260769,3.249181330320122,True,True,0.0,16493,5,5,False,5,0,0,1.0,0.7600244226061426,0.7600244226061426,8,6,False,False,False
44,1.2,12.0,2.4,3.0,1.0,50260769,3.249181330320122,True,True,0.0,16493,5,5,False,5,0,0,1.0,0.7600244226061426,0.7600244226061426,8,6,False,False,False
45,0.8,8.0,1.6,3.0,1.0,50260770,0.9940215548393846,True,True,0.0,16227,1,1,False,1,0,0,1.0,0.7672094396284181,0.7672094396284181,8,6,False,False,False
45,0.9,9.0,1.8,3.0,1.0,50260770,0.9940215548393846,True,True,0.0,16227,1,1,False,1,0,0,1.0,0.7672094396284181,0.7672094396284181,8,6,False,False,False
45,1.0,10.0,2.0,3.0,1.0,50260770,0.9940215548393846,True,True,0.0,16227,1,1,False,1,0,0,1.0,0.7672094396284181,0.7672094396284181,8,6,False,False,False
45,1.1,11.0,2.2,3.0,1.0,50260770,0.9940215548393846,True,True,0.0,16227,1,1,False,1,0,0,1.0,0.7672094396284181,0.7672094396284181,8,6,False,False,False
45,1.2,12.0,2.4,3.0,1.0,50260770,0.9940215548393846,True,True,0.0,16227,1,1,False,1,0,0,1.0,0.7672094396284181,0.7672094396284181,8,6,False,False,False
46,0.8,8.0,1.6,3.0,1.0,50260771,3.0725365675967677,True,True,0.0,15807,1,1,False,1,0,0,1.0,0.7606629217190765,0.7606629217190765,8,6,False,False,False
46,0.9,9.0,1.8,3.0,1.0,50260771,3.0725365675967677,True,True,0.0,15807,1,1,False,1,0,0,1.0,0.7606629217190765,0.7606629217190765,8,6,False,False,False
46,1.0,10.0,2.0,3.0,1.0,50260771,3.0725365675967677,True,True,0.0,15807,1,1,False,1,0,0,1.0,0.7606629217190765,0.7606629217190765,8,6,False,False,False
46,1.1,11.0,2.2,3.0,1.0,50260771,3.0725365675967677,True,True,0.0,15807,1,1,False,1,0,0,1.0,0.7606629217190765,0.7606629217190765,8,6,False,False,False
46,1.2,12.0,2.4,3.0,1.0,50260771,3.0725365675967677,True,True,0.0,15807,1,1,False,1,0,0,1.0,0.7606629217190765,0.7606629217190765,8,6,False,False,False
47,0.8,8.0,1.6,3.0,1.0,50260772,2.2459574269861866,True,True,0.0,16054,1,1,False,1,1,43,0.9782274590163934,0.8761977396939777,0.8569305574693507,8,8,True,True,True
47,0.9,9.0,1.8,3.0,1.0,50260772,2.2459574269861866,True,True,0.0,16054,1,1,False,1,1,43,0.9782274590163934,0.8761977396939777,0.8569305574693507,8,8,True,True,True
47,1.0,10.0,2.0,3.0,1.0,50260772,2.2459574269861866,True,True,0.0,16054,1,1,False,1,1,43,0.9782274590163934,0.8761977396939777,0.8569305574693507,8,8,True,True,True
47,1.1,11.0,2.2,3.0,1.0,50260772,2.2459574269861866,True,True,0.0,16054,1,1,False,1,1,43,0.9782274590163934,0.8761977396939777,0.8569305574693507,8,8,True,True,True
47,1.2,12.0,2.4,3.0,1.0,50260772,2.2459574269861866,True,True,0.0,16054,1,1,False,1,1,43,0.9782274590163934,0.8761977396939777,0.8569305574693507,8,8,True,True,True
48,0.8,8.0,1.6,3.0,1.0,50260773,6.156419189995587,True,True,0.0,15635,3,3,False,3,1,17,0.98864412568306,0.8570698007102351,0.8457689198582627,8,8,True,True,True
48,0.9,9.0,1.8,3.0,1.0,50260773,6.156419189995587,True,True,0.0,15635,3,3,False,3,1,17,0.98864412568306,0.8570698007102351,0.8457689198582627,8,8,True,True,True
48,1.0,10.0,2.0,3.0,1.0,50260773,6.156419189995587,True,True,0.0,15635,3,3,False,3,1,17,0.98864412568306,0.8570698007102351,0.8457689198582627,8,8,True,True,True
48,1.1,11.0,2.2,3.0,1.0,50260773,6.156419189995587,True,True,0.0,15635,3,3,False,3,1,17,0.98864412568306,0.8570698007102351,0.8457689198582627,8,8,True,True,True
48,1.2,12.0,2.4,3.0,1.0,50260773,6.156419189995587,True,True,0.0,15635,3,3,False,3,1,17,0.98864412568306,0.8570698007102351,0.8457689198582627,8,8,True,True,True
49,0.8,8.0,1.6,3.0,1.0,50260774,0.4718155738946969,True,True,0.0,15981,3,3,False,3,0,0,1.0,0.7897649007347081,0.7897649007347081,8,6,False,False,False
49,0.9,9.0,1.8,3.0,1.0,50260774,0.4718155738946969,True,True,0.0,15981,3,3,False,3,0,0,1.0,0.7897649007347081,0.7897649007347081,8,6,False,False,False
49,1.0,10.0,2.0,3.0,1.0,50260774,0.4718155738946969,True,True,0.0,15981,3,3,False,3,0,0,1.0,0.7897649007347081,0.7897649007347081,8,6,False,False,False
49,1.1,11.0,2.2,3.0,1.0,50260774,0.4718155738946969,True,True,0.0,15981,3,3,False,3,0,0,1.0,0.7897649007347081,0.7897649007347081,8,6,False,False,False
49,1.2,12.0,2.4,3.0,1.0,50260774,0.4718155738946969,True,True,0.0,15981,3,3,False,3,0,0,1.0,0.7897649007347081,0.7897649007347081,8,6,False,False,False
50,0.8,8.0,1.6,3.0,1.0,50260775,1.6592258621588651,True,True,0.0,15350,1,1,False,1,0,0,0.995970579954955,0.7455093656187672,0.7435407612756215,8,6,False,False,False
50,0.9,9.0,1.8,3.0,1.0,50260775,1.6592258621588651,True,True,0.0,15350,1,1,False,1,0,0,0.995970579954955,0.7455093656187672,0.7435407612756215,8,6,False,False,False
50,1.0,10.0,2.0,3.0,1.0,50260775,1.6592258621588651,True,True,0.0,15350,1,1,False,1,0,0,0.995970579954955,0.7455093656187672,0.7435407612756215,8,6,False,False,False
50,1.1,11.0,2.2,3.0,1.0,50260775,1.6592258621588651,True,True,0.0,15350,1,1,False,1,0,0,0.995970579954955,0.7455093656187672,0.7435407612756215,8,6,False,False,False
50,1.2,12.0,2.4,3.0,1.0,50260775,1.6592258621588651,True,True,0.0,15350,1,1,False,1,0,0,0.995970579954955,0.7455093656187672,0.7435407612756215,8,6,False,False,False
51,0.8,8.0,1.6,3.0,1.0,50260776,5.944635666688441,True,True,0.0,15817,1,1,False,1,0,0,1.0,0.7813470138401981,0.7813470138401981,8,6,False,False,False
51,0.9,9.0,1.8,3.0,1.0,50260776,5.944635666688441,True,True,0.0,15817,1,1,False,1,0,0,1.0,0.7813470138401981,0.7813470138401981,8,6,False,False,False
51,1.0,10.0,2.0,3.0,1.0,50260776,5.944635666688441,True,True,0.0,15817,1,1,False,1,0,0,1.0,0.7813470138401981,0.7813470138401981,8,6,False,False,False
51,1.1,11.0,2.2,3.0,1.0,50260776,5.944635666688441,True,True,0.0,15817,1,1,False,1,0,0,1.0,0.7813470138401981,0.7813470138401981,8,6,False,False,False
51,1.2,12.0,2.4,3.0,1.0,50260776,5.944635666688441,True,True,0.0,15817,1,1,False,1,0,0,1.0,0.7813470138401981,0.7813470138401981,8,6,False,False,False
52,0.8,8.0,1.6,3.0,1.0,50260777,2.3560243385325013,True,True,0.0,15447,7,7,False,7,0,0,0.9953195382882882,0.7127473061844312,0.7095972208901316,8,6,False,False,False
52,0.9,9.0,1.8,3.0,1.0,50260777,2.3560243385325013,True,True,0.0,15447,7,7,False,7,0,0,0.9953195382882882,0.7127473061844312,0.7095972208901316,8,6,False,False,False
52,1.0,10.0,2.0,3.0,1.0,50260777,2.3560243385325013,True,True,0.0,15447,7,7,False,7,0,0,0.9953195382882882,0.7127473061844312,0.7095972208901316,8,6,False,False,False
52,1.1,11.0,2.2,3.0,1.0,50260777,2.3560243385325013,True,True,0.0,15447,7,7,False,7,0,0,0.9953195382882882,0.7127473061844312,0.7095972208901316,8,6,False,False,False
52,1.2,12.0,2.4,3.0,1.0,50260777,2.3560243385325013,True,True,0.0,15447,7,7,False,7,0,0,0.9953195382882882,0.7127473061844312,0.7095972208901316,8,6,False,False,False
53,0.8,8.0,1.6,3.0,1.0,50260778,3.542578186235175,True,True,0.0,16047,4,4,False,4,0,0,1.0,0.7625165560141572,0.7625165560141572,8,6,False,False,False
53,0.9,9.0,1.8,3.0,1.0,50260778,3.542578186235175,True,True,0.0,16047,4,4,False,4,0,0,1.0,0.7625165560141572,0.7625165560141572,8,6,False,False,False
53,1.0,10.0,2.0,3.0,1.0,50260778,3.542578186235175,True,True,0.0,16047,4,4,False,4,0,0,1.0,0.7625165560141572,0.7625165560141572,8,6,False,False,False
53,1.1,11.0,2.2,3.0,1.0,50260778,3.542578186235175,True,True,0.0,16047,4,4,False,4,0,0,1.0,0.7625165560141572,0.7625165560141572,8,6,False,False,False
53,1.2,12.0,2.4,3.0,1.0,50260778,3.542578186235175,True,True,0.0,16047,4,4,False,4,0,0,1.0,0.7625165560141572,0.7625165560141572,8,6,False,False,False
54,0.8,8.0,1.6,3.0,1.0,50260779,1.1650672269440343,True,True,0.0,15944,3,3,False,3,1,33,0.9812905566939891,0.8836797818031868,0.8673390695097654,8,8,True,True,True
54,0.9,9.0,1.8,3.0,1.0,50260779,1.1650672269440343,True,True,0.0,15944,3,3,False,3,1,33,0.9812905566939891,0.8836797818031868,0.8673390695097654,8,8,True,True,True
54,1.0,10.0,2.0,3.0,1.0,50260779,1.1650672269440343,True,True,0.0,15944,3,3,False,3,1,33,0.9812905566939891,0.8836797818031868,0.8673390695097654,8,8,True,True,True
54,1.1,11.0,2.2,3.0,1.0,50260779,1.1650672269440343,True,True,0.0,15944,3,3,False,3,1,33,0.9812905566939891,0.8836797818031868,0.8673390695097654,8,8,True,True,True
54,1.2,12.0,2.4,3.0,1.0,50260779,1.1650672269440343,True,True,0.0,15944,3,3,False,3,1,33,0.9812905566939891,0.8836797818031868,0.8673390695097654,8,8,True,True,True
55,0.8,8.0,1.6,3.0,1.0,50260780,2.645355570638942,True,True,0.0,15946,2,2,False,2,0,0,1.0,0.7520476178257399,0.7520476178257399,8,6,False,False,False
55,0.9,9.0,1.8,3.0,1.0,50260780,2.645355570638942,True,True,0.0,15946,2,2,False,2,0,0,1.0,0.7520476178257399,0.7520476178257399,8,6,False,False,False
55,1.0,10.0,2.0,3.0,1.0,50260780,2.645355570638942,True,True,0.0,15946,2,2,False,2,0,0,1.0,0.7520476178257399,0.7520476178257399,8,6,False,False,False
55,1.1,11.0,2.2,3.0,1.0,50260780,2.645355570638942,True,True,0.0,15946,2,2,False,2,0,0,1.0,0.7520476178257399,0.7520476178257399,8,6,False,False,False
55,1.2,12.0,2.4,3.0,1.0,50260780,2.645355570638942,True,True,0.0,15946,2,2,False,2,0,0,1.0,0.7520476178257399,0.7520476178257399,8,6,False,False,False
56,0.8,8.0,1.6,3.0,1.0,50260781,5.1772216675057745,True,True,0.0,15894,5,5,False,5,1,39,0.9815467042349727,0.8416736732961808,0.8261027140246414,8,8,True,True,True
56,0.9,9.0,1.8,3.0,1.0,50260781,5.1772216675057745,True,True,0.0,15894,5,5,False,5,1,39,0.9815467042349727,0.8416736732961808,0.8261027140246414,8,8,True,True,True
56,1.0,10.0,2.0,3.0,1.0,50260781,5.1772216675057745,True,True,0.0,15894,5,5,False,5,1,39,0.9815467042349727,0.8416736732961808,0.8261027140246414,8,8,True,True,True
56,1.1,11.0,2.2,3.0,1.0,50260781,5.1772216675057745,True,True,0.0,15894,5,5,False,5,1,39,0.9815467042349727,0.8416736732961808,0.8261027140246414,8,8,True,True,True
56,1.2,12.0,2.4,3.0,1.0,50260781,5.1772216675057745,True,True,0.0,15894,5,5,False,5,1,39,0.9815467042349727,0.8416736732961808,0.8261027140246414,8,8,True,True,True
57,0.8,8.0,1.6,3.0,1.0,50260782,1.8111265983647078,True,True,0.0,15566,7,7,False,7,0,0,0.9966216216216216,0.7235062377430044,0.7208929973248859,8,6,False,False,False
57,0.9,9.0,1.8,3.0,1.0,50260782,1.8111265983647078,True,True,0.0,15566,7,7,False,7,0,0,0.9966216216216216,0.7235062377430044,0.7208929973248859,8,6,False,False,False
57,1.0,10.0,2.0,3.0,1.0,50260782,1.8111265983647078,True,True,0.0,15566,7,7,False,7,0,0,0.9966216216216216,0.7235062377430044,0.7208929973248859,8,6,False,False,False
57,1.1,11.0,2.2,3.0,1.0,50260782,1.8111265983647078,True,True,0.0,15566,7,7,False,7,0,0,0.9966216216216216,0.7235062377430044,0.7208929973248859,8,6,False,False,False
57,1.2,12.0,2.4,3.0,1.0,50260782,1.8111265983647078,True,True,0.0,15566,7,7,False,7,0,0,0.9966216216216216,0.7235062377430044,0.7208929973248859,8,6,False,False,False
58,0.8,8.0,1.6,3.0,1.0,50260783,1.4645191527748094,True,True,0.0,15912,1,1,False,1,1,29,0.985292862021858,0.8913365643406262,0.8781451006724676,8,8,True,True,True
58,0.9,9.0,1.8,3.0,1.0,50260783,1.4645191527748094,True,True,0.0,15912,1,1,False,1,1,29,0.985292862021858,0.8913365643406262,0.8781451006724676,8,8,True,True,True
58,1.0,10.0,2.0,3.0,1.0,50260783,1.4645191527748094,True,True,0.0,15912,1,1,False,1,1,29,0.985292862021858,0.8913365643406262,0.8781451006724676,8,8,True,True,True
58,1.1,11.0,2.2,3.0,1.0,50260783,1.4645191527748094,True,True,0.0,15912,1,1,False,1,1,29,0.985292862021858,0.8913365643406262,0.8781451006724676,8,8,True,True,True
58,1.2,12.0,2.4,3.0,1.0,50260783,1.4645191527748094,True,True,0.0,15912,1,1,False,1,1,29,0.985292862021858,0.8913365643406262,0.8781451006724676,8,8,True,True,True
59,0.8,8.0,1.6,3.0,1.0,50260784,0.7278906699991272,True,True,0.0,15658,5,5,False,5,1,33,0.9801805840163934,0.8726962249524125,0.85302672349164,8,8,True,True,True
59,0.9,9.0,1.8,3.0,1.0,50260784,0.7278906699991272,True,True,0.0,15658,5,5,False,5,1,33,0.9801805840163934,0.8726962249524125,0.85302672349164,8,8,True,True,True
59,1.0,10.0,2.0,3.0,1.0,50260784,0.7278906699991272,True,True,0.0,15658,5,5,False,5,1,33,0.9801805840163934,0.8726962249524125,0.85302672349164,8,8,True,True,True
59,1.1,11.0,2.2,3.0,1.0,50260784,0.7278906699991272,True,True,0.0,15658,5,5,False,5,1,33,0.9801805840163934,0.8726962249524125,0.85302672349164,8,8,True,True,True
59,1.2,12.0,2.4,3.0,1.0,50260784,0.7278906699991272,True,True,0.0,15658,5,5,False,5,1,33,0.9801805840163934,0.8726962249524125,0.85302672349164,8,8,True,True,True
60,0.8,8.0,1.6,3.0,1.0,50260785,2.392477395707919,True,True,0.0,15623,7,7,False,7,0,0,0.9953195382882882,0.8008743811860262,0.7975581091299688,8,6,False,False,False
60,0.9,9.0,1.8,3.0,1.0,50260785,2.392477395707919,True,True,0.0,15623,7,7,False,7,0,0,0.9953195382882882,0.8008743811860262,0.7975581091299688,8,6,False,False,False
60,1.0,10.0,2.0,3.0,1.0,50260785,2.392477395707919,True,True,0.0,15623,7,7,False,7,0,0,0.9953195382882882,0.8008743811860262,0.7975581091299688,8,6,False,False,False
60,1.1,11.0,2.2,3.0,1.0,50260785,2.392477395707919,True,True,0.0,15623,7,7,False,7,0,0,0.9953195382882882,0.8008743811860262,0.7975581091299688,8,6,False,False,False
60,1.2,12.0,2.4,3.0,1.0,50260785,2.392477395707919,True,True,0.0,15623,7,7,False,7,0,0,0.9953195382882882,0.8008743811860262,0.7975581091299688,8,6,False,False,False
61,0.8,8.0,1.6,3.0,1.0,50260786,2.4072205081194276,True,True,0.0,16049,3,3,False,3,1,28,0.9851968066939891,0.8630659087415754,0.8490641218662018,8,8,True,True,True
61,0.9,9.0,1.8,3.0,1.0,50260786,2.4072205081194276,True,True,0.0,16049,3,3,False,3,1,28,0.9851968066939891,0.8630659087415754,0.8490641218662018,8,8,True,True,True
61,1.0,10.0,2.0,3.0,1.0,50260786,2.4072205081194276,True,True,0.0,16049,3,3,False,3,1,28,0.9851968066939891,0.8630659087415754,0.8490641218662018,8,8,True,True,True
61,1.1,11.0,2.2,3.0,1.0,50260786,2.4072205081194276,True,True,0.0,16049,3,3,False,3,1,28,0.9851968066939891,0.8630659087415754,0.8490641218662018,8,8,True,True,True
61,1.2,12.0,2.4,3.0,1.0,50260786,2.4072205081194276,True,True,0.0,16049,3,3,False,3,1,28,0.9851968066939891,0.8630659087415754,0.8490641218662018,8,8,True,True,True
62,0.8,8.0,1.6,3.0,1.0,50260787,4.713871265583298,True,True,0.0,16077,2,1,True,0,0,0,1.0,0.7852577081971321,0.7852577081971321,8,7,True,True,True
62,0.9,9.0,1.8,3.0,1.0,50260787,4.713871265583298,True,True,0.0,16077,2,1,True,0,0,0,1.0,0.7852577081971321,0.7852577081971321,8,7,True,True,True
62,1.0,10.0,2.0,3.0,1.0,50260787,4.713871265583298,True,True,0.0,16077,2,1,True,0,0,0,1.0,0.7852577081971321,0.7852577081971321,8,7,True,True,True
62,1.1,11.0,2.2,3.0,1.0,50260787,4.713871265583298,True,True,0.0,16077,2,1,True,0,0,0,1.0,0.7852577081971321,0.7852577081971321,8,7,True,True,True
62,1.2,12.0,2.4,3.0,1.0,50260787,4.713871265583298,True,True,0.0,16077,2,1,True,0,0,0,1.0,0.7852577081971321,0.7852577081971321,8,7,True,True,True
63,0.8,8.0,1.6,3.0,1.0,50260788,4.666564365222547,True,True,0.0,15941,14,14,False,14,0,0,1.0,0.7105288775366339,0.7105288775366339,8,6,False,False,False
63,0.9,9.0,1.8,3.0,1.0,50260788,4.666564365222547,True,True,0.0,15941,14,14,False,14,0,0,1.0,0.7105288775366339,0.7105288775366339,8,6,False,False,False
63,1.0,10.0,2.0,3.0,1.0,50260788,4.666564365222547,True,True,0.0,15941,14,14,False,14,0,0,1.0,0.7105288775366339,0.7105288775366339,8,6,False,False,False
63,1.1,11.0,2.2,3.0,1.0,50260788,4.666564365222547,True,True,0.0,15941,14,14,False,14,0,0,1.0,0.7105288775366339,0.7105288775366339,8,6,False,False,False
63,1.2,12.0,2.4,3.0,1.0,50260788,4.666564365222547,True,True,0.0,15941,14,14,False,14,0,0,1.0,0.7105288775366339,0.7105288775366339,8,6,False,False,False
64,0.8,8.0,1.6,3.0,1.0,50260789,3.7336392484535117,True,True,0.0,16090,1,1,False,1,0,0,1.0,0.7357439417655052,0.7357439417655052,8,6,False,False,False
64,0.9,9.0,1.8,3.0,1.0,50260789,3.7336392484535117,True,True,0.0,16090,1,1,False,1,0,0,1.0,0.7357439417655052,0.7357439417655052,8,6,False,False,False
64,1.0,10.0,2.0,3.0,1.0,50260789,3.7336392484535117,True,True,0.0,16090,1,1,False,1,0,0,1.0,0.7357439417655052,0.7357439417655052,8,6,False,False,False
64,1.1,11.0,2.2,3.0,1.0,50260789,3.7336392484535117,True,True,0.0,16090,1,1,False,1,0,0,1.0,0.7357439417655052,0.7357439417655052,8,6,False,False,False
64,1.2,12.0,2.4,3.0,1.0,50260789,3.7336392484535117,True,True,0.0,16090,1,1,False,1,0,0,1.0,0.7357439417655052,0.7357439417655052,8,6,False,False,False
65,0.8,8.0,1.6,3.0,1.0,50260790,3.295893953436404,True,True,0.0,15218,18,18,False,18,1,22,0.9765140396544085,0.8722451031139078,0.8497974674297546,8,8,True,True,True
65,0.9,9.0,1.8,3.0,1.0,50260790,3.295893953436404,True,True,0.0,15218,18,18,False,18,1,22,0.9765140396544085,0.8722451031139078,0.8497974674297546,8,8,True,True,True
65,1.0,10.0,2.0,3.0,1.0,50260790,3.295893953436404,True,True,0.0,15218,18,18,False,18,1,22,0.9765140396544085,0.8722451031139078,0.8497974674297546,8,8,True,True,True
65,1.1,11.0,2.2,3.0,1.0,50260790,3.295893953436404,True,True,0.0,15218,18,18,False,18,1,22,0.9765140396544085,0.8722451031139078,0.8497974674297546,8,8,True,True,True
65,1.2,12.0,2.4,3.0,1.0,50260790,3.295893953436404,True,True,0.0,15218,18,18,False,18,1,22,0.9765140396544085,0.8722451031139078,0.8497974674297546,8,8,True,True,True
66,0.8,8.0,1.6,3.0,1.0,50260791,5.083251327480414,True,True,0.0,15727,14,14,False,14,1,32,0.9759861680327868,0.8823472903636401,0.8592449065141234,8,8,True,True,True
66,0.9,9.0,1.8,3.0,1.0,50260791,5.083251327480414,True,True,0.0,15727,14,14,False,14,1,32,0.9759861680327868,0.8823472903636401,0.8592449065141234,8,8,True,True,True
66,1.0,10.0,2.0,3.0,1.0,50260791,5.083251327480414,True,True,0.0,15727,14,14,False,14,1,32,0.9759861680327868,0.8823472903636401,0.8592449065141234,8,8,True,True,True
66,1.1,11.0,2.2,3.0,1.0,50260791,5.083251327480414,True,True,0.0,15727,14,14,False,14,1,32,0.9759861680327868,0.8823472903636401,0.8592449065141234,8,8,True,True,True
66,1.2,12.0,2.4,3.0,1.0,50260791,5.083251327480414,True,True,0.0,15727,14,14,False,14,0,0,1.0,0.7613963584927644,0.7613963584927644,8,7,False,False,False
67,0.8,8.0,1.6,3.0,1.0,50260792,4.157706285419835,True,True,0.0,15739,2,2,False,2,0,0,1.0,0.7505336053453974,0.7505336053453974,8,6,False,False,False
67,0.9,9.0,1.8,3.0,1.0,50260792,4.157706285419835,True,True,0.0,15739,2,2,False,2,0,0,1.0,0.7505336053453974,0.7505336053453974,8,6,False,False,False
67,1.0,10.0,2.0,3.0,1.0,50260792,4.157706285419835,True,True,0.0,15739,2,2,False,2,0,0,1.0,0.7505336053453974,0.7505336053453974,8,6,False,False,False
67,1.1,11.0,2.2,3.0,1.0,50260792,4.157706285419835,True,True,0.0,15739,2,2,False,2,0,0,1.0,0.7505336053453974,0.7505336053453974,8,6,False,False,False
67,1.2,12.0,2.4,3.0,1.0,50260792,4.157706285419835,True,True,0.0,15739,2,2,False,2,0,0,1.0,0.7505336053453974,0.7505336053453974,8,6,False,False,False
68,0.8,8.0,1.6,3.0,1.0,50260793,4.691022916622428,True,True,0.0,15632,5,4,True,0,0,0,1.0,0.8991460504265576,0.8991460504265576,8,8,True,True,True
68,0.9,9.0,1.8,3.0,1.0,50260793,4.691022916622428,True,True,0.0,15632,5,4,True,0,0,0,1.0,0.8991460504265576,0.8991460504265576,8,8,True,True,True
68,1.0,10.0,2.0,3.0,1.0,50260793,4.691022916622428,True,True,0.0,15632,5,4,True,0,0,0,1.0,0.8991460504265576,0.8991460504265576,8,8,True,True,True
68,1.1,11.0,2.2,3.0,1.0,50260793,4.691022916622428,True,True,0.0,15632,5,4,True,0,0,0,1.0,0.8991460504265576,0.8991460504265576,8,8,True,True,True
68,1.2,12.0,2.4,3.0,1.0,50260793,4.691022916622428,True,True,0.0,15632,5,4,True,0,0,0,1.0,0.8991460504265576,0.8991460504265576,8,8,True,True,True
69,0.8,8.0,1.6,3.0,1.0,50260794,1.5223763747170087,True,True,0.0,15837,1,1,False,1,0,0,1.0,0.7545956145325755,0.7545956145325755,8,6,False,False,False
69,0.9,9.0,1.8,3.0,1.0,50260794,1.5223763747170087,True,True,0.0,15837,1,1,False,1,0,0,1.0,0.7545956145325755,0.7545956145325755,8,6,False,False,False
69,1.0,10.0,2.0,3.0,1.0,50260794,1.5223763747170087,True,True,0.0,15837,1,1,False,1,0,0,1.0,0.7545956145325755,0.7545956145325755,8,6,False,False,False
69,1.1,11.0,2.2,3.0,1.0,50260794,1.5223763747170087,True,True,0.0,15837,1,1,False,1,0,0,1.0,0.7545956145325755,0.7545956145325755,8,6,False,False,False
69,1.2,12.0,2.4,3.0,1.0,50260794,1.5223763747170087,True,True,0.0,15837,1,1,False,1,0,0,1.0,0.7545956145325755,0.7545956145325755,8,6,False,False,False
70,0.8,8.0,1.6,3.0,1.0,50260795,6.280221840812446,True,True,0.0,16077,9,9,False,9,0,0,1.0,0.731979725318624,0.731979725318624,8,6,False,False,False
70,0.9,9.0,1.8,3.0,1.0,50260795,6.280221840812446,True,True,0.0,16077,9,9,False,9,0,0,1.0,0.731979725318624,0.731979725318624,8,6,False,False,False
70,1.0,10.0,2.0,3.0,1.0,50260795,6.280221840812446,True,True,0.0,16077,9,9,False,9,0,0,1.0,0.731979725318624,0.731979725318624,8,6,False,False,False
70,1.1,11.0,2.2,3.0,1.0,50260795,6.280221840812446,True,True,0.0,16077,9,9,False,9,0,0,1.0,0.731979725318624,0.731979725318624,8,6,False,False,False
70,1.2,12.0,2.4,3.0,1.0,50260795,6.280221840812446,True,True,0.0,16077,9,9,False,9,0,0,1.0,0.731979725318624,0.731979725318624,8,6,False,False,False
71,0.8,8.0,1.6,3.0,1.0,50260796,2.1854692795937134,True,True,0.0,15851,2,2,False,2,0,0,1.0,0.7236659651585702,0.7236659651585702,8,5,False,False,False
71,0.9,9.0,1.8,3.0,1.0,50260796,2.1854692795937134,True,True,0.0,15851,2,2,False,2,0,0,1.0,0.7236659651585702,0.7236659651585702,8,5,False,False,False
71,1.0,10.0,2.0,3.0,1.0,50260796,2.1854692795937134,True,True,0.0,15851,2,2,False,2,0,0,1.0,0.7236659651585702,0.7236659651585702,8,5,False,False,False
71,1.1,11.0,2.2,3.0,1.0,50260796,2.1854692795937134,True,True,0.0,15851,2,2,False,2,0,0,1.0,0.7236659651585702,0.7236659651585702,8,5,False,False,False
71,1.2,12.0,2.4,3.0,1.0,50260796,2.1854692795937134,True,True,0.0,15851,2,2,False,2,0,0,1.0,0.7236659651585702,0.7236659651585702,8,5,False,False,False
72,0.8,8.0,1.6,3.0,1.0,50260797,3.630620327155806,True,True,0.0,16317,3,3,False,3,0,0,1.0,0.7075757192989739,0.7075757192989739,8,6,False,False,False
72,0.9,9.0,1.8,3.0,1.0,50260797,3.630620327155806,True,True,0.0,16317,3,3,False,3,0,0,1.0,0.7075757192989739,0.7075757192989739,8,6,False,False,False
72,1.0,10.0,2.0,3.0,1.0,50260797,3.630620327155806,True,True,0.0,16317,3,3,False,3,0,0,1.0,0.7075757192989739,0.7075757192989739,8,6,False,False,False
72,1.1,11.0,2.2,3.0,1.0,50260797,3.630620327155806,True,True,0.0,16317,3,3,False,3,0,0,1.0,0.7075757192989739,0.7075757192989739,8,6,False,False,False
72,1.2,12.0,2.4,3.0,1.0,50260797,3.630620327155806,True,True,0.0,16317,3,3,False,3,0,0,1.0,0.7075757192989739,0.7075757192989739,8,6,False,False,False
73,0.8,8.0,1.6,3.0,1.0,50260798,0.8867116009444376,True,True,0.0,15955,8,8,False,8,0,0,1.0,0.7863842826270102,0.7863842826270102,8,6,False,False,False
73,0.9,9.0,1.8,3.0,1.0,50260798,0.8867116009444376,True,True,0.0,15955,8,8,False,8,0,0,1.0,0.7863842826270102,0.7863842826270102,8,6,False,False,False
73,1.0,10.0,2.0,3.0,1.0,50260798,0.8867116009444376,True,True,0.0,15955,8,8,False,8,0,0,1.0,0.7863842826270102,0.7863842826270102,8,6,False,False,False
73,1.1,11.0,2.2,3.0,1.0,50260798,0.8867116009444376,True,True,0.0,15955,8,8,False,8,0,0,1.0,0.7863842826270102,0.7863842826270102,8,6,False,False,False
73,1.2,12.0,2.4,3.0,1.0,50260798,0.8867116009444376,True,True,0.0,15955,8,8,False,8,0,0,1.0,0.7863842826270102,0.7863842826270102,8,6,False,False,False
74,0.8,8.0,1.6,3.0,1.0,50260799,0.35742539721671257,True,True,0.0,16130,7,7,False,7,1,28,0.9850367144808743,0.8386953699700401,0.8252889231026797,8,8,True,True,True
74,0.9,9.0,1.8,3.0,1.0,50260799,0.35742539721671257,True,True,0.0,16130,7,7,False,7,1,28,0.9850367144808743,0.8386953699700401,0.8252889231026797,8,8,True,True,True
74,1.0,10.0,2.0,3.0,1.0,50260799,0.35742539721671257,True,True,0.0,16130,7,7,False,7,1,28,0.9850367144808743,0.8386953699700401,0.8252889231026797,8,8,True,True,True
74,1.1,11.0,2.2,3.0,1.0,50260799,0.35742539721671257,True,True,0.0,16130,7,7,False,7,1,28,0.9850367144808743,0.8386953699700401,0.8252889231026797,8,8,True,True,True
74,1.2,12.0,2.4,3.0,1.0,50260799,0.35742539721671257,True,True,0.0,16130,7,7,False,7,1,28,0.9850367144808743,0.8386953699700401,0.8252889231026797,8,8,True,True,True
75,0.8,8.0,1.6,3.0,1.0,50260800,2.362166197255154,True,True,0.0,16294,2,2,False,2,0,0,1.0,0.7636615936135664,0.7636615936135664,8,6,False,False,False
75,0.9,9.0,1.8,3.0,1.0,50260800,2.362166197255154,True,True,0.0,16294,2,2,False,2,0,0,1.0,0.7636615936135664,0.7636615936135664,8,6,False,False,False
75,1.0,10.0,2.0,3.0,1.0,50260800,2.362166197255154,True,True,0.0,16294,2,2,False,2,0,0,1.0,0.7636615936135664,0.7636615936135664,8,6,False,False,False
75,1.1,11.0,2.2,3.0,1.0,50260800,2.362166197255154,True,True,0.0,16294,2,2,False,2,0,0,1.0,0.7636615936135664,0.7636615936135664,8,6,False,False,False
75,1.2,12.0,2.4,3.0,1.0,50260800,2.362166197255154,True,True,0.0,16294,2,2,False,2,0,0,1.0,0.7636615936135664,0.7636615936135664,8,6,False,False,False
76,0.8,8.0,1.6,3.0,1.0,50260801,0.17259259687085377,True,True,0.0,16058,2,2,False,2,0,0,1.0,0.7490651290690622,0.7490651290690622,8,6,False,False,False
76,0.9,9.0,1.8,3.0,1.0,50260801,0.17259259687085377,True,True,0.0,16058,2,2,False,2,0,0,1.0,0.7490651290690622,0.7490651290690622,8,6,False,False,False
76,1.0,10.0,2.0,3.0,1.0,50260801,0.17259259687085377,True,True,0.0,16058,2,2,False,2,0,0,1.0,0.7490651290690622,0.7490651290690622,8,6,False,False,False
76,1.1,11.0,2.2,3.0,1.0,50260801,0.17259259687085377,True,True,0.0,16058,2,2,False,2,0,0,1.0,0.7490651290690622,0.7490651290690622,8,6,False,False,False
76,1.2,12.0,2.4,3.0,1.0,50260801,0.17259259687085377,True,True,0.0,16058,2,2,False,2,0,0,1.0,0.7490651290690622,0.7490651290690622,8,6,False,False,False
77,0.8,8.0,1.6,3.0,1.0,50260802,4.896835815951405,True,True,0.0,16016,5,5,False,5,0,0,1.0,0.7183065851090615,0.7183065851090615,8,6,False,False,False
77,0.9,9.0,1.8,3.0,1.0,50260802,4.896835815951405,True,True,0.0,16016,5,5,False,5,0,0,1.0,0.7183065851090615,0.7183065851090615,8,6,False,False,False
77,1.0,10.0,2.0,3.0,1.0,50260802,4.896835815951405,True,True,0.0,16016,5,5,False,5,0,0,1.0,0.7183065851090615,0.7183065851090615,8,6,False,False,False
77,1.1,11.0,2.2,3.0,1.0,50260802,4.896835815951405,True,True,0.0,16016,5,5,False,5,0,0,1.0,0.7183065851090615,0.7183065851090615,8,6,False,False,False
77,1.2,12.0,2.4,3.0,1.0,50260802,4.896835815951405,True,True,0.0,16016,5,5,False,5,0,0,1.0,0.7183065851090615,0.7183065851090615,8,6,False,False,False
78,0.8,8.0,1.6,3.0,1.0,50260803,4.249008038671926,True,True,0.0,15819,2,2,False,2,1,41,0.9812905566939891,0.8953561197175851,0.8783548265074876,8,8,True,True,True
78,0.9,9.0,1.8,3.0,1.0,50260803,4.249008038671926,True,True,0.0,15819,2,2,False,2,1,41,0.9812905566939891,0.8953561197175851,0.8783548265074876,8,8,True,True,True
78,1.0,10.0,2.0,3.0,1.0,50260803,4.249008038671926,True,True,0.0,15819,2,2,False,2,1,41,0.9812905566939891,0.8953561197175851,0.8783548265074876,8,8,True,True,True
78,1.1,11.0,2.2,3.0,1.0,50260803,4.249008038671926,True,True,0.0,15819,2,2,False,2,1,41,0.9812905566939891,0.8953561197175851,0.8783548265074876,8,8,True,True,True
78,1.2,12.0,2.4,3.0,1.0,50260803,4.249008038671926,True,True,0.0,15819,2,2,False,2,1,41,0.9812905566939891,0.8953561197175851,0.8783548265074876,8,8,True,True,True
79,0.8,8.0,1.6,3.0,1.0,50260804,1.3218948117660758,True,True,0.0,15832,3,3,False,3,0,0,1.0,0.740261282881541,0.740261282881541,8,6,False,False,False
79,0.9,9.0,1.8,3.0,1.0,50260804,1.3218948117660758,True,True,0.0,15832,3,3,False,3,0,0,1.0,0.740261282881541,0.740261282881541,8,6,False,False,False
79,1.0,10.0,2.0,3.0,1.0,50260804,1.3218948117660758,True,True,0.0,15832,3,3,False,3,0,0,1.0,0.740261282881541,0.740261282881541,8,6,False,False,False
79,1.1,11.0,2.2,3.0,1.0,50260804,1.3218948117660758,True,True,0.0,15832,3,3,False,3,0,0,1.0,0.740261282881541,0.740261282881541,8,6,False,False,False
79,1.2,12.0,2.4,3.0,1.0,50260804,1.3218948117660758,True,True,0.0,15832,3,3,False,3,0,0,1.0,0.740261282881541,0.740261282881541,8,6,False,False,False
80,0.8,8.0,1.6,3.0,1.0,50260805,0.9112735574876248,True,True,0.0,15815,6,6,False,6,0,0,0.997055380351682,0.7048418104749761,0.7031286434900648,8,6,False,False,False
80,0.9,9.0,1.8,3.0,1.0,50260805,0.9112735574876248,True,True,0.0,15815,6,6,False,6,0,0,0.997055380351682,0.7048418104749761,0.7031286434900648,8,6,False,False,False
80,1.0,10.0,2.0,3.0,1.0,50260805,0.9112735574876248,True,True,0.0,15815,6,6,False,6,0,0,0.997055380351682,0.7048418104749761,0.7031286434900648,8,6,False,False,False
80,1.1,11.0,2.2,3.0,1.0,50260805,0.9112735574876248,True,True,0.0,15815,6,6,False,6,0,0,0.997055380351682,0.7048418104749761,0.7031286434900648,8,6,False,False,False
80,1.2,12.0,2.4,3.0,1.0,50260805,0.9112735574876248,True,True,0.0,15815,6,6,False,6,0,0,0.997055380351682,0.7048418104749761,0.7031286434900648,8,6,False,False,False
81,0.8,8.0,1.6,3.0,1.0,50260806,5.41289697109903,True,True,0.0,15837,7,7,False,7,1,34,0.9717490607923498,0.850647365676736,0.8257747378226177,8,8,True,True,True
81,0.9,9.0,1.8,3.0,1.0,50260806,5.41289697109903,True,True,0.0,15837,7,7,False,7,1,34,0.9717490607923498,0.850647365676736,0.8257747378226177,8,8,True,True,True
81,1.0,10.0,2.0,3.0,1.0,50260806,5.41289697109903,True,True,0.0,15837,7,7,False,7,1,34,0.9717490607923498,0.850647365676736,0.8257747378226177,8,8,True,True,True
81,1.1,11.0,2.2,3.0,1.0,50260806,5.41289697109903,True,True,0.0,15837,7,7,False,7,1,34,0.9717490607923498,0.850647365676736,0.8257747378226177,8,8,True,True,True
81,1.2,12.0,2.4,3.0,1.0,50260806,5.41289697109903,True,True,0.0,15837,7,7,False,7,1,34,0.9717490607923498,0.850647365676736,0.8257747378226177,8,8,True,True,True
82,0.8,8.0,1.6,3.0,1.0,50260807,4.717358603934678,True,True,0.0,15755,8,8,False,8,0,0,1.0,0.8406245917770944,0.8406245917770944,8,6,False,False,False
82,0.9,9.0,1.8,3.0,1.0,50260807,4.717358603934678,True,True,0.0,15755,8,8,False,8,0,0,1.0,0.8406245917770944,0.8406245917770944,8,6,False,False,False
82,1.0,10.0,2.0,3.0,1.0,50260807,4.717358603934678,True,True,0.0,15755,8,8,False,8,0,0,1.0,0.8406245917770944,0.8406245917770944,8,6,False,False,False
82,1.1,11.0,2.2,3.0,1.0,50260807,4.717358603934678,True,True,0.0,15755,8,8,False,8,0,0,1.0,0.8406245917770944,0.8406245917770944,8,6,False,False,False
82,1.2,12.0,2.4,3.0,1.0,50260807,4.717358603934678,True,True,0.0,15755,8,8,False,8,0,0,1.0,0.8406245917770944,0.8406245917770944,8,6,False,False,False
83,0.8,8.0,1.6,3.0,1.0,50260808,0.8362641652737416,True,True,0.0,16003,7,7,False,7,0,0,1.0,0.76078064275291,0.76078064275291,8,6,False,False,False
83,0.9,9.0,1.8,3.0,1.0,50260808,0.8362641652737416,True,True,0.0,16003,7,7,False,7,0,0,1.0,0.76078064275291,0.76078064275291,8,6,False,False,False
83,1.0,10.0,2.0,3.0,1.0,50260808,0.8362641652737416,True,True,0.0,16003,7,7,False,7,0,0,1.0,0.76078064275291,0.76078064275291,8,6,False,False,False
83,1.1,11.0,2.2,3.0,1.0,50260808,0.8362641652737416,True,True,0.0,16003,7,7,False,7,0,0,1.0,0.76078064275291,0.76078064275291,8,6,False,False,False
83,1.2,12.0,2.4,3.0,1.0,50260808,0.8362641652737416,True,True,0.0,16003,7,7,False,7,0,0,1.0,0.76078064275291,0.76078064275291,8,6,False,False,False
84,0.8,8.0,1.6,3.0,1.0,50260809,0.6241377496278606,True,True,0.0,16199,3,3,False,3,1,38,0.9832436816939891,0.7669208495029383,0.7526386398009767,8,7,True,True,True
84,0.9,9.0,1.8,3.0,1.0,50260809,0.6241377496278606,True,True,0.0,16199,3,3,False,3,1,38,0.9832436816939891,0.7669208495029383,0.7526386398009767,8,7,True,True,True
84,1.0,10.0,2.0,3.0,1.0,50260809,0.6241377496278606,True,True,0.0,16199,3,3,False,3,1,38,0.9832436816939891,0.7669208495029383,0.7526386398009767,8,7,True,True,True
84,1.1,11.0,2.2,3.0,1.0,50260809,0.6241377496278606,True,True,0.0,16199,3,3,False,3,1,38,0.9832436816939891,0.7669208495029383,0.7526386398009767,8,7,True,True,True
84,1.2,12.0,2.4,3.0,1.0,50260809,0.6241377496278606,True,True,0.0,16199,3,3,False,3,1,38,0.9832436816939891,0.7669208495029383,0.7526386398009767,8,7,True,True,True
85,0.8,8.0,1.6,3.0,1.0,50260810,0.028761329937239496,True,True,0.0,15928,22,22,False,22,1,60,0.9679815573770492,0.7931108934729509,0.7643722103653359,8,8,True,True,True
85,0.9,9.0,1.8,3.0,1.0,50260810,0.028761329937239496,True,True,0.0,15928,22,22,False,22,1,60,0.9679815573770492,0.7931108934729509,0.7643722103653359,8,8,True,True,True
85,1.0,10.0,2.0,3.0,1.0,50260810,0.028761329937239496,True,True,0.0,15928,22,22,False,22,0,0,1.0,0.6724437228057804,0.6724437228057804,8,6,False,False,False
85,1.1,11.0,2.2,3.0,1.0,50260810,0.028761329937239496,True,True,0.0,15928,22,22,False,22,0,0,1.0,0.6724437228057804,0.6724437228057804,8,6,False,False,False
85,1.2,12.0,2.4,3.0,1.0,50260810,0.028761329937239496,True,True,0.0,15928,22,22,False,22,0,0,1.0,0.6724437228057804,0.6724437228057804,8,6,False,False,False
86,0.8,8.0,1.6,3.0,1.0,50260811,1.861708112475579,True,True,0.0,15567,6,6,False,6,0,0,0.9966216216216216,0.7248205926081763,0.7223288982560168,8,6,False,False,False
86,0.9,9.0,1.8,3.0,1.0,50260811,1.861708112475579,True,True,0.0,15567,6,6,False,6,0,0,0.9966216216216216,0.7248205926081763,0.7223288982560168,8,6,False,False,False
86,1.0,10.0,2.0,3.0,1.0,50260811,1.861708112475579,True,True,0.0,15567,6,6,False,6,0,0,0.9966216216216216,0.7248205926081763,0.7223288982560168,8,6,False,False,False
86,1.1,11.0,2.2,3.0,1.0,50260811,1.861708112475579,True,True,0.0,15567,6,6,False,6,0,0,0.9966216216216216,0.7248205926081763,0.7223288982560168,8,6,False,False,False
86,1.2,12.0,2.4,3.0,1.0,50260811,1.861708112475579,True,True,0.0,15567,6,6,False,6,0,0,0.9966216216216216,0.7248205926081763,0.7223288982560168,8,6,False,False,False
87,0.8,8.0,1.6,3.0,1.0,50260812,5.169322898466824,True,True,0.0,15881,5,5,False,5,1,35,0.9771601775956285,0.8258417258126511,0.8035588744264721,8,8,True,True,True
87,0.9,9.0,1.8,3.0,1.0,50260812,5.169322898466824,True,True,0.0,15881,5,5,False,5,1,35,0.9771601775956285,0.8258417258126511,0.8035588744264721,8,8,True,True,True
87,1.0,10.0,2.0,3.0,1.0,50260812,5.169322898466824,True,True,0.0,15881,5,5,False,5,1,35,0.9771601775956285,0.8258417258126511,0.8035588744264721,8,8,True,True,True
87,1.1,11.0,2.2,3.0,1.0,50260812,5.169322898466824,True,True,0.0,15881,5,5,False,5,1,35,0.9771601775956285,0.8258417258126511,0.8035588744264721,8,8,True,True,True
87,1.2,12.0,2.4,3.0,1.0,50260812,5.169322898466824,True,True,0.0,15881,5,5,False,5,1,35,0.9771601775956285,0.8258417258126511,0.8035588744264721,8,8,True,True,True
88,0.8,8.0,1.6,3.0,1.0,50260813,3.3807077339626432,True,True,0.0,15672,1,1,False,1,1,18,0.9871499316939891,0.8723342670807858,0.8600683911360483,8,8,True,True,True
88,0.9,9.0,1.8,3.0,1.0,50260813,3.3807077339626432,True,True,0.0,15672,1,1,False,1,1,18,0.9871499316939891,0.8723342670807858,0.8600683911360483,8,8,True,True,True
88,1.0,10.0,2.0,3.0,1.0,50260813,3.3807077339626432,True,True,0.0,15672,1,1,False,1,1,18,0.9871499316939891,0.8723342670807858,0.8600683911360483,8,8,True,True,True
88,1.1,11.0,2.2,3.0,1.0,50260813,3.3807077339626432,True,True,0.0,15672,1,1,False,1,1,18,0.9871499316939891,0.8723342670807858,0.8600683911360483,8,8,True,True,True
88,1.2,12.0,2.4,3.0,1.0,50260813,3.3807077339626432,True,True,0.0,15672,1,1,False,1,1,18,0.9871499316939891,0.8723342670807858,0.8600683911360483,8,8,True,True,True
89,0.8,8.0,1.6,3.0,1.0,50260814,6.092693009494673,True,True,0.0,15927,7,7,False,7,1,39,0.9806395150273224,0.8764977875439287,0.8592242254918491,8,8,True,True,True
89,0.9,9.0,1.8,3.0,1.0,50260814,6.092693009494673,True,True,0.0,15927,7,7,False,7,0,0,1.0,0.7562839529845821,0.7562839529845821,8,6,False,False,False
89,1.0,10.0,2.0,3.0,1.0,50260814,6.092693009494673,True,True,0.0,15927,7,7,False,7,0,0,1.0,0.7562839529845821,0.7562839529845821,8,6,False,False,False
89,1.1,11.0,2.2,3.0,1.0,50260814,6.092693009494673,True,True,0.0,15927,7,7,False,7,0,0,1.0,0.7562839529845821,0.7562839529845821,8,6,False,False,False
89,1.2,12.0,2.4,3.0,1.0,50260814,6.092693009494673,True,True,0.0,15927,7,7,False,7,0,0,1.0,0.7562839529845821,0.7562839529845821,8,6,False,False,False
90,0.8,8.0,1.6,3.0,1.0,50260815,1.4106391557552398,True,True,0.0,15992,2,2,False,2,1,26,0.9780353483606558,0.908598965603489,0.8879361441440234,8,8,True,True,True
90,0.9,9.0,1.8,3.0,1.0,50260815,1.4106391557552398,True,True,0.0,15992,2,2,False,2,1,26,0.9780353483606558,0.908598965603489,0.8879361441440234,8,8,True,True,True
90,1.0,10.0,2.0,3.0,1.0,50260815,1.4106391557552398,True,True,0.0,15992,2,2,False,2,1,26,0.9780353483606558,0.908598965603489,0.8879361441440234,8,8,True,True,True
90,1.1,11.0,2.2,3.0,1.0,50260815,1.4106391557552398,True,True,0.0,15992,2,2,False,2,1,26,0.9780353483606558,0.908598965603489,0.8879361441440234,8,8,True,True,True
90,1.2,12.0,2.4,3.0,1.0,50260815,1.4106391557552398,True,True,0.0,15992,2,2,False,2,1,26,0.9780353483606558,0.908598965603489,0.8879361441440234,8,8,True,True,True
91,0.8,8.0,1.6,3.0,1.0,50260816,0.7747310550988427,True,True,0.0,15441,4,4,False,4,0,0,0.9953195382882882,0.7713114181779427,0.7678441196292112,8,6,False,False,False
91,0.9,9.0,1.8,3.0,1.0,50260816,0.7747310550988427,True,True,0.0,15441,4,4,False,4,0,0,0.9953195382882882,0.7713114181779427,0.7678441196292112,8,6,False,False,False
91,1.0,10.0,2.0,3.0,1.0,50260816,0.7747310550988427,True,True,0.0,15441,4,4,False,4,0,0,0.9953195382882882,0.7713114181779427,0.7678441196292112,8,6,False,False,False
91,1.1,11.0,2.2,3.0,1.0,50260816,0.7747310550988427,True,True,0.0,15441,4,4,False,4,0,0,0.9953195382882882,0.7713114181779427,0.7678441196292112,8,6,False,False,False
91,1.2,12.0,2.4,3.0,1.0,50260816,0.7747310550988427,True,True,0.0,15441,4,4,False,4,0,0,0.9953195382882882,0.7713114181779427,0.7678441196292112,8,6,False,False,False
92,0.8,8.0,1.6,3.0,1.0,50260817,3.1715186778644084,True,True,0.0,16070,17,17,False,17,1,20,0.9859759221311475,0.78590215988087,0.7728234944533818,8,8,True,True,True
92,0.9,9.0,1.8,3.0,1.0,50260817,3.1715186778644084,True,True,0.0,16070,17,17,False,17,1,20,0.9859759221311475,0.78590215988087,0.7728234944533818,8,8,True,True,True
92,1.0,10.0,2.0,3.0,1.0,50260817,3.1715186778644084,True,True,0.0,16070,17,17,False,17,1,20,0.9859759221311475,0.78590215988087,0.7728234944533818,8,8,True,True,True
92,1.1,11.0,2.2,3.0,1.0,50260817,3.1715186778644084,True,True,0.0,16070,17,17,False,17,1,20,0.9859759221311475,0.78590215988087,0.7728234944533818,8,8,True,True,True
92,1.2,12.0,2.4,3.0,1.0,50260817,3.1715186778644084,True,True,0.0,16070,17,17,False,17,1,20,0.9859759221311475,0.78590215988087,0.7728234944533818,8,8,True,True,True
93,0.8,8.0,1.6,3.0,1.0,50260818,5.629205471860644,True,True,0.0,15477,1,1,False,1,1,42,0.9428790983606558,0.8818767372383594,0.8248718169913822,8,7,True,True,False
93,0.9,9.0,1.8,3.0,1.0,50260818,5.629205471860644,True,True,0.0,15477,1,1,False,1,0,0,0.9986979166666667,0.7537202783126696,0.7534014756682856,8,6,False,False,False
93,1.0,10.0,2.0,3.0,1.0,50260818,5.629205471860644,True,True,0.0,15477,1,1,False,1,0,0,0.9986979166666667,0.7537202783126696,0.7534014756682856,8,6,False,False,False
93,1.1,11.0,2.2,3.0,1.0,50260818,5.629205471860644,True,True,0.0,15477,1,1,False,1,0,0,0.9986979166666667,0.7537202783126696,0.7534014756682856,8,6,False,False,False
93,1.2,12.0,2.4,3.0,1.0,50260818,5.629205471860644,True,True,0.0,15477,1,1,False,1,0,0,0.9986979166666667,0.7537202783126696,0.7534014756682856,8,6,False,False,False
94,0.8,8.0,1.6,3.0,1.0,50260819,3.401237281587146,True,True,0.0,16153,4,4,False,4,0,0,1.0,0.6980348324008228,0.6980348324008228,8,6,False,False,False
94,0.9,9.0,1.8,3.0,1.0,50260819,3.401237281587146,True,True,0.0,16153,4,4,False,4,0,0,1.0,0.6980348324008228,0.6980348324008228,8,6,False,False,False
94,1.0,10.0,2.0,3.0,1.0,50260819,3.401237281587146,True,True,0.0,16153,4,4,False,4,0,0,1.0,0.6980348324008228,0.6980348324008228,8,6,False,False,False
94,1.1,11.0,2.2,3.0,1.0,50260819,3.401237281587146,True,True,0.0,16153,4,4,False,4,0,0,1.0,0.6980348324008228,0.6980348324008228,8,6,False,False,False
94,1.2,12.0,2.4,3.0,1.0,50260819,3.401237281587146,True,True,0.0,16153,4,4,False,4,0,0,1.0,0.6980348324008228,0.6980348324008228,8,6,False,False,False
95,0.8,8.0,1.6,3.0,1.0,50260820,3.442719391246538,True,True,0.0,15850,1,1,False,1,1,31,0.976349043715847,0.8437589014477682,0.8204753197766455,8,8,True,True,True
95,0.9,9.0,1.8,3.0,1.0,50260820,3.442719391246538,True,True,0.0,15850,1,1,False,1,1,31,0.976349043715847,0.8437589014477682,0.8204753197766455,8,8,True,True,True
95,1.0,10.0,2.0,3.0,1.0,50260820,3.442719391246538,True,True,0.0,15850,1,1,False,1,1,31,0.976349043715847,0.8437589014477682,0.8204753197766455,8,8,True,True,True
95,1.1,11.0,2.2,3.0,1.0,50260820,3.442719391246538,True,True,0.0,15850,1,1,False,1,1,31,0.976349043715847,0.8437589014477682,0.8204753197766455,8,8,True,True,True
95,1.2,12.0,2.4,3.0,1.0,50260820,3.442719391246538,True,True,0.0,15850,1,1,False,1,1,31,0.976349043715847,0.8437589014477682,0.8204753197766455,8,8,True,True,True
96,0.8,8.0,1.6,3.0,1.0,50260821,3.026579387578027,True,True,0.0,16472,1,1,False,1,0,0,1.0,0.7235092852820537,0.7235092852820537,8,6,False,False,False
96,0.9,9.0,1.8,3.0,1.0,50260821,3.026579387578027,True,True,0.0,16472,1,1,False,1,0,0,1.0,0.7235092852820537,0.7235092852820537,8,6,False,False,False
96,1.0,10.0,2.0,3.0,1.0,50260821,3.026579387578027,True,True,0.0,16472,1,1,False,1,0,0,1.0,0.7235092852820537,0.7235092852820537,8,6,False,False,False
96,1.1,11.0,2.2,3.0,1.0,50260821,3.026579387578027,True,True,0.0,16472,1,1,False,1,0,0,1.0,0.7235092852820537,0.7235092852820537,8,6,False,False,False
96,1.2,12.0,2.4,3.0,1.0,50260821,3.026579387578027,True,True,0.0,16472,1,1,False,1,0,0,1.0,0.7235092852820537,0.7235092852820537,8,6,False,False,False
97,0.8,8.0,1.6,3.0,1.0,50260822,6.150134482016724,True,True,0.0,15719,2,2,False,2,1,24,0.985228825136612,0.8525612338035228,0.8380040779634722,8,8,True,True,True
97,0.9,9.0,1.8,3.0,1.0,50260822,6.150134482016724,True,True,0.0,15719,2,2,False,2,1,24,0.985228825136612,0.8525612338035228,0.8380040779634722,8,8,True,True,True
97,1.0,10.0,2.0,3.0,1.0,50260822,6.150134482016724,True,True,0.0,15719,2,2,False,2,1,24,0.985228825136612,0.8525612338035228,0.8380040779634722,8,8,True,True,True
97,1.1,11.0,2.2,3.0,1.0,50260822,6.150134482016724,True,True,0.0,15719,2,2,False,2,1,24,0.985228825136612,0.8525612338035228,0.8380040779634722,8,8,True,True,True
97,1.2,12.0,2.4,3.0,1.0,50260822,6.150134482016724,True,True,0.0,15719,2,2,False,2,1,24,0.985228825136612,0.8525612338035228,0.8380040779634722,8,8,True,True,True
98,0.8,8.0,1.6,3.0,1.0,50260823,5.2858140548675445,True,True,0.0,15710,1,1,False,1,1,44,0.982816769125683,0.8953952031254663,0.8797384342886456,8,8,True,True,True
98,0.9,9.0,1.8,3.0,1.0,50260823,5.2858140548675445,True,True,0.0,15710,1,1,False,1,1,44,0.982816769125683,0.8953952031254663,0.8797384342886456,8,8,True,True,True
98,1.0,10.0,2.0,3.0,1.0,50260823,5.2858140548675445,True,True,0.0,15710,1,1,False,1,0,0,1.0,0.7716975602672395,0.7716975602672395,8,6,False,False,False
98,1.1,11.0,2.2,3.0,1.0,50260823,5.2858140548675445,True,True,0.0,15710,1,1,False,1,0,0,1.0,0.7716975602672395,0.7716975602672395,8,6,False,False,False
98,1.2,12.0,2.4,3.0,1.0,50260823,5.2858140548675445,True,True,0.0,15710,1,1,False,1,0,0,1.0,0.7716975602672395,0.7716975602672395,8,6,False,False,False
99,0.8,8.0,1.6,3.0,1.0,50260824,2.698468412623314,True,True,0.0,16124,1,1,False,1,0,0,1.0,0.762361762428053,0.762361762428053,8,6,False,False,False
99,0.9,9.0,1.8,3.0,1.0,50260824,2.698468412623314,True,True,0.0,16124,1,1,False,1,0,0,1.0,0.762361762428053,0.762361762428053,8,6,False,False,False
99,1.0,10.0,2.0,3.0,1.0,50260824,2.698468412623314,True,True,0.0,16124,1,1,False,1,0,0,1.0,0.762361762428053,0.762361762428053,8,6,False,False,False
99,1.1,11.0,2.2,3.0,1.0,50260824,2.698468412623314,True,True,0.0,16124,1,1,False,1,0,0,1.0,0.762361762428053,0.762361762428053,8,6,False,False,False
99,1.2,12.0,2.4,3.0,1.0,50260824,2.698468412623314,True,True,0.0,16124,1,1,False,1,0,0,1.0,0.762361762428053,0.762361762428053,8,6,False,False,False
100,0.8,8.0,1.6,3.0,1.0,50260825,3.0103224538963027,True,True,0.0,16443,10,10,False,10,0,0,1.0,0.6789407583875064,0.6789407583875064,8,6,False,False,False
100,0.9,9.0,1.8,3.0,1.0,50260825,3.0103224538963027,True,True,0.0,16443,10,10,False,10,0,0,1.0,0.6789407583875064,0.6789407583875064,8,6,False,False,False
100,1.0,10.0,2.0,3.0,1.0,50260825,3.0103224538963027,True,True,0.0,16443,10,10,False,10,0,0,1.0,0.6789407583875064,0.6789407583875064,8,6,False,False,False
100,1.1,11.0,2.2,3.0,1.0,50260825,3.0103224538963027,True,True,0.0,16443,10,10,False,10,0,0,1.0,0.6789407583875064,0.6789407583875064,8,6,False,False,False
100,1.2,12.0,2.4,3.0,1.0,50260825,3.0103224538963027,True,True,0.0,16443,10,10,False,10,0,0,1.0,0.6789407583875064,0.6789407583875064,8,6,False,False,False
101,0.8,8.0,1.6,3.0,1.0,50260826,3.900853106899806,True,True,0.0,16033,2,2,False,2,0,0,1.0,0.7191920540568973,0.7191920540568973,8,6,False,False,False
101,0.9,9.0,1.8,3.0,1.0,50260826,3.900853106899806,True,True,0.0,16033,2,2,False,2,0,0,1.0,0.7191920540568973,0.7191920540568973,8,6,False,False,False
101,1.0,10.0,2.0,3.0,1.0,50260826,3.900853106899806,True,True,0.0,16033,2,2,False,2,0,0,1.0,0.7191920540568973,0.7191920540568973,8,6,False,False,False
101,1.1,11.0,2.2,3.0,1.0,50260826,3.900853106899806,True,True,0.0,16033,2,2,False,2,0,0,1.0,0.7191920540568973,0.7191920540568973,8,6,False,False,False
101,1.2,12.0,2.4,3.0,1.0,50260826,3.900853106899806,True,True,0.0,16033,2,2,False,2,0,0,1.0,0.7191920540568973,0.7191920540568973,8,6,False,False,False
102,0.8,8.0,1.6,3.0,1.0,50260827,2.7429504630689805,True,True,0.0,16261,7,7,False,7,0,0,1.0,0.6799217570658991,0.6799217570658991,8,5,False,False,False
102,0.9,9.0,1.8,3.0,1.0,50260827,2.7429504630689805,True,True,0.0,16261,7,7,False,7,0,0,1.0,0.6799217570658991,0.6799217570658991,8,5,False,False,False
102,1.0,10.0,2.0,3.0,1.0,50260827,2.7429504630689805,True,True,0.0,16261,7,7,False,7,0,0,1.0,0.6799217570658991,0.6799217570658991,8,5,False,False,False
102,1.1,11.0,2.2,3.0,1.0,50260827,2.7429504630689805,True,True,0.0,16261,7,7,False,7,0,0,1.0,0.6799217570658991,0.6799217570658991,8,5,False,False,False
102,1.2,12.0,2.4,3.0,1.0,50260827,2.7429504630689805,True,True,0.0,16261,7,7,False,7,0,0,1.0,0.6799217570658991,0.6799217570658991,8,5,False,False,False
103,0.8,8.0,1.6,3.0,1.0,50260828,4.129429492597235,True,True,0.0,15815,1,1,False,1,1,32,0.9838627049180328,0.8452060372711484,0.8302479090770496,8,8,True,True,True
103,0.9,9.0,1.8,3.0,1.0,50260828,4.129429492597235,True,True,0.0,15815,1,1,False,1,0,0,1.0,0.7231466948403444,0.7231466948403444,8,6,False,False,False
103,1.0,10.0,2.0,3.0,1.0,50260828,4.129429492597235,True,True,0.0,15815,1,1,False,1,0,0,1.0,0.7231466948403444,0.7231466948403444,8,6,False,False,False
103,1.1,11.0,2.2,3.0,1.0,50260828,4.129429492597235,True,True,0.0,15815,1,1,False,1,0,0,1.0,0.7231466948403444,0.7231466948403444,8,6,False,False,False
103,1.2,12.0,2.4,3.0,1.0,50260828,4.129429492597235,True,True,0.0,15815,1,1,False,1,0,0,1.0,0.7231466948403444,0.7231466948403444,8,6,False,False,False
104,0.8,8.0,1.6,3.0,1.0,50260829,1.5219445090101416,True,True,0.0,16273,9,9,False,9,0,0,1.0,0.7696292118329154,0.7696292118329154,8,6,False,False,False
104,0.9,9.0,1.8,3.0,1.0,50260829,1.5219445090101416,True,True,0.0,16273,9,9,False,9,0,0,1.0,0.7696292118329154,0.7696292118329154,8,6,False,False,False
104,1.0,10.0,2.0,3.0,1.0,50260829,1.5219445090101416,True,True,0.0,16273,9,9,False,9,0,0,1.0,0.7696292118329154,0.7696292118329154,8,6,False,False,False
104,1.1,11.0,2.2,3.0,1.0,50260829,1.5219445090101416,True,True,0.0,16273,9,9,False,9,0,0,1.0,0.7696292118329154,0.7696292118329154,8,6,False,False,False
104,1.2,12.0,2.4,3.0,1.0,50260829,1.5219445090101416,True,True,0.0,16273,9,9,False,9,0,0,1.0,0.7696292118329154,0.7696292118329154,8,6,False,False,False
105,0.8,8.0,1.6,3.0,1.0,50260830,5.29880832316148,True,True,0.0,15859,15,15,False,15,0,0,1.0,0.7699039698004181,0.7699039698004181,8,6,False,False,False
105,0.9,9.0,1.8,3.0,1.0,50260830,5.29880832316148,True,True,0.0,15859,15,15,False,15,0,0,1.0,0.7699039698004181,0.7699039698004181,8,6,False,False,False
105,1.0,10.0,2.0,3.0,1.0,50260830,5.29880832316148,True,True,0.0,15859,15,15,False,15,0,0,1.0,0.7699039698004181,0.7699039698004181,8,6,False,False,False
105,1.1,11.0,2.2,3.0,1.0,50260830,5.29880832316148,True,True,0.0,15859,15,15,False,15,0,0,1.0,0.7699039698004181,0.7699039698004181,8,6,False,False,False
105,1.2,12.0,2.4,3.0,1.0,50260830,5.29880832316148,True,True,0.0,15859,15,15,False,15,0,0,1.0,0.7699039698004181,0.7699039698004181,8,6,False,False,False
106,0.8,8.0,1.6,3.0,1.0,50260831,5.76889411829014,True,True,0.0,15708,7,7,False,7,0,0,1.0,0.7327468097926744,0.7327468097926744,8,6,False,False,False
106,0.9,9.0,1.8,3.0,1.0,50260831,5.76889411829014,True,True,0.0,15708,7,7,False,7,0,0,1.0,0.7327468097926744,0.7327468097926744,8,6,False,False,False
106,1.0,10.0,2.0,3.0,1.0,50260831,5.76889411829014,True,True,0.0,15708,7,7,False,7,0,0,1.0,0.7327468097926744,0.7327468097926744,8,6,False,False,False
106,1.1,11.0,2.2,3.0,1.0,50260831,5.76889411829014,True,True,0.0,15708,7,7,False,7,0,0,1.0,0.7327468097926744,0.7327468097926744,8,6,False,False,False
106,1.2,12.0,2.4,3.0,1.0,50260831,5.76889411829014,True,True,0.0,15708,7,7,False,7,0,0,1.0,0.7327468097926744,0.7327468097926744,8,6,False,False,False
107,0.8,8.0,1.6,3.0,1.0,50260832,2.59344160929701,True,True,0.0,16052,4,4,False,4,0,0,1.0,0.715695173317094,0.715695173317094,8,6,False,False,False
107,0.9,9.0,1.8,3.0,1.0,50260832,2.59344160929701,True,True,0.0,16052,4,4,False,4,0,0,1.0,0.715695173317094,0.715695173317094,8,6,False,False,False
107,1.0,10.0,2.0,3.0,1.0,50260832,2.59344160929701,True,True,0.0,16052,4,4,False,4,0,0,1.0,0.715695173317094,0.715695173317094,8,6,False,False,False
107,1.1,11.0,2.2,3.0,1.0,50260832,2.59344160929701,True,True,0.0,16052,4,4,False,4,0,0,1.0,0.715695173317094,0.715695173317094,8,6,False,False,False
107,1.2,12.0,2.4,3.0,1.0,50260832,2.59344160929701,True,True,0.0,16052,4,4,False,4,0,0,1.0,0.715695173317094,0.715695173317094,8,6,False,False,False
108,0.8,8.0,1.6,3.0,1.0,50260833,4.367350554400162,True,True,0.0,15893,8,8,False,8,1,28,0.9784942793715847,0.7981427602685491,0.7776515093046001,8,8,True,True,True
108,0.9,9.0,1.8,3.0,1.0,50260833,4.367350554400162,True,True,0.0,15893,8,8,False,8,1,28,0.9784942793715847,0.7981427602685491,0.7776515093046001,8,8,True,True,True
108,1.0,10.0,2.0,3.0,1.0,50260833,4.367350554400162,True,True,0.0,15893,8,8,False,8,1,28,0.9784942793715847,0.7981427602685491,0.7776515093046001,8,8,True,True,True
108,1.1,11.0,2.2,3.0,1.0,50260833,4.367350554400162,True,True,0.0,15893,8,8,False,8,1,28,0.9784942793715847,0.7981427602685491,0.7776515093046001,8,8,True,True,True
108,1.2,12.0,2.4,3.0,1.0,50260833,4.367350554400162,True,True,0.0,15893,8,8,False,8,1,28,0.9784942793715847,0.7981427602685491,0.7776515093046001,8,8,True,True,True
109,0.8,8.0,1.6,3.0,1.0,50260834,0.6051518463966378,True,True,0.0,16367,11,11,False,11,0,0,1.0,0.7591992982128595,0.7591992982128595,8,6,False,False,False
109,0.9,9.0,1.8,3.0,1.0,50260834,0.6051518463966378,True,True,0.0,16367,11,11,False,11,0,0,1.0,0.7591992982128595,0.7591992982128595,8,6,False,False,False
109,1.0,10.0,2.0,3.0,1.0,50260834,0.6051518463966378,True,True,0.0,16367,11,11,False,11,0,0,1.0,0.7591992982128595,0.7591992982128595,8,6,False,False,False
109,1.1,11.0,2.2,3.0,1.0,50260834,0.6051518463966378,True,True,0.0,16367,11,11,False,11,0,0,1.0,0.7591992982128595,0.7591992982128595,8,6,False,False,False
109,1.2,12.0,2.4,3.0,1.0,50260834,0.6051518463966378,True,True,0.0,16367,11,11,False,11,0,0,1.0,0.7591992982128595,0.7591992982128595,8,6,False,False,False
110,0.8,8.0,1.6,3.0,1.0,50260835,2.0660094490468612,True,True,0.0,15862,1,1,False,1,1,56,0.9767012465846995,0.8871202291198209,0.8667492689493864,8,8,True,True,True
110,0.9,9.0,1.8,3.0,1.0,50260835,2.0660094490468612,True,True,0.0,15862,1,1,False,1,1,56,0.9767012465846995,0.8871202291198209,0.8667492689493864,8,8,True,True,True
110,1.0,10.0,2.0,3.0,1.0,50260835,2.0660094490468612,True,True,0.0,15862,1,1,False,1,1,56,0.9767012465846995,0.8871202291198209,0.8667492689493864,8,8,True,True,True
110,1.1,11.0,2.2,3.0,1.0,50260835,2.0660094490468612,True,True,0.0,15862,1,1,False,1,1,56,0.9767012465846995,0.8871202291198209,0.8667492689493864,8,8,True,True,True
110,1.2,12.0,2.4,3.0,1.0,50260835,2.0660094490468612,True,True,0.0,15862,1,1,False,1,1,56,0.9767012465846995,0.8871202291198209,0.8667492689493864,8,8,True,True,True
111,0.8,8.0,1.6,3.0,1.0,50260836,4.26589015884554,True,True,0.0,15929,3,3,False,3,0,0,1.0,0.7451622567963512,0.7451622567963512,8,6,False,False,False
111,0.9,9.0,1.8,3.0,1.0,50260836,4.26589015884554,True,True,0.0,15929,3,3,False,3,0,0,1.0,0.7451622567963512,0.7451622567963512,8,6,False,False,False
111,1.0,10.0,2.0,3.0,1.0,50260836,4.26589015884554,True,True,0.0,15929,3,3,False,3,0,0,1.0,0.7451622567963512,0.7451622567963512,8,6,False,False,False
111,1.1,11.0,2.2,3.0,1.0,50260836,4.26589015884554,True,True,0.0,15929,3,3,False,3,0,0,1.0,0.7451622567963512,0.7451622567963512,8,6,False,False,False
111,1.2,12.0,2.4,3.0,1.0,50260836,4.26589015884554,True,True,0.0,15929,3,3,False,3,0,0,1.0,0.7451622567963512,0.7451622567963512,8,6,False,False,False
112,0.8,8.0,1.6,3.0,1.0,50260837,3.7143920524208416,True,True,0.0,16349,7,7,False,7,0,0,1.0,0.7141845989248292,0.7141845989248292,8,6,False,False,False
112,0.9,9.0,1.8,3.0,1.0,50260837,3.7143920524208416,True,True,0.0,16349,7,7,False,7,0,0,1.0,0.7141845989248292,0.7141845989248292,8,6,False,False,False
112,1.0,10.0,2.0,3.0,1.0,50260837,3.7143920524208416,True,True,0.0,16349,7,7,False,7,0,0,1.0,0.7141845989248292,0.7141845989248292,8,6,False,False,False
112,1.1,11.0,2.2,3.0,1.0,50260837,3.7143920524208416,True,True,0.0,16349,7,7,False,7,0,0,1.0,0.7141845989248292,0.7141845989248292,8,6,False,False,False
112,1.2,12.0,2.4,3.0,1.0,50260837,3.7143920524208416,True,True,0.0,16349,7,7,False,7,0,0,1.0,0.7141845989248292,0.7141845989248292,8,6,False,False,False
113,0.8,8.0,1.6,3.0,1.0,50260838,3.087138958714435,True,True,0.0,15887,3,3,False,3,0,0,1.0,0.6910750966109699,0.6910750966109699,8,6,False,False,False
113,0.9,9.0,1.8,3.0,1.0,50260838,3.087138958714435,True,True,0.0,15887,3,3,False,3,0,0,1.0,0.6910750966109699,0.6910750966109699,8,6,False,False,False
113,1.0,10.0,2.0,3.0,1.0,50260838,3.087138958714435,True,True,0.0,15887,3,3,False,3,0,0,1.0,0.6910750966109699,0.6910750966109699,8,6,False,False,False
113,1.1,11.0,2.2,3.0,1.0,50260838,3.087138958714435,True,True,0.0,15887,3,3,False,3,0,0,1.0,0.6910750966109699,0.6910750966109699,8,6,False,False,False
113,1.2,12.0,2.4,3.0,1.0,50260838,3.087138958714435,True,True,0.0,15887,3,3,False,3,0,0,1.0,0.6910750966109699,0.6910750966109699,8,6,False,False,False
114,0.8,8.0,1.6,3.0,1.0,50260839,4.97414468870953,True,True,0.0,16021,1,1,False,1,1,38,0.9845777834699454,0.8423652286160107,0.8296311741309934,8,8,True,True,True
114,0.9,9.0,1.8,3.0,1.0,50260839,4.97414468870953,True,True,0.0,16021,1,1,False,1,1,38,0.9845777834699454,0.8423652286160107,0.8296311741309934,8,8,True,True,True
114,1.0,10.0,2.0,3.0,1.0,50260839,4.97414468870953,True,True,0.0,16021,1,1,False,1,1,38,0.9845777834699454,0.8423652286160107,0.8296311741309934,8,8,True,True,True
114,1.1,11.0,2.2,3.0,1.0,50260839,4.97414468870953,True,True,0.0,16021,1,1,False,1,1,38,0.9845777834699454,0.8423652286160107,0.8296311741309934,8,8,True,True,True
114,1.2,12.0,2.4,3.0,1.0,50260839,4.97414468870953,True,True,0.0,16021,1,1,False,1,1,38,0.9845777834699454,0.8423652286160107,0.8296311741309934,8,8,True,True,True
115,0.8,8.0,1.6,3.0,1.0,50260840,5.959736913511877,True,True,0.0,15907,3,3,False,3,0,0,1.0,0.7777440035509444,0.7777440035509444,8,6,False,False,False
115,0.9,9.0,1.8,3.0,1.0,50260840,5.959736913511877,True,True,0.0,15907,3,3,False,3,0,0,1.0,0.7777440035509444,0.7777440035509444,8,6,False,False,False
115,1.0,10.0,2.0,3.0,1.0,50260840,5.959736913511877,True,True,0.0,15907,3,3,False,3,0,0,1.0,0.7777440035509444,0.7777440035509444,8,6,False,False,False
115,1.1,11.0,2.2,3.0,1.0,50260840,5.959736913511877,True,True,0.0,15907,3,3,False,3,0,0,1.0,0.7777440035509444,0.7777440035509444,8,6,False,False,False
115,1.2,12.0,2.4,3.0,1.0,50260840,5.959736913511877,True,True,0.0,15907,3,3,False,3,0,0,1.0,0.7777440035509444,0.7777440035509444,8,6,False,False,False
116,0.8,8.0,1.6,3.0,1.0,50260841,2.90875178807555,True,True,0.0,15645,3,3,False,3,1,34,0.9771281591530054,0.8959232674813271,0.8731276774290904,8,8,True,True,True
116,0.9,9.0,1.8,3.0,1.0,50260841,2.90875178807555,True,True,0.0,15645,3,3,False,3,1,34,0.9771281591530054,0.8959232674813271,0.8731276774290904,8,8,True,True,True
116,1.0,10.0,2.0,3.0,1.0,50260841,2.90875178807555,True,True,0.0,15645,3,3,False,3,1,34,0.9771281591530054,0.8959232674813271,0.8731276774290904,8,8,True,True,True
116,1.1,11.0,2.2,3.0,1.0,50260841,2.90875178807555,True,True,0.0,15645,3,3,False,3,1,34,0.9771281591530054,0.8959232674813271,0.8731276774290904,8,8,True,True,True
116,1.2,12.0,2.4,3.0,1.0,50260841,2.90875178807555,True,True,0.0,15645,3,3,False,3,1,34,0.9771281591530054,0.8959232674813271,0.8731276774290904,8,8,True,True,True
117,0.8,8.0,1.6,3.0,1.0,50260842,0.04049329382233041,True,True,0.0,15965,1,1,False,1,0,0,1.0,0.6218977864902773,0.6218977864902773,8,5,False,False,False
117,0.9,9.0,1.8,3.0,1.0,50260842,0.04049329382233041,True,True,0.0,15965,1,1,False,1,0,0,1.0,0.6218977864902773,0.6218977864902773,8,5,False,False,False
117,1.0,10.0,2.0,3.0,1.0,50260842,0.04049329382233041,True,True,0.0,15965,1,1,False,1,0,0,1.0,0.6218977864902773,0.6218977864902773,8,5,False,False,False
117,1.1,11.0,2.2,3.0,1.0,50260842,0.04049329382233041,True,True,0.0,15965,1,1,False,1,0,0,1.0,0.6218977864902773,0.6218977864902773,8,5,False,False,False
117,1.2,12.0,2.4,3.0,1.0,50260842,0.04049329382233041,True,True,0.0,15965,1,1,False,1,0,0,1.0,0.6218977864902773,0.6218977864902773,8,5,False,False,False
118,0.8,8.0,1.6,3.0,1.0,50260843,3.4276741555121713,True,True,0.0,16245,8,8,False,8,1,27,0.9785262978142076,0.7935263658929818,0.772921123561461,8,7,True,True,True
118,0.9,9.0,1.8,3.0,1.0,50260843,3.4276741555121713,True,True,0.0,16245,8,8,False,8,1,27,0.9785262978142076,0.7935263658929818,0.772921123561461,8,7,True,True,True
118,1.0,10.0,2.0,3.0,1.0,50260843,3.4276741555121713,True,True,0.0,16245,8,8,False,8,1,27,0.9785262978142076,0.7935263658929818,0.772921123561461,8,7,True,True,True
118,1.1,11.0,2.2,3.0,1.0,50260843,3.4276741555121713,True,True,0.0,16245,8,8,False,8,1,27,0.9785262978142076,0.7935263658929818,0.772921123561461,8,7,True,True,True
118,1.2,12.0,2.4,3.0,1.0,50260843,3.4276741555121713,True,True,0.0,16245,8,8,False,8,1,27,0.9785262978142076,0.7935263658929818,0.772921123561461,8,7,True,True,True
119,0.8,8.0,1.6,3.0,1.0,50260844,1.5237530587592647,True,True,0.0,15737,2,2,False,2,0,0,0.9966216216216216,0.6929403105480975,0.6909456296970337,8,6,False,False,False
119,0.9,9.0,1.8,3.0,1.0,50260844,1.5237530587592647,True,True,0.0,15737,2,2,False,2,0,0,0.9966216216216216,0.6929403105480975,0.6909456296970337,8,6,False,False,False
119,1.0,10.0,2.0,3.0,1.0,50260844,1.5237530587592647,True,True,0.0,15737,2,2,False,2,0,0,0.9966216216216216,0.6929403105480975,0.6909456296970337,8,6,False,False,False
119,1.1,11.0,2.2,3.0,1.0,50260844,1.5237530587592647,True,True,0.0,15737,2,2,False,2,0,0,0.9966216216216216,0.6929403105480975,0.6909456296970337,8,6,False,False,False
119,1.2,12.0,2.4,3.0,1.0,50260844,1.5237530587592647,True,True,0.0,15737,2,2,False,2,0,0,0.9966216216216216,0.6929403105480975,0.6909456296970337,8,6,False,False,False
120,0.8,8.0,1.6,3.0,1.0,50260845,2.7011285259483904,True,True,0.0,15982,2,2,False,2,0,0,1.0,0.7494079287913625,0.7494079287913625,8,6,False,False,False
120,0.9,9.0,1.8,3.0,1.0,50260845,2.7011285259483904,True,True,0.0,15982,2,2,False,2,0,0,1.0,0.7494079287913625,0.7494079287913625,8,6,False,False,False
120,1.0,10.0,2.0,3.0,1.0,50260845,2.7011285259483904,True,True,0.0,15982,2,2,False,2,0,0,1.0,0.7494079287913625,0.7494079287913625,8,6,False,False,False
120,1.1,11.0,2.2,3.0,1.0,50260845,2.7011285259483904,True,True,0.0,15982,2,2,False,2,0,0,1.0,0.7494079287913625,0.7494079287913625,8,6,False,False,False
120,1.2,12.0,2.4,3.0,1.0,50260845,2.7011285259483904,True,True,0.0,15982,2,2,False,2,0,0,1.0,0.7494079287913625,0.7494079287913625,8,6,False,False,False
121,0.8,8.0,1.6,3.0,1.0,50260846,4.537256394594693,True,True,0.0,15999,8,8,False,8,0,0,1.0,0.7301271090391502,0.7301271090391502,8,6,False,False,False
121,0.9,9.0,1.8,3.0,1.0,50260846,4.537256394594693,True,True,0.0,15999,8,8,False,8,0,0,1.0,0.7301271090391502,0.7301271090391502,8,6,False,False,False
121,1.0,10.0,2.0,3.0,1.0,50260846,4.537256394594693,True,True,0.0,15999,8,8,False,8,0,0,1.0,0.7301271090391502,0.7301271090391502,8,6,False,False,False
121,1.1,11.0,2.2,3.0,1.0,50260846,4.537256394594693,True,True,0.0,15999,8,8,False,8,0,0,1.0,0.7301271090391502,0.7301271090391502,8,6,False,False,False
121,1.2,12.0,2.4,3.0,1.0,50260846,4.537256394594693,True,True,0.0,15999,8,8,False,8,0,0,1.0,0.7301271090391502,0.7301271090391502,8,6,False,False,False
122,0.8,8.0,1.6,3.0,1.0,50260847,4.077884432285366,True,True,0.0,15746,1,1,False,1,0,0,1.0,0.8049005268683977,0.8049005268683977,8,7,False,False,False
122,0.9,9.0,1.8,3.0,1.0,50260847,4.077884432285366,True,True,0.0,15746,1,1,False,1,0,0,1.0,0.8049005268683977,0.8049005268683977,8,7,False,False,False
122,1.0,10.0,2.0,3.0,1.0,50260847,4.077884432285366,True,True,0.0,15746,1,1,False,1,0,0,1.0,0.8049005268683977,0.8049005268683977,8,7,False,False,False
122,1.1,11.0,2.2,3.0,1.0,50260847,4.077884432285366,True,True,0.0,15746,1,1,False,1,0,0,1.0,0.8049005268683977,0.8049005268683977,8,7,False,False,False
122,1.2,12.0,2.4,3.0,1.0,50260847,4.077884432285366,True,True,0.0,15746,1,1,False,1,0,0,1.0,0.8049005268683977,0.8049005268683977,8,7,False,False,False
123,0.8,8.0,1.6,3.0,1.0,50260848,4.845371524129738,True,True,0.0,15751,5,5,False,5,0,0,1.0,0.738145841181436,0.738145841181436,8,6,False,False,False
123,0.9,9.0,1.8,3.0,1.0,50260848,4.845371524129738,True,True,0.0,15751,5,5,False,5,0,0,1.0,0.738145841181436,0.738145841181436,8,6,False,False,False
123,1.0,10.0,2.0,3.0,1.0,50260848,4.845371524129738,True,True,0.0,15751,5,5,False,5,0,0,1.0,0.738145841181436,0.738145841181436,8,6,False,False,False
123,1.1,11.0,2.2,3.0,1.0,50260848,4.845371524129738,True,True,0.0,15751,5,5,False,5,0,0,1.0,0.738145841181436,0.738145841181436,8,6,False,False,False
123,1.2,12.0,2.4,3.0,1.0,50260848,4.845371524129738,True,True,0.0,15751,5,5,False,5,0,0,1.0,0.738145841181436,0.738145841181436,8,6,False,False,False
124,0.8,8.0,1.6,3.0,1.0,50260849,1.453723778880832,True,True,0.0,16016,17,13,True,0,0,0,1.0,0.7673664480749448,0.7673664480749448,8,8,True,True,True
124,0.9,9.0,1.8,3.0,1.0,50260849,1.453723778880832,True,True,0.0,16016,17,13,True,0,0,0,1.0,0.7673664480749448,0.7673664480749448,8,8,True,True,True
124,1.0,10.0,2.0,3.0,1.0,50260849,1.453723778880832,True,True,0.0,16016,17,13,True,0,0,0,1.0,0.7673664480749448,0.7673664480749448,8,8,True,True,True
124,1.1,11.0,2.2,3.0,1.0,50260849,1.453723778880832,True,True,0.0,16016,17,13,True,0,0,0,1.0,0.7673664480749448,0.7673664480749448,8,8,True,True,True
124,1.2,12.0,2.4,3.0,1.0,50260849,1.453723778880832,True,True,0.0,16016,17,13,True,0,0,0,1.0,0.7673664480749448,0.7673664480749448,8,8,True,True,True
125,0.8,8.0,1.6,3.0,1.0,50260850,3.011958819550846,True,True,0.0,15705,5,5,False,5,0,0,1.0,0.7801929479135907,0.7801929479135907,8,6,False,False,False
125,0.9,9.0,1.8,3.0,1.0,50260850,3.011958819550846,True,True,0.0,15705,5,5,False,5,0,0,1.0,0.7801929479135907,0.7801929479135907,8,6,False,False,False
125,1.0,10.0,2.0,3.0,1.0,50260850,3.011958819550846,True,True,0.0,15705,5,5,False,5,0,0,1.0,0.7801929479135907,0.7801929479135907,8,6,False,False,False
125,1.1,11.0,2.2,3.0,1.0,50260850,3.011958819550846,True,True,0.0,15705,5,5,False,5,0,0,1.0,0.7801929479135907,0.7801929479135907,8,6,False,False,False
125,1.2,12.0,2.4,3.0,1.0,50260850,3.011958819550846,True,True,0.0,15705,5,5,False,5,0,0,1.0,0.7801929479135907,0.7801929479135907,8,6,False,False,False
126,0.8,8.0,1.6,3.0,1.0,50260851,2.750671939588394,True,True,0.0,15966,13,13,False,13,0,0,1.0,0.7293039588049937,0.7293039588049937,8,6,False,False,False
126,0.9,9.0,1.8,3.0,1.0,50260851,2.750671939588394,True,True,0.0,15966,13,13,False,13,0,0,1.0,0.7293039588049937,0.7293039588049937,8,6,False,False,False
126,1.0,10.0,2.0,3.0,1.0,50260851,2.750671939588394,True,True,0.0,15966,13,13,False,13,0,0,1.0,0.7293039588049937,0.7293039588049937,8,6,False,False,False
126,1.1,11.0,2.2,3.0,1.0,50260851,2.750671939588394,True,True,0.0,15966,13,13,False,13,0,0,1.0,0.7293039588049937,0.7293039588049937,8,6,False,False,False
126,1.2,12.0,2.4,3.0,1.0,50260851,2.750671939588394,True,True,0.0,15966,13,13,False,13,0,0,1.0,0.7293039588049937,0.7293039588049937,8,6,False,False,False
127,0.8,8.0,1.6,3.0,1.0,50260852,1.6864604852644003,True,True,0.0,15698,1,1,False,1,0,0,1.0,0.767259380216941,0.767259380216941,8,6,False,False,False
127,0.9,9.0,1.8,3.0,1.0,50260852,1.6864604852644003,True,True,0.0,15698,1,1,False,1,0,0,1.0,0.767259380216941,0.767259380216941,8,6,False,False,False
127,1.0,10.0,2.0,3.0,1.0,50260852,1.6864604852644003,True,True,0.0,15698,1,1,False,1,0,0,1.0,0.767259380216941,0.767259380216941,8,6,False,False,False
127,1.1,11.0,2.2,3.0,1.0,50260852,1.6864604852644003,True,True,0.0,15698,1,1,False,1,0,0,1.0,0.767259380216941,0.767259380216941,8,6,False,False,False
127,1.2,12.0,2.4,3.0,1.0,50260852,1.6864604852644003,True,True,0.0,15698,1,1,False,1,0,0,1.0,0.767259380216941,0.767259380216941,8,6,False,False,False
128,0.8,8.0,1.6,3.0,1.0,50260853,0.45379305290762445,True,True,0.0,15986,12,12,False,12,0,0,1.0,0.7189584165547109,0.7189584165547109,8,5,False,False,False
128,0.9,9.0,1.8,3.0,1.0,50260853,0.45379305290762445,True,True,0.0,15986,12,12,False,12,0,0,1.0,0.7189584165547109,0.7189584165547109,8,5,False,False,False
128,1.0,10.0,2.0,3.0,1.0,50260853,0.45379305290762445,True,True,0.0,15986,12,12,False,12,0,0,1.0,0.7189584165547109,0.7189584165547109,8,5,False,False,False
128,1.1,11.0,2.2,3.0,1.0,50260853,0.45379305290762445,True,True,0.0,15986,12,12,False,12,0,0,1.0,0.7189584165547109,0.7189584165547109,8,5,False,False,False
128,1.2,12.0,2.4,3.0,1.0,50260853,0.45379305290762445,True,True,0.0,15986,12,12,False,12,0,0,1.0,0.7189584165547109,0.7189584165547109,8,5,False,False,False
129,0.8,8.0,1.6,3.0,1.0,50260854,4.670957663193119,True,True,0.0,15953,3,3,False,3,0,0,1.0,0.7232383698265419,0.7232383698265419,8,6,False,False,False
129,0.9,9.0,1.8,3.0,1.0,50260854,4.670957663193119,True,True,0.0,15953,3,3,False,3,0,0,1.0,0.7232383698265419,0.7232383698265419,8,6,False,False,False
129,1.0,10.0,2.0,3.0,1.0,50260854,4.670957663193119,True,True,0.0,15953,3,3,False,3,0,0,1.0,0.7232383698265419,0.7232383698265419,8,6,False,False,False
129,1.1,11.0,2.2,3.0,1.0,50260854,4.670957663193119,True,True,0.0,15953,3,3,False,3,0,0,1.0,0.7232383698265419,0.7232383698265419,8,6,False,False,False
129,1.2,12.0,2.4,3.0,1.0,50260854,4.670957663193119,True,True,0.0,15953,3,3,False,3,0,0,1.0,0.7232383698265419,0.7232383698265419,8,6,False,False,False
130,0.8,8.0,1.6,3.0,1.0,50260855,4.816451078650954,True,True,0.0,15835,1,1,False,1,0,0,1.0,0.7615664905998377,0.7615664905998377,8,6,False,False,False
130,0.9,9.0,1.8,3.0,1.0,50260855,4.816451078650954,True,True,0.0,15835,1,1,False,1,0,0,1.0,0.7615664905998377,0.7615664905998377,8,6,False,False,False
130,1.0,10.0,2.0,3.0,1.0,50260855,4.816451078650954,True,True,0.0,15835,1,1,False,1,0,0,1.0,0.7615664905998377,0.7615664905998377,8,6,False,False,False
130,1.1,11.0,2.2,3.0,1.0,50260855,4.816451078650954,True,True,0.0,15835,1,1,False,1,0,0,1.0,0.7615664905998377,0.7615664905998377,8,6,False,False,False
130,1.2,12.0,2.4,3.0,1.0,50260855,4.816451078650954,True,True,0.0,15835,1,1,False,1,0,0,1.0,0.7615664905998377,0.7615664905998377,8,6,False,False,False
131,0.8,8.0,1.6,3.0,1.0,50260856,1.2768916681148672,True,True,0.0,16203,1,1,False,1,0,0,1.0,0.673662348986001,0.673662348986001,8,5,False,False,False
131,0.9,9.0,1.8,3.0,1.0,50260856,1.2768916681148672,True,True,0.0,16203,1,1,False,1,0,0,1.0,0.673662348986001,0.673662348986001,8,5,False,False,False
131,1.0,10.0,2.0,3.0,1.0,50260856,1.2768916681148672,True,True,0.0,16203,1,1,False,1,0,0,1.0,0.673662348986001,0.673662348986001,8,5,False,False,False
131,1.1,11.0,2.2,3.0,1.0,50260856,1.2768916681148672,True,True,0.0,16203,1,1,False,1,0,0,1.0,0.673662348986001,0.673662348986001,8,5,False,False,False
131,1.2,12.0,2.4,3.0,1.0,50260856,1.2768916681148672,True,True,0.0,16203,1,1,False,1,0,0,1.0,0.673662348986001,0.673662348986001,8,5,False,False,False
132,0.8,8.0,1.6,3.0,1.0,50260857,6.028517285456316,True,True,0.0,16107,1,1,False,1,0,0,1.0,0.7407051216837018,0.7407051216837018,8,6,False,False,False
132,0.9,9.0,1.8,3.0,1.0,50260857,6.028517285456316,True,True,0.0,16107,1,1,False,1,0,0,1.0,0.7407051216837018,0.7407051216837018,8,6,False,False,False
132,1.0,10.0,2.0,3.0,1.0,50260857,6.028517285456316,True,True,0.0,16107,1,1,False,1,0,0,1.0,0.7407051216837018,0.7407051216837018,8,6,False,False,False
132,1.1,11.0,2.2,3.0,1.0,50260857,6.028517285456316,True,True,0.0,16107,1,1,False,1,0,0,1.0,0.7407051216837018,0.7407051216837018,8,6,False,False,False
132,1.2,12.0,2.4,3.0,1.0,50260857,6.028517285456316,True,True,0.0,16107,1,1,False,1,0,0,1.0,0.7407051216837018,0.7407051216837018,8,6,False,False,False
133,0.8,8.0,1.6,3.0,1.0,50260858,1.2088385430520314,True,True,0.0,15737,11,11,False,11,0,0,1.0,0.7759863196826089,0.7759863196826089,8,6,False,False,False
133,0.9,9.0,1.8,3.0,1.0,50260858,1.2088385430520314,True,True,0.0,15737,11,11,False,11,0,0,1.0,0.7759863196826089,0.7759863196826089,8,6,False,False,False
133,1.0,10.0,2.0,3.0,1.0,50260858,1.2088385430520314,True,True,0.0,15737,11,11,False,11,0,0,1.0,0.7759863196826089,0.7759863196826089,8,6,False,False,False
133,1.1,11.0,2.2,3.0,1.0,50260858,1.2088385430520314,True,True,0.0,15737,11,11,False,11,0,0,1.0,0.7759863196826089,0.7759863196826089,8,6,False,False,False
133,1.2,12.0,2.4,3.0,1.0,50260858,1.2088385430520314,True,True,0.0,15737,11,11,False,11,0,0,1.0,0.7759863196826089,0.7759863196826089,8,6,False,False,False
134,0.8,8.0,1.6,3.0,1.0,50260859,4.802757413966173,True,True,0.0,16178,8,8,False,8,1,46,0.9404350239071038,0.8588301411717343,0.8078746337818055,8,7,True,True,False
134,0.9,9.0,1.8,3.0,1.0,50260859,4.802757413966173,True,True,0.0,16178,8,8,False,8,1,46,0.9404350239071038,0.8588301411717343,0.8078746337818055,8,7,True,True,False
134,1.0,10.0,2.0,3.0,1.0,50260859,4.802757413966173,True,True,0.0,16178,8,8,False,8,1,46,0.9404350239071038,0.8588301411717343,0.8078746337818055,8,7,True,True,False
134,1.1,11.0,2.2,3.0,1.0,50260859,4.802757413966173,True,True,0.0,16178,8,8,False,8,1,46,0.9404350239071038,0.8588301411717343,0.8078746337818055,8,7,True,True,False
134,1.2,12.0,2.4,3.0,1.0,50260859,4.802757413966173,True,True,0.0,16178,8,8,False,8,0,0,1.0,0.740977369086124,0.740977369086124,8,6,False,False,False
135,0.8,8.0,1.6,3.0,1.0,50260860,1.7810735464723118,True,True,0.0,15998,7,7,False,7,0,0,1.0,0.7149976302507227,0.7149976302507227,8,5,False,False,False
135,0.9,9.0,1.8,3.0,1.0,50260860,1.7810735464723118,True,True,0.0,15998,7,7,False,7,0,0,1.0,0.7149976302507227,0.7149976302507227,8,5,False,False,False
135,1.0,10.0,2.0,3.0,1.0,50260860,1.7810735464723118,True,True,0.0,15998,7,7,False,7,0,0,1.0,0.7149976302507227,0.7149976302507227,8,5,False,False,False
135,1.1,11.0,2.2,3.0,1.0,50260860,1.7810735464723118,True,True,0.0,15998,7,7,False,7,0,0,1.0,0.7149976302507227,0.7149976302507227,8,5,False,False,False
135,1.2,12.0,2.4,3.0,1.0,50260860,1.7810735464723118,True,True,0.0,15998,7,7,False,7,0,0,1.0,0.7149976302507227,0.7149976302507227,8,5,False,False,False
136,0.8,8.0,1.6,3.0,1.0,50260861,2.430287281902883,True,True,0.0,15688,18,18,False,18,1,26,0.9832436816939891,0.8710321624273206,0.8542758441213096,8,8,True,True,True
136,0.9,9.0,1.8,3.0,1.0,50260861,2.430287281902883,True,True,0.0,15688,18,18,False,18,1,26,0.9832436816939891,0.8710321624273206,0.8542758441213096,8,8,True,True,True
136,1.0,10.0,2.0,3.0,1.0,50260861,2.430287281902883,True,True,0.0,15688,18,18,False,18,1,26,0.9832436816939891,0.8710321624273206,0.8542758441213096,8,8,True,True,True
136,1.1,11.0,2.2,3.0,1.0,50260861,2.430287281902883,True,True,0.0,15688,18,18,False,18,1,26,0.9832436816939891,0.8710321624273206,0.8542758441213096,8,8,True,True,True
136,1.2,12.0,2.4,3.0,1.0,50260861,2.430287281902883,True,True,0.0,15688,18,18,False,18,1,26,0.9832436816939891,0.8710321624273206,0.8542758441213096,8,8,True,True,True
137,0.8,8.0,1.6,3.0,1.0,50260862,2.4157091252277976,True,True,0.0,15740,5,5,False,5,0,0,1.0,0.786358289317066,0.786358289317066,8,6,False,False,False
137,0.9,9.0,1.8,3.0,1.0,50260862,2.4157091252277976,True,True,0.0,15740,5,5,False,5,0,0,1.0,0.786358289317066,0.786358289317066,8,6,False,False,False
137,1.0,10.0,2.0,3.0,1.0,50260862,2.4157091252277976,True,True,0.0,15740,5,5,False,5,0,0,1.0,0.786358289317066,0.786358289317066,8,6,False,False,False
137,1.1,11.0,2.2,3.0,1.0,50260862,2.4157091252277976,True,True,0.0,15740,5,5,False,5,0,0,1.0,0.786358289317066,0.786358289317066,8,6,False,False,False
137,1.2,12.0,2.4,3.0,1.0,50260862,2.4157091252277976,True,True,0.0,15740,5,5,False,5,0,0,1.0,0.786358289317066,0.786358289317066,8,6,False,False,False
138,0.8,8.0,1.6,3.0,1.0,50260863,5.1661046226046174,True,True,0.0,16141,10,10,False,10,1,19,0.9803513490437159,0.8749456562082585,0.85693417697135,8,8,True,True,True
138,0.9,9.0,1.8,3.0,1.0,50260863,5.1661046226046174,True,True,0.0,16141,10,10,False,10,1,19,0.9803513490437159,0.8749456562082585,0.85693417697135,8,8,True,True,True
138,1.0,10.0,2.0,3.0,1.0,50260863,5.1661046226046174,True,True,0.0,16141,10,10,False,10,1,19,0.9803513490437159,0.8749456562082585,0.85693417697135,8,8,True,True,True
138,1.1,11.0,2.2,3.0,1.0,50260863,5.1661046226046174,True,True,0.0,16141,10,10,False,10,1,19,0.9803513490437159,0.8749456562082585,0.85693417697135,8,8,True,True,True
138,1.2,12.0,2.4,3.0,1.0,50260863,5.1661046226046174,True,True,0.0,16141,10,10,False,10,1,19,0.9803513490437159,0.8749456562082585,0.85693417697135,8,8,True,True,True
139,0.8,8.0,1.6,3.0,1.0,50260864,0.3071953479656722,True,True,0.0,15580,18,18,False,18,1,51,0.9565131858292719,0.8473707357661853,0.8069479660528607,8,7,True,True,False
139,0.9,9.0,1.8,3.0,1.0,50260864,0.3071953479656722,True,True,0.0,15580,18,18,False,18,1,51,0.9565131858292719,0.8473707357661853,0.8069479660528607,8,7,True,True,False
139,1.0,10.0,2.0,3.0,1.0,50260864,0.3071953479656722,True,True,0.0,15580,18,18,False,18,1,51,0.9565131858292719,0.8473707357661853,0.8069479660528607,8,7,True,True,False
139,1.1,11.0,2.2,3.0,1.0,50260864,0.3071953479656722,True,True,0.0,15580,18,18,False,18,0,0,0.9966216216216216,0.7276403358633716,0.724439766873329,8,6,False,False,False
139,1.2,12.0,2.4,3.0,1.0,50260864,0.3071953479656722,True,True,0.0,15580,18,18,False,18,0,0,0.9966216216216216,0.7276403358633716,0.724439766873329,8,6,False,False,False
140,0.8,8.0,1.6,3.0,1.0,50260865,0.5851919554139816,True,True,0.0,16667,1,1,False,1,0,0,1.0,0.7417589755845794,0.7417589755845794,8,6,False,False,False
140,0.9,9.0,1.8,3.0,1.0,50260865,0.5851919554139816,True,True,0.0,16667,1,1,False,1,0,0,1.0,0.7417589755845794,0.7417589755845794,8,6,False,False,False
140,1.0,10.0,2.0,3.0,1.0,50260865,0.5851919554139816,True,True,0.0,16667,1,1,False,1,0,0,1.0,0.7417589755845794,0.7417589755845794,8,6,False,False,False
140,1.1,11.0,2.2,3.0,1.0,50260865,0.5851919554139816,True,True,0.0,16667,1,1,False,1,0,0,1.0,0.7417589755845794,0.7417589755845794,8,6,False,False,False
140,1.2,12.0,2.4,3.0,1.0,50260865,0.5851919554139816,True,True,0.0,16667,1,1,False,1,0,0,1.0,0.7417589755845794,0.7417589755845794,8,6,False,False,False
141,0.8,8.0,1.6,3.0,1.0,50260866,1.3934514901988686,True,True,0.0,15937,2,2,False,2,0,0,1.0,0.7435751900191556,0.7435751900191556,8,6,False,False,False
141,0.9,9.0,1.8,3.0,1.0,50260866,1.3934514901988686,True,True,0.0,15937,2,2,False,2,0,0,1.0,0.7435751900191556,0.7435751900191556,8,6,False,False,False
141,1.0,10.0,2.0,3.0,1.0,50260866,1.3934514901988686,True,True,0.0,15937,2,2,False,2,0,0,1.0,0.7435751900191556,0.7435751900191556,8,6,False,False,False
141,1.1,11.0,2.2,3.0,1.0,50260866,1.3934514901988686,True,True,0.0,15937,2,2,False,2,0,0,1.0,0.7435751900191556,0.7435751900191556,8,6,False,False,False
141,1.2,12.0,2.4,3.0,1.0,50260866,1.3934514901988686,True,True,0.0,15937,2,2,False,2,0,0,1.0,0.7435751900191556,0.7435751900191556,8,6,False,False,False
142,0.8,8.0,1.6,3.0,1.0,50260867,3.874388295356129,True,True,0.0,15289,1,1,False,1,0,0,0.9953195382882882,0.6871616143535669,0.6837413657719895,8,5,False,False,False
142,0.9,9.0,1.8,3.0,1.0,50260867,3.874388295356129,True,True,0.0,15289,1,1,False,1,0,0,0.9953195382882882,0.6871616143535669,0.6837413657719895,8,5,False,False,False
142,1.0,10.0,2.0,3.0,1.0,50260867,3.874388295356129,True,True,0.0,15289,1,1,False,1,0,0,0.9953195382882882,0.6871616143535669,0.6837413657719895,8,5,False,False,False
142,1.1,11.0,2.2,3.0,1.0,50260867,3.874388295356129,True,True,0.0,15289,1,1,False,1,0,0,0.9953195382882882,0.6871616143535669,0.6837413657719895,8,5,False,False,False
142,1.2,12.0,2.4,3.0,1.0,50260867,3.874388295356129,True,True,0.0,15289,1,1,False,1,0,0,0.9953195382882882,0.6871616143535669,0.6837413657719895,8,5,False,False,False
143,0.8,8.0,1.6,3.0,1.0,50260868,3.710283625979404,True,True,0.0,15834,13,13,False,13,1,37,0.9786863900273224,0.8638779137447492,0.8441377343732563,8,8,True,True,True
143,0.9,9.0,1.8,3.0,1.0,50260868,3.710283625979404,True,True,0.0,15834,13,13,False,13,1,37,0.9786863900273224,0.8638779137447492,0.8441377343732563,8,8,True,True,True
143,1.0,10.0,2.0,3.0,1.0,50260868,3.710283625979404,True,True,0.0,15834,13,13,False,13,1,37,0.9786863900273224,0.8638779137447492,0.8441377343732563,8,8,True,True,True
143,1.1,11.0,2.2,3.0,1.0,50260868,3.710283625979404,True,True,0.0,15834,13,13,False,13,1,37,0.9786863900273224,0.8638779137447492,0.8441377343732563,8,8,True,True,True
143,1.2,12.0,2.4,3.0,1.0,50260868,3.710283625979404,True,True,0.0,15834,13,13,False,13,0,0,1.0,0.7425768421608117,0.7425768421608117,8,6,False,False,False
144,0.8,8.0,1.6,3.0,1.0,50260869,5.655283884759312,True,True,0.0,15959,5,5,False,5,1,48,0.9846738387978142,0.811569416321774,0.7973416155044852,8,8,True,True,True
144,0.9,9.0,1.8,3.0,1.0,50260869,5.655283884759312,True,True,0.0,15959,5,5,False,5,1,48,0.9846738387978142,0.811569416321774,0.7973416155044852,8,8,True,True,True
144,1.0,10.0,2.0,3.0,1.0,50260869,5.655283884759312,True,True,0.0,15959,5,5,False,5,1,48,0.9846738387978142,0.811569416321774,0.7973416155044852,8,8,True,True,True
144,1.1,11.0,2.2,3.0,1.0,50260869,5.655283884759312,True,True,0.0,15959,5,5,False,5,1,48,0.9846738387978142,0.811569416321774,0.7973416155044852,8,8,True,True,True
144,1.2,12.0,2.4,3.0,1.0,50260869,5.655283884759312,True,True,0.0,15959,5,5,False,5,1,48,0.9846738387978142,0.811569416321774,0.7973416155044852,8,8,True,True,True
145,0.8,8.0,1.6,3.0,1.0,50260870,4.910847799524339,True,True,0.0,15871,1,1,False,1,0,0,1.0,0.7486523823606295,0.7486523823606295,8,6,False,False,False
145,0.9,9.0,1.8,3.0,1.0,50260870,4.910847799524339,True,True,0.0,15871,1,1,False,1,0,0,1.0,0.7486523823606295,0.7486523823606295,8,6,False,False,False
145,1.0,10.0,2.0,3.0,1.0,50260870,4.910847799524339,True,True,0.0,15871,1,1,False,1,0,0,1.0,0.7486523823606295,0.7486523823606295,8,6,False,False,False
145,1.1,11.0,2.2,3.0,1.0,50260870,4.910847799524339,True,True,0.0,15871,1,1,False,1,0,0,1.0,0.7486523823606295,0.7486523823606295,8,6,False,False,False
145,1.2,12.0,2.4,3.0,1.0,50260870,4.910847799524339,True,True,0.0,15871,1,1,False,1,0,0,1.0,0.7486523823606295,0.7486523823606295,8,6,False,False,False
146,0.8,8.0,1.6,3.0,1.0,50260871,1.995420697472911,True,True,0.0,15611,8,8,False,8,0,0,0.9953195382882882,0.7343044715261945,0.731412749798569,8,6,False,False,False
146,0.9,9.0,1.8,3.0,1.0,50260871,1.995420697472911,True,True,0.0,15611,8,8,False,8,0,0,0.9953195382882882,0.7343044715261945,0.731412749798569,8,6,False,False,False
146,1.0,10.0,2.0,3.0,1.0,50260871,1.995420697472911,True,True,0.0,15611,8,8,False,8,0,0,0.9953195382882882,0.7343044715261945,0.731412749798569,8,6,False,False,False
146,1.1,11.0,2.2,3.0,1.0,50260871,1.995420697472911,True,True,0.0,15611,8,8,False,8,0,0,0.9953195382882882,0.7343044715261945,0.731412749798569,8,6,False,False,False
146,1.2,12.0,2.4,3.0,1.0,50260871,1.995420697472911,True,True,0.0,15611,8,8,False,8,0,0,0.9953195382882882,0.7343044715261945,0.731412749798569,8,6,False,False,False
147,0.8,8.0,1.6,3.0,1.0,50260872,1.676906743766534,True,True,0.0,15657,2,2,False,2,0,0,0.9966216216216216,0.7629870532929512,0.7602431508539268,8,6,False,False,False
147,0.9,9.0,1.8,3.0,1.0,50260872,1.676906743766534,True,True,0.0,15657,2,2,False,2,0,0,0.9966216216216216,0.7629870532929512,0.7602431508539268,8,6,False,False,False
147,1.0,10.0,2.0,3.0,1.0,50260872,1.676906743766534,True,True,0.0,15657,2,2,False,2,0,0,0.9966216216216216,0.7629870532929512,0.7602431508539268,8,6,False,False,False
147,1.1,11.0,2.2,3.0,1.0,50260872,1.676906743766534,True,True,0.0,15657,2,2,False,2,0,0,0.9966216216216216,0.7629870532929512,0.7602431508539268,8,6,False,False,False
147,1.2,12.0,2.4,3.0,1.0,50260872,1.676906743766534,True,True,0.0,15657,2,2,False,2,0,0,0.9966216216216216,0.7629870532929512,0.7602431508539268,8,6,False,False,False
148,0.8,8.0,1.6,3.0,1.0,50260873,1.0528132805267483,True,True,0.0,15918,1,1,False,1,1,65,0.9833077185792349,0.8783472856336141,0.8647361914757064,8,8,True,True,True
148,0.9,9.0,1.8,3.0,1.0,50260873,1.0528132805267483,True,True,0.0,15918,1,1,False,1,1,65,0.9833077185792349,0.8783472856336141,0.8647361914757064,8,8,True,True,True
148,1.0,10.0,2.0,3.0,1.0,50260873,1.0528132805267483,True,True,0.0,15918,1,1,False,1,1,65,0.9833077185792349,0.8783472856336141,0.8647361914757064,8,8,True,True,True
148,1.1,11.0,2.2,3.0,1.0,50260873,1.0528132805267483,True,True,0.0,15918,1,1,False,1,1,65,0.9833077185792349,0.8783472856336141,0.8647361914757064,8,8,True,True,True
148,1.2,12.0,2.4,3.0,1.0,50260873,1.0528132805267483,True,True,0.0,15918,1,1,False,1,1,65,0.9833077185792349,0.8783472856336141,0.8647361914757064,8,8,True,True,True
149,0.8,8.0,1.6,3.0,1.0,50260874,4.319791150221362,True,True,0.0,15760,10,10,False,10,0,0,1.0,0.7583707152155444,0.7583707152155444,8,6,False,False,False
149,0.9,9.0,1.8,3.0,1.0,50260874,4.319791150221362,True,True,0.0,15760,10,10,False,10,0,0,1.0,0.7583707152155444,0.7583707152155444,8,6,False,False,False
149,1.0,10.0,2.0,3.0,1.0,50260874,4.319791150221362,True,True,0.0,15760,10,10,False,10,0,0,1.0,0.7583707152155444,0.7583707152155444,8,6,False,False,False
149,1.1,11.0,2.2,3.0,1.0,50260874,4.319791150221362,True,True,0.0,15760,10,10,False,10,0,0,1.0,0.7583707152155444,0.7583707152155444,8,6,False,False,False
149,1.2,12.0,2.4,3.0,1.0,50260874,4.319791150221362,True,True,0.0,15760,10,10,False,10,0,0,1.0,0.7583707152155444,0.7583707152155444,8,6,False,False,False
150,0.8,8.0,1.6,3.0,1.0,50260875,3.2717472785524593,True,True,0.0,15901,2,2,False,2,0,0,1.0,0.7528032158588426,0.7528032158588426,8,6,False,False,False
150,0.9,9.0,1.8,3.0,1.0,50260875,3.2717472785524593,True,True,0.0,15901,2,2,False,2,0,0,1.0,0.7528032158588426,0.7528032158588426,8,6,False,False,False
150,1.0,10.0,2.0,3.0,1.0,50260875,3.2717472785524593,True,True,0.0,15901,2,2,False,2,0,0,1.0,0.7528032158588426,0.7528032158588426,8,6,False,False,False
150,1.1,11.0,2.2,3.0,1.0,50260875,3.2717472785524593,True,True,0.0,15901,2,2,False,2,0,0,1.0,0.7528032158588426,0.7528032158588426,8,6,False,False,False
150,1.2,12.0,2.4,3.0,1.0,50260875,3.2717472785524593,True,True,0.0,15901,2,2,False,2,0,0,1.0,0.7528032158588426,0.7528032158588426,8,6,False,False,False
151,0.8,8.0,1.6,3.0,1.0,50260876,2.0524573053727653,True,True,0.0,16120,1,1,False,1,0,0,1.0,0.7583069328698695,0.7583069328698695,8,6,False,False,False
151,0.9,9.0,1.8,3.0,1.0,50260876,2.0524573053727653,True,True,0.0,16120,1,1,False,1,0,0,1.0,0.7583069328698695,0.7583069328698695,8,6,False,False,False
151,1.0,10.0,2.0,3.0,1.0,50260876,2.0524573053727653,True,True,0.0,16120,1,1,False,1,0,0,1.0,0.7583069328698695,0.7583069328698695,8,6,False,False,False
151,1.1,11.0,2.2,3.0,1.0,50260876,2.0524573053727653,True,True,0.0,16120,1,1,False,1,0,0,1.0,0.7583069328698695,0.7583069328698695,8,6,False,False,False
151,1.2,12.0,2.4,3.0,1.0,50260876,2.0524573053727653,True,True,0.0,16120,1,1,False,1,0,0,1.0,0.7583069328698695,0.7583069328698695,8,6,False,False,False
152,0.8,8.0,1.6,3.0,1.0,50260877,1.7811792503079829,True,True,0.0,16162,3,3,False,3,0,0,1.0,0.7196965670737993,0.7196965670737993,8,6,False,False,False
152,0.9,9.0,1.8,3.0,1.0,50260877,1.7811792503079829,True,True,0.0,16162,3,3,False,3,0,0,1.0,0.7196965670737993,0.7196965670737993,8,6,False,False,False
152,1.0,10.0,2.0,3.0,1.0,50260877,1.7811792503079829,True,True,0.0,16162,3,3,False,3,0,0,1.0,0.7196965670737993,0.7196965670737993,8,6,False,False,False
152,1.1,11.0,2.2,3.0,1.0,50260877,1.7811792503079829,True,True,0.0,16162,3,3,False,3,0,0,1.0,0.7196965670737993,0.7196965670737993,8,6,False,False,False
152,1.2,12.0,2.4,3.0,1.0,50260877,1.7811792503079829,True,True,0.0,16162,3,3,False,3,0,0,1.0,0.7196965670737993,0.7196965670737993,8,6,False,False,False
153,0.8,8.0,1.6,3.0,1.0,50260878,1.5658391860024903,True,True,0.0,15825,2,2,False,2,0,0,1.0,0.73091036144592,0.73091036144592,8,6,False,False,False
153,0.9,9.0,1.8,3.0,1.0,50260878,1.5658391860024903,True,True,0.0,15825,2,2,False,2,0,0,1.0,0.73091036144592,0.73091036144592,8,6,False,False,False
153,1.0,10.0,2.0,3.0,1.0,50260878,1.5658391860024903,True,True,0.0,15825,2,2,False,2,0,0,1.0,0.73091036144592,0.73091036144592,8,6,False,False,False
153,1.1,11.0,2.2,3.0,1.0,50260878,1.5658391860024903,True,True,0.0,15825,2,2,False,2,0,0,1.0,0.73091036144592,0.73091036144592,8,6,False,False,False
153,1.2,12.0,2.4,3.0,1.0,50260878,1.5658391860024903,True,True,0.0,15825,2,2,False,2,0,0,1.0,0.73091036144592,0.73091036144592,8,6,False,False,False
154,0.8,8.0,1.6,3.0,1.0,50260879,6.230001387566834,True,True,0.0,16071,5,5,False,5,1,35,0.9787824453551912,0.8287004906449418,0.8114502855638096,8,8,True,True,True
154,0.9,9.0,1.8,3.0,1.0,50260879,6.230001387566834,True,True,0.0,16071,5,5,False,5,1,35,0.9787824453551912,0.8287004906449418,0.8114502855638096,8,8,True,True,True
154,1.0,10.0,2.0,3.0,1.0,50260879,6.230001387566834,True,True,0.0,16071,5,5,False,5,1,35,0.9787824453551912,0.8287004906449418,0.8114502855638096,8,8,True,True,True
154,1.1,11.0,2.2,3.0,1.0,50260879,6.230001387566834,True,True,0.0,16071,5,5,False,5,1,35,0.9787824453551912,0.8287004906449418,0.8114502855638096,8,8,True,True,True
154,1.2,12.0,2.4,3.0,1.0,50260879,6.230001387566834,True,True,0.0,16071,5,5,False,5,1,35,0.9787824453551912,0.8287004906449418,0.8114502855638096,8,8,True,True,True
155,0.8,8.0,1.6,3.0,1.0,50260880,4.636502159646031,True,True,0.0,15238,2,2,False,2,0,0,0.9953195382882882,0.7779660624136038,0.7744856586144674,8,6,False,False,False
155,0.9,9.0,1.8,3.0,1.0,50260880,4.636502159646031,True,True,0.0,15238,2,2,False,2,0,0,0.9953195382882882,0.7779660624136038,0.7744856586144674,8,6,False,False,False
155,1.0,10.0,2.0,3.0,1.0,50260880,4.636502159646031,True,True,0.0,15238,2,2,False,2,0,0,0.9953195382882882,0.7779660624136038,0.7744856586144674,8,6,False,False,False
155,1.1,11.0,2.2,3.0,1.0,50260880,4.636502159646031,True,True,0.0,15238,2,2,False,2,0,0,0.9953195382882882,0.7779660624136038,0.7744856586144674,8,6,False,False,False
155,1.2,12.0,2.4,3.0,1.0,50260880,4.636502159646031,True,True,0.0,15238,2,2,False,2,0,0,0.9953195382882882,0.7779660624136038,0.7744856586144674,8,6,False,False,False
156,0.8,8.0,1.6,3.0,1.0,50260881,5.872123652680315,True,True,0.0,16033,2,2,False,2,0,0,1.0,0.7305589698623784,0.7305589698623784,8,6,False,False,False
156,0.9,9.0,1.8,3.0,1.0,50260881,5.872123652680315,True,True,0.0,16033,2,2,False,2,0,0,1.0,0.7305589698623784,0.7305589698623784,8,6,False,False,False
156,1.0,10.0,2.0,3.0,1.0,50260881,5.872123652680315,True,True,0.0,16033,2,2,False,2,0,0,1.0,0.7305589698623784,0.7305589698623784,8,6,False,False,False
156,1.1,11.0,2.2,3.0,1.0,50260881,5.872123652680315,True,True,0.0,16033,2,2,False,2,0,0,1.0,0.7305589698623784,0.7305589698623784,8,6,False,False,False
156,1.2,12.0,2.4,3.0,1.0,50260881,5.872123652680315,True,True,0.0,16033,2,2,False,2,0,0,1.0,0.7305589698623784,0.7305589698623784,8,6,False,False,False
157,0.8,8.0,1.6,3.0,1.0,50260882,3.2914382669487643,True,True,0.0,16092,6,6,False,6,0,0,1.0,0.7193029319514599,0.7193029319514599,8,6,False,False,False
157,0.9,9.0,1.8,3.0,1.0,50260882,3.2914382669487643,True,True,0.0,16092,6,6,False,6,0,0,1.0,0.7193029319514599,0.7193029319514599,8,6,False,False,False
157,1.0,10.0,2.0,3.0,1.0,50260882,3.2914382669487643,True,True,0.0,16092,6,6,False,6,0,0,1.0,0.7193029319514599,0.7193029319514599,8,6,False,False,False
157,1.1,11.0,2.2,3.0,1.0,50260882,3.2914382669487643,True,True,0.0,16092,6,6,False,6,0,0,1.0,0.7193029319514599,0.7193029319514599,8,6,False,False,False
157,1.2,12.0,2.4,3.0,1.0,50260882,3.2914382669487643,True,True,0.0,16092,6,6,False,6,0,0,1.0,0.7193029319514599,0.7193029319514599,8,6,False,False,False
158,0.8,8.0,1.6,3.0,1.0,50260883,2.415852766926992,True,True,0.0,16148,1,1,False,1,0,0,1.0,0.7211229757910864,0.7211229757910864,8,6,False,False,False
158,0.9,9.0,1.8,3.0,1.0,50260883,2.415852766926992,True,True,0.0,16148,1,1,False,1,0,0,1.0,0.7211229757910864,0.7211229757910864,8,6,False,False,False
158,1.0,10.0,2.0,3.0,1.0,50260883,2.415852766926992,True,True,0.0,16148,1,1,False,1,0,0,1.0,0.7211229757910864,0.7211229757910864,8,6,False,False,False
158,1.1,11.0,2.2,3.0,1.0,50260883,2.415852766926992,True,True,0.0,16148,1,1,False,1,0,0,1.0,0.7211229757910864,0.7211229757910864,8,6,False,False,False
158,1.2,12.0,2.4,3.0,1.0,50260883,2.415852766926992,True,True,0.0,16148,1,1,False,1,0,0,1.0,0.7211229757910864,0.7211229757910864,8,6,False,False,False
159,0.8,8.0,1.6,3.0,1.0,50260884,3.4141788759919938,True,True,0.0,15902,13,13,False,13,1,20,0.9826886953551912,0.8865226163814908,0.8703049669425813,8,8,True,True,True
159,0.9,9.0,1.8,3.0,1.0,50260884,3.4141788759919938,True,True,0.0,15902,13,13,False,13,1,20,0.9826886953551912,0.8865226163814908,0.8703049669425813,8,8,True,True,True
159,1.0,10.0,2.0,3.0,1.0,50260884,3.4141788759919938,True,True,0.0,15902,13,13,False,13,1,20,0.9826886953551912,0.8865226163814908,0.8703049669425813,8,8,True,True,True
159,1.1,11.0,2.2,3.0,1.0,50260884,3.4141788759919938,True,True,0.0,15902,13,13,False,13,1,20,0.9826886953551912,0.8865226163814908,0.8703049669425813,8,8,True,True,True
159,1.2,12.0,2.4,3.0,1.0,50260884,3.4141788759919938,True,True,0.0,15902,13,13,False,13,1,20,0.9826886953551912,0.8865226163814908,0.8703049669425813,8,8,True,True,True
160,0.8,8.0,1.6,3.0,1.0,50260885,1.4317544261085913,True,True,0.0,15554,1,1,False,1,0,0,0.9953195382882882,0.770984227016044,0.7675255619599287,8,6,False,False,False
160,0.9,9.0,1.8,3.0,1.0,50260885,1.4317544261085913,True,True,0.0,15554,1,1,False,1,0,0,0.9953195382882882,0.770984227016044,0.7675255619599287,8,6,False,False,False
160,1.0,10.0,2.0,3.0,1.0,50260885,1.4317544261085913,True,True,0.0,15554,1,1,False,1,0,0,0.9953195382882882,0.770984227016044,0.7675255619599287,8,6,False,False,False
160,1.1,11.0,2.2,3.0,1.0,50260885,1.4317544261085913,True,True,0.0,15554,1,1,False,1,0,0,0.9953195382882882,0.770984227016044,0.7675255619599287,8,6,False,False,False
160,1.2,12.0,2.4,3.0,1.0,50260885,1.4317544261085913,True,True,0.0,15554,1,1,False,1,0,0,0.9953195382882882,0.770984227016044,0.7675255619599287,8,6,False,False,False
161,0.8,8.0,1.6,3.0,1.0,50260886,0.8501229110902802,True,True,0.0,16836,5,5,False,5,0,0,1.0,0.7104557452233593,0.7104557452233593,8,6,False,False,False
161,0.9,9.0,1.8,3.0,1.0,50260886,0.8501229110902802,True,True,0.0,16836,5,5,False,5,0,0,1.0,0.7104557452233593,0.7104557452233593,8,6,False,False,False
161,1.0,10.0,2.0,3.0,1.0,50260886,0.8501229110902802,True,True,0.0,16836,5,5,False,5,0,0,1.0,0.7104557452233593,0.7104557452233593,8,6,False,False,False
161,1.1,11.0,2.2,3.0,1.0,50260886,0.8501229110902802,True,True,0.0,16836,5,5,False,5,0,0,1.0,0.7104557452233593,0.7104557452233593,8,6,False,False,False
161,1.2,12.0,2.4,3.0,1.0,50260886,0.8501229110902802,True,True,0.0,16836,5,5,False,5,0,0,1.0,0.7104557452233593,0.7104557452233593,8,6,False,False,False
162,0.8,8.0,1.6,3.0,1.0,50260887,4.086904646805493,True,True,0.0,16403,2,2,False,2,0,0,1.0,0.7773907396511289,0.7773907396511289,8,6,False,False,False
162,0.9,9.0,1.8,3.0,1.0,50260887,4.086904646805493,True,True,0.0,16403,2,2,False,2,0,0,1.0,0.7773907396511289,0.7773907396511289,8,6,False,False,False
162,1.0,10.0,2.0,3.0,1.0,50260887,4.086904646805493,True,True,0.0,16403,2,2,False,2,0,0,1.0,0.7773907396511289,0.7773907396511289,8,6,False,False,False
162,1.1,11.0,2.2,3.0,1.0,50260887,4.086904646805493,True,True,0.0,16403,2,2,False,2,0,0,1.0,0.7773907396511289,0.7773907396511289,8,6,False,False,False
162,1.2,12.0,2.4,3.0,1.0,50260887,4.086904646805493,True,True,0.0,16403,2,2,False,2,0,0,1.0,0.7773907396511289,0.7773907396511289,8,6,False,False,False
163,0.8,8.0,1.6,3.0,1.0,50260888,1.1779033218899755,True,True,0.0,15768,14,14,False,14,0,0,1.0,0.7072260910241903,0.7072260910241903,8,6,False,False,False
163,0.9,9.0,1.8,3.0,1.0,50260888,1.1779033218899755,True,True,0.0,15768,14,14,False,14,0,0,1.0,0.7072260910241903,0.7072260910241903,8,6,False,False,False
163,1.0,10.0,2.0,3.0,1.0,50260888,1.1779033218899755,True,True,0.0,15768,14,14,False,14,0,0,1.0,0.7072260910241903,0.7072260910241903,8,6,False,False,False
163,1.1,11.0,2.2,3.0,1.0,50260888,1.1779033218899755,True,True,0.0,15768,14,14,False,14,0,0,1.0,0.7072260910241903,0.7072260910241903,8,6,False,False,False
163,1.2,12.0,2.4,3.0,1.0,50260888,1.1779033218899755,True,True,0.0,15768,14,14,False,14,0,0,1.0,0.7072260910241903,0.7072260910241903,8,6,False,False,False
164,0.8,8.0,1.6,3.0,1.0,50260889,5.306874709394365,True,True,0.0,15782,5,5,False,5,0,0,1.0,0.6752678953303126,0.6752678953303126,8,5,False,False,False
164,0.9,9.0,1.8,3.0,1.0,50260889,5.306874709394365,True,True,0.0,15782,5,5,False,5,0,0,1.0,0.6752678953303126,0.6752678953303126,8,5,False,False,False
164,1.0,10.0,2.0,3.0,1.0,50260889,5.306874709394365,True,True,0.0,15782,5,5,False,5,0,0,1.0,0.6752678953303126,0.6752678953303126,8,5,False,False,False
164,1.1,11.0,2.2,3.0,1.0,50260889,5.306874709394365,True,True,0.0,15782,5,5,False,5,0,0,1.0,0.6752678953303126,0.6752678953303126,8,5,False,False,False
164,1.2,12.0,2.4,3.0,1.0,50260889,5.306874709394365,True,True,0.0,15782,5,5,False,5,0,0,1.0,0.6752678953303126,0.6752678953303126,8,5,False,False,False
165,0.8,8.0,1.6,3.0,1.0,50260890,4.562823264355285,True,True,0.0,16019,10,10,False,10,0,0,1.0,0.7457079817200266,0.7457079817200266,8,6,False,False,False
165,0.9,9.0,1.8,3.0,1.0,50260890,4.562823264355285,True,True,0.0,16019,10,10,False,10,0,0,1.0,0.7457079817200266,0.7457079817200266,8,6,False,False,False
165,1.0,10.0,2.0,3.0,1.0,50260890,4.562823264355285,True,True,0.0,16019,10,10,False,10,0,0,1.0,0.7457079817200266,0.7457079817200266,8,6,False,False,False
165,1.1,11.0,2.2,3.0,1.0,50260890,4.562823264355285,True,True,0.0,16019,10,10,False,10,0,0,1.0,0.7457079817200266,0.7457079817200266,8,6,False,False,False
165,1.2,12.0,2.4,3.0,1.0,50260890,4.562823264355285,True,True,0.0,16019,10,10,False,10,0,0,1.0,0.7457079817200266,0.7457079817200266,8,6,False,False,False
166,0.8,8.0,1.6,3.0,1.0,50260891,4.788133611685821,True,True,0.0,16200,1,1,False,1,0,0,1.0,0.7187668746986395,0.7187668746986395,8,6,False,False,False
166,0.9,9.0,1.8,3.0,1.0,50260891,4.788133611685821,True,True,0.0,16200,1,1,False,1,0,0,1.0,0.7187668746986395,0.7187668746986395,8,6,False,False,False
166,1.0,10.0,2.0,3.0,1.0,50260891,4.788133611685821,True,True,0.0,16200,1,1,False,1,0,0,1.0,0.7187668746986395,0.7187668746986395,8,6,False,False,False
166,1.1,11.0,2.2,3.0,1.0,50260891,4.788133611685821,True,True,0.0,16200,1,1,False,1,0,0,1.0,0.7187668746986395,0.7187668746986395,8,6,False,False,False
166,1.2,12.0,2.4,3.0,1.0,50260891,4.788133611685821,True,True,0.0,16200,1,1,False,1,0,0,1.0,0.7187668746986395,0.7187668746986395,8,6,False,False,False
167,0.8,8.0,1.6,3.0,1.0,50260892,5.975593791434011,True,True,0.0,15881,6,6,False,6,0,0,1.0,0.7396309992973129,0.7396309992973129,8,6,False,False,False
167,0.9,9.0,1.8,3.0,1.0,50260892,5.975593791434011,True,True,0.0,15881,6,6,False,6,0,0,1.0,0.7396309992973129,0.7396309992973129,8,6,False,False,False
167,1.0,10.0,2.0,3.0,1.0,50260892,5.975593791434011,True,True,0.0,15881,6,6,False,6,0,0,1.0,0.7396309992973129,0.7396309992973129,8,6,False,False,False
167,1.1,11.0,2.2,3.0,1.0,50260892,5.975593791434011,True,True,0.0,15881,6,6,False,6,0,0,1.0,0.7396309992973129,0.7396309992973129,8,6,False,False,False
167,1.2,12.0,2.4,3.0,1.0,50260892,5.975593791434011,True,True,0.0,15881,6,6,False,6,0,0,1.0,0.7396309992973129,0.7396309992973129,8,6,False,False,False
168,0.8,8.0,1.6,3.0,1.0,50260893,1.9360063115332593,True,True,0.0,16220,13,13,False,13,0,0,1.0,0.7324202831073386,0.7324202831073386,8,6,False,False,False
168,0.9,9.0,1.8,3.0,1.0,50260893,1.9360063115332593,True,True,0.0,16220,13,13,False,13,0,0,1.0,0.7324202831073386,0.7324202831073386,8,6,False,False,False
168,1.0,10.0,2.0,3.0,1.0,50260893,1.9360063115332593,True,True,0.0,16220,13,13,False,13,0,0,1.0,0.7324202831073386,0.7324202831073386,8,6,False,False,False
168,1.1,11.0,2.2,3.0,1.0,50260893,1.9360063115332593,True,True,0.0,16220,13,13,False,13,0,0,1.0,0.7324202831073386,0.7324202831073386,8,6,False,False,False
168,1.2,12.0,2.4,3.0,1.0,50260893,1.9360063115332593,True,True,0.0,16220,13,13,False,13,0,0,1.0,0.7324202831073386,0.7324202831073386,8,6,False,False,False
169,0.8,8.0,1.6,3.0,1.0,50260894,3.4784595550775466,True,True,0.0,16095,5,5,False,5,0,0,1.0,0.6762197440102583,0.6762197440102583,8,6,False,False,False
169,0.9,9.0,1.8,3.0,1.0,50260894,3.4784595550775466,True,True,0.0,16095,5,5,False,5,0,0,1.0,0.6762197440102583,0.6762197440102583,8,6,False,False,False
169,1.0,10.0,2.0,3.0,1.0,50260894,3.4784595550775466,True,True,0.0,16095,5,5,False,5,0,0,1.0,0.6762197440102583,0.6762197440102583,8,6,False,False,False
169,1.1,11.0,2.2,3.0,1.0,50260894,3.4784595550775466,True,True,0.0,16095,5,5,False,5,0,0,1.0,0.6762197440102583,0.6762197440102583,8,6,False,False,False
169,1.2,12.0,2.4,3.0,1.0,50260894,3.4784595550775466,True,True,0.0,16095,5,5,False,5,0,0,1.0,0.6762197440102583,0.6762197440102583,8,6,False,False,False
170,0.8,8.0,1.6,3.0,1.0,50260895,3.2284859397226473,True,True,0.0,15834,7,7,False,7,1,52,0.9840868340163934,0.8517451801184119,0.8375934920098955,8,8,True,True,True
170,0.9,9.0,1.8,3.0,1.0,50260895,3.2284859397226473,True,True,0.0,15834,7,7,False,7,1,52,0.9840868340163934,0.8517451801184119,0.8375934920098955,8,8,True,True,True
170,1.0,10.0,2.0,3.0,1.0,50260895,3.2284859397226473,True,True,0.0,15834,7,7,False,7,1,52,0.9840868340163934,0.8517451801184119,0.8375934920098955,8,8,True,True,True
170,1.1,11.0,2.2,3.0,1.0,50260895,3.2284859397226473,True,True,0.0,15834,7,7,False,7,1,52,0.9840868340163934,0.8517451801184119,0.8375934920098955,8,8,True,True,True
170,1.2,12.0,2.4,3.0,1.0,50260895,3.2284859397226473,True,True,0.0,15834,7,7,False,7,1,52,0.9840868340163934,0.8517451801184119,0.8375934920098955,8,8,True,True,True
171,0.8,8.0,1.6,3.0,1.0,50260896,4.841000127477869,True,True,0.0,15836,21,21,False,21,0,0,1.0,0.7556403849198248,0.7556403849198248,8,7,False,False,False
171,0.9,9.0,1.8,3.0,1.0,50260896,4.841000127477869,True,True,0.0,15836,21,21,False,21,0,0,1.0,0.7556403849198248,0.7556403849198248,8,7,False,False,False
171,1.0,10.0,2.0,3.0,1.0,50260896,4.841000127477869,True,True,0.0,15836,21,21,False,21,0,0,1.0,0.7556403849198248,0.7556403849198248,8,7,False,False,False
171,1.1,11.0,2.2,3.0,1.0,50260896,4.841000127477869,True,True,0.0,15836,21,21,False,21,0,0,1.0,0.7556403849198248,0.7556403849198248,8,7,False,False,False
171,1.2,12.0,2.4,3.0,1.0,50260896,4.841000127477869,True,True,0.0,15836,21,21,False,21,0,0,1.0,0.7556403849198248,0.7556403849198248,8,7,False,False,False
172,0.8,8.0,1.6,3.0,1.0,50260897,4.533455067820078,True,True,0.0,15573,13,13,False,13,0,0,0.9953195382882882,0.7312851614761673,0.7279832543195194,8,6,False,False,False
172,0.9,9.0,1.8,3.0,1.0,50260897,4.533455067820078,True,True,0.0,15573,13,13,False,13,0,0,0.9953195382882882,0.7312851614761673,0.7279832543195194,8,6,False,False,False
172,1.0,10.0,2.0,3.0,1.0,50260897,4.533455067820078,True,True,0.0,15573,13,13,False,13,0,0,0.9953195382882882,0.7312851614761673,0.7279832543195194,8,6,False,False,False
172,1.1,11.0,2.2,3.0,1.0,50260897,4.533455067820078,True,True,0.0,15573,13,13,False,13,0,0,0.9953195382882882,0.7312851614761673,0.7279832543195194,8,6,False,False,False
172,1.2,12.0,2.4,3.0,1.0,50260897,4.533455067820078,True,True,0.0,15573,13,13,False,13,0,0,0.9953195382882882,0.7312851614761673,0.7279832543195194,8,6,False,False,False
173,0.8,8.0,1.6,3.0,1.0,50260898,4.918687524989886,True,True,0.0,15807,4,4,False,4,1,27,0.9872780054644809,0.8777786303821575,0.866081669515983,8,8,True,True,True
173,0.9,9.0,1.8,3.0,1.0,50260898,4.918687524989886,True,True,0.0,15807,4,4,False,4,1,27,0.9872780054644809,0.8777786303821575,0.866081669515983,8,8,True,True,True
173,1.0,10.0,2.0,3.0,1.0,50260898,4.918687524989886,True,True,0.0,15807,4,4,False,4,1,27,0.9872780054644809,0.8777786303821575,0.866081669515983,8,8,True,True,True
173,1.1,11.0,2.2,3.0,1.0,50260898,4.918687524989886,True,True,0.0,15807,4,4,False,4,1,27,0.9872780054644809,0.8777786303821575,0.866081669515983,8,8,True,True,True
173,1.2,12.0,2.4,3.0,1.0,50260898,4.918687524989886,True,True,0.0,15807,4,4,False,4,1,27,0.9872780054644809,0.8777786303821575,0.866081669515983,8,8,True,True,True
174,0.8,8.0,1.6,3.0,1.0,50260899,2.521164587628606,True,True,0.0,16132,3,3,False,3,1,56,0.9730831625683061,0.8873022275231597,0.8627407383231163,8,8,True,True,True
174,0.9,9.0,1.8,3.0,1.0,50260899,2.521164587628606,True,True,0.0,16132,3,3,False,3,1,56,0.9730831625683061,0.8873022275231597,0.8627407383231163,8,8,True,True,True
174,1.0,10.0,2.0,3.0,1.0,50260899,2.521164587628606,True,True,0.0,16132,3,3,False,3,1,56,0.9730831625683061,0.8873022275231597,0.8627407383231163,8,8,True,True,True
174,1.1,11.0,2.2,3.0,1.0,50260899,2.521164587628606,True,True,0.0,16132,3,3,False,3,0,0,1.0,0.7645793951617732,0.7645793951617732,8,6,False,False,False
174,1.2,12.0,2.4,3.0,1.0,50260899,2.521164587628606,True,True,0.0,16132,3,3,False,3,0,0,1.0,0.7645793951617732,0.7645793951617732,8,6,False,False,False
175,0.8,8.0,1.6,3.0,1.0,50260900,0.9018122019819603,True,True,0.0,15663,6,6,False,6,1,35,0.9803833674863388,0.9038720322949363,0.8847119315951254,8,8,True,True,True
175,0.9,9.0,1.8,3.0,1.0,50260900,0.9018122019819603,True,True,0.0,15663,6,6,False,6,0,0,1.0,0.7796833939139847,0.7796833939139847,8,6,False,False,False
175,1.0,10.0,2.0,3.0,1.0,50260900,0.9018122019819603,True,True,0.0,15663,6,6,False,6,0,0,1.0,0.7796833939139847,0.7796833939139847,8,6,False,False,False
175,1.1,11.0,2.2,3.0,1.0,50260900,0.9018122019819603,True,True,0.0,15663,6,6,False,6,0,0,1.0,0.7796833939139847,0.7796833939139847,8,6,False,False,False
175,1.2,12.0,2.4,3.0,1.0,50260900,0.9018122019819603,True,True,0.0,15663,6,6,False,6,0,0,1.0,0.7796833939139847,0.7796833939139847,8,6,False,False,False
176,0.8,8.0,1.6,3.0,1.0,50260901,3.2452195861094615,True,True,0.0,15896,5,5,False,5,0,0,1.0,0.7521127840897449,0.7521127840897449,8,6,False,False,False
176,0.9,9.0,1.8,3.0,1.0,50260901,3.2452195861094615,True,True,0.0,15896,5,5,False,5,0,0,1.0,0.7521127840897449,0.7521127840897449,8,6,False,False,False
176,1.0,10.0,2.0,3.0,1.0,50260901,3.2452195861094615,True,True,0.0,15896,5,5,False,5,0,0,1.0,0.7521127840897449,0.7521127840897449,8,6,False,False,False
176,1.1,11.0,2.2,3.0,1.0,50260901,3.2452195861094615,True,True,0.0,15896,5,5,False,5,0,0,1.0,0.7521127840897449,0.7521127840897449,8,6,False,False,False
176,1.2,12.0,2.4,3.0,1.0,50260901,3.2452195861094615,True,True,0.0,15896,5,5,False,5,0,0,1.0,0.7521127840897449,0.7521127840897449,8,6,False,False,False
177,0.8,8.0,1.6,3.0,1.0,50260902,1.0859077703861257,True,True,0.0,16285,1,1,False,1,1,50,0.9816747780054644,0.770285148977075,0.7537759692182149,8,8,True,True,True
177,0.9,9.0,1.8,3.0,1.0,50260902,1.0859077703861257,True,True,0.0,16285,1,1,False,1,1,50,0.9816747780054644,0.770285148977075,0.7537759692182149,8,8,True,True,True
177,1.0,10.0,2.0,3.0,1.0,50260902,1.0859077703861257,True,True,0.0,16285,1,1,False,1,1,50,0.9816747780054644,0.770285148977075,0.7537759692182149,8,8,True,True,True
177,1.1,11.0,2.2,3.0,1.0,50260902,1.0859077703861257,True,True,0.0,16285,1,1,False,1,0,0,1.0,0.6499710513100361,0.6499710513100361,8,6,False,False,False
177,1.2,12.0,2.4,3.0,1.0,50260902,1.0859077703861257,True,True,0.0,16285,1,1,False,1,0,0,1.0,0.6499710513100361,0.6499710513100361,8,6,False,False,False
178,0.8,8.0,1.6,3.0,1.0,50260903,3.441002236587249,True,True,0.0,15889,2,2,False,2,0,0,1.0,0.7847770349705334,0.7847770349705334,8,6,False,False,False
178,0.9,9.0,1.8,3.0,1.0,50260903,3.441002236587249,True,True,0.0,15889,2,2,False,2,0,0,1.0,0.7847770349705334,0.7847770349705334,8,6,False,False,False
178,1.0,10.0,2.0,3.0,1.0,50260903,3.441002236587249,True,True,0.0,15889,2,2,False,2,0,0,1.0,0.7847770349705334,0.7847770349705334,8,6,False,False,False
178,1.1,11.0,2.2,3.0,1.0,50260903,3.441002236587249,True,True,0.0,15889,2,2,False,2,0,0,1.0,0.7847770349705334,0.7847770349705334,8,6,False,False,False
178,1.2,12.0,2.4,3.0,1.0,50260903,3.441002236587249,True,True,0.0,15889,2,2,False,2,0,0,1.0,0.7847770349705334,0.7847770349705334,8,6,False,False,False
179,0.8,8.0,1.6,3.0,1.0,50260904,2.511830461744461,True,True,0.0,16174,4,4,False,4,0,0,1.0,0.7449656934211144,0.7449656934211144,8,6,False,False,False
179,0.9,9.0,1.8,3.0,1.0,50260904,2.511830461744461,True,True,0.0,16174,4,4,False,4,0,0,1.0,0.7449656934211144,0.7449656934211144,8,6,False,False,False
179,1.0,10.0,2.0,3.0,1.0,50260904,2.511830461744461,True,True,0.0,16174,4,4,False,4,0,0,1.0,0.7449656934211144,0.7449656934211144,8,6,False,False,False
179,1.1,11.0,2.2,3.0,1.0,50260904,2.511830461744461,True,True,0.0,16174,4,4,False,4,0,0,1.0,0.7449656934211144,0.7449656934211144,8,6,False,False,False
179,1.2,12.0,2.4,3.0,1.0,50260904,2.511830461744461,True,True,0.0,16174,4,4,False,4,0,0,1.0,0.7449656934211144,0.7449656934211144,8,6,False,False,False
180,0.8,8.0,1.6,3.0,1.0,50260905,0.4931574875844483,True,True,0.0,16145,2,2,False,2,0,0,1.0,0.7364754373155504,0.7364754373155504,8,6,False,False,False
180,0.9,9.0,1.8,3.0,1.0,50260905,0.4931574875844483,True,True,0.0,16145,2,2,False,2,0,0,1.0,0.7364754373155504,0.7364754373155504,8,6,False,False,False
180,1.0,10.0,2.0,3.0,1.0,50260905,0.4931574875844483,True,True,0.0,16145,2,2,False,2,0,0,1.0,0.7364754373155504,0.7364754373155504,8,6,False,False,False
180,1.1,11.0,2.2,3.0,1.0,50260905,0.4931574875844483,True,True,0.0,16145,2,2,False,2,0,0,1.0,0.7364754373155504,0.7364754373155504,8,6,False,False,False
180,1.2,12.0,2.4,3.0,1.0,50260905,0.4931574875844483,True,True,0.0,16145,2,2,False,2,0,0,1.0,0.7364754373155504,0.7364754373155504,8,6,False,False,False
181,0.8,8.0,1.6,3.0,1.0,50260906,0.8011306424531383,True,True,0.0,16272,3,3,False,3,0,0,1.0,0.7389509332751436,0.7389509332751436,8,6,False,False,False
181,0.9,9.0,1.8,3.0,1.0,50260906,0.8011306424531383,True,True,0.0,16272,3,3,False,3,0,0,1.0,0.7389509332751436,0.7389509332751436,8,6,False,False,False
181,1.0,10.0,2.0,3.0,1.0,50260906,0.8011306424531383,True,True,0.0,16272,3,3,False,3,0,0,1.0,0.7389509332751436,0.7389509332751436,8,6,False,False,False
181,1.1,11.0,2.2,3.0,1.0,50260906,0.8011306424531383,True,True,0.0,16272,3,3,False,3,0,0,1.0,0.7389509332751436,0.7389509332751436,8,6,False,False,False
181,1.2,12.0,2.4,3.0,1.0,50260906,0.8011306424531383,True,True,0.0,16272,3,3,False,3,0,0,1.0,0.7389509332751436,0.7389509332751436,8,6,False,False,False
182,0.8,8.0,1.6,3.0,1.0,50260907,1.1862919714952491,True,True,0.0,15985,2,2,False,2,1,20,0.9702655396174864,0.8757270647111421,0.8480671247962985,8,8,True,True,True
182,0.9,9.0,1.8,3.0,1.0,50260907,1.1862919714952491,True,True,0.0,15985,2,2,False,2,1,20,0.9702655396174864,0.8757270647111421,0.8480671247962985,8,8,True,True,True
182,1.0,10.0,2.0,3.0,1.0,50260907,1.1862919714952491,True,True,0.0,15985,2,2,False,2,1,20,0.9702655396174864,0.8757270647111421,0.8480671247962985,8,8,True,True,True
182,1.1,11.0,2.2,3.0,1.0,50260907,1.1862919714952491,True,True,0.0,15985,2,2,False,2,1,20,0.9702655396174864,0.8757270647111421,0.8480671247962985,8,8,True,True,True
182,1.2,12.0,2.4,3.0,1.0,50260907,1.1862919714952491,True,True,0.0,15985,2,2,False,2,1,20,0.9702655396174864,0.8757270647111421,0.8480671247962985,8,8,True,True,True
183,0.8,8.0,1.6,3.0,1.0,50260908,5.436458181091691,True,True,0.0,15843,12,12,False,12,0,0,1.0,0.7833744677169414,0.7833744677169414,8,6,False,False,False
183,0.9,9.0,1.8,3.0,1.0,50260908,5.436458181091691,True,True,0.0,15843,12,12,False,12,0,0,1.0,0.7833744677169414,0.7833744677169414,8,6,False,False,False
183,1.0,10.0,2.0,3.0,1.0,50260908,5.436458181091691,True,True,0.0,15843,12,12,False,12,0,0,1.0,0.7833744677169414,0.7833744677169414,8,6,False,False,False
183,1.1,11.0,2.2,3.0,1.0,50260908,5.436458181091691,True,True,0.0,15843,12,12,False,12,0,0,1.0,0.7833744677169414,0.7833744677169414,8,6,False,False,False
183,1.2,12.0,2.4,3.0,1.0,50260908,5.436458181091691,True,True,0.0,15843,12,12,False,12,0,0,1.0,0.7833744677169414,0.7833744677169414,8,6,False,False,False
184,0.8,8.0,1.6,3.0,1.0,50260909,0.05648608254604177,True,True,0.0,15763,7,7,False,7,0,0,1.0,0.7635548831758981,0.7635548831758981,8,6,False,False,False
184,0.9,9.0,1.8,3.0,1.0,50260909,0.05648608254604177,True,True,0.0,15763,7,7,False,7,0,0,1.0,0.7635548831758981,0.7635548831758981,8,6,False,False,False
184,1.0,10.0,2.0,3.0,1.0,50260909,0.05648608254604177,True,True,0.0,15763,7,7,False,7,0,0,1.0,0.7635548831758981,0.7635548831758981,8,6,False,False,False
184,1.1,11.0,2.2,3.0,1.0,50260909,0.05648608254604177,True,True,0.0,15763,7,7,False,7,0,0,1.0,0.7635548831758981,0.7635548831758981,8,6,False,False,False
184,1.2,12.0,2.4,3.0,1.0,50260909,0.05648608254604177,True,True,0.0,15763,7,7,False,7,0,0,1.0,0.7635548831758981,0.7635548831758981,8,6,False,False,False
185,0.8,8.0,1.6,3.0,1.0,50260910,1.3489761825702182,True,True,0.0,15866,9,9,False,9,1,69,0.9807996072404371,0.8975592827523455,0.881257476192483,8,8,True,True,True
185,0.9,9.0,1.8,3.0,1.0,50260910,1.3489761825702182,True,True,0.0,15866,9,9,False,9,1,69,0.9807996072404371,0.8975592827523455,0.881257476192483,8,8,True,True,True
185,1.0,10.0,2.0,3.0,1.0,50260910,1.3489761825702182,True,True,0.0,15866,9,9,False,9,1,69,0.9807996072404371,0.8975592827523455,0.881257476192483,8,8,True,True,True
185,1.1,11.0,2.2,3.0,1.0,50260910,1.3489761825702182,True,True,0.0,15866,9,9,False,9,1,69,0.9807996072404371,0.8975592827523455,0.881257476192483,8,8,True,True,True
185,1.2,12.0,2.4,3.0,1.0,50260910,1.3489761825702182,True,True,0.0,15866,9,9,False,9,0,0,1.0,0.7723865378756682,0.7723865378756682,8,6,False,False,False
186,0.8,8.0,1.6,3.0,1.0,50260911,3.9027067618291365,True,True,0.0,15820,13,13,False,13,0,0,1.0,0.7102956405281013,0.7102956405281013,8,6,False,False,False
186,0.9,9.0,1.8,3.0,1.0,50260911,3.9027067618291365,True,True,0.0,15820,13,13,False,13,0,0,1.0,0.7102956405281013,0.7102956405281013,8,6,False,False,False
186,1.0,10.0,2.0,3.0,1.0,50260911,3.9027067618291365,True,True,0.0,15820,13,13,False,13,0,0,1.0,0.7102956405281013,0.7102956405281013,8,6,False,False,False
186,1.1,11.0,2.2,3.0,1.0,50260911,3.9027067618291365,True,True,0.0,15820,13,13,False,13,0,0,1.0,0.7102956405281013,0.7102956405281013,8,6,False,False,False
186,1.2,12.0,2.4,3.0,1.0,50260911,3.9027067618291365,True,True,0.0,15820,13,13,False,13,0,0,1.0,0.7102956405281013,0.7102956405281013,8,6,False,False,False
187,0.8,8.0,1.6,3.0,1.0,50260912,4.548086678954149,True,True,0.0,15838,13,5,True,0,0,0,1.0,0.84640873788842,0.84640873788842,8,8,True,True,True
187,0.9,9.0,1.8,3.0,1.0,50260912,4.548086678954149,True,True,0.0,15838,13,5,True,0,0,0,1.0,0.84640873788842,0.84640873788842,8,8,True,True,True
187,1.0,10.0,2.0,3.0,1.0,50260912,4.548086678954149,True,True,0.0,15838,13,5,True,0,0,0,1.0,0.84640873788842,0.84640873788842,8,8,True,True,True
187,1.1,11.0,2.2,3.0,1.0,50260912,4.548086678954149,True,True,0.0,15838,13,5,True,0,0,0,1.0,0.84640873788842,0.84640873788842,8,8,True,True,True
187,1.2,12.0,2.4,3.0,1.0,50260912,4.548086678954149,True,True,0.0,15838,13,5,True,0,0,0,1.0,0.84640873788842,0.84640873788842,8,8,True,True,True
188,0.8,8.0,1.6,3.0,1.0,50260913,5.75636573953744,True,True,0.0,16047,3,3,False,3,1,38,0.9686966359289617,0.8486167136378578,0.8216028320411689,8,8,True,True,True
188,0.9,9.0,1.8,3.0,1.0,50260913,5.75636573953744,True,True,0.0,16047,3,3,False,3,1,38,0.9686966359289617,0.8486167136378578,0.8216028320411689,8,8,True,True,True
188,1.0,10.0,2.0,3.0,1.0,50260913,5.75636573953744,True,True,0.0,16047,3,3,False,3,1,38,0.9686966359289617,0.8486167136378578,0.8216028320411689,8,8,True,True,True
188,1.1,11.0,2.2,3.0,1.0,50260913,5.75636573953744,True,True,0.0,16047,3,3,False,3,1,38,0.9686966359289617,0.8486167136378578,0.8216028320411689,8,8,True,True,True
188,1.2,12.0,2.4,3.0,1.0,50260913,5.75636573953744,True,True,0.0,16047,3,3,False,3,1,38,0.9686966359289617,0.8486167136378578,0.8216028320411689,8,8,True,True,True
189,0.8,8.0,1.6,3.0,1.0,50260914,3.425569117689809,True,True,0.0,16253,12,12,False,12,1,42,0.9753031079234973,0.8705863796193242,0.8496902169716547,8,8,True,True,True
189,0.9,9.0,1.8,3.0,1.0,50260914,3.425569117689809,True,True,0.0,16253,12,12,False,12,0,0,1.0,0.7556386506345043,0.7556386506345043,8,6,False,False,False
189,1.0,10.0,2.0,3.0,1.0,50260914,3.425569117689809,True,True,0.0,16253,12,12,False,12,0,0,1.0,0.7556386506345043,0.7556386506345043,8,6,False,False,False
189,1.1,11.0,2.2,3.0,1.0,50260914,3.425569117689809,True,True,0.0,16253,12,12,False,12,0,0,1.0,0.7556386506345043,0.7556386506345043,8,6,False,False,False
189,1.2,12.0,2.4,3.0,1.0,50260914,3.425569117689809,True,True,0.0,16253,12,12,False,12,0,0,1.0,0.7556386506345043,0.7556386506345043,8,6,False,False,False
190,0.8,8.0,1.6,3.0,1.0,50260915,1.1924867673481567,True,True,0.0,15958,10,10,False,10,0,0,1.0,0.753748249994428,0.753748249994428,8,6,False,False,False
190,0.9,9.0,1.8,3.0,1.0,50260915,1.1924867673481567,True,True,0.0,15958,10,10,False,10,0,0,1.0,0.753748249994428,0.753748249994428,8,6,False,False,False
190,1.0,10.0,2.0,3.0,1.0,50260915,1.1924867673481567,True,True,0.0,15958,10,10,False,10,0,0,1.0,0.753748249994428,0.753748249994428,8,6,False,False,False
190,1.1,11.0,2.2,3.0,1.0,50260915,1.1924867673481567,True,True,0.0,15958,10,10,False,10,0,0,1.0,0.753748249994428,0.753748249994428,8,6,False,False,False
190,1.2,12.0,2.4,3.0,1.0,50260915,1.1924867673481567,True,True,0.0,15958,10,10,False,10,0,0,1.0,0.753748249994428,0.753748249994428,8,6,False,False,False
191,0.8,8.0,1.6,3.0,1.0,50260916,2.502622515376996,True,True,0.0,15983,4,4,False,4,0,0,1.0,0.7574635850201602,0.7574635850201602,8,6,False,False,False
191,0.9,9.0,1.8,3.0,1.0,50260916,2.502622515376996,True,True,0.0,15983,4,4,False,4,0,0,1.0,0.7574635850201602,0.7574635850201602,8,6,False,False,False
191,1.0,10.0,2.0,3.0,1.0,50260916,2.502622515376996,True,True,0.0,15983,4,4,False,4,0,0,1.0,0.7574635850201602,0.7574635850201602,8,6,False,False,False
191,1.1,11.0,2.2,3.0,1.0,50260916,2.502622515376996,True,True,0.0,15983,4,4,False,4,0,0,1.0,0.7574635850201602,0.7574635850201602,8,6,False,False,False
191,1.2,12.0,2.4,3.0,1.0,50260916,2.502622515376996,True,True,0.0,15983,4,4,False,4,0,0,1.0,0.7574635850201602,0.7574635850201602,8,6,False,False,False
192,0.8,8.0,1.6,3.0,1.0,50260917,4.7155635866786065,True,True,0.0,16435,2,2,False,2,1,35,0.971620987021858,0.7449142571706718,0.7197037469365202,8,8,True,True,True
192,0.9,9.0,1.8,3.0,1.0,50260917,4.7155635866786065,True,True,0.0,16435,2,2,False,2,1,35,0.971620987021858,0.7449142571706718,0.7197037469365202,8,8,True,True,True
192,1.0,10.0,2.0,3.0,1.0,50260917,4.7155635866786065,True,True,0.0,16435,2,2,False,2,1,35,0.971620987021858,0.7449142571706718,0.7197037469365202,8,8,True,True,True
192,1.1,11.0,2.2,3.0,1.0,50260917,4.7155635866786065,True,True,0.0,16435,2,2,False,2,1,35,0.971620987021858,0.7449142571706718,0.7197037469365202,8,8,True,True,True
192,1.2,12.0,2.4,3.0,1.0,50260917,4.7155635866786065,True,True,0.0,16435,2,2,False,2,1,35,0.971620987021858,0.7449142571706718,0.7197037469365202,8,8,True,True,True
193,0.8,8.0,1.6,3.0,1.0,50260918,3.0815137144013662,True,True,0.0,15851,3,3,False,3,1,35,0.9729550887978142,0.9183069160914263,0.892182846536979,8,8,True,True,True
193,0.9,9.0,1.8,3.0,1.0,50260918,3.0815137144013662,True,True,0.0,15851,3,3,False,3,1,35,0.9729550887978142,0.9183069160914263,0.892182846536979,8,8,True,True,True
193,1.0,10.0,2.0,3.0,1.0,50260918,3.0815137144013662,True,True,0.0,15851,3,3,False,3,1,35,0.9729550887978142,0.9183069160914263,0.892182846536979,8,8,True,True,True
193,1.1,11.0,2.2,3.0,1.0,50260918,3.0815137144013662,True,True,0.0,15851,3,3,False,3,1,35,0.9729550887978142,0.9183069160914263,0.892182846536979,8,8,True,True,True
193,1.2,12.0,2.4,3.0,1.0,50260918,3.0815137144013662,True,True,0.0,15851,3,3,False,3,1,35,0.9729550887978142,0.9183069160914263,0.892182846536979,8,8,True,True,True
194,0.8,8.0,1.6,3.0,1.0,50260919,0.8028544155272664,True,True,0.0,15941,2,2,False,2,0,0,1.0,0.739535047326571,0.739535047326571,8,6,False,False,False
194,0.9,9.0,1.8,3.0,1.0,50260919,0.8028544155272664,True,True,0.0,15941,2,2,False,2,0,0,1.0,0.739535047326571,0.739535047326571,8,6,False,False,False
194,1.0,10.0,2.0,3.0,1.0,50260919,0.8028544155272664,True,True,0.0,15941,2,2,False,2,0,0,1.0,0.739535047326571,0.739535047326571,8,6,False,False,False
194,1.1,11.0,2.2,3.0,1.0,50260919,0.8028544155272664,True,True,0.0,15941,2,2,False,2,0,0,1.0,0.739535047326571,0.739535047326571,8,6,False,False,False
194,1.2,12.0,2.4,3.0,1.0,50260919,0.8028544155272664,True,True,0.0,15941,2,2,False,2,0,0,1.0,0.739535047326571,0.739535047326571,8,6,False,False,False
195,0.8,8.0,1.6,3.0,1.0,50260920,5.778600541363857,True,True,0.0,15925,3,3,False,3,0,0,1.0,0.7501146868517377,0.7501146868517377,8,6,False,False,False
195,0.9,9.0,1.8,3.0,1.0,50260920,5.778600541363857,True,True,0.0,15925,3,3,False,3,0,0,1.0,0.7501146868517377,0.7501146868517377,8,6,False,False,False
195,1.0,10.0,2.0,3.0,1.0,50260920,5.778600541363857,True,True,0.0,15925,3,3,False,3,0,0,1.0,0.7501146868517377,0.7501146868517377,8,6,False,False,False
195,1.1,11.0,2.2,3.0,1.0,50260920,5.778600541363857,True,True,0.0,15925,3,3,False,3,0,0,1.0,0.7501146868517377,0.7501146868517377,8,6,False,False,False
195,1.2,12.0,2.4,3.0,1.0,50260920,5.778600541363857,True,True,0.0,15925,3,3,False,3,0,0,1.0,0.7501146868517377,0.7501146868517377,8,6,False,False,False
196,0.8,8.0,1.6,3.0,1.0,50260921,5.299482747030459,True,True,0.0,16170,1,1,False,1,0,0,1.0,0.7369007833055958,0.7369007833055958,8,6,False,False,False
196,0.9,9.0,1.8,3.0,1.0,50260921,5.299482747030459,True,True,0.0,16170,1,1,False,1,0,0,1.0,0.7369007833055958,0.7369007833055958,8,6,False,False,False
196,1.0,10.0,2.0,3.0,1.0,50260921,5.299482747030459,True,True,0.0,16170,1,1,False,1,0,0,1.0,0.7369007833055958,0.7369007833055958,8,6,False,False,False
196,1.1,11.0,2.2,3.0,1.0,50260921,5.299482747030459,True,True,0.0,16170,1,1,False,1,0,0,1.0,0.7369007833055958,0.7369007833055958,8,6,False,False,False
196,1.2,12.0,2.4,3.0,1.0,50260921,5.299482747030459,True,True,0.0,16170,1,1,False,1,0,0,1.0,0.7369007833055958,0.7369007833055958,8,6,False,False,False
197,0.8,8.0,1.6,3.0,1.0,50260922,4.221696742020495,True,True,0.0,16082,4,4,False,4,0,0,1.0,0.7333879102357268,0.7333879102357268,8,6,False,False,False
197,0.9,9.0,1.8,3.0,1.0,50260922,4.221696742020495,True,True,0.0,16082,4,4,False,4,0,0,1.0,0.7333879102357268,0.7333879102357268,8,6,False,False,False
197,1.0,10.0,2.0,3.0,1.0,50260922,4.221696742020495,True,True,0.0,16082,4,4,False,4,0,0,1.0,0.7333879102357268,0.7333879102357268,8,6,False,False,False
197,1.1,11.0,2.2,3.0,1.0,50260922,4.221696742020495,True,True,0.0,16082,4,4,False,4,0,0,1.0,0.7333879102357268,0.7333879102357268,8,6,False,False,False
197,1.2,12.0,2.4,3.0,1.0,50260922,4.221696742020495,True,True,0.0,16082,4,4,False,4,0,0,1.0,0.7333879102357268,0.7333879102357268,8,6,False,False,False
198,0.8,8.0,1.6,3.0,1.0,50260923,6.077658456185961,True,True,0.0,15997,2,2,False,2,0,0,1.0,0.6601791444145955,0.6601791444145955,8,5,False,False,False
198,0.9,9.0,1.8,3.0,1.0,50260923,6.077658456185961,True,True,0.0,15997,2,2,False,2,0,0,1.0,0.6601791444145955,0.6601791444145955,8,5,False,False,False
198,1.0,10.0,2.0,3.0,1.0,50260923,6.077658456185961,True,True,0.0,15997,2,2,False,2,0,0,1.0,0.6601791444145955,0.6601791444145955,8,5,False,False,False
198,1.1,11.0,2.2,3.0,1.0,50260923,6.077658456185961,True,True,0.0,15997,2,2,False,2,0,0,1.0,0.6601791444145955,0.6601791444145955,8,5,False,False,False
198,1.2,12.0,2.4,3.0,1.0,50260923,6.077658456185961,True,True,0.0,15997,2,2,False,2,0,0,1.0,0.6601791444145955,0.6601791444145955,8,5,False,False,False
199,0.8,8.0,1.6,3.0,1.0,50260924,2.334386020064836,True,True,0.0,15847,16,16,False,16,0,0,1.0,0.7425468005759344,0.7425468005759344,8,6,False,False,False
199,0.9,9.0,1.8,3.0,1.0,50260924,2.334386020064836,True,True,0.0,15847,16,16,False,16,0,0,1.0,0.7425468005759344,0.7425468005759344,8,6,False,False,False
199,1.0,10.0,2.0,3.0,1.0,50260924,2.334386020064836,True,True,0.0,15847,16,16,False,16,0,0,1.0,0.7425468005759344,0.7425468005759344,8,6,False,False,False
199,1.1,11.0,2.2,3.0,1.0,50260924,2.334386020064836,True,True,0.0,15847,16,16,False,16,0,0,1.0,0.7425468005759344,0.7425468005759344,8,6,False,False,False
199,1.2,12.0,2.4,3.0,1.0,50260924,2.334386020064836,True,True,0.0,15847,16,16,False,16,0,0,1.0,0.7425468005759344,0.7425468005759344,8,6,False,False,False
200,0.8,8.0,1.6,3.0,1.0,50260925,3.762793838623648,True,True,0.0,15699,3,3,False,3,1,42,0.9852608435792349,0.9026726297328964,0.8888671651500435,8,8,True,True,True
200,0.9,9.0,1.8,3.0,1.0,50260925,3.762793838623648,True,True,0.0,15699,3,3,False,3,1,42,0.9852608435792349,0.9026726297328964,0.8888671651500435,8,8,True,True,True
200,1.0,10.0,2.0,3.0,1.0,50260925,3.762793838623648,True,True,0.0,15699,3,3,False,3,1,42,0.9852608435792349,0.9026726297328964,0.8888671651500435,8,8,True,True,True
200,1.1,11.0,2.2,3.0,1.0,50260925,3.762793838623648,True,True,0.0,15699,3,3,False,3,1,42,0.9852608435792349,0.9026726297328964,0.8888671651500435,8,8,True,True,True
200,1.2,12.0,2.4,3.0,1.0,50260925,3.762793838623648,True,True,0.0,15699,3,3,False,3,1,42,0.9852608435792349,0.9026726297328964,0.8888671651500435,8,8,True,True,True
201,0.8,8.0,1.6,3.0,1.0,50260926,2.8201597342233855,True,True,0.0,16477,14,14,False,14,1,21,0.9805434596994536,0.8013536225217264,0.7860521178761739,8,8,True,True,True
201,0.9,9.0,1.8,3.0,1.0,50260926,2.8201597342233855,True,True,0.0,16477,14,14,False,14,1,21,0.9805434596994536,0.8013536225217264,0.7860521178761739,8,8,True,True,True
201,1.0,10.0,2.0,3.0,1.0,50260926,2.8201597342233855,True,True,0.0,16477,14,14,False,14,1,21,0.9805434596994536,0.8013536225217264,0.7860521178761739,8,8,True,True,True
201,1.1,11.0,2.2,3.0,1.0,50260926,2.8201597342233855,True,True,0.0,16477,14,14,False,14,1,21,0.9805434596994536,0.8013536225217264,0.7860521178761739,8,8,True,True,True
201,1.2,12.0,2.4,3.0,1.0,50260926,2.8201597342233855,True,True,0.0,16477,14,14,False,14,0,0,1.0,0.6947140315272582,0.6947140315272582,8,6,False,False,False
202,0.8,8.0,1.6,3.0,1.0,50260927,2.1712490465011345,True,True,0.0,16511,2,2,False,2,1,46,0.9695718066939891,0.8234076656358531,0.800000918666872,8,8,True,True,True
202,0.9,9.0,1.8,3.0,1.0,50260927,2.1712490465011345,True,True,0.0,16511,2,2,False,2,1,46,0.9695718066939891,0.8234076656358531,0.800000918666872,8,8,True,True,True
202,1.0,10.0,2.0,3.0,1.0,50260927,2.1712490465011345,True,True,0.0,16511,2,2,False,2,1,46,0.9695718066939891,0.8234076656358531,0.800000918666872,8,8,True,True,True
202,1.1,11.0,2.2,3.0,1.0,50260927,2.1712490465011345,True,True,0.0,16511,2,2,False,2,1,46,0.9695718066939891,0.8234076656358531,0.800000918666872,8,8,True,True,True
202,1.2,12.0,2.4,3.0,1.0,50260927,2.1712490465011345,True,True,0.0,16511,2,2,False,2,1,46,0.9695718066939891,0.8234076656358531,0.800000918666872,8,8,True,True,True
203,0.8,8.0,1.6,3.0,1.0,50260928,5.9782942722993315,True,True,0.0,15760,12,12,False,12,1,29,0.981322575136612,0.8230039147938109,0.8043264899304229,8,7,True,True,True
203,0.9,9.0,1.8,3.0,1.0,50260928,5.9782942722993315,True,True,0.0,15760,12,12,False,12,1,29,0.981322575136612,0.8230039147938109,0.8043264899304229,8,7,True,True,True
203,1.0,10.0,2.0,3.0,1.0,50260928,5.9782942722993315,True,True,0.0,15760,12,12,False,12,1,29,0.981322575136612,0.8230039147938109,0.8043264899304229,8,7,True,True,True
203,1.1,11.0,2.2,3.0,1.0,50260928,5.9782942722993315,True,True,0.0,15760,12,12,False,12,1,29,0.981322575136612,0.8230039147938109,0.8043264899304229,8,7,True,True,True
203,1.2,12.0,2.4,3.0,1.0,50260928,5.9782942722993315,True,True,0.0,15760,12,12,False,12,1,29,0.981322575136612,0.8230039147938109,0.8043264899304229,8,7,True,True,True
204,0.8,8.0,1.6,3.0,1.0,50260929,0.066496242255424,True,True,0.0,16003,3,3,False,3,1,66,0.9840227971311475,0.8403854086450551,0.8278003711366669,8,8,True,True,True
204,0.9,9.0,1.8,3.0,1.0,50260929,0.066496242255424,True,True,0.0,16003,3,3,False,3,0,0,1.0,0.7206035723039197,0.7206035723039197,8,6,False,False,False
204,1.0,10.0,2.0,3.0,1.0,50260929,0.066496242255424,True,True,0.0,16003,3,3,False,3,0,0,1.0,0.7206035723039197,0.7206035723039197,8,6,False,False,False
204,1.1,11.0,2.2,3.0,1.0,50260929,0.066496242255424,True,True,0.0,16003,3,3,False,3,0,0,1.0,0.7206035723039197,0.7206035723039197,8,6,False,False,False
204,1.2,12.0,2.4,3.0,1.0,50260929,0.066496242255424,True,True,0.0,16003,3,3,False,3,0,0,1.0,0.7206035723039197,0.7206035723039197,8,6,False,False,False
205,0.8,8.0,1.6,3.0,1.0,50260930,5.822943068589747,True,True,0.0,15847,5,5,False,5,1,40,0.9840868340163934,0.8904993662758993,0.8767520269144077,8,8,True,True,True
205,0.9,9.0,1.8,3.0,1.0,50260930,5.822943068589747,True,True,0.0,15847,5,5,False,5,1,40,0.9840868340163934,0.8904993662758993,0.8767520269144077,8,8,True,True,True
205,1.0,10.0,2.0,3.0,1.0,50260930,5.822943068589747,True,True,0.0,15847,5,5,False,5,1,40,0.9840868340163934,0.8904993662758993,0.8767520269144077,8,8,True,True,True
205,1.1,11.0,2.2,3.0,1.0,50260930,5.822943068589747,True,True,0.0,15847,5,5,False,5,1,40,0.9840868340163934,0.8904993662758993,0.8767520269144077,8,8,True,True,True
205,1.2,12.0,2.4,3.0,1.0,50260930,5.822943068589747,True,True,0.0,15847,5,5,False,5,1,40,0.9840868340163934,0.8904993662758993,0.8767520269144077,8,8,True,True,True
206,0.8,8.0,1.6,3.0,1.0,50260931,1.7727586885998188,True,True,0.0,15905,4,4,False,4,1,40,0.9785262978142076,0.8266702336753242,0.8066568073202347,8,8,True,True,True
206,0.9,9.0,1.8,3.0,1.0,50260931,1.7727586885998188,True,True,0.0,15905,4,4,False,4,1,40,0.9785262978142076,0.8266702336753242,0.8066568073202347,8,8,True,True,True
206,1.0,10.0,2.0,3.0,1.0,50260931,1.7727586885998188,True,True,0.0,15905,4,4,False,4,1,40,0.9785262978142076,0.8266702336753242,0.8066568073202347,8,8,True,True,True
206,1.1,11.0,2.2,3.0,1.0,50260931,1.7727586885998188,True,True,0.0,15905,4,4,False,4,1,40,0.9785262978142076,0.8266702336753242,0.8066568073202347,8,8,True,True,True
206,1.2,12.0,2.4,3.0,1.0,50260931,1.7727586885998188,True,True,0.0,15905,4,4,False,4,1,40,0.9785262978142076,0.8266702336753242,0.8066568073202347,8,8,True,True,True
207,0.8,8.0,1.6,3.0,1.0,50260932,1.7799523532302823,True,True,0.0,15929,2,2,False,2,0,0,1.0,0.7534421154069988,0.7534421154069988,8,6,False,False,False
207,0.9,9.0,1.8,3.0,1.0,50260932,1.7799523532302823,True,True,0.0,15929,2,2,False,2,0,0,1.0,0.7534421154069988,0.7534421154069988,8,6,False,False,False
207,1.0,10.0,2.0,3.0,1.0,50260932,1.7799523532302823,True,True,0.0,15929,2,2,False,2,0,0,1.0,0.7534421154069988,0.7534421154069988,8,6,False,False,False
207,1.1,11.0,2.2,3.0,1.0,50260932,1.7799523532302823,True,True,0.0,15929,2,2,False,2,0,0,1.0,0.7534421154069988,0.7534421154069988,8,6,False,False,False
207,1.2,12.0,2.4,3.0,1.0,50260932,1.7799523532302823,True,True,0.0,15929,2,2,False,2,0,0,1.0,0.7534421154069988,0.7534421154069988,8,6,False,False,False
208,0.8,8.0,1.6,3.0,1.0,50260933,2.301247901276648,True,True,0.0,16081,14,14,False,14,1,27,0.9790492657103825,0.8142943472824051,0.7946297358014494,8,8,True,True,True
208,0.9,9.0,1.8,3.0,1.0,50260933,2.301247901276648,True,True,0.0,16081,14,14,False,14,1,27,0.9790492657103825,0.8142943472824051,0.7946297358014494,8,8,True,True,True
208,1.0,10.0,2.0,3.0,1.0,50260933,2.301247901276648,True,True,0.0,16081,14,14,False,14,1,27,0.9790492657103825,0.8142943472824051,0.7946297358014494,8,8,True,True,True
208,1.1,11.0,2.2,3.0,1.0,50260933,2.301247901276648,True,True,0.0,16081,14,14,False,14,1,27,0.9790492657103825,0.8142943472824051,0.7946297358014494,8,8,True,True,True
208,1.2,12.0,2.4,3.0,1.0,50260933,2.301247901276648,True,True,0.0,16081,14,14,False,14,1,27,0.9790492657103825,0.8142943472824051,0.7946297358014494,8,8,True,True,True
209,0.8,8.0,1.6,3.0,1.0,50260934,4.207843333611163,True,True,0.0,15970,1,1,False,1,0,0,1.0,0.7749103319701245,0.7749103319701245,8,7,False,False,False
209,0.9,9.0,1.8,3.0,1.0,50260934,4.207843333611163,True,True,0.0,15970,1,1,False,1,0,0,1.0,0.7749103319701245,0.7749103319701245,8,7,False,False,False
209,1.0,10.0,2.0,3.0,1.0,50260934,4.207843333611163,True,True,0.0,15970,1,1,False,1,0,0,1.0,0.7749103319701245,0.7749103319701245,8,7,False,False,False
209,1.1,11.0,2.2,3.0,1.0,50260934,4.207843333611163,True,True,0.0,15970,1,1,False,1,0,0,1.0,0.7749103319701245,0.7749103319701245,8,7,False,False,False
209,1.2,12.0,2.4,3.0,1.0,50260934,4.207843333611163,True,True,0.0,15970,1,1,False,1,0,0,1.0,0.7749103319701245,0.7749103319701245,8,7,False,False,False
210,0.8,8.0,1.6,3.0,1.0,50260935,5.677315047834505,True,True,0.0,15818,4,4,False,4,1,41,0.9866269637978142,0.8903980276351087,0.8782165484583941,8,8,True,True,True
210,0.9,9.0,1.8,3.0,1.0,50260935,5.677315047834505,True,True,0.0,15818,4,4,False,4,1,41,0.9866269637978142,0.8903980276351087,0.8782165484583941,8,8,True,True,True
210,1.0,10.0,2.0,3.0,1.0,50260935,5.677315047834505,True,True,0.0,15818,4,4,False,4,1,41,0.9866269637978142,0.8903980276351087,0.8782165484583941,8,8,True,True,True
210,1.1,11.0,2.2,3.0,1.0,50260935,5.677315047834505,True,True,0.0,15818,4,4,False,4,1,41,0.9866269637978142,0.8903980276351087,0.8782165484583941,8,8,True,True,True
210,1.2,12.0,2.4,3.0,1.0,50260935,5.677315047834505,True,True,0.0,15818,4,4,False,4,1,41,0.9866269637978142,0.8903980276351087,0.8782165484583941,8,8,True,True,True
211,0.8,8.0,1.6,3.0,1.0,50260936,5.465705822630189,True,True,0.0,15880,1,1,False,1,0,0,1.0,0.759303212196254,0.759303212196254,8,7,False,False,False
211,0.9,9.0,1.8,3.0,1.0,50260936,5.465705822630189,True,True,0.0,15880,1,1,False,1,0,0,1.0,0.759303212196254,0.759303212196254,8,7,False,False,False
211,1.0,10.0,2.0,3.0,1.0,50260936,5.465705822630189,True,True,0.0,15880,1,1,False,1,0,0,1.0,0.759303212196254,0.759303212196254,8,7,False,False,False
211,1.1,11.0,2.2,3.0,1.0,50260936,5.465705822630189,True,True,0.0,15880,1,1,False,1,0,0,1.0,0.759303212196254,0.759303212196254,8,7,False,False,False
211,1.2,12.0,2.4,3.0,1.0,50260936,5.465705822630189,True,True,0.0,15880,1,1,False,1,0,0,1.0,0.759303212196254,0.759303212196254,8,7,False,False,False
212,0.8,8.0,1.6,3.0,1.0,50260937,1.7828129281005238,True,True,0.0,15448,5,5,False,5,0,0,0.9953195382882882,0.7779786268459954,0.7746525978319733,8,6,False,False,False
212,0.9,9.0,1.8,3.0,1.0,50260937,1.7828129281005238,True,True,0.0,15448,5,5,False,5,0,0,0.9953195382882882,0.7779786268459954,0.7746525978319733,8,6,False,False,False
212,1.0,10.0,2.0,3.0,1.0,50260937,1.7828129281005238,True,True,0.0,15448,5,5,False,5,0,0,0.9953195382882882,0.7779786268459954,0.7746525978319733,8,6,False,False,False
212,1.1,11.0,2.2,3.0,1.0,50260937,1.7828129281005238,True,True,0.0,15448,5,5,False,5,0,0,0.9953195382882882,0.7779786268459954,0.7746525978319733,8,6,False,False,False
212,1.2,12.0,2.4,3.0,1.0,50260937,1.7828129281005238,True,True,0.0,15448,5,5,False,5,0,0,0.9953195382882882,0.7779786268459954,0.7746525978319733,8,6,False,False,False
213,0.8,8.0,1.6,3.0,1.0,50260938,4.405308840345369,True,True,0.0,16011,4,4,False,4,1,37,0.9873740607923498,0.8578020507967786,0.8467450706689278,8,8,True,True,True
213,0.9,9.0,1.8,3.0,1.0,50260938,4.405308840345369,True,True,0.0,16011,4,4,False,4,1,37,0.9873740607923498,0.8578020507967786,0.8467450706689278,8,8,True,True,True
213,1.0,10.0,2.0,3.0,1.0,50260938,4.405308840345369,True,True,0.0,16011,4,4,False,4,1,37,0.9873740607923498,0.8578020507967786,0.8467450706689278,8,8,True,True,True
213,1.1,11.0,2.2,3.0,1.0,50260938,4.405308840345369,True,True,0.0,16011,4,4,False,4,1,37,0.9873740607923498,0.8578020507967786,0.8467450706689278,8,8,True,True,True
213,1.2,12.0,2.4,3.0,1.0,50260938,4.405308840345369,True,True,0.0,16011,4,4,False,4,1,37,0.9873740607923498,0.8578020507967786,0.8467450706689278,8,8,True,True,True
214,0.8,8.0,1.6,3.0,1.0,50260939,1.3952144595045248,True,True,0.0,16592,8,8,False,8,0,0,1.0,0.7068559460465772,0.7068559460465772,8,6,False,False,False
214,0.9,9.0,1.8,3.0,1.0,50260939,1.3952144595045248,True,True,0.0,16592,8,8,False,8,0,0,1.0,0.7068559460465772,0.7068559460465772,8,6,False,False,False
214,1.0,10.0,2.0,3.0,1.0,50260939,1.3952144595045248,True,True,0.0,16592,8,8,False,8,0,0,1.0,0.7068559460465772,0.7068559460465772,8,6,False,False,False
214,1.1,11.0,2.2,3.0,1.0,50260939,1.3952144595045248,True,True,0.0,16592,8,8,False,8,0,0,1.0,0.7068559460465772,0.7068559460465772,8,6,False,False,False
214,1.2,12.0,2.4,3.0,1.0,50260939,1.3952144595045248,True,True,0.0,16592,8,8,False,8,0,0,1.0,0.7068559460465772,0.7068559460465772,8,6,False,False,False
215,0.8,8.0,1.6,3.0,1.0,50260940,3.449483804533661,True,True,0.0,15814,3,3,False,3,0,0,1.0,0.7890638286162059,0.7890638286162059,8,6,False,False,False
215,0.9,9.0,1.8,3.0,1.0,50260940,3.449483804533661,True,True,0.0,15814,3,3,False,3,0,0,1.0,0.7890638286162059,0.7890638286162059,8,6,False,False,False
215,1.0,10.0,2.0,3.0,1.0,50260940,3.449483804533661,True,True,0.0,15814,3,3,False,3,0,0,1.0,0.7890638286162059,0.7890638286162059,8,6,False,False,False
215,1.1,11.0,2.2,3.0,1.0,50260940,3.449483804533661,True,True,0.0,15814,3,3,False,3,0,0,1.0,0.7890638286162059,0.7890638286162059,8,6,False,False,False
215,1.2,12.0,2.4,3.0,1.0,50260940,3.449483804533661,True,True,0.0,15814,3,3,False,3,0,0,1.0,0.7890638286162059,0.7890638286162059,8,6,False,False,False
216,0.8,8.0,1.6,3.0,1.0,50260941,1.9439310169952213,True,True,0.0,15475,9,9,False,9,0,0,0.9966216216216216,0.7605526066225863,0.7576679912379709,8,6,False,False,False
216,0.9,9.0,1.8,3.0,1.0,50260941,1.9439310169952213,True,True,0.0,15475,9,9,False,9,0,0,0.9966216216216216,0.7605526066225863,0.7576679912379709,8,6,False,False,False
216,1.0,10.0,2.0,3.0,1.0,50260941,1.9439310169952213,True,True,0.0,15475,9,9,False,9,0,0,0.9966216216216216,0.7605526066225863,0.7576679912379709,8,6,False,False,False
216,1.1,11.0,2.2,3.0,1.0,50260941,1.9439310169952213,True,True,0.0,15475,9,9,False,9,0,0,0.9966216216216216,0.7605526066225863,0.7576679912379709,8,6,False,False,False
216,1.2,12.0,2.4,3.0,1.0,50260941,1.9439310169952213,True,True,0.0,15475,9,9,False,9,0,0,0.9966216216216216,0.7605526066225863,0.7576679912379709,8,6,False,False,False
217,0.8,8.0,1.6,3.0,1.0,50260942,2.080223352259934,True,True,0.0,15896,19,19,False,19,1,23,0.9836705942622951,0.8549551012774557,0.8393634894442896,8,8,True,True,True
217,0.9,9.0,1.8,3.0,1.0,50260942,2.080223352259934,True,True,0.0,15896,19,19,False,19,1,23,0.9836705942622951,0.8549551012774557,0.8393634894442896,8,8,True,True,True
217,1.0,10.0,2.0,3.0,1.0,50260942,2.080223352259934,True,True,0.0,15896,19,19,False,19,1,23,0.9836705942622951,0.8549551012774557,0.8393634894442896,8,8,True,True,True
217,1.1,11.0,2.2,3.0,1.0,50260942,2.080223352259934,True,True,0.0,15896,19,19,False,19,0,0,1.0,0.7369765351281579,0.7369765351281579,8,6,False,False,False
217,1.2,12.0,2.4,3.0,1.0,50260942,2.080223352259934,True,True,0.0,15896,19,19,False,19,0,0,1.0,0.7369765351281579,0.7369765351281579,8,6,False,False,False
218,0.8,8.0,1.6,3.0,1.0,50260943,4.442228358673705,True,True,0.0,16072,17,17,False,17,0,0,1.0,0.7851114481412889,0.7851114481412889,8,6,False,False,False
218,0.9,9.0,1.8,3.0,1.0,50260943,4.442228358673705,True,True,0.0,16072,17,17,False,17,0,0,1.0,0.7851114481412889,0.7851114481412889,8,6,False,False,False
218,1.0,10.0,2.0,3.0,1.0,50260943,4.442228358673705,True,True,0.0,16072,17,17,False,17,0,0,1.0,0.7851114481412889,0.7851114481412889,8,6,False,False,False
218,1.1,11.0,2.2,3.0,1.0,50260943,4.442228358673705,True,True,0.0,16072,17,17,False,17,0,0,1.0,0.7851114481412889,0.7851114481412889,8,6,False,False,False
218,1.2,12.0,2.4,3.0,1.0,50260943,4.442228358673705,True,True,0.0,16072,17,17,False,17,0,0,1.0,0.7851114481412889,0.7851114481412889,8,6,False,False,False
219,0.8,8.0,1.6,3.0,1.0,50260944,5.787507243924354,True,True,0.0,16065,5,5,False,5,0,0,1.0,0.714451951876883,0.714451951876883,8,6,False,False,False
219,0.9,9.0,1.8,3.0,1.0,50260944,5.787507243924354,True,True,0.0,16065,5,5,False,5,0,0,1.0,0.714451951876883,0.714451951876883,8,6,False,False,False
219,1.0,10.0,2.0,3.0,1.0,50260944,5.787507243924354,True,True,0.0,16065,5,5,False,5,0,0,1.0,0.714451951876883,0.714451951876883,8,6,False,False,False
219,1.1,11.0,2.2,3.0,1.0,50260944,5.787507243924354,True,True,0.0,16065,5,5,False,5,0,0,1.0,0.714451951876883,0.714451951876883,8,6,False,False,False
219,1.2,12.0,2.4,3.0,1.0,50260944,5.787507243924354,True,True,0.0,16065,5,5,False,5,0,0,1.0,0.714451951876883,0.714451951876883,8,6,False,False,False
220,0.8,8.0,1.6,3.0,1.0,50260945,2.778085390359609,True,True,0.0,16668,12,12,False,12,0,0,0.9986979166666667,0.70654352277563,0.7063170767389124,8,6,False,False,False
220,0.9,9.0,1.8,3.0,1.0,50260945,2.778085390359609,True,True,0.0,16668,12,12,False,12,0,0,0.9986979166666667,0.70654352277563,0.7063170767389124,8,6,False,False,False
220,1.0,10.0,2.0,3.0,1.0,50260945,2.778085390359609,True,True,0.0,16668,12,12,False,12,0,0,0.9986979166666667,0.70654352277563,0.7063170767389124,8,6,False,False,False
220,1.1,11.0,2.2,3.0,1.0,50260945,2.778085390359609,True,True,0.0,16668,12,12,False,12,0,0,0.9986979166666667,0.70654352277563,0.7063170767389124,8,6,False,False,False
220,1.2,12.0,2.4,3.0,1.0,50260945,2.778085390359609,True,True,0.0,16668,12,12,False,12,0,0,0.9986979166666667,0.70654352277563,0.7063170767389124,8,6,False,False,False
221,0.8,8.0,1.6,3.0,1.0,50260946,3.5316183880507706,True,True,0.0,15688,9,9,False,9,1,44,0.9733820013661202,0.8346858438073381,0.8083803326864448,8,8,True,True,True
221,0.9,9.0,1.8,3.0,1.0,50260946,3.5316183880507706,True,True,0.0,15688,9,9,False,9,1,44,0.9733820013661202,0.8346858438073381,0.8083803326864448,8,8,True,True,True
221,1.0,10.0,2.0,3.0,1.0,50260946,3.5316183880507706,True,True,0.0,15688,9,9,False,9,1,44,0.9733820013661202,0.8346858438073381,0.8083803326864448,8,8,True,True,True
221,1.1,11.0,2.2,3.0,1.0,50260946,3.5316183880507706,True,True,0.0,15688,9,9,False,9,1,44,0.9733820013661202,0.8346858438073381,0.8083803326864448,8,8,True,True,True
221,1.2,12.0,2.4,3.0,1.0,50260946,3.5316183880507706,True,True,0.0,15688,9,9,False,9,1,44,0.9733820013661202,0.8346858438073381,0.8083803326864448,8,8,True,True,True
222,0.8,8.0,1.6,3.0,1.0,50260947,0.38085805243176835,True,True,0.0,15700,6,6,False,6,1,59,0.9865309084699454,0.8217254692830911,0.8101715690509252,8,8,True,True,True
222,0.9,9.0,1.8,3.0,1.0,50260947,0.38085805243176835,True,True,0.0,15700,6,6,False,6,1,59,0.9865309084699454,0.8217254692830911,0.8101715690509252,8,8,True,True,True
222,1.0,10.0,2.0,3.0,1.0,50260947,0.38085805243176835,True,True,0.0,15700,6,6,False,6,1,59,0.9865309084699454,0.8217254692830911,0.8101715690509252,8,8,True,True,True
222,1.1,11.0,2.2,3.0,1.0,50260947,0.38085805243176835,True,True,0.0,15700,6,6,False,6,0,0,0.9986979166666667,0.6989411756329411,0.6987137374961143,8,6,False,False,False
222,1.2,12.0,2.4,3.0,1.0,50260947,0.38085805243176835,True,True,0.0,15700,6,6,False,6,0,0,0.9986979166666667,0.6989411756329411,0.6987137374961143,8,6,False,False,False
223,0.8,8.0,1.6,3.0,1.0,50260948,0.5059120484247044,True,True,0.0,16243,7,7,False,7,1,94,0.9796896345628415,0.8210580080946176,0.8055217969105523,8,8,True,True,True
223,0.9,9.0,1.8,3.0,1.0,50260948,0.5059120484247044,True,True,0.0,16243,7,7,False,7,1,94,0.9796896345628415,0.8210580080946176,0.8055217969105523,8,8,True,True,True
223,1.0,10.0,2.0,3.0,1.0,50260948,0.5059120484247044,True,True,0.0,16243,7,7,False,7,0,0,1.0,0.7002076513749572,0.7002076513749572,8,6,False,False,False
223,1.1,11.0,2.2,3.0,1.0,50260948,0.5059120484247044,True,True,0.0,16243,7,7,False,7,0,0,1.0,0.7002076513749572,0.7002076513749572,8,6,False,False,False
223,1.2,12.0,2.4,3.0,1.0,50260948,0.5059120484247044,True,True,0.0,16243,7,7,False,7,0,0,1.0,0.7002076513749572,0.7002076513749572,8,6,False,False,False
224,0.8,8.0,1.6,3.0,1.0,50260949,4.791631522912502,True,True,0.0,15880,9,9,False,9,0,0,1.0,0.7249413513624128,0.7249413513624128,8,6,False,False,False
224,0.9,9.0,1.8,3.0,1.0,50260949,4.791631522912502,True,True,0.0,15880,9,9,False,9,0,0,1.0,0.7249413513624128,0.7249413513624128,8,6,False,False,False
224,1.0,10.0,2.0,3.0,1.0,50260949,4.791631522912502,True,True,0.0,15880,9,9,False,9,0,0,1.0,0.7249413513624128,0.7249413513624128,8,6,False,False,False
224,1.1,11.0,2.2,3.0,1.0,50260949,4.791631522912502,True,True,0.0,15880,9,9,False,9,0,0,1.0,0.7249413513624128,0.7249413513624128,8,6,False,False,False
224,1.2,12.0,2.4,3.0,1.0,50260949,4.791631522912502,True,True,0.0,15880,9,9,False,9,0,0,1.0,0.7249413513624128,0.7249413513624128,8,6,False,False,False
225,0.8,8.0,1.6,3.0,1.0,50260950,1.7755976403479343,True,True,0.0,15611,2,2,False,2,1,27,0.9631574453551912,0.9171797021376099,0.8806768292804239,8,7,True,True,False
225,0.9,9.0,1.8,3.0,1.0,50260950,1.7755976403479343,True,True,0.0,15611,2,2,False,2,1,27,0.9631574453551912,0.9171797021376099,0.8806768292804239,8,7,True,True,False
225,1.0,10.0,2.0,3.0,1.0,50260950,1.7755976403479343,True,True,0.0,15611,2,2,False,2,1,27,0.9631574453551912,0.9171797021376099,0.8806768292804239,8,7,True,True,False
225,1.1,11.0,2.2,3.0,1.0,50260950,1.7755976403479343,True,True,0.0,15611,2,2,False,2,1,27,0.9631574453551912,0.9171797021376099,0.8806768292804239,8,7,True,True,False
225,1.2,12.0,2.4,3.0,1.0,50260950,1.7755976403479343,True,True,0.0,15611,2,2,False,2,1,27,0.9631574453551912,0.9171797021376099,0.8806768292804239,8,7,True,True,False
226,0.8,8.0,1.6,3.0,1.0,50260951,0.2529911273304378,True,True,0.0,15866,4,4,False,4,0,0,1.0,0.6787021023758009,0.6787021023758009,8,5,False,False,False
226,0.9,9.0,1.8,3.0,1.0,50260951,0.2529911273304378,True,True,0.0,15866,4,4,False,4,0,0,1.0,0.6787021023758009,0.6787021023758009,8,5,False,False,False
226,1.0,10.0,2.0,3.0,1.0,50260951,0.2529911273304378,True,True,0.0,15866,4,4,False,4,0,0,1.0,0.6787021023758009,0.6787021023758009,8,5,False,False,False
226,1.1,11.0,2.2,3.0,1.0,50260951,0.2529911273304378,True,True,0.0,15866,4,4,False,4,0,0,1.0,0.6787021023758009,0.6787021023758009,8,5,False,False,False
226,1.2,12.0,2.4,3.0,1.0,50260951,0.2529911273304378,True,True,0.0,15866,4,4,False,4,0,0,1.0,0.6787021023758009,0.6787021023758009,8,5,False,False,False
227,0.8,8.0,1.6,3.0,1.0,50260952,2.045015659891393,True,True,0.0,15648,10,10,False,10,0,0,0.9953195382882882,0.7771152041481928,0.774250938490147,8,6,False,False,False
227,0.9,9.0,1.8,3.0,1.0,50260952,2.045015659891393,True,True,0.0,15648,10,10,False,10,0,0,0.9953195382882882,0.7771152041481928,0.774250938490147,8,6,False,False,False
227,1.0,10.0,2.0,3.0,1.0,50260952,2.045015659891393,True,True,0.0,15648,10,10,False,10,0,0,0.9953195382882882,0.7771152041481928,0.774250938490147,8,6,False,False,False
227,1.1,11.0,2.2,3.0,1.0,50260952,2.045015659891393,True,True,0.0,15648,10,10,False,10,0,0,0.9953195382882882,0.7771152041481928,0.774250938490147,8,6,False,False,False
227,1.2,12.0,2.4,3.0,1.0,50260952,2.045015659891393,True,True,0.0,15648,10,10,False,10,0,0,0.9953195382882882,0.7771152041481928,0.774250938490147,8,6,False,False,False
228,0.8,8.0,1.6,3.0,1.0,50260953,6.050901819971508,True,True,0.0,15936,3,3,False,3,1,41,0.979369450136612,0.8582045359568953,0.8425484808717387,8,8,True,True,True
228,0.9,9.0,1.8,3.0,1.0,50260953,6.050901819971508,True,True,0.0,15936,3,3,False,3,1,41,0.979369450136612,0.8582045359568953,0.8425484808717387,8,8,True,True,True
228,1.0,10.0,2.0,3.0,1.0,50260953,6.050901819971508,True,True,0.0,15936,3,3,False,3,1,41,0.979369450136612,0.8582045359568953,0.8425484808717387,8,8,True,True,True
228,1.1,11.0,2.2,3.0,1.0,50260953,6.050901819971508,True,True,0.0,15936,3,3,False,3,1,41,0.979369450136612,0.8582045359568953,0.8425484808717387,8,8,True,True,True
228,1.2,12.0,2.4,3.0,1.0,50260953,6.050901819971508,True,True,0.0,15936,3,3,False,3,1,41,0.979369450136612,0.8582045359568953,0.8425484808717387,8,8,True,True,True
229,0.8,8.0,1.6,3.0,1.0,50260954,2.1516557360614548,True,True,0.0,16102,5,5,False,5,0,0,1.0,0.7803108185919975,0.7803108185919975,8,6,False,False,False
229,0.9,9.0,1.8,3.0,1.0,50260954,2.1516557360614548,True,True,0.0,16102,5,5,False,5,0,0,1.0,0.7803108185919975,0.7803108185919975,8,6,False,False,False
229,1.0,10.0,2.0,3.0,1.0,50260954,2.1516557360614548,True,True,0.0,16102,5,5,False,5,0,0,1.0,0.7803108185919975,0.7803108185919975,8,6,False,False,False
229,1.1,11.0,2.2,3.0,1.0,50260954,2.1516557360614548,True,True,0.0,16102,5,5,False,5,0,0,1.0,0.7803108185919975,0.7803108185919975,8,6,False,False,False
229,1.2,12.0,2.4,3.0,1.0,50260954,2.1516557360614548,True,True,0.0,16102,5,5,False,5,0,0,1.0,0.7803108185919975,0.7803108185919975,8,6,False,False,False
230,0.8,8.0,1.6,3.0,1.0,50260955,3.753010125861641,True,True,0.0,15667,1,1,False,1,1,30,0.9786223531420766,0.8956221050254245,0.8745853869471414,8,8,True,True,True
230,0.9,9.0,1.8,3.0,1.0,50260955,3.753010125861641,True,True,0.0,15667,1,1,False,1,1,30,0.9786223531420766,0.8956221050254245,0.8745853869471414,8,8,True,True,True
230,1.0,10.0,2.0,3.0,1.0,50260955,3.753010125861641,True,True,0.0,15667,1,1,False,1,1,30,0.9786223531420766,0.8956221050254245,0.8745853869471414,8,8,True,True,True
230,1.1,11.0,2.2,3.0,1.0,50260955,3.753010125861641,True,True,0.0,15667,1,1,False,1,1,30,0.9786223531420766,0.8956221050254245,0.8745853869471414,8,8,True,True,True
230,1.2,12.0,2.4,3.0,1.0,50260955,3.753010125861641,True,True,0.0,15667,1,1,False,1,0,0,1.0,0.7724348092556186,0.7724348092556186,8,7,False,False,False
231,0.8,8.0,1.6,3.0,1.0,50260956,1.5892769390402945,True,True,0.0,15666,4,4,False,4,0,0,0.9966216216216216,0.7819023896606034,0.779017774275988,8,6,False,False,False
231,0.9,9.0,1.8,3.0,1.0,50260956,1.5892769390402945,True,True,0.0,15666,4,4,False,4,0,0,0.9966216216216216,0.7819023896606034,0.779017774275988,8,6,False,False,False
231,1.0,10.0,2.0,3.0,1.0,50260956,1.5892769390402945,True,True,0.0,15666,4,4,False,4,0,0,0.9966216216216216,0.7819023896606034,0.779017774275988,8,6,False,False,False
231,1.1,11.0,2.2,3.0,1.0,50260956,1.5892769390402945,True,True,0.0,15666,4,4,False,4,0,0,0.9966216216216216,0.7819023896606034,0.779017774275988,8,6,False,False,False
231,1.2,12.0,2.4,3.0,1.0,50260956,1.5892769390402945,True,True,0.0,15666,4,4,False,4,0,0,0.9966216216216216,0.7819023896606034,0.779017774275988,8,6,False,False,False
232,0.8,8.0,1.6,3.0,1.0,50260957,0.9079060623006825,True,True,0.0,16000,9,9,False,9,0,0,1.0,0.7703908789205712,0.7703908789205712,8,6,False,False,False
232,0.9,9.0,1.8,3.0,1.0,50260957,0.9079060623006825,True,True,0.0,16000,9,9,False,9,0,0,1.0,0.7703908789205712,0.7703908789205712,8,6,False,False,False
232,1.0,10.0,2.0,3.0,1.0,50260957,0.9079060623006825,True,True,0.0,16000,9,9,False,9,0,0,1.0,0.7703908789205712,0.7703908789205712,8,6,False,False,False
232,1.1,11.0,2.2,3.0,1.0,50260957,0.9079060623006825,True,True,0.0,16000,9,9,False,9,0,0,1.0,0.7703908789205712,0.7703908789205712,8,6,False,False,False
232,1.2,12.0,2.4,3.0,1.0,50260957,0.9079060623006825,True,True,0.0,16000,9,9,False,9,0,0,1.0,0.7703908789205712,0.7703908789205712,8,6,False,False,False
233,0.8,8.0,1.6,3.0,1.0,50260958,2.2182915257830347,True,True,0.0,15404,1,1,False,1,0,0,0.9966216216216216,0.705472936894501,0.7027290344554766,8,6,False,False,False
233,0.9,9.0,1.8,3.0,1.0,50260958,2.2182915257830347,True,True,0.0,15404,1,1,False,1,0,0,0.9966216216216216,0.705472936894501,0.7027290344554766,8,6,False,False,False
233,1.0,10.0,2.0,3.0,1.0,50260958,2.2182915257830347,True,True,0.0,15404,1,1,False,1,0,0,0.9966216216216216,0.705472936894501,0.7027290344554766,8,6,False,False,False
233,1.1,11.0,2.2,3.0,1.0,50260958,2.2182915257830347,True,True,0.0,15404,1,1,False,1,0,0,0.9966216216216216,0.705472936894501,0.7027290344554766,8,6,False,False,False
233,1.2,12.0,2.4,3.0,1.0,50260958,2.2182915257830347,True,True,0.0,15404,1,1,False,1,0,0,0.9966216216216216,0.705472936894501,0.7027290344554766,8,6,False,False,False
234,0.8,8.0,1.6,3.0,1.0,50260959,2.293532904376952,True,True,0.0,15922,5,5,False,5,0,0,1.0,0.7781933234889012,0.7781933234889012,8,7,False,False,False
234,0.9,9.0,1.8,3.0,1.0,50260959,2.293532904376952,True,True,0.0,15922,5,5,False,5,0,0,1.0,0.7781933234889012,0.7781933234889012,8,7,False,False,False
234,1.0,10.0,2.0,3.0,1.0,50260959,2.293532904376952,True,True,0.0,15922,5,5,False,5,0,0,1.0,0.7781933234889012,0.7781933234889012,8,7,False,False,False
234,1.1,11.0,2.2,3.0,1.0,50260959,2.293532904376952,True,True,0.0,15922,5,5,False,5,0,0,1.0,0.7781933234889012,0.7781933234889012,8,7,False,False,False
234,1.2,12.0,2.4,3.0,1.0,50260959,2.293532904376952,True,True,0.0,15922,5,5,False,5,0,0,1.0,0.7781933234889012,0.7781933234889012,8,7,False,False,False
235,0.8,8.0,1.6,3.0,1.0,50260960,3.5230896407247236,True,True,0.0,15961,2,2,False,2,0,0,1.0,0.7190567799686651,0.7190567799686651,8,6,False,False,False
235,0.9,9.0,1.8,3.0,1.0,50260960,3.5230896407247236,True,True,0.0,15961,2,2,False,2,0,0,1.0,0.7190567799686651,0.7190567799686651,8,6,False,False,False
235,1.0,10.0,2.0,3.0,1.0,50260960,3.5230896407247236,True,True,0.0,15961,2,2,False,2,0,0,1.0,0.7190567799686651,0.7190567799686651,8,6,False,False,False
235,1.1,11.0,2.2,3.0,1.0,50260960,3.5230896407247236,True,True,0.0,15961,2,2,False,2,0,0,1.0,0.7190567799686651,0.7190567799686651,8,6,False,False,False
235,1.2,12.0,2.4,3.0,1.0,50260960,3.5230896407247236,True,True,0.0,15961,2,2,False,2,0,0,1.0,0.7190567799686651,0.7190567799686651,8,6,False,False,False
236,0.8,8.0,1.6,3.0,1.0,50260961,5.2347027232772065,True,True,0.0,15884,2,2,False,2,0,0,1.0,0.7474206661788863,0.7474206661788863,8,6,False,False,False
236,0.9,9.0,1.8,3.0,1.0,50260961,5.2347027232772065,True,True,0.0,15884,2,2,False,2,0,0,1.0,0.7474206661788863,0.7474206661788863,8,6,False,False,False
236,1.0,10.0,2.0,3.0,1.0,50260961,5.2347027232772065,True,True,0.0,15884,2,2,False,2,0,0,1.0,0.7474206661788863,0.7474206661788863,8,6,False,False,False
236,1.1,11.0,2.2,3.0,1.0,50260961,5.2347027232772065,True,True,0.0,15884,2,2,False,2,0,0,1.0,0.7474206661788863,0.7474206661788863,8,6,False,False,False
236,1.2,12.0,2.4,3.0,1.0,50260961,5.2347027232772065,True,True,0.0,15884,2,2,False,2,0,0,1.0,0.7474206661788863,0.7474206661788863,8,6,False,False,False
237,0.8,8.0,1.6,3.0,1.0,50260962,3.251342356095634,True,True,0.0,15959,8,8,False,8,0,0,1.0,0.6918481388088449,0.6918481388088449,8,5,False,False,False
237,0.9,9.0,1.8,3.0,1.0,50260962,3.251342356095634,True,True,0.0,15959,8,8,False,8,0,0,1.0,0.6918481388088449,0.6918481388088449,8,5,False,False,False
237,1.0,10.0,2.0,3.0,1.0,50260962,3.251342356095634,True,True,0.0,15959,8,8,False,8,0,0,1.0,0.6918481388088449,0.6918481388088449,8,5,False,False,False
237,1.1,11.0,2.2,3.0,1.0,50260962,3.251342356095634,True,True,0.0,15959,8,8,False,8,0,0,1.0,0.6918481388088449,0.6918481388088449,8,5,False,False,False
237,1.2,12.0,2.4,3.0,1.0,50260962,3.251342356095634,True,True,0.0,15959,8,8,False,8,0,0,1.0,0.6918481388088449,0.6918481388088449,8,5,False,False,False
238,0.8,8.0,1.6,3.0,1.0,50260963,3.705813913133724,True,True,0.0,16072,1,1,False,1,0,0,1.0,0.7363043337020421,0.7363043337020421,8,6,False,False,False
238,0.9,9.0,1.8,3.0,1.0,50260963,3.705813913133724,True,True,0.0,16072,1,1,False,1,0,0,1.0,0.7363043337020421,0.7363043337020421,8,6,False,False,False
238,1.0,10.0,2.0,3.0,1.0,50260963,3.705813913133724,True,True,0.0,16072,1,1,False,1,0,0,1.0,0.7363043337020421,0.7363043337020421,8,6,False,False,False
238,1.1,11.0,2.2,3.0,1.0,50260963,3.705813913133724,True,True,0.0,16072,1,1,False,1,0,0,1.0,0.7363043337020421,0.7363043337020421,8,6,False,False,False
238,1.2,12.0,2.4,3.0,1.0,50260963,3.705813913133724,True,True,0.0,16072,1,1,False,1,0,0,1.0,0.7363043337020421,0.7363043337020421,8,6,False,False,False
239,0.8,8.0,1.6,3.0,1.0,50260964,0.1259859510864109,True,True,0.0,15792,12,12,False,12,1,34,0.9767701871953921,0.8506651303196568,0.8317314156334817,8,8,True,True,True
239,0.9,9.0,1.8,3.0,1.0,50260964,0.1259859510864109,True,True,0.0,15792,12,12,False,12,1,34,0.9767701871953921,0.8506651303196568,0.8317314156334817,8,8,True,True,True
239,1.0,10.0,2.0,3.0,1.0,50260964,0.1259859510864109,True,True,0.0,15792,12,12,False,12,0,0,0.9953195382882882,0.7323919687987788,0.7303362357436782,8,6,False,False,False
239,1.1,11.0,2.2,3.0,1.0,50260964,0.1259859510864109,True,True,0.0,15792,12,12,False,12,0,0,0.9953195382882882,0.7323919687987788,0.7303362357436782,8,6,False,False,False
239,1.2,12.0,2.4,3.0,1.0,50260964,0.1259859510864109,True,True,0.0,15792,12,12,False,12,0,0,0.9953195382882882,0.7323919687987788,0.7303362357436782,8,6,False,False,False
240,0.8,8.0,1.6,3.0,1.0,50260965,2.331827791345857,True,True,0.0,15863,2,2,False,2,0,0,1.0,0.7159048096815683,0.7159048096815683,8,6,False,False,False
240,0.9,9.0,1.8,3.0,1.0,50260965,2.331827791345857,True,True,0.0,15863,2,2,False,2,0,0,1.0,0.7159048096815683,0.7159048096815683,8,6,False,False,False
240,1.0,10.0,2.0,3.0,1.0,50260965,2.331827791345857,True,True,0.0,15863,2,2,False,2,0,0,1.0,0.7159048096815683,0.7159048096815683,8,6,False,False,False
240,1.1,11.0,2.2,3.0,1.0,50260965,2.331827791345857,True,True,0.0,15863,2,2,False,2,0,0,1.0,0.7159048096815683,0.7159048096815683,8,6,False,False,False
240,1.2,12.0,2.4,3.0,1.0,50260965,2.331827791345857,True,True,0.0,15863,2,2,False,2,0,0,1.0,0.7159048096815683,0.7159048096815683,8,6,False,False,False
241,0.8,8.0,1.6,3.0,1.0,50260966,6.017716938838055,True,True,0.0,16559,8,8,False,8,0,0,1.0,0.7636748803842383,0.7636748803842383,8,6,False,False,False
241,0.9,9.0,1.8,3.0,1.0,50260966,6.017716938838055,True,True,0.0,16559,8,8,False,8,0,0,1.0,0.7636748803842383,0.7636748803842383,8,6,False,False,False
241,1.0,10.0,2.0,3.0,1.0,50260966,6.017716938838055,True,True,0.0,16559,8,8,False,8,0,0,1.0,0.7636748803842383,0.7636748803842383,8,6,False,False,False
241,1.1,11.0,2.2,3.0,1.0,50260966,6.017716938838055,True,True,0.0,16559,8,8,False,8,0,0,1.0,0.7636748803842383,0.7636748803842383,8,6,False,False,False
241,1.2,12.0,2.4,3.0,1.0,50260966,6.017716938838055,True,True,0.0,16559,8,8,False,8,0,0,1.0,0.7636748803842383,0.7636748803842383,8,6,False,False,False
242,0.8,8.0,1.6,3.0,1.0,50260967,1.4233521513372263,True,True,0.0,16177,8,8,False,8,0,0,1.0,0.7522317699574789,0.7522317699574789,8,6,False,False,False
242,0.9,9.0,1.8,3.0,1.0,50260967,1.4233521513372263,True,True,0.0,16177,8,8,False,8,0,0,1.0,0.7522317699574789,0.7522317699574789,8,6,False,False,False
242,1.0,10.0,2.0,3.0,1.0,50260967,1.4233521513372263,True,True,0.0,16177,8,8,False,8,0,0,1.0,0.7522317699574789,0.7522317699574789,8,6,False,False,False
242,1.1,11.0,2.2,3.0,1.0,50260967,1.4233521513372263,True,True,0.0,16177,8,8,False,8,0,0,1.0,0.7522317699574789,0.7522317699574789,8,6,False,False,False
242,1.2,12.0,2.4,3.0,1.0,50260967,1.4233521513372263,True,True,0.0,16177,8,8,False,8,0,0,1.0,0.7522317699574789,0.7522317699574789,8,6,False,False,False
243,0.8,8.0,1.6,3.0,1.0,50260968,1.4957814879630391,True,True,0.0,15817,10,10,False,10,0,0,1.0,0.7494550086771554,0.7494550086771554,8,6,False,False,False
243,0.9,9.0,1.8,3.0,1.0,50260968,1.4957814879630391,True,True,0.0,15817,10,10,False,10,0,0,1.0,0.7494550086771554,0.7494550086771554,8,6,False,False,False
243,1.0,10.0,2.0,3.0,1.0,50260968,1.4957814879630391,True,True,0.0,15817,10,10,False,10,0,0,1.0,0.7494550086771554,0.7494550086771554,8,6,False,False,False
243,1.1,11.0,2.2,3.0,1.0,50260968,1.4957814879630391,True,True,0.0,15817,10,10,False,10,0,0,1.0,0.7494550086771554,0.7494550086771554,8,6,False,False,False
243,1.2,12.0,2.4,3.0,1.0,50260968,1.4957814879630391,True,True,0.0,15817,10,10,False,10,0,0,1.0,0.7494550086771554,0.7494550086771554,8,6,False,False,False
244,0.8,8.0,1.6,3.0,1.0,50260969,0.9723313161436843,True,True,0.0,15818,5,5,False,5,0,0,1.0,0.7241491091550056,0.7241491091550056,8,6,False,False,False
244,0.9,9.0,1.8,3.0,1.0,50260969,0.9723313161436843,True,True,0.0,15818,5,5,False,5,0,0,1.0,0.7241491091550056,0.7241491091550056,8,6,False,False,False
244,1.0,10.0,2.0,3.0,1.0,50260969,0.9723313161436843,True,True,0.0,15818,5,5,False,5,0,0,1.0,0.7241491091550056,0.7241491091550056,8,6,False,False,False
244,1.1,11.0,2.2,3.0,1.0,50260969,0.9723313161436843,True,True,0.0,15818,5,5,False,5,0,0,1.0,0.7241491091550056,0.7241491091550056,8,6,False,False,False
244,1.2,12.0,2.4,3.0,1.0,50260969,0.9723313161436843,True,True,0.0,15818,5,5,False,5,0,0,1.0,0.7241491091550056,0.7241491091550056,8,6,False,False,False
245,0.8,8.0,1.6,3.0,1.0,50260970,5.3174411127207994,True,True,0.0,16084,15,15,False,15,0,0,1.0,0.7715492327151616,0.7715492327151616,8,7,False,False,False
245,0.9,9.0,1.8,3.0,1.0,50260970,5.3174411127207994,True,True,0.0,16084,15,15,False,15,0,0,1.0,0.7715492327151616,0.7715492327151616,8,7,False,False,False
245,1.0,10.0,2.0,3.0,1.0,50260970,5.3174411127207994,True,True,0.0,16084,15,15,False,15,0,0,1.0,0.7715492327151616,0.7715492327151616,8,7,False,False,False
245,1.1,11.0,2.2,3.0,1.0,50260970,5.3174411127207994,True,True,0.0,16084,15,15,False,15,0,0,1.0,0.7715492327151616,0.7715492327151616,8,7,False,False,False
245,1.2,12.0,2.4,3.0,1.0,50260970,5.3174411127207994,True,True,0.0,16084,15,15,False,15,0,0,1.0,0.7715492327151616,0.7715492327151616,8,7,False,False,False
246,0.8,8.0,1.6,3.0,1.0,50260971,3.978434312001129,True,True,0.0,15685,25,9,True,0,0,0,1.0,0.8700654308720062,0.8700654308720062,8,8,True,True,True
246,0.9,9.0,1.8,3.0,1.0,50260971,3.978434312001129,True,True,0.0,15685,25,9,True,0,0,0,1.0,0.8700654308720062,0.8700654308720062,8,8,True,True,True
246,1.0,10.0,2.0,3.0,1.0,50260971,3.978434312001129,True,True,0.0,15685,25,9,True,0,0,0,1.0,0.8700654308720062,0.8700654308720062,8,8,True,True,True
246,1.1,11.0,2.2,3.0,1.0,50260971,3.978434312001129,True,True,0.0,15685,25,9,True,0,0,0,1.0,0.8700654308720062,0.8700654308720062,8,8,True,True,True
246,1.2,12.0,2.4,3.0,1.0,50260971,3.978434312001129,True,True,0.0,15685,25,9,True,0,0,0,1.0,0.8700654308720062,0.8700654308720062,8,8,True,True,True
247,0.8,8.0,1.6,3.0,1.0,50260972,0.3304712060977067,True,True,0.0,15702,2,2,False,2,0,0,1.0,0.7730479174927543,0.7730479174927543,8,6,False,False,False
247,0.9,9.0,1.8,3.0,1.0,50260972,0.3304712060977067,True,True,0.0,15702,2,2,False,2,0,0,1.0,0.7730479174927543,0.7730479174927543,8,6,False,False,False
247,1.0,10.0,2.0,3.0,1.0,50260972,0.3304712060977067,True,True,0.0,15702,2,2,False,2,0,0,1.0,0.7730479174927543,0.7730479174927543,8,6,False,False,False
247,1.1,11.0,2.2,3.0,1.0,50260972,0.3304712060977067,True,True,0.0,15702,2,2,False,2,0,0,1.0,0.7730479174927543,0.7730479174927543,8,6,False,False,False
247,1.2,12.0,2.4,3.0,1.0,50260972,0.3304712060977067,True,True,0.0,15702,2,2,False,2,0,0,1.0,0.7730479174927543,0.7730479174927543,8,6,False,False,False
248,0.8,8.0,1.6,3.0,1.0,50260973,2.3873388713016213,True,True,0.0,15284,2,2,False,2,0,0,0.9953195382882882,0.8042710630939136,0.8009601466351388,8,6,False,False,False
248,0.9,9.0,1.8,3.0,1.0,50260973,2.3873388713016213,True,True,0.0,15284,2,2,False,2,0,0,0.9953195382882882,0.8042710630939136,0.8009601466351388,8,6,False,False,False
248,1.0,10.0,2.0,3.0,1.0,50260973,2.3873388713016213,True,True,0.0,15284,2,2,False,2,0,0,0.9953195382882882,0.8042710630939136,0.8009601466351388,8,6,False,False,False
248,1.1,11.0,2.2,3.0,1.0,50260973,2.3873388713016213,True,True,0.0,15284,2,2,False,2,0,0,0.9953195382882882,0.8042710630939136,0.8009601466351388,8,6,False,False,False
248,1.2,12.0,2.4,3.0,1.0,50260973,2.3873388713016213,True,True,0.0,15284,2,2,False,2,0,0,0.9953195382882882,0.8042710630939136,0.8009601466351388,8,6,False,False,False
249,0.8,8.0,1.6,3.0,1.0,50260974,4.528348604726679,True,True,0.0,16161,5,5,False,5,0,0,1.0,0.6757469466812557,0.6757469466812557,8,6,False,False,False
249,0.9,9.0,1.8,3.0,1.0,50260974,4.528348604726679,True,True,0.0,16161,5,5,False,5,0,0,1.0,0.6757469466812557,0.6757469466812557,8,6,False,False,False
249,1.0,10.0,2.0,3.0,1.0,50260974,4.528348604726679,True,True,0.0,16161,5,5,False,5,0,0,1.0,0.6757469466812557,0.6757469466812557,8,6,False,False,False
249,1.1,11.0,2.2,3.0,1.0,50260974,4.528348604726679,True,True,0.0,16161,5,5,False,5,0,0,1.0,0.6757469466812557,0.6757469466812557,8,6,False,False,False
249,1.2,12.0,2.4,3.0,1.0,50260974,4.528348604726679,True,True,0.0,16161,5,5,False,5,0,0,1.0,0.6757469466812557,0.6757469466812557,8,6,False,False,False
250,0.8,8.0,1.6,3.0,1.0,50260975,1.2732921084167694,True,True,0.0,15877,10,10,False,10,0,0,1.0,0.7239718594316308,0.7239718594316308,8,6,False,False,False
250,0.9,9.0,1.8,3.0,1.0,50260975,1.2732921084167694,True,True,0.0,15877,10,10,False,10,0,0,1.0,0.7239718594316308,0.7239718594316308,8,6,False,False,False
250,1.0,10.0,2.0,3.0,1.0,50260975,1.2732921084167694,True,True,0.0,15877,10,10,False,10,0,0,1.0,0.7239718594316308,0.7239718594316308,8,6,False,False,False
250,1.1,11.0,2.2,3.0,1.0,50260975,1.2732921084167694,True,True,0.0,15877,10,10,False,10,0,0,1.0,0.7239718594316308,0.7239718594316308,8,6,False,False,False
250,1.2,12.0,2.4,3.0,1.0,50260975,1.2732921084167694,True,True,0.0,15877,10,10,False,10,0,0,1.0,0.7239718594316308,0.7239718594316308,8,6,False,False,False
251,0.8,8.0,1.6,3.0,1.0,50260976,1.1446873648867064,True,True,0.0,15513,13,13,False,13,1,35,0.9764450990437159,0.9347935869460612,0.9114638288270123,8,8,True,True,True
251,0.9,9.0,1.8,3.0,1.0,50260976,1.1446873648867064,True,True,0.0,15513,13,13,False,13,1,35,0.9764450990437159,0.9347935869460612,0.9114638288270123,8,8,True,True,True
251,1.0,10.0,2.0,3.0,1.0,50260976,1.1446873648867064,True,True,0.0,15513,13,13,False,13,1,35,0.9764450990437159,0.9347935869460612,0.9114638288270123,8,8,True,True,True
251,1.1,11.0,2.2,3.0,1.0,50260976,1.1446873648867064,True,True,0.0,15513,13,13,False,13,1,35,0.9764450990437159,0.9347935869460612,0.9114638288270123,8,8,True,True,True
251,1.2,12.0,2.4,3.0,1.0,50260976,1.1446873648867064,True,True,0.0,15513,13,13,False,13,1,35,0.9764450990437159,0.9347935869460612,0.9114638288270123,8,8,True,True,True
252,0.8,8.0,1.6,3.0,1.0,50260977,0.09762877775042555,True,True,0.0,15754,2,2,False,2,0,0,1.0,0.7357281166571347,0.7357281166571347,8,7,False,False,False
252,0.9,9.0,1.8,3.0,1.0,50260977,0.09762877775042555,True,True,0.0,15754,2,2,False,2,0,0,1.0,0.7357281166571347,0.7357281166571347,8,7,False,False,False
252,1.0,10.0,2.0,3.0,1.0,50260977,0.09762877775042555,True,True,0.0,15754,2,2,False,2,0,0,1.0,0.7357281166571347,0.7357281166571347,8,7,False,False,False
252,1.1,11.0,2.2,3.0,1.0,50260977,0.09762877775042555,True,True,0.0,15754,2,2,False,2,0,0,1.0,0.7357281166571347,0.7357281166571347,8,7,False,False,False
252,1.2,12.0,2.4,3.0,1.0,50260977,0.09762877775042555,True,True,0.0,15754,2,2,False,2,0,0,1.0,0.7357281166571347,0.7357281166571347,8,7,False,False,False
253,0.8,8.0,1.6,3.0,1.0,50260978,5.6406860057050645,True,True,0.0,16106,5,5,False,5,0,0,1.0,0.7294171521872596,0.7294171521872596,8,6,False,False,False
253,0.9,9.0,1.8,3.0,1.0,50260978,5.6406860057050645,True,True,0.0,16106,5,5,False,5,0,0,1.0,0.7294171521872596,0.7294171521872596,8,6,False,False,False
253,1.0,10.0,2.0,3.0,1.0,50260978,5.6406860057050645,True,True,0.0,16106,5,5,False,5,0,0,1.0,0.7294171521872596,0.7294171521872596,8,6,False,False,False
253,1.1,11.0,2.2,3.0,1.0,50260978,5.6406860057050645,True,True,0.0,16106,5,5,False,5,0,0,1.0,0.7294171521872596,0.7294171521872596,8,6,False,False,False
253,1.2,12.0,2.4,3.0,1.0,50260978,5.6406860057050645,True,True,0.0,16106,5,5,False,5,0,0,1.0,0.7294171521872596,0.7294171521872596,8,6,False,False,False
254,0.8,8.0,1.6,3.0,1.0,50260979,0.9517466761501627,True,True,0.0,16058,3,3,False,3,0,0,1.0,0.7199477892360513,0.7199477892360513,8,6,False,False,False
254,0.9,9.0,1.8,3.0,1.0,50260979,0.9517466761501627,True,True,0.0,16058,3,3,False,3,0,0,1.0,0.7199477892360513,0.7199477892360513,8,6,False,False,False
254,1.0,10.0,2.0,3.0,1.0,50260979,0.9517466761501627,True,True,0.0,16058,3,3,False,3,0,0,1.0,0.7199477892360513,0.7199477892360513,8,6,False,False,False
254,1.1,11.0,2.2,3.0,1.0,50260979,0.9517466761501627,True,True,0.0,16058,3,3,False,3,0,0,1.0,0.7199477892360513,0.7199477892360513,8,6,False,False,False
254,1.2,12.0,2.4,3.0,1.0,50260979,0.9517466761501627,True,True,0.0,16058,3,3,False,3,0,0,1.0,0.7199477892360513,0.7199477892360513,8,6,False,False,False
255,0.8,8.0,1.6,3.0,1.0,50260980,0.9710841806698762,True,True,0.0,15650,1,1,False,1,0,0,1.0,0.7215250968387643,0.7215250968387643,8,6,False,False,False
255,0.9,9.0,1.8,3.0,1.0,50260980,0.9710841806698762,True,True,0.0,15650,1,1,False,1,0,0,1.0,0.7215250968387643,0.7215250968387643,8,6,False,False,False
255,1.0,10.0,2.0,3.0,1.0,50260980,0.9710841806698762,True,True,0.0,15650,1,1,False,1,0,0,1.0,0.7215250968387643,0.7215250968387643,8,6,False,False,False
255,1.1,11.0,2.2,3.0,1.0,50260980,0.9710841806698762,True,True,0.0,15650,1,1,False,1,0,0,1.0,0.7215250968387643,0.7215250968387643,8,6,False,False,False
255,1.2,12.0,2.4,3.0,1.0,50260980,0.9710841806698762,True,True,0.0,15650,1,1,False,1,0,0,1.0,0.7215250968387643,0.7215250968387643,8,6,False,False,False
256,0.8,8.0,1.6,3.0,1.0,50260981,2.58746215664821,True,True,0.0,15850,4,4,False,4,1,57,0.9391009221311475,0.9094255405965518,0.8560325147756451,8,7,True,True,False
256,0.9,9.0,1.8,3.0,1.0,50260981,2.58746215664821,True,True,0.0,15850,4,4,False,4,0,0,1.0,0.7859520081017929,0.7859520081017929,8,6,False,False,False
256,1.0,10.0,2.0,3.0,1.0,50260981,2.58746215664821,True,True,0.0,15850,4,4,False,4,0,0,1.0,0.7859520081017929,0.7859520081017929,8,6,False,False,False
256,1.1,11.0,2.2,3.0,1.0,50260981,2.58746215664821,True,True,0.0,15850,4,4,False,4,0,0,1.0,0.7859520081017929,0.7859520081017929,8,6,False,False,False
256,1.2,12.0,2.4,3.0,1.0,50260981,2.58746215664821,True,True,0.0,15850,4,4,False,4,0,0,1.0,0.7859520081017929,0.7859520081017929,8,6,False,False,False
257,0.8,8.0,1.6,3.0,1.0,50260982,4.074414596475892,True,True,0.0,15875,12,12,False,12,1,26,0.979828381147541,0.8892673484702667,0.8698938748593761,8,8,True,True,True
257,0.9,9.0,1.8,3.0,1.0,50260982,4.074414596475892,True,True,0.0,15875,12,12,False,12,1,26,0.979828381147541,0.8892673484702667,0.8698938748593761,8,8,True,True,True
257,1.0,10.0,2.0,3.0,1.0,50260982,4.074414596475892,True,True,0.0,15875,12,12,False,12,1,26,0.979828381147541,0.8892673484702667,0.8698938748593761,8,8,True,True,True
257,1.1,11.0,2.2,3.0,1.0,50260982,4.074414596475892,True,True,0.0,15875,12,12,False,12,1,26,0.979828381147541,0.8892673484702667,0.8698938748593761,8,8,True,True,True
257,1.2,12.0,2.4,3.0,1.0,50260982,4.074414596475892,True,True,0.0,15875,12,12,False,12,1,26,0.979828381147541,0.8892673484702667,0.8698938748593761,8,8,True,True,True
258,0.8,8.0,1.6,3.0,1.0,50260983,4.679380803385436,True,True,0.0,16258,5,5,False,5,0,0,1.0,0.7657146028056321,0.7657146028056321,8,6,False,False,False
258,0.9,9.0,1.8,3.0,1.0,50260983,4.679380803385436,True,True,0.0,16258,5,5,False,5,0,0,1.0,0.7657146028056321,0.7657146028056321,8,6,False,False,False
258,1.0,10.0,2.0,3.0,1.0,50260983,4.679380803385436,True,True,0.0,16258,5,5,False,5,0,0,1.0,0.7657146028056321,0.7657146028056321,8,6,False,False,False
258,1.1,11.0,2.2,3.0,1.0,50260983,4.679380803385436,True,True,0.0,16258,5,5,False,5,0,0,1.0,0.7657146028056321,0.7657146028056321,8,6,False,False,False
258,1.2,12.0,2.4,3.0,1.0,50260983,4.679380803385436,True,True,0.0,16258,5,5,False,5,0,0,1.0,0.7657146028056321,0.7657146028056321,8,6,False,False,False
259,0.8,8.0,1.6,3.0,1.0,50260984,1.3819833272713993,True,True,0.0,16051,2,2,False,2,1,27,0.976349043715847,0.8804506179596813,0.8588717845397268,8,8,True,True,True
259,0.9,9.0,1.8,3.0,1.0,50260984,1.3819833272713993,True,True,0.0,16051,2,2,False,2,1,27,0.976349043715847,0.8804506179596813,0.8588717845397268,8,8,True,True,True
259,1.0,10.0,2.0,3.0,1.0,50260984,1.3819833272713993,True,True,0.0,16051,2,2,False,2,1,27,0.976349043715847,0.8804506179596813,0.8588717845397268,8,8,True,True,True
259,1.1,11.0,2.2,3.0,1.0,50260984,1.3819833272713993,True,True,0.0,16051,2,2,False,2,1,27,0.976349043715847,0.8804506179596813,0.8588717845397268,8,8,True,True,True
259,1.2,12.0,2.4,3.0,1.0,50260984,1.3819833272713993,True,True,0.0,16051,2,2,False,2,1,27,0.976349043715847,0.8804506179596813,0.8588717845397268,8,8,True,True,True
260,0.8,8.0,1.6,3.0,1.0,50260985,4.984242992576499,True,True,0.0,16302,6,6,False,6,0,0,1.0,0.7300130678593162,0.7300130678593162,8,6,False,False,False
260,0.9,9.0,1.8,3.0,1.0,50260985,4.984242992576499,True,True,0.0,16302,6,6,False,6,0,0,1.0,0.7300130678593162,0.7300130678593162,8,6,False,False,False
260,1.0,10.0,2.0,3.0,1.0,50260985,4.984242992576499,True,True,0.0,16302,6,6,False,6,0,0,1.0,0.7300130678593162,0.7300130678593162,8,6,False,False,False
260,1.1,11.0,2.2,3.0,1.0,50260985,4.984242992576499,True,True,0.0,16302,6,6,False,6,0,0,1.0,0.7300130678593162,0.7300130678593162,8,6,False,False,False
260,1.2,12.0,2.4,3.0,1.0,50260985,4.984242992576499,True,True,0.0,16302,6,6,False,6,0,0,1.0,0.7300130678593162,0.7300130678593162,8,6,False,False,False
261,0.8,8.0,1.6,3.0,1.0,50260986,2.2281106108765547,True,True,0.0,16212,1,1,False,1,1,35,0.975527237021858,0.8292368146978331,0.8074514187990814,8,8,True,True,True
261,0.9,9.0,1.8,3.0,1.0,50260986,2.2281106108765547,True,True,0.0,16212,1,1,False,1,1,35,0.975527237021858,0.8292368146978331,0.8074514187990814,8,8,True,True,True
261,1.0,10.0,2.0,3.0,1.0,50260986,2.2281106108765547,True,True,0.0,16212,1,1,False,1,1,35,0.975527237021858,0.8292368146978331,0.8074514187990814,8,8,True,True,True
261,1.1,11.0,2.2,3.0,1.0,50260986,2.2281106108765547,True,True,0.0,16212,1,1,False,1,1,35,0.975527237021858,0.8292368146978331,0.8074514187990814,8,8,True,True,True
261,1.2,12.0,2.4,3.0,1.0,50260986,2.2281106108765547,True,True,0.0,16212,1,1,False,1,1,35,0.975527237021858,0.8292368146978331,0.8074514187990814,8,8,True,True,True
262,0.8,8.0,1.6,3.0,1.0,50260987,0.5356645525906149,True,True,0.0,15942,5,5,False,5,0,0,1.0,0.7978743413775279,0.7978743413775279,8,6,False,False,False
262,0.9,9.0,1.8,3.0,1.0,50260987,0.5356645525906149,True,True,0.0,15942,5,5,False,5,0,0,1.0,0.7978743413775279,0.7978743413775279,8,6,False,False,False
262,1.0,10.0,2.0,3.0,1.0,50260987,0.5356645525906149,True,True,0.0,15942,5,5,False,5,0,0,1.0,0.7978743413775279,0.7978743413775279,8,6,False,False,False
262,1.1,11.0,2.2,3.0,1.0,50260987,0.5356645525906149,True,True,0.0,15942,5,5,False,5,0,0,1.0,0.7978743413775279,0.7978743413775279,8,6,False,False,False
262,1.2,12.0,2.4,3.0,1.0,50260987,0.5356645525906149,True,True,0.0,15942,5,5,False,5,0,0,1.0,0.7978743413775279,0.7978743413775279,8,6,False,False,False
263,0.8,8.0,1.6,3.0,1.0,50260988,2.910416721391355,True,True,0.0,15951,11,11,False,11,0,0,1.0,0.713986511502768,0.713986511502768,8,6,False,False,False
263,0.9,9.0,1.8,3.0,1.0,50260988,2.910416721391355,True,True,0.0,15951,11,11,False,11,0,0,1.0,0.713986511502768,0.713986511502768,8,6,False,False,False
263,1.0,10.0,2.0,3.0,1.0,50260988,2.910416721391355,True,True,0.0,15951,11,11,False,11,0,0,1.0,0.713986511502768,0.713986511502768,8,6,False,False,False
263,1.1,11.0,2.2,3.0,1.0,50260988,2.910416721391355,True,True,0.0,15951,11,11,False,11,0,0,1.0,0.713986511502768,0.713986511502768,8,6,False,False,False
263,1.2,12.0,2.4,3.0,1.0,50260988,2.910416721391355,True,True,0.0,15951,11,11,False,11,0,0,1.0,0.713986511502768,0.713986511502768,8,6,False,False,False
264,0.8,8.0,1.6,3.0,1.0,50260989,5.588953455717377,True,True,0.0,16294,2,2,False,2,0,0,1.0,0.7252915634214372,0.7252915634214372,8,6,False,False,False
264,0.9,9.0,1.8,3.0,1.0,50260989,5.588953455717377,True,True,0.0,16294,2,2,False,2,0,0,1.0,0.7252915634214372,0.7252915634214372,8,6,False,False,False
264,1.0,10.0,2.0,3.0,1.0,50260989,5.588953455717377,True,True,0.0,16294,2,2,False,2,0,0,1.0,0.7252915634214372,0.7252915634214372,8,6,False,False,False
264,1.1,11.0,2.2,3.0,1.0,50260989,5.588953455717377,True,True,0.0,16294,2,2,False,2,0,0,1.0,0.7252915634214372,0.7252915634214372,8,6,False,False,False
264,1.2,12.0,2.4,3.0,1.0,50260989,5.588953455717377,True,True,0.0,16294,2,2,False,2,0,0,1.0,0.7252915634214372,0.7252915634214372,8,6,False,False,False
265,0.8,8.0,1.6,3.0,1.0,50260990,0.49757819694334154,True,True,0.0,15809,15,15,False,15,0,0,1.0,0.7921364270731079,0.7921364270731079,8,6,False,False,False
265,0.9,9.0,1.8,3.0,1.0,50260990,0.49757819694334154,True,True,0.0,15809,15,15,False,15,0,0,1.0,0.7921364270731079,0.7921364270731079,8,6,False,False,False
265,1.0,10.0,2.0,3.0,1.0,50260990,0.49757819694334154,True,True,0.0,15809,15,15,False,15,0,0,1.0,0.7921364270731079,0.7921364270731079,8,6,False,False,False
265,1.1,11.0,2.2,3.0,1.0,50260990,0.49757819694334154,True,True,0.0,15809,15,15,False,15,0,0,1.0,0.7921364270731079,0.7921364270731079,8,6,False,False,False
265,1.2,12.0,2.4,3.0,1.0,50260990,0.49757819694334154,True,True,0.0,15809,15,15,False,15,0,0,1.0,0.7921364270731079,0.7921364270731079,8,6,False,False,False
266,0.8,8.0,1.6,3.0,1.0,50260991,1.8967695129005364,True,True,0.0,16226,4,4,False,4,1,35,0.9839907786885246,0.8287778550367131,0.8159226461108577,8,8,True,True,True
266,0.9,9.0,1.8,3.0,1.0,50260991,1.8967695129005364,True,True,0.0,16226,4,4,False,4,1,35,0.9839907786885246,0.8287778550367131,0.8159226461108577,8,8,True,True,True
266,1.0,10.0,2.0,3.0,1.0,50260991,1.8967695129005364,True,True,0.0,16226,4,4,False,4,1,35,0.9839907786885246,0.8287778550367131,0.8159226461108577,8,8,True,True,True
266,1.1,11.0,2.2,3.0,1.0,50260991,1.8967695129005364,True,True,0.0,16226,4,4,False,4,1,35,0.9839907786885246,0.8287778550367131,0.8159226461108577,8,8,True,True,True
266,1.2,12.0,2.4,3.0,1.0,50260991,1.8967695129005364,True,True,0.0,16226,4,4,False,4,1,35,0.9839907786885246,0.8287778550367131,0.8159226461108577,8,8,True,True,True
267,0.8,8.0,1.6,3.0,1.0,50260992,4.558535072400729,True,True,0.0,15732,4,4,False,4,0,0,1.0,0.7253247736830234,0.7253247736830234,8,6,False,False,False
267,0.9,9.0,1.8,3.0,1.0,50260992,4.558535072400729,True,True,0.0,15732,4,4,False,4,0,0,1.0,0.7253247736830234,0.7253247736830234,8,6,False,False,False
267,1.0,10.0,2.0,3.0,1.0,50260992,4.558535072400729,True,True,0.0,15732,4,4,False,4,0,0,1.0,0.7253247736830234,0.7253247736830234,8,6,False,False,False
267,1.1,11.0,2.2,3.0,1.0,50260992,4.558535072400729,True,True,0.0,15732,4,4,False,4,0,0,1.0,0.7253247736830234,0.7253247736830234,8,6,False,False,False
267,1.2,12.0,2.4,3.0,1.0,50260992,4.558535072400729,True,True,0.0,15732,4,4,False,4,0,0,1.0,0.7253247736830234,0.7253247736830234,8,6,False,False,False
268,0.8,8.0,1.6,3.0,1.0,50260993,6.24633848520236,True,True,0.0,15803,6,6,False,6,1,21,0.9851007513661202,0.8723894960989964,0.8576579331440006,8,8,True,True,True
268,0.9,9.0,1.8,3.0,1.0,50260993,6.24633848520236,True,True,0.0,15803,6,6,False,6,1,21,0.9851007513661202,0.8723894960989964,0.8576579331440006,8,8,True,True,True
268,1.0,10.0,2.0,3.0,1.0,50260993,6.24633848520236,True,True,0.0,15803,6,6,False,6,1,21,0.9851007513661202,0.8723894960989964,0.8576579331440006,8,8,True,True,True
268,1.1,11.0,2.2,3.0,1.0,50260993,6.24633848520236,True,True,0.0,15803,6,6,False,6,1,21,0.9851007513661202,0.8723894960989964,0.8576579331440006,8,8,True,True,True
268,1.2,12.0,2.4,3.0,1.0,50260993,6.24633848520236,True,True,0.0,15803,6,6,False,6,1,21,0.9851007513661202,0.8723894960989964,0.8576579331440006,8,8,True,True,True
269,0.8,8.0,1.6,3.0,1.0,50260994,0.5519883765806916,True,True,0.0,15717,4,4,False,4,1,23,0.9840868340163934,0.8726778261268633,0.8570416733775494,8,8,True,True,True
269,0.9,9.0,1.8,3.0,1.0,50260994,0.5519883765806916,True,True,0.0,15717,4,4,False,4,1,23,0.9840868340163934,0.8726778261268633,0.8570416733775494,8,8,True,True,True
269,1.0,10.0,2.0,3.0,1.0,50260994,0.5519883765806916,True,True,0.0,15717,4,4,False,4,1,23,0.9840868340163934,0.8726778261268633,0.8570416733775494,8,8,True,True,True
269,1.1,11.0,2.2,3.0,1.0,50260994,0.5519883765806916,True,True,0.0,15717,4,4,False,4,1,23,0.9840868340163934,0.8726778261268633,0.8570416733775494,8,8,True,True,True
269,1.2,12.0,2.4,3.0,1.0,50260994,0.5519883765806916,True,True,0.0,15717,4,4,False,4,1,23,0.9840868340163934,0.8726778261268633,0.8570416733775494,8,8,True,True,True
270,0.8,8.0,1.6,3.0,1.0,50260995,0.3619514122453119,True,True,0.0,15984,10,10,False,10,0,0,1.0,0.7307635092418259,0.7307635092418259,8,6,False,False,False
270,0.9,9.0,1.8,3.0,1.0,50260995,0.3619514122453119,True,True,0.0,15984,10,10,False,10,0,0,1.0,0.7307635092418259,0.7307635092418259,8,6,False,False,False
270,1.0,10.0,2.0,3.0,1.0,50260995,0.3619514122453119,True,True,0.0,15984,10,10,False,10,0,0,1.0,0.7307635092418259,0.7307635092418259,8,6,False,False,False
270,1.1,11.0,2.2,3.0,1.0,50260995,0.3619514122453119,True,True,0.0,15984,10,10,False,10,0,0,1.0,0.7307635092418259,0.7307635092418259,8,6,False,False,False
270,1.2,12.0,2.4,3.0,1.0,50260995,0.3619514122453119,True,True,0.0,15984,10,10,False,10,0,0,1.0,0.7307635092418259,0.7307635092418259,8,6,False,False,False
271,0.8,8.0,1.6,3.0,1.0,50260996,3.0749148035442424,True,True,0.0,15847,4,4,False,4,1,27,0.9810984460382514,0.8586140483015782,0.8413020727429831,8,8,True,True,True
271,0.9,9.0,1.8,3.0,1.0,50260996,3.0749148035442424,True,True,0.0,15847,4,4,False,4,1,27,0.9810984460382514,0.8586140483015782,0.8413020727429831,8,8,True,True,True
271,1.0,10.0,2.0,3.0,1.0,50260996,3.0749148035442424,True,True,0.0,15847,4,4,False,4,1,27,0.9810984460382514,0.8586140483015782,0.8413020727429831,8,8,True,True,True
271,1.1,11.0,2.2,3.0,1.0,50260996,3.0749148035442424,True,True,0.0,15847,4,4,False,4,0,0,1.0,0.7403859508495796,0.7403859508495796,8,6,False,False,False
271,1.2,12.0,2.4,3.0,1.0,50260996,3.0749148035442424,True,True,0.0,15847,4,4,False,4,0,0,1.0,0.7403859508495796,0.7403859508495796,8,6,False,False,False
272,0.8,8.0,1.6,3.0,1.0,50260997,2.2166594847942127,True,True,0.0,15918,1,1,False,1,0,0,1.0,0.6992231677331178,0.6992231677331178,8,6,False,False,False
272,0.9,9.0,1.8,3.0,1.0,50260997,2.2166594847942127,True,True,0.0,15918,1,1,False,1,0,0,1.0,0.6992231677331178,0.6992231677331178,8,6,False,False,False
272,1.0,10.0,2.0,3.0,1.0,50260997,2.2166594847942127,True,True,0.0,15918,1,1,False,1,0,0,1.0,0.6992231677331178,0.6992231677331178,8,6,False,False,False
272,1.1,11.0,2.2,3.0,1.0,50260997,2.2166594847942127,True,True,0.0,15918,1,1,False,1,0,0,1.0,0.6992231677331178,0.6992231677331178,8,6,False,False,False
272,1.2,12.0,2.4,3.0,1.0,50260997,2.2166594847942127,True,True,0.0,15918,1,1,False,1,0,0,1.0,0.6992231677331178,0.6992231677331178,8,6,False,False,False
273,0.8,8.0,1.6,3.0,1.0,50260998,4.552861454941814,True,True,0.0,16447,6,6,False,6,0,0,1.0,0.7763381742929159,0.7763381742929159,8,6,False,False,False
273,0.9,9.0,1.8,3.0,1.0,50260998,4.552861454941814,True,True,0.0,16447,6,6,False,6,0,0,1.0,0.7763381742929159,0.7763381742929159,8,6,False,False,False
273,1.0,10.0,2.0,3.0,1.0,50260998,4.552861454941814,True,True,0.0,16447,6,6,False,6,0,0,1.0,0.7763381742929159,0.7763381742929159,8,6,False,False,False
273,1.1,11.0,2.2,3.0,1.0,50260998,4.552861454941814,True,True,0.0,16447,6,6,False,6,0,0,1.0,0.7763381742929159,0.7763381742929159,8,6,False,False,False
273,1.2,12.0,2.4,3.0,1.0,50260998,4.552861454941814,True,True,0.0,16447,6,6,False,6,0,0,1.0,0.7763381742929159,0.7763381742929159,8,6,False,False,False
274,0.8,8.0,1.6,3.0,1.0,50260999,1.9914909288446903,True,True,0.0,16097,6,6,False,6,1,13,0.985228825136612,0.9105527987435154,0.8967521530345457,8,8,True,True,True
274,0.9,9.0,1.8,3.0,1.0,50260999,1.9914909288446903,True,True,0.0,16097,6,6,False,6,1,13,0.985228825136612,0.9105527987435154,0.8967521530345457,8,8,True,True,True
274,1.0,10.0,2.0,3.0,1.0,50260999,1.9914909288446903,True,True,0.0,16097,6,6,False,6,1,13,0.985228825136612,0.9105527987435154,0.8967521530345457,8,8,True,True,True
274,1.1,11.0,2.2,3.0,1.0,50260999,1.9914909288446903,True,True,0.0,16097,6,6,False,6,1,13,0.985228825136612,0.9105527987435154,0.8967521530345457,8,8,True,True,True
274,1.2,12.0,2.4,3.0,1.0,50260999,1.9914909288446903,True,True,0.0,16097,6,6,False,6,1,13,0.985228825136612,0.9105527987435154,0.8967521530345457,8,8,True,True,True
275,0.8,8.0,1.6,3.0,1.0,50261000,3.6262064430346657,True,True,0.0,16481,1,1,False,1,0,0,1.0,0.7184217727585631,0.7184217727585631,8,6,False,False,False
275,0.9,9.0,1.8,3.0,1.0,50261000,3.6262064430346657,True,True,0.0,16481,1,1,False,1,0,0,1.0,0.7184217727585631,0.7184217727585631,8,6,False,False,False
275,1.0,10.0,2.0,3.0,1.0,50261000,3.6262064430346657,True,True,0.0,16481,1,1,False,1,0,0,1.0,0.7184217727585631,0.7184217727585631,8,6,False,False,False
275,1.1,11.0,2.2,3.0,1.0,50261000,3.6262064430346657,True,True,0.0,16481,1,1,False,1,0,0,1.0,0.7184217727585631,0.7184217727585631,8,6,False,False,False
275,1.2,12.0,2.4,3.0,1.0,50261000,3.6262064430346657,True,True,0.0,16481,1,1,False,1,0,0,1.0,0.7184217727585631,0.7184217727585631,8,6,False,False,False
276,0.8,8.0,1.6,3.0,1.0,50261001,4.35435426628438,True,True,0.0,15690,8,8,False,8,1,35,0.9790172472677596,0.9166111751239691,0.8964157192469061,8,8,True,True,True
276,0.9,9.0,1.8,3.0,1.0,50261001,4.35435426628438,True,True,0.0,15690,8,8,False,8,1,35,0.9790172472677596,0.9166111751239691,0.8964157192469061,8,8,True,True,True
276,1.0,10.0,2.0,3.0,1.0,50261001,4.35435426628438,True,True,0.0,15690,8,8,False,8,1,35,0.9790172472677596,0.9166111751239691,0.8964157192469061,8,8,True,True,True
276,1.1,11.0,2.2,3.0,1.0,50261001,4.35435426628438,True,True,0.0,15690,8,8,False,8,1,35,0.9790172472677596,0.9166111751239691,0.8964157192469061,8,8,True,True,True
276,1.2,12.0,2.4,3.0,1.0,50261001,4.35435426628438,True,True,0.0,15690,8,8,False,8,1,35,0.9790172472677596,0.9166111751239691,0.8964157192469061,8,8,True,True,True
277,0.8,8.0,1.6,3.0,1.0,50261002,2.7791881454248153,True,True,0.0,16067,2,2,False,2,0,0,1.0,0.70502769707078,0.70502769707078,8,6,False,False,False
277,0.9,9.0,1.8,3.0,1.0,50261002,2.7791881454248153,True,True,0.0,16067,2,2,False,2,0,0,1.0,0.70502769707078,0.70502769707078,8,6,False,False,False
277,1.0,10.0,2.0,3.0,1.0,50261002,2.7791881454248153,True,True,0.0,16067,2,2,False,2,0,0,1.0,0.70502769707078,0.70502769707078,8,6,False,False,False
277,1.1,11.0,2.2,3.0,1.0,50261002,2.7791881454248153,True,True,0.0,16067,2,2,False,2,0,0,1.0,0.70502769707078,0.70502769707078,8,6,False,False,False
277,1.2,12.0,2.4,3.0,1.0,50261002,2.7791881454248153,True,True,0.0,16067,2,2,False,2,0,0,1.0,0.70502769707078,0.70502769707078,8,6,False,False,False
278,0.8,8.0,1.6,3.0,1.0,50261003,4.556817567575187,True,True,0.0,15931,1,1,False,1,0,0,1.0,0.7209853573169486,0.7209853573169486,8,6,False,False,False
278,0.9,9.0,1.8,3.0,1.0,50261003,4.556817567575187,True,True,0.0,15931,1,1,False,1,0,0,1.0,0.7209853573169486,0.7209853573169486,8,6,False,False,False
278,1.0,10.0,2.0,3.0,1.0,50261003,4.556817567575187,True,True,0.0,15931,1,1,False,1,0,0,1.0,0.7209853573169486,0.7209853573169486,8,6,False,False,False
278,1.1,11.0,2.2,3.0,1.0,50261003,4.556817567575187,True,True,0.0,15931,1,1,False,1,0,0,1.0,0.7209853573169486,0.7209853573169486,8,6,False,False,False
278,1.2,12.0,2.4,3.0,1.0,50261003,4.556817567575187,True,True,0.0,15931,1,1,False,1,0,0,1.0,0.7209853573169486,0.7209853573169486,8,6,False,False,False
279,0.8,8.0,1.6,3.0,1.0,50261004,0.5185288846848315,True,True,0.0,15770,7,7,False,7,0,0,1.0,0.7381572482498431,0.7381572482498431,8,6,False,False,False
279,0.9,9.0,1.8,3.0,1.0,50261004,0.5185288846848315,True,True,0.0,15770,7,7,False,7,0,0,1.0,0.7381572482498431,0.7381572482498431,8,6,False,False,False
279,1.0,10.0,2.0,3.0,1.0,50261004,0.5185288846848315,True,True,0.0,15770,7,7,False,7,0,0,1.0,0.7381572482498431,0.7381572482498431,8,6,False,False,False
279,1.1,11.0,2.2,3.0,1.0,50261004,0.5185288846848315,True,True,0.0,15770,7,7,False,7,0,0,1.0,0.7381572482498431,0.7381572482498431,8,6,False,False,False
279,1.2,12.0,2.4,3.0,1.0,50261004,0.5185288846848315,True,True,0.0,15770,7,7,False,7,0,0,1.0,0.7381572482498431,0.7381572482498431,8,6,False,False,False
280,0.8,8.0,1.6,3.0,1.0,50261005,3.202425163959102,True,True,0.0,16284,1,1,False,1,0,0,1.0,0.6795461737701787,0.6795461737701787,8,6,False,False,False
280,0.9,9.0,1.8,3.0,1.0,50261005,3.202425163959102,True,True,0.0,16284,1,1,False,1,0,0,1.0,0.6795461737701787,0.6795461737701787,8,6,False,False,False
280,1.0,10.0,2.0,3.0,1.0,50261005,3.202425163959102,True,True,0.0,16284,1,1,False,1,0,0,1.0,0.6795461737701787,0.6795461737701787,8,6,False,False,False
280,1.1,11.0,2.2,3.0,1.0,50261005,3.202425163959102,True,True,0.0,16284,1,1,False,1,0,0,1.0,0.6795461737701787,0.6795461737701787,8,6,False,False,False
280,1.2,12.0,2.4,3.0,1.0,50261005,3.202425163959102,True,True,0.0,16284,1,1,False,1,0,0,1.0,0.6795461737701787,0.6795461737701787,8,6,False,False,False
281,0.8,8.0,1.6,3.0,1.0,50261006,2.6313248110701726,True,True,0.0,16155,1,1,False,1,0,0,1.0,0.6957353058062896,0.6957353058062896,8,6,False,False,False
281,0.9,9.0,1.8,3.0,1.0,50261006,2.6313248110701726,True,True,0.0,16155,1,1,False,1,0,0,1.0,0.6957353058062896,0.6957353058062896,8,6,False,False,False
281,1.0,10.0,2.0,3.0,1.0,50261006,2.6313248110701726,True,True,0.0,16155,1,1,False,1,0,0,1.0,0.6957353058062896,0.6957353058062896,8,6,False,False,False
281,1.1,11.0,2.2,3.0,1.0,50261006,2.6313248110701726,True,True,0.0,16155,1,1,False,1,0,0,1.0,0.6957353058062896,0.6957353058062896,8,6,False,False,False
281,1.2,12.0,2.4,3.0,1.0,50261006,2.6313248110701726,True,True,0.0,16155,1,1,False,1,0,0,1.0,0.6957353058062896,0.6957353058062896,8,6,False,False,False
282,0.8,8.0,1.6,3.0,1.0,50261007,4.336293897672076,True,True,0.0,15871,4,7,True,0,0,0,1.0,0.8318742060197319,0.8318742060197319,8,8,True,True,True
282,0.9,9.0,1.8,3.0,1.0,50261007,4.336293897672076,True,True,0.0,15871,4,7,True,0,0,0,1.0,0.8318742060197319,0.8318742060197319,8,8,True,True,True
282,1.0,10.0,2.0,3.0,1.0,50261007,4.336293897672076,True,True,0.0,15871,4,7,True,0,0,0,1.0,0.8318742060197319,0.8318742060197319,8,8,True,True,True
282,1.1,11.0,2.2,3.0,1.0,50261007,4.336293897672076,True,True,0.0,15871,4,7,True,0,0,0,1.0,0.8318742060197319,0.8318742060197319,8,8,True,True,True
282,1.2,12.0,2.4,3.0,1.0,50261007,4.336293897672076,True,True,0.0,15871,4,7,True,0,0,0,1.0,0.8318742060197319,0.8318742060197319,8,8,True,True,True
283,0.8,8.0,1.6,3.0,1.0,50261008,0.05890372623302042,True,True,0.0,15825,1,1,False,1,0,0,1.0,0.7488950002958623,0.7488950002958623,8,6,False,False,False
283,0.9,9.0,1.8,3.0,1.0,50261008,0.05890372623302042,True,True,0.0,15825,1,1,False,1,0,0,1.0,0.7488950002958623,0.7488950002958623,8,6,False,False,False
283,1.0,10.0,2.0,3.0,1.0,50261008,0.05890372623302042,True,True,0.0,15825,1,1,False,1,0,0,1.0,0.7488950002958623,0.7488950002958623,8,6,False,False,False
283,1.1,11.0,2.2,3.0,1.0,50261008,0.05890372623302042,True,True,0.0,15825,1,1,False,1,0,0,1.0,0.7488950002958623,0.7488950002958623,8,6,False,False,False
283,1.2,12.0,2.4,3.0,1.0,50261008,0.05890372623302042,True,True,0.0,15825,1,1,False,1,0,0,1.0,0.7488950002958623,0.7488950002958623,8,6,False,False,False
284,0.8,8.0,1.6,3.0,1.0,50261009,5.798953084095778,True,True,0.0,16111,5,5,False,5,0,0,1.0,0.7184720067480552,0.7184720067480552,8,5,False,False,False
284,0.9,9.0,1.8,3.0,1.0,50261009,5.798953084095778,True,True,0.0,16111,5,5,False,5,0,0,1.0,0.7184720067480552,0.7184720067480552,8,5,False,False,False
284,1.0,10.0,2.0,3.0,1.0,50261009,5.798953084095778,True,True,0.0,16111,5,5,False,5,0,0,1.0,0.7184720067480552,0.7184720067480552,8,5,False,False,False
284,1.1,11.0,2.2,3.0,1.0,50261009,5.798953084095778,True,True,0.0,16111,5,5,False,5,0,0,1.0,0.7184720067480552,0.7184720067480552,8,5,False,False,False
284,1.2,12.0,2.4,3.0,1.0,50261009,5.798953084095778,True,True,0.0,16111,5,5,False,5,0,0,1.0,0.7184720067480552,0.7184720067480552,8,5,False,False,False
285,0.8,8.0,1.6,3.0,1.0,50261010,4.7194393564493105,True,True,0.0,15778,3,3,False,3,1,26,0.9705265908839167,0.8997517114541616,0.8741927940083736,8,8,True,True,True
285,0.9,9.0,1.8,3.0,1.0,50261010,4.7194393564493105,True,True,0.0,15778,3,3,False,3,1,26,0.9705265908839167,0.8997517114541616,0.8741927940083736,8,8,True,True,True
285,1.0,10.0,2.0,3.0,1.0,50261010,4.7194393564493105,True,True,0.0,15778,3,3,False,3,1,26,0.9705265908839167,0.8997517114541616,0.8741927940083736,8,8,True,True,True
285,1.1,11.0,2.2,3.0,1.0,50261010,4.7194393564493105,True,True,0.0,15778,3,3,False,3,1,26,0.9705265908839167,0.8997517114541616,0.8741927940083736,8,8,True,True,True
285,1.2,12.0,2.4,3.0,1.0,50261010,4.7194393564493105,True,True,0.0,15778,3,3,False,3,1,26,0.9705265908839167,0.8997517114541616,0.8741927940083736,8,8,True,True,True
286,0.8,8.0,1.6,3.0,1.0,50261011,0.9097428311194617,True,True,0.0,15876,4,4,False,4,0,0,1.0,0.7408542970233455,0.7408542970233455,8,6,False,False,False
286,0.9,9.0,1.8,3.0,1.0,50261011,0.9097428311194617,True,True,0.0,15876,4,4,False,4,0,0,1.0,0.7408542970233455,0.7408542970233455,8,6,False,False,False
286,1.0,10.0,2.0,3.0,1.0,50261011,0.9097428311194617,True,True,0.0,15876,4,4,False,4,0,0,1.0,0.7408542970233455,0.7408542970233455,8,6,False,False,False
286,1.1,11.0,2.2,3.0,1.0,50261011,0.9097428311194617,True,True,0.0,15876,4,4,False,4,0,0,1.0,0.7408542970233455,0.7408542970233455,8,6,False,False,False
286,1.2,12.0,2.4,3.0,1.0,50261011,0.9097428311194617,True,True,0.0,15876,4,4,False,4,0,0,1.0,0.7408542970233455,0.7408542970233455,8,6,False,False,False
287,0.8,8.0,1.6,3.0,1.0,50261012,5.7185644898425565,True,True,0.0,15531,1,1,False,1,0,0,0.9953195382882882,0.7770888469374579,0.774098472933469,8,6,False,False,False
287,0.9,9.0,1.8,3.0,1.0,50261012,5.7185644898425565,True,True,0.0,15531,1,1,False,1,0,0,0.9953195382882882,0.7770888469374579,0.774098472933469,8,6,False,False,False
287,1.0,10.0,2.0,3.0,1.0,50261012,5.7185644898425565,True,True,0.0,15531,1,1,False,1,0,0,0.9953195382882882,0.7770888469374579,0.774098472933469,8,6,False,False,False
287,1.1,11.0,2.2,3.0,1.0,50261012,5.7185644898425565,True,True,0.0,15531,1,1,False,1,0,0,0.9953195382882882,0.7770888469374579,0.774098472933469,8,6,False,False,False
287,1.2,12.0,2.4,3.0,1.0,50261012,5.7185644898425565,True,True,0.0,15531,1,1,False,1,0,0,0.9953195382882882,0.7770888469374579,0.774098472933469,8,6,False,False,False
288,0.8,8.0,1.6,3.0,1.0,50261013,2.6130813439913254,True,True,0.0,16006,4,4,False,4,0,0,1.0,0.7359472294322242,0.7359472294322242,8,6,False,False,False
288,0.9,9.0,1.8,3.0,1.0,50261013,2.6130813439913254,True,True,0.0,16006,4,4,False,4,0,0,1.0,0.7359472294322242,0.7359472294322242,8,6,False,False,False
288,1.0,10.0,2.0,3.0,1.0,50261013,2.6130813439913254,True,True,0.0,16006,4,4,False,4,0,0,1.0,0.7359472294322242,0.7359472294322242,8,6,False,False,False
288,1.1,11.0,2.2,3.0,1.0,50261013,2.6130813439913254,True,True,0.0,16006,4,4,False,4,0,0,1.0,0.7359472294322242,0.7359472294322242,8,6,False,False,False
288,1.2,12.0,2.4,3.0,1.0,50261013,2.6130813439913254,True,True,0.0,16006,4,4,False,4,0,0,1.0,0.7359472294322242,0.7359472294322242,8,6,False,False,False
289,0.8,8.0,1.6,3.0,1.0,50261014,4.089929378756352,True,True,0.0,16089,5,5,False,5,0,0,1.0,0.7275845635781348,0.7275845635781348,8,6,False,False,False
289,0.9,9.0,1.8,3.0,1.0,50261014,4.089929378756352,True,True,0.0,16089,5,5,False,5,0,0,1.0,0.7275845635781348,0.7275845635781348,8,6,False,False,False
289,1.0,10.0,2.0,3.0,1.0,50261014,4.089929378756352,True,True,0.0,16089,5,5,False,5,0,0,1.0,0.7275845635781348,0.7275845635781348,8,6,False,False,False
289,1.1,11.0,2.2,3.0,1.0,50261014,4.089929378756352,True,True,0.0,16089,5,5,False,5,0,0,1.0,0.7275845635781348,0.7275845635781348,8,6,False,False,False
289,1.2,12.0,2.4,3.0,1.0,50261014,4.089929378756352,True,True,0.0,16089,5,5,False,5,0,0,1.0,0.7275845635781348,0.7275845635781348,8,6,False,False,False
290,0.8,8.0,1.6,3.0,1.0,50261015,1.6713792859545484,True,True,0.0,16455,4,4,False,4,1,50,0.9793054132513661,0.8467949062287958,0.8294814443982839,8,8,True,True,True
290,0.9,9.0,1.8,3.0,1.0,50261015,1.6713792859545484,True,True,0.0,16455,4,4,False,4,1,50,0.9793054132513661,0.8467949062287958,0.8294814443982839,8,8,True,True,True
290,1.0,10.0,2.0,3.0,1.0,50261015,1.6713792859545484,True,True,0.0,16455,4,4,False,4,1,50,0.9793054132513661,0.8467949062287958,0.8294814443982839,8,8,True,True,True
290,1.1,11.0,2.2,3.0,1.0,50261015,1.6713792859545484,True,True,0.0,16455,4,4,False,4,1,50,0.9793054132513661,0.8467949062287958,0.8294814443982839,8,8,True,True,True
290,1.2,12.0,2.4,3.0,1.0,50261015,1.6713792859545484,True,True,0.0,16455,4,4,False,4,1,50,0.9793054132513661,0.8467949062287958,0.8294814443982839,8,8,True,True,True
291,0.8,8.0,1.6,3.0,1.0,50261016,2.1127249354809305,True,True,0.0,16423,8,8,False,8,0,0,1.0,0.6883169355539343,0.6883169355539343,8,6,False,False,False
291,0.9,9.0,1.8,3.0,1.0,50261016,2.1127249354809305,True,True,0.0,16423,8,8,False,8,0,0,1.0,0.6883169355539343,0.6883169355539343,8,6,False,False,False
291,1.0,10.0,2.0,3.0,1.0,50261016,2.1127249354809305,True,True,0.0,16423,8,8,False,8,0,0,1.0,0.6883169355539343,0.6883169355539343,8,6,False,False,False
291,1.1,11.0,2.2,3.0,1.0,50261016,2.1127249354809305,True,True,0.0,16423,8,8,False,8,0,0,1.0,0.6883169355539343,0.6883169355539343,8,6,False,False,False
291,1.2,12.0,2.4,3.0,1.0,50261016,2.1127249354809305,True,True,0.0,16423,8,8,False,8,0,0,1.0,0.6883169355539343,0.6883169355539343,8,6,False,False,False
292,0.8,8.0,1.6,3.0,1.0,50261017,0.09715046553774578,True,True,0.0,15643,1,1,False,1,0,0,1.0,0.7980157053426691,0.7980157053426691,8,6,False,False,False
292,0.9,9.0,1.8,3.0,1.0,50261017,0.09715046553774578,True,True,0.0,15643,1,1,False,1,0,0,1.0,0.7980157053426691,0.7980157053426691,8,6,False,False,False
292,1.0,10.0,2.0,3.0,1.0,50261017,0.09715046553774578,True,True,0.0,15643,1,1,False,1,0,0,1.0,0.7980157053426691,0.7980157053426691,8,6,False,False,False
292,1.1,11.0,2.2,3.0,1.0,50261017,0.09715046553774578,True,True,0.0,15643,1,1,False,1,0,0,1.0,0.7980157053426691,0.7980157053426691,8,6,False,False,False
292,1.2,12.0,2.4,3.0,1.0,50261017,0.09715046553774578,True,True,0.0,15643,1,1,False,1,0,0,1.0,0.7980157053426691,0.7980157053426691,8,6,False,False,False
293,0.8,8.0,1.6,3.0,1.0,50261018,4.747140193823421,True,True,0.0,15469,11,11,False,11,1,60,0.9770370075505833,0.8559877452064941,0.8359327278358559,8,8,True,True,True
293,0.9,9.0,1.8,3.0,1.0,50261018,4.747140193823421,True,True,0.0,15469,11,11,False,11,1,60,0.9770370075505833,0.8559877452064941,0.8359327278358559,8,8,True,True,True
293,1.0,10.0,2.0,3.0,1.0,50261018,4.747140193823421,True,True,0.0,15469,11,11,False,11,1,60,0.9770370075505833,0.8559877452064941,0.8359327278358559,8,8,True,True,True
293,1.1,11.0,2.2,3.0,1.0,50261018,4.747140193823421,True,True,0.0,15469,11,11,False,11,1,60,0.9770370075505833,0.8559877452064941,0.8359327278358559,8,8,True,True,True
293,1.2,12.0,2.4,3.0,1.0,50261018,4.747140193823421,True,True,0.0,15469,11,11,False,11,1,60,0.9770370075505833,0.8559877452064941,0.8359327278358559,8,8,True,True,True
294,0.8,8.0,1.6,3.0,1.0,50261019,3.769090729252548,True,True,0.0,16109,8,8,False,8,0,0,1.0,0.8157871855115562,0.8157871855115562,8,6,False,False,False
294,0.9,9.0,1.8,3.0,1.0,50261019,3.769090729252548,True,True,0.0,16109,8,8,False,8,0,0,1.0,0.8157871855115562,0.8157871855115562,8,6,False,False,False
294,1.0,10.0,2.0,3.0,1.0,50261019,3.769090729252548,True,True,0.0,16109,8,8,False,8,0,0,1.0,0.8157871855115562,0.8157871855115562,8,6,False,False,False
294,1.1,11.0,2.2,3.0,1.0,50261019,3.769090729252548,True,True,0.0,16109,8,8,False,8,0,0,1.0,0.8157871855115562,0.8157871855115562,8,6,False,False,False
294,1.2,12.0,2.4,3.0,1.0,50261019,3.769090729252548,True,True,0.0,16109,8,8,False,8,0,0,1.0,0.8157871855115562,0.8157871855115562,8,6,False,False,False
295,0.8,8.0,1.6,3.0,1.0,50261020,3.020212331011902,True,True,0.0,16469,6,6,False,6,0,0,1.0,0.732767464017464,0.732767464017464,8,6,False,False,False
295,0.9,9.0,1.8,3.0,1.0,50261020,3.020212331011902,True,True,0.0,16469,6,6,False,6,0,0,1.0,0.732767464017464,0.732767464017464,8,6,False,False,False
295,1.0,10.0,2.0,3.0,1.0,50261020,3.020212331011902,True,True,0.0,16469,6,6,False,6,0,0,1.0,0.732767464017464,0.732767464017464,8,6,False,False,False
295,1.1,11.0,2.2,3.0,1.0,50261020,3.020212331011902,True,True,0.0,16469,6,6,False,6,0,0,1.0,0.732767464017464,0.732767464017464,8,6,False,False,False
295,1.2,12.0,2.4,3.0,1.0,50261020,3.020212331011902,True,True,0.0,16469,6,6,False,6,0,0,1.0,0.732767464017464,0.732767464017464,8,6,False,False,False
296,0.8,8.0,1.6,3.0,1.0,50261021,1.5009030832617547,True,True,0.0,15784,15,15,False,15,0,0,0.9966216216216216,0.8150935449052442,0.8120571076582807,8,7,False,False,False
296,0.9,9.0,1.8,3.0,1.0,50261021,1.5009030832617547,True,True,0.0,15784,15,15,False,15,0,0,0.9966216216216216,0.8150935449052442,0.8120571076582807,8,7,False,False,False
296,1.0,10.0,2.0,3.0,1.0,50261021,1.5009030832617547,True,True,0.0,15784,15,15,False,15,0,0,0.9966216216216216,0.8150935449052442,0.8120571076582807,8,7,False,False,False
296,1.1,11.0,2.2,3.0,1.0,50261021,1.5009030832617547,True,True,0.0,15784,15,15,False,15,0,0,0.9966216216216216,0.8150935449052442,0.8120571076582807,8,7,False,False,False
296,1.2,12.0,2.4,3.0,1.0,50261021,1.5009030832617547,True,True,0.0,15784,15,15,False,15,0,0,0.9966216216216216,0.8150935449052442,0.8120571076582807,8,7,False,False,False
297,0.8,8.0,1.6,3.0,1.0,50261022,3.659890720755082,True,True,0.0,16031,4,4,False,4,0,0,1.0,0.7357576131866641,0.7357576131866641,8,6,False,False,False
297,0.9,9.0,1.8,3.0,1.0,50261022,3.659890720755082,True,True,0.0,16031,4,4,False,4,0,0,1.0,0.7357576131866641,0.7357576131866641,8,6,False,False,False
297,1.0,10.0,2.0,3.0,1.0,50261022,3.659890720755082,True,True,0.0,16031,4,4,False,4,0,0,1.0,0.7357576131866641,0.7357576131866641,8,6,False,False,False
297,1.1,11.0,2.2,3.0,1.0,50261022,3.659890720755082,True,True,0.0,16031,4,4,False,4,0,0,1.0,0.7357576131866641,0.7357576131866641,8,6,False,False,False
297,1.2,12.0,2.4,3.0,1.0,50261022,3.659890720755082,True,True,0.0,16031,4,4,False,4,0,0,1.0,0.7357576131866641,0.7357576131866641,8,6,False,False,False
298,0.8,8.0,1.6,3.0,1.0,50261023,5.305988443823924,True,True,0.0,15588,8,8,False,8,0,0,0.9953195382882882,0.757149414364839,0.753940982444447,8,6,False,False,False
298,0.9,9.0,1.8,3.0,1.0,50261023,5.305988443823924,True,True,0.0,15588,8,8,False,8,0,0,0.9953195382882882,0.757149414364839,0.753940982444447,8,6,False,False,False
298,1.0,10.0,2.0,3.0,1.0,50261023,5.305988443823924,True,True,0.0,15588,8,8,False,8,0,0,0.9953195382882882,0.757149414364839,0.753940982444447,8,6,False,False,False
298,1.1,11.0,2.2,3.0,1.0,50261023,5.305988443823924,True,True,0.0,15588,8,8,False,8,0,0,0.9953195382882882,0.757149414364839,0.753940982444447,8,6,False,False,False
298,1.2,12.0,2.4,3.0,1.0,50261023,5.305988443823924,True,True,0.0,15588,8,8,False,8,0,0,0.9953195382882882,0.757149414364839,0.753940982444447,8,6,False,False,False
299,0.8,8.0,1.6,3.0,1.0,50261024,5.379721945442824,True,True,0.0,15772,1,1,False,1,1,43,0.9819736168032787,0.8328036202672324,0.8161690047726576,8,8,True,True,True
299,0.9,9.0,1.8,3.0,1.0,50261024,5.379721945442824,True,True,0.0,15772,1,1,False,1,1,43,0.9819736168032787,0.8328036202672324,0.8161690047726576,8,8,True,True,True
299,1.0,10.0,2.0,3.0,1.0,50261024,5.379721945442824,True,True,0.0,15772,1,1,False,1,1,43,0.9819736168032787,0.8328036202672324,0.8161690047726576,8,8,True,True,True
299,1.1,11.0,2.2,3.0,1.0,50261024,5.379721945442824,True,True,0.0,15772,1,1,False,1,1,43,0.9819736168032787,0.8328036202672324,0.8161690047726576,8,8,True,True,True
299,1.2,12.0,2.4,3.0,1.0,50261024,5.379721945442824,True,True,0.0,15772,1,1,False,1,1,43,0.9819736168032787,0.8328036202672324,0.8161690047726576,8,8,True,True,True
300,0.8,8.0,1.6,3.0,1.0,50261025,3.3549467690992802,True,True,0.0,16121,8,8,False,8,0,0,1.0,0.7368756275982824,0.7368756275982824,8,6,False,False,False
300,0.9,9.0,1.8,3.0,1.0,50261025,3.3549467690992802,True,True,0.0,16121,8,8,False,8,0,0,1.0,0.7368756275982824,0.7368756275982824,8,6,False,False,False
300,1.0,10.0,2.0,3.0,1.0,50261025,3.3549467690992802,True,True,0.0,16121,8,8,False,8,0,0,1.0,0.7368756275982824,0.7368756275982824,8,6,False,False,False
300,1.1,11.0,2.2,3.0,1.0,50261025,3.3549467690992802,True,True,0.0,16121,8,8,False,8,0,0,1.0,0.7368756275982824,0.7368756275982824,8,6,False,False,False
300,1.2,12.0,2.4,3.0,1.0,50261025,3.3549467690992802,True,True,0.0,16121,8,8,False,8,0,0,1.0,0.7368756275982824,0.7368756275982824,8,6,False,False,False
301,0.8,8.0,1.6,3.0,1.0,50261026,3.8361348442461067,True,True,0.0,15694,3,6,True,0,0,0,1.0,0.8344912832580988,0.8344912832580988,8,8,True,True,True
301,0.9,9.0,1.8,3.0,1.0,50261026,3.8361348442461067,True,True,0.0,15694,3,6,True,0,0,0,1.0,0.8344912832580988,0.8344912832580988,8,8,True,True,True
301,1.0,10.0,2.0,3.0,1.0,50261026,3.8361348442461067,True,True,0.0,15694,3,6,True,0,0,0,1.0,0.8344912832580988,0.8344912832580988,8,8,True,True,True
301,1.1,11.0,2.2,3.0,1.0,50261026,3.8361348442461067,True,True,0.0,15694,3,6,True,0,0,0,1.0,0.8344912832580988,0.8344912832580988,8,8,True,True,True
301,1.2,12.0,2.4,3.0,1.0,50261026,3.8361348442461067,True,True,0.0,15694,3,6,True,0,0,0,1.0,0.8344912832580988,0.8344912832580988,8,8,True,True,True
302,0.8,8.0,1.6,3.0,1.0,50261027,5.724139677149101,True,True,0.0,15464,7,7,False,7,0,0,0.9966216216216216,0.7533265893770319,0.7502901521300683,8,6,False,False,False
302,0.9,9.0,1.8,3.0,1.0,50261027,5.724139677149101,True,True,0.0,15464,7,7,False,7,0,0,0.9966216216216216,0.7533265893770319,0.7502901521300683,8,6,False,False,False
302,1.0,10.0,2.0,3.0,1.0,50261027,5.724139677149101,True,True,0.0,15464,7,7,False,7,0,0,0.9966216216216216,0.7533265893770319,0.7502901521300683,8,6,False,False,False
302,1.1,11.0,2.2,3.0,1.0,50261027,5.724139677149101,True,True,0.0,15464,7,7,False,7,0,0,0.9966216216216216,0.7533265893770319,0.7502901521300683,8,6,False,False,False
302,1.2,12.0,2.4,3.0,1.0,50261027,5.724139677149101,True,True,0.0,15464,7,7,False,7,0,0,0.9966216216216216,0.7533265893770319,0.7502901521300683,8,6,False,False,False
303,0.8,8.0,1.6,3.0,1.0,50261028,2.6937148135531634,True,True,0.0,16580,6,6,False,6,0,0,1.0,0.6964007784806054,0.6964007784806054,8,6,False,False,False
303,0.9,9.0,1.8,3.0,1.0,50261028,2.6937148135531634,True,True,0.0,16580,6,6,False,6,0,0,1.0,0.6964007784806054,0.6964007784806054,8,6,False,False,False
303,1.0,10.0,2.0,3.0,1.0,50261028,2.6937148135531634,True,True,0.0,16580,6,6,False,6,0,0,1.0,0.6964007784806054,0.6964007784806054,8,6,False,False,False
303,1.1,11.0,2.2,3.0,1.0,50261028,2.6937148135531634,True,True,0.0,16580,6,6,False,6,0,0,1.0,0.6964007784806054,0.6964007784806054,8,6,False,False,False
303,1.2,12.0,2.4,3.0,1.0,50261028,2.6937148135531634,True,True,0.0,16580,6,6,False,6,0,0,1.0,0.6964007784806054,0.6964007784806054,8,6,False,False,False
304,0.8,8.0,1.6,3.0,1.0,50261029,1.3764490014498683,True,True,0.0,16211,7,7,False,7,1,59,0.9825286031420766,0.8890985177811087,0.8745006909358912,8,8,True,True,True
304,0.9,9.0,1.8,3.0,1.0,50261029,1.3764490014498683,True,True,0.0,16211,7,7,False,7,1,59,0.9825286031420766,0.8890985177811087,0.8745006909358912,8,8,True,True,True
304,1.0,10.0,2.0,3.0,1.0,50261029,1.3764490014498683,True,True,0.0,16211,7,7,False,7,1,59,0.9825286031420766,0.8890985177811087,0.8745006909358912,8,8,True,True,True
304,1.1,11.0,2.2,3.0,1.0,50261029,1.3764490014498683,True,True,0.0,16211,7,7,False,7,1,59,0.9825286031420766,0.8890985177811087,0.8745006909358912,8,8,True,True,True
304,1.2,12.0,2.4,3.0,1.0,50261029,1.3764490014498683,True,True,0.0,16211,7,7,False,7,1,59,0.9825286031420766,0.8890985177811087,0.8745006909358912,8,8,True,True,True
305,0.8,8.0,1.6,3.0,1.0,50261030,0.5072078751124551,True,True,0.0,15920,1,1,False,1,1,15,0.9776831454918032,0.8138528530043744,0.7922960816242565,8,8,True,True,True
305,0.9,9.0,1.8,3.0,1.0,50261030,0.5072078751124551,True,True,0.0,15920,1,1,False,1,1,15,0.9776831454918032,0.8138528530043744,0.7922960816242565,8,8,True,True,True
305,1.0,10.0,2.0,3.0,1.0,50261030,0.5072078751124551,True,True,0.0,15920,1,1,False,1,1,15,0.9776831454918032,0.8138528530043744,0.7922960816242565,8,8,True,True,True
305,1.1,11.0,2.2,3.0,1.0,50261030,0.5072078751124551,True,True,0.0,15920,1,1,False,1,1,15,0.9776831454918032,0.8138528530043744,0.7922960816242565,8,8,True,True,True
305,1.2,12.0,2.4,3.0,1.0,50261030,0.5072078751124551,True,True,0.0,15920,1,1,False,1,1,15,0.9776831454918032,0.8138528530043744,0.7922960816242565,8,8,True,True,True
306,0.8,8.0,1.6,3.0,1.0,50261031,1.2362941454801513,True,True,0.0,15980,1,1,False,1,0,0,1.0,0.7401775804371937,0.7401775804371937,8,6,False,False,False
306,0.9,9.0,1.8,3.0,1.0,50261031,1.2362941454801513,True,True,0.0,15980,1,1,False,1,0,0,1.0,0.7401775804371937,0.7401775804371937,8,6,False,False,False
306,1.0,10.0,2.0,3.0,1.0,50261031,1.2362941454801513,True,True,0.0,15980,1,1,False,1,0,0,1.0,0.7401775804371937,0.7401775804371937,8,6,False,False,False
306,1.1,11.0,2.2,3.0,1.0,50261031,1.2362941454801513,True,True,0.0,15980,1,1,False,1,0,0,1.0,0.7401775804371937,0.7401775804371937,8,6,False,False,False
306,1.2,12.0,2.4,3.0,1.0,50261031,1.2362941454801513,True,True,0.0,15980,1,1,False,1,0,0,1.0,0.7401775804371937,0.7401775804371937,8,6,False,False,False
307,0.8,8.0,1.6,3.0,1.0,50261032,5.380944725964812,True,True,0.0,16320,2,2,False,2,1,26,0.9832116632513661,0.8343311872954546,0.8199286229783336,8,8,True,True,True
307,0.9,9.0,1.8,3.0,1.0,50261032,5.380944725964812,True,True,0.0,16320,2,2,False,2,1,26,0.9832116632513661,0.8343311872954546,0.8199286229783336,8,8,True,True,True
307,1.0,10.0,2.0,3.0,1.0,50261032,5.380944725964812,True,True,0.0,16320,2,2,False,2,1,26,0.9832116632513661,0.8343311872954546,0.8199286229783336,8,8,True,True,True
307,1.1,11.0,2.2,3.0,1.0,50261032,5.380944725964812,True,True,0.0,16320,2,2,False,2,1,26,0.9832116632513661,0.8343311872954546,0.8199286229783336,8,8,True,True,True
307,1.2,12.0,2.4,3.0,1.0,50261032,5.380944725964812,True,True,0.0,16320,2,2,False,2,1,26,0.9832116632513661,0.8343311872954546,0.8199286229783336,8,8,True,True,True
308,0.8,8.0,1.6,3.0,1.0,50261033,0.8665982482025579,True,True,0.0,15921,10,10,False,10,0,0,1.0,0.7316970441554564,0.7316970441554564,8,6,False,False,False
308,0.9,9.0,1.8,3.0,1.0,50261033,0.8665982482025579,True,True,0.0,15921,10,10,False,10,0,0,1.0,0.7316970441554564,0.7316970441554564,8,6,False,False,False
308,1.0,10.0,2.0,3.0,1.0,50261033,0.8665982482025579,True,True,0.0,15921,10,10,False,10,0,0,1.0,0.7316970441554564,0.7316970441554564,8,6,False,False,False
308,1.1,11.0,2.2,3.0,1.0,50261033,0.8665982482025579,True,True,0.0,15921,10,10,False,10,0,0,1.0,0.7316970441554564,0.7316970441554564,8,6,False,False,False
308,1.2,12.0,2.4,3.0,1.0,50261033,0.8665982482025579,True,True,0.0,15921,10,10,False,10,0,0,1.0,0.7316970441554564,0.7316970441554564,8,6,False,False,False
309,0.8,8.0,1.6,3.0,1.0,50261034,4.149599657817176,True,True,0.0,15754,6,6,False,6,1,31,0.973574112021858,0.8752725082262582,0.849864365752506,8,8,True,True,True
309,0.9,9.0,1.8,3.0,1.0,50261034,4.149599657817176,True,True,0.0,15754,6,6,False,6,1,31,0.973574112021858,0.8752725082262582,0.849864365752506,8,8,True,True,True
309,1.0,10.0,2.0,3.0,1.0,50261034,4.149599657817176,True,True,0.0,15754,6,6,False,6,0,0,1.0,0.7566942626597225,0.7566942626597225,8,7,False,False,False
309,1.1,11.0,2.2,3.0,1.0,50261034,4.149599657817176,True,True,0.0,15754,6,6,False,6,0,0,1.0,0.7566942626597225,0.7566942626597225,8,7,False,False,False
309,1.2,12.0,2.4,3.0,1.0,50261034,4.149599657817176,True,True,0.0,15754,6,6,False,6,0,0,1.0,0.7566942626597225,0.7566942626597225,8,7,False,False,False
310,0.8,8.0,1.6,3.0,1.0,50261035,1.6602541077600166,True,True,0.0,16010,5,5,False,5,0,0,1.0,0.7036171705336851,0.7036171705336851,8,6,False,False,False
310,0.9,9.0,1.8,3.0,1.0,50261035,1.6602541077600166,True,True,0.0,16010,5,5,False,5,0,0,1.0,0.7036171705336851,0.7036171705336851,8,6,False,False,False
310,1.0,10.0,2.0,3.0,1.0,50261035,1.6602541077600166,True,True,0.0,16010,5,5,False,5,0,0,1.0,0.7036171705336851,0.7036171705336851,8,6,False,False,False
310,1.1,11.0,2.2,3.0,1.0,50261035,1.6602541077600166,True,True,0.0,16010,5,5,False,5,0,0,1.0,0.7036171705336851,0.7036171705336851,8,6,False,False,False
310,1.2,12.0,2.4,3.0,1.0,50261035,1.6602541077600166,True,True,0.0,16010,5,5,False,5,0,0,1.0,0.7036171705336851,0.7036171705336851,8,6,False,False,False
311,0.8,8.0,1.6,3.0,1.0,50261036,2.695706816401257,True,True,0.0,16134,1,1,False,1,1,26,0.9840227971311475,0.8481013450638158,0.8341964844272646,8,8,True,True,True
311,0.9,9.0,1.8,3.0,1.0,50261036,2.695706816401257,True,True,0.0,16134,1,1,False,1,1,26,0.9840227971311475,0.8481013450638158,0.8341964844272646,8,8,True,True,True
311,1.0,10.0,2.0,3.0,1.0,50261036,2.695706816401257,True,True,0.0,16134,1,1,False,1,1,26,0.9840227971311475,0.8481013450638158,0.8341964844272646,8,8,True,True,True
311,1.1,11.0,2.2,3.0,1.0,50261036,2.695706816401257,True,True,0.0,16134,1,1,False,1,1,26,0.9840227971311475,0.8481013450638158,0.8341964844272646,8,8,True,True,True
311,1.2,12.0,2.4,3.0,1.0,50261036,2.695706816401257,True,True,0.0,16134,1,1,False,1,1,26,0.9840227971311475,0.8481013450638158,0.8341964844272646,8,8,True,True,True
312,0.8,8.0,1.6,3.0,1.0,50261037,1.1261380652962036,True,True,0.0,15857,1,1,False,1,1,36,0.9752710894808743,0.857942801666556,0.8335253799835093,8,8,True,True,True
312,0.9,9.0,1.8,3.0,1.0,50261037,1.1261380652962036,True,True,0.0,15857,1,1,False,1,1,36,0.9752710894808743,0.857942801666556,0.8335253799835093,8,8,True,True,True
312,1.0,10.0,2.0,3.0,1.0,50261037,1.1261380652962036,True,True,0.0,15857,1,1,False,1,1,36,0.9752710894808743,0.857942801666556,0.8335253799835093,8,8,True,True,True
312,1.1,11.0,2.2,3.0,1.0,50261037,1.1261380652962036,True,True,0.0,15857,1,1,False,1,1,36,0.9752710894808743,0.857942801666556,0.8335253799835093,8,8,True,True,True
312,1.2,12.0,2.4,3.0,1.0,50261037,1.1261380652962036,True,True,0.0,15857,1,1,False,1,1,36,0.9752710894808743,0.857942801666556,0.8335253799835093,8,8,True,True,True
313,0.8,8.0,1.6,3.0,1.0,50261038,5.406904098577764,True,True,0.0,15707,3,3,False,3,1,56,0.9758629979877418,0.9172492800733061,0.8956669270230686,8,8,True,True,True
313,0.9,9.0,1.8,3.0,1.0,50261038,5.406904098577764,True,True,0.0,15707,3,3,False,3,0,0,0.9966216216216216,0.7942332703235442,0.7910327013335015,8,6,False,False,False
313,1.0,10.0,2.0,3.0,1.0,50261038,5.406904098577764,True,True,0.0,15707,3,3,False,3,0,0,0.9966216216216216,0.7942332703235442,0.7910327013335015,8,6,False,False,False
313,1.1,11.0,2.2,3.0,1.0,50261038,5.406904098577764,True,True,0.0,15707,3,3,False,3,0,0,0.9966216216216216,0.7942332703235442,0.7910327013335015,8,6,False,False,False
313,1.2,12.0,2.4,3.0,1.0,50261038,5.406904098577764,True,True,0.0,15707,3,3,False,3,0,0,0.9966216216216216,0.7942332703235442,0.7910327013335015,8,6,False,False,False
314,0.8,8.0,1.6,3.0,1.0,50261039,5.226866034909616,True,True,0.0,16050,2,2,False,2,0,0,1.0,0.776287875276162,0.776287875276162,8,6,False,False,False
314,0.9,9.0,1.8,3.0,1.0,50261039,5.226866034909616,True,True,0.0,16050,2,2,False,2,0,0,1.0,0.776287875276162,0.776287875276162,8,6,False,False,False
314,1.0,10.0,2.0,3.0,1.0,50261039,5.226866034909616,True,True,0.0,16050,2,2,False,2,0,0,1.0,0.776287875276162,0.776287875276162,8,6,False,False,False
314,1.1,11.0,2.2,3.0,1.0,50261039,5.226866034909616,True,True,0.0,16050,2,2,False,2,0,0,1.0,0.776287875276162,0.776287875276162,8,6,False,False,False
314,1.2,12.0,2.4,3.0,1.0,50261039,5.226866034909616,True,True,0.0,16050,2,2,False,2,0,0,1.0,0.776287875276162,0.776287875276162,8,6,False,False,False
315,0.8,8.0,1.6,3.0,1.0,50261040,0.25877393898129475,True,True,0.0,15666,4,4,False,4,0,0,1.0,0.7455366152351959,0.7455366152351959,8,7,False,False,False
315,0.9,9.0,1.8,3.0,1.0,50261040,0.25877393898129475,True,True,0.0,15666,4,4,False,4,0,0,1.0,0.7455366152351959,0.7455366152351959,8,7,False,False,False
315,1.0,10.0,2.0,3.0,1.0,50261040,0.25877393898129475,True,True,0.0,15666,4,4,False,4,0,0,1.0,0.7455366152351959,0.7455366152351959,8,7,False,False,False
315,1.1,11.0,2.2,3.0,1.0,50261040,0.25877393898129475,True,True,0.0,15666,4,4,False,4,0,0,1.0,0.7455366152351959,0.7455366152351959,8,7,False,False,False
315,1.2,12.0,2.4,3.0,1.0,50261040,0.25877393898129475,True,True,0.0,15666,4,4,False,4,0,0,1.0,0.7455366152351959,0.7455366152351959,8,7,False,False,False
316,0.8,8.0,1.6,3.0,1.0,50261041,1.5333759945358516,True,True,0.0,15832,6,6,False,6,0,0,1.0,0.742279312691019,0.742279312691019,8,6,False,False,False
316,0.9,9.0,1.8,3.0,1.0,50261041,1.5333759945358516,True,True,0.0,15832,6,6,False,6,0,0,1.0,0.742279312691019,0.742279312691019,8,6,False,False,False
316,1.0,10.0,2.0,3.0,1.0,50261041,1.5333759945358516,True,True,0.0,15832,6,6,False,6,0,0,1.0,0.742279312691019,0.742279312691019,8,6,False,False,False
316,1.1,11.0,2.2,3.0,1.0,50261041,1.5333759945358516,True,True,0.0,15832,6,6,False,6,0,0,1.0,0.742279312691019,0.742279312691019,8,6,False,False,False
316,1.2,12.0,2.4,3.0,1.0,50261041,1.5333759945358516,True,True,0.0,15832,6,6,False,6,0,0,1.0,0.742279312691019,0.742279312691019,8,6,False,False,False
317,0.8,8.0,1.6,3.0,1.0,50261042,5.371096926085756,True,True,0.0,15943,5,5,False,5,0,0,1.0,0.7420018735395147,0.7420018735395147,8,6,False,False,False
317,0.9,9.0,1.8,3.0,1.0,50261042,5.371096926085756,True,True,0.0,15943,5,5,False,5,0,0,1.0,0.7420018735395147,0.7420018735395147,8,6,False,False,False
317,1.0,10.0,2.0,3.0,1.0,50261042,5.371096926085756,True,True,0.0,15943,5,5,False,5,0,0,1.0,0.7420018735395147,0.7420018735395147,8,6,False,False,False
317,1.1,11.0,2.2,3.0,1.0,50261042,5.371096926085756,True,True,0.0,15943,5,5,False,5,0,0,1.0,0.7420018735395147,0.7420018735395147,8,6,False,False,False
317,1.2,12.0,2.4,3.0,1.0,50261042,5.371096926085756,True,True,0.0,15943,5,5,False,5,0,0,1.0,0.7420018735395147,0.7420018735395147,8,6,False,False,False
318,0.8,8.0,1.6,3.0,1.0,50261043,2.6686970274185815,True,True,0.0,15485,2,2,False,2,0,0,0.9953195382882882,0.7818574859007569,0.7786714898755649,8,6,False,False,False
318,0.9,9.0,1.8,3.0,1.0,50261043,2.6686970274185815,True,True,0.0,15485,2,2,False,2,0,0,0.9953195382882882,0.7818574859007569,0.7786714898755649,8,6,False,False,False
318,1.0,10.0,2.0,3.0,1.0,50261043,2.6686970274185815,True,True,0.0,15485,2,2,False,2,0,0,0.9953195382882882,0.7818574859007569,0.7786714898755649,8,6,False,False,False
318,1.1,11.0,2.2,3.0,1.0,50261043,2.6686970274185815,True,True,0.0,15485,2,2,False,2,0,0,0.9953195382882882,0.7818574859007569,0.7786714898755649,8,6,False,False,False
318,1.2,12.0,2.4,3.0,1.0,50261043,2.6686970274185815,True,True,0.0,15485,2,2,False,2,0,0,0.9953195382882882,0.7818574859007569,0.7786714898755649,8,6,False,False,False
319,0.8,8.0,1.6,3.0,1.0,50261044,0.3688933479470108,True,True,0.0,16000,2,2,False,2,0,0,1.0,0.720761335686838,0.720761335686838,8,6,False,False,False
319,0.9,9.0,1.8,3.0,1.0,50261044,0.3688933479470108,True,True,0.0,16000,2,2,False,2,0,0,1.0,0.720761335686838,0.720761335686838,8,6,False,False,False
319,1.0,10.0,2.0,3.0,1.0,50261044,0.3688933479470108,True,True,0.0,16000,2,2,False,2,0,0,1.0,0.720761335686838,0.720761335686838,8,6,False,False,False
319,1.1,11.0,2.2,3.0,1.0,50261044,0.3688933479470108,True,True,0.0,16000,2,2,False,2,0,0,1.0,0.720761335686838,0.720761335686838,8,6,False,False,False
319,1.2,12.0,2.4,3.0,1.0,50261044,0.3688933479470108,True,True,0.0,16000,2,2,False,2,0,0,1.0,0.720761335686838,0.720761335686838,8,6,False,False,False
320,0.8,8.0,1.6,3.0,1.0,50261045,5.142275108010306,True,True,0.0,16020,8,8,False,8,1,37,0.9841828893442623,0.8257402284269288,0.8116047738768403,8,8,True,True,True
320,0.9,9.0,1.8,3.0,1.0,50261045,5.142275108010306,True,True,0.0,16020,8,8,False,8,1,37,0.9841828893442623,0.8257402284269288,0.8116047738768403,8,8,True,True,True
320,1.0,10.0,2.0,3.0,1.0,50261045,5.142275108010306,True,True,0.0,16020,8,8,False,8,1,37,0.9841828893442623,0.8257402284269288,0.8116047738768403,8,8,True,True,True
320,1.1,11.0,2.2,3.0,1.0,50261045,5.142275108010306,True,True,0.0,16020,8,8,False,8,1,37,0.9841828893442623,0.8257402284269288,0.8116047738768403,8,8,True,True,True
320,1.2,12.0,2.4,3.0,1.0,50261045,5.142275108010306,True,True,0.0,16020,8,8,False,8,0,0,1.0,0.7054276662551957,0.7054276662551957,8,6,False,False,False
321,0.8,8.0,1.6,3.0,1.0,50261046,6.280735106567419,True,True,0.0,15975,1,1,False,1,0,0,1.0,0.7523847368029004,0.7523847368029004,8,7,False,False,False
321,0.9,9.0,1.8,3.0,1.0,50261046,6.280735106567419,True,True,0.0,15975,1,1,False,1,0,0,1.0,0.7523847368029004,0.7523847368029004,8,7,False,False,False
321,1.0,10.0,2.0,3.0,1.0,50261046,6.280735106567419,True,True,0.0,15975,1,1,False,1,0,0,1.0,0.7523847368029004,0.7523847368029004,8,7,False,False,False
321,1.1,11.0,2.2,3.0,1.0,50261046,6.280735106567419,True,True,0.0,15975,1,1,False,1,0,0,1.0,0.7523847368029004,0.7523847368029004,8,7,False,False,False
321,1.2,12.0,2.4,3.0,1.0,50261046,6.280735106567419,True,True,0.0,15975,1,1,False,1,0,0,1.0,0.7523847368029004,0.7523847368029004,8,7,False,False,False
322,0.8,8.0,1.6,3.0,1.0,50261047,3.516239023020669,True,True,0.0,16040,8,8,False,8,0,0,1.0,0.7256226628302394,0.7256226628302394,8,6,False,False,False
322,0.9,9.0,1.8,3.0,1.0,50261047,3.516239023020669,True,True,0.0,16040,8,8,False,8,0,0,1.0,0.7256226628302394,0.7256226628302394,8,6,False,False,False
322,1.0,10.0,2.0,3.0,1.0,50261047,3.516239023020669,True,True,0.0,16040,8,8,False,8,0,0,1.0,0.7256226628302394,0.7256226628302394,8,6,False,False,False
322,1.1,11.0,2.2,3.0,1.0,50261047,3.516239023020669,True,True,0.0,16040,8,8,False,8,0,0,1.0,0.7256226628302394,0.7256226628302394,8,6,False,False,False
322,1.2,12.0,2.4,3.0,1.0,50261047,3.516239023020669,True,True,0.0,16040,8,8,False,8,0,0,1.0,0.7256226628302394,0.7256226628302394,8,6,False,False,False
323,0.8,8.0,1.6,3.0,1.0,50261048,4.14736363553846,True,True,0.0,15762,1,1,False,1,1,53,0.9805434596994536,0.8888630379052206,0.8727720666329908,8,8,True,True,True
323,0.9,9.0,1.8,3.0,1.0,50261048,4.14736363553846,True,True,0.0,15762,1,1,False,1,1,53,0.9805434596994536,0.8888630379052206,0.8727720666329908,8,8,True,True,True
323,1.0,10.0,2.0,3.0,1.0,50261048,4.14736363553846,True,True,0.0,15762,1,1,False,1,0,0,1.0,0.7706382880510455,0.7706382880510455,8,6,False,False,False
323,1.1,11.0,2.2,3.0,1.0,50261048,4.14736363553846,True,True,0.0,15762,1,1,False,1,0,0,1.0,0.7706382880510455,0.7706382880510455,8,6,False,False,False
323,1.2,12.0,2.4,3.0,1.0,50261048,4.14736363553846,True,True,0.0,15762,1,1,False,1,0,0,1.0,0.7706382880510455,0.7706382880510455,8,6,False,False,False
324,0.8,8.0,1.6,3.0,1.0,50261049,1.3274025778253236,True,True,0.0,16148,2,2,False,2,0,0,1.0,0.7686483313840533,0.7686483313840533,8,6,False,False,False
324,0.9,9.0,1.8,3.0,1.0,50261049,1.3274025778253236,True,True,0.0,16148,2,2,False,2,0,0,1.0,0.7686483313840533,0.7686483313840533,8,6,False,False,False
324,1.0,10.0,2.0,3.0,1.0,50261049,1.3274025778253236,True,True,0.0,16148,2,2,False,2,0,0,1.0,0.7686483313840533,0.7686483313840533,8,6,False,False,False
324,1.1,11.0,2.2,3.0,1.0,50261049,1.3274025778253236,True,True,0.0,16148,2,2,False,2,0,0,1.0,0.7686483313840533,0.7686483313840533,8,6,False,False,False
324,1.2,12.0,2.4,3.0,1.0,50261049,1.3274025778253236,True,True,0.0,16148,2,2,False,2,0,0,1.0,0.7686483313840533,0.7686483313840533,8,6,False,False,False
325,0.8,8.0,1.6,3.0,1.0,50261050,3.9147821511209795,True,True,0.0,15924,4,4,False,4,0,0,1.0,0.7644688056428282,0.7644688056428282,8,6,False,False,False
325,0.9,9.0,1.8,3.0,1.0,50261050,3.9147821511209795,True,True,0.0,15924,4,4,False,4,0,0,1.0,0.7644688056428282,0.7644688056428282,8,6,False,False,False
325,1.0,10.0,2.0,3.0,1.0,50261050,3.9147821511209795,True,True,0.0,15924,4,4,False,4,0,0,1.0,0.7644688056428282,0.7644688056428282,8,6,False,False,False
325,1.1,11.0,2.2,3.0,1.0,50261050,3.9147821511209795,True,True,0.0,15924,4,4,False,4,0,0,1.0,0.7644688056428282,0.7644688056428282,8,6,False,False,False
325,1.2,12.0,2.4,3.0,1.0,50261050,3.9147821511209795,True,True,0.0,15924,4,4,False,4,0,0,1.0,0.7644688056428282,0.7644688056428282,8,6,False,False,False
326,0.8,8.0,1.6,3.0,1.0,50261051,5.232631711066271,True,True,0.0,15823,10,10,False,10,0,0,1.0,0.7249451692095279,0.7249451692095279,8,6,False,False,False
326,0.9,9.0,1.8,3.0,1.0,50261051,5.232631711066271,True,True,0.0,15823,10,10,False,10,0,0,1.0,0.7249451692095279,0.7249451692095279,8,6,False,False,False
326,1.0,10.0,2.0,3.0,1.0,50261051,5.232631711066271,True,True,0.0,15823,10,10,False,10,0,0,1.0,0.7249451692095279,0.7249451692095279,8,6,False,False,False
326,1.1,11.0,2.2,3.0,1.0,50261051,5.232631711066271,True,True,0.0,15823,10,10,False,10,0,0,1.0,0.7249451692095279,0.7249451692095279,8,6,False,False,False
326,1.2,12.0,2.4,3.0,1.0,50261051,5.232631711066271,True,True,0.0,15823,10,10,False,10,0,0,1.0,0.7249451692095279,0.7249451692095279,8,6,False,False,False
327,0.8,8.0,1.6,3.0,1.0,50261052,0.7856025477975551,True,True,0.0,15863,2,2,False,2,1,60,0.9776084357923498,0.7600017282482453,0.7405502126122896,8,8,True,True,True
327,0.9,9.0,1.8,3.0,1.0,50261052,0.7856025477975551,True,True,0.0,15863,2,2,False,2,1,60,0.9776084357923498,0.7600017282482453,0.7405502126122896,8,8,True,True,True
327,1.0,10.0,2.0,3.0,1.0,50261052,0.7856025477975551,True,True,0.0,15863,2,2,False,2,1,60,0.9776084357923498,0.7600017282482453,0.7405502126122896,8,8,True,True,True
327,1.1,11.0,2.2,3.0,1.0,50261052,0.7856025477975551,True,True,0.0,15863,2,2,False,2,0,0,1.0,0.6375010751244274,0.6375010751244274,8,6,False,False,False
327,1.2,12.0,2.4,3.0,1.0,50261052,0.7856025477975551,True,True,0.0,15863,2,2,False,2,0,0,1.0,0.6375010751244274,0.6375010751244274,8,6,False,False,False
328,0.8,8.0,1.6,3.0,1.0,50261053,3.3466636951769924,True,True,0.0,15829,5,5,False,5,0,0,1.0,0.7215557306010316,0.7215557306010316,8,6,False,False,False
328,0.9,9.0,1.8,3.0,1.0,50261053,3.3466636951769924,True,True,0.0,15829,5,5,False,5,0,0,1.0,0.7215557306010316,0.7215557306010316,8,6,False,False,False
328,1.0,10.0,2.0,3.0,1.0,50261053,3.3466636951769924,True,True,0.0,15829,5,5,False,5,0,0,1.0,0.7215557306010316,0.7215557306010316,8,6,False,False,False
328,1.1,11.0,2.2,3.0,1.0,50261053,3.3466636951769924,True,True,0.0,15829,5,5,False,5,0,0,1.0,0.7215557306010316,0.7215557306010316,8,6,False,False,False
328,1.2,12.0,2.4,3.0,1.0,50261053,3.3466636951769924,True,True,0.0,15829,5,5,False,5,0,0,1.0,0.7215557306010316,0.7215557306010316,8,6,False,False,False
329,0.8,8.0,1.6,3.0,1.0,50261054,0.3801118840704056,True,True,0.0,15803,5,5,False,5,0,0,1.0,0.7135738768777952,0.7135738768777952,8,6,False,False,False
329,0.9,9.0,1.8,3.0,1.0,50261054,0.3801118840704056,True,True,0.0,15803,5,5,False,5,0,0,1.0,0.7135738768777952,0.7135738768777952,8,6,False,False,False
329,1.0,10.0,2.0,3.0,1.0,50261054,0.3801118840704056,True,True,0.0,15803,5,5,False,5,0,0,1.0,0.7135738768777952,0.7135738768777952,8,6,False,False,False
329,1.1,11.0,2.2,3.0,1.0,50261054,0.3801118840704056,True,True,0.0,15803,5,5,False,5,0,0,1.0,0.7135738768777952,0.7135738768777952,8,6,False,False,False
329,1.2,12.0,2.4,3.0,1.0,50261054,0.3801118840704056,True,True,0.0,15803,5,5,False,5,0,0,1.0,0.7135738768777952,0.7135738768777952,8,6,False,False,False
330,0.8,8.0,1.6,3.0,1.0,50261055,1.2484409768824691,True,True,0.0,15821,7,7,False,7,1,57,0.9805754781420766,0.8358575818897438,0.8188014222391937,8,8,True,True,True
330,0.9,9.0,1.8,3.0,1.0,50261055,1.2484409768824691,True,True,0.0,15821,7,7,False,7,1,57,0.9805754781420766,0.8358575818897438,0.8188014222391937,8,8,True,True,True
330,1.0,10.0,2.0,3.0,1.0,50261055,1.2484409768824691,True,True,0.0,15821,7,7,False,7,1,57,0.9805754781420766,0.8358575818897438,0.8188014222391937,8,8,True,True,True
330,1.1,11.0,2.2,3.0,1.0,50261055,1.2484409768824691,True,True,0.0,15821,7,7,False,7,1,57,0.9805754781420766,0.8358575818897438,0.8188014222391937,8,8,True,True,True
330,1.2,12.0,2.4,3.0,1.0,50261055,1.2484409768824691,True,True,0.0,15821,7,7,False,7,0,0,1.0,0.7118745657462814,0.7118745657462814,8,6,False,False,False
331,0.8,8.0,1.6,3.0,1.0,50261056,5.78303184900375,True,True,0.0,15897,10,10,False,10,0,0,1.0,0.7507557034953447,0.7507557034953447,8,6,False,False,False
331,0.9,9.0,1.8,3.0,1.0,50261056,5.78303184900375,True,True,0.0,15897,10,10,False,10,0,0,1.0,0.7507557034953447,0.7507557034953447,8,6,False,False,False
331,1.0,10.0,2.0,3.0,1.0,50261056,5.78303184900375,True,True,0.0,15897,10,10,False,10,0,0,1.0,0.7507557034953447,0.7507557034953447,8,6,False,False,False
331,1.1,11.0,2.2,3.0,1.0,50261056,5.78303184900375,True,True,0.0,15897,10,10,False,10,0,0,1.0,0.7507557034953447,0.7507557034953447,8,6,False,False,False
331,1.2,12.0,2.4,3.0,1.0,50261056,5.78303184900375,True,True,0.0,15897,10,10,False,10,0,0,1.0,0.7507557034953447,0.7507557034953447,8,6,False,False,False
332,0.8,8.0,1.6,3.0,1.0,50261057,5.133290353799537,True,True,0.0,15753,1,1,False,1,0,0,1.0,0.708236836339648,0.708236836339648,8,6,False,False,False
332,0.9,9.0,1.8,3.0,1.0,50261057,5.133290353799537,True,True,0.0,15753,1,1,False,1,0,0,1.0,0.708236836339648,0.708236836339648,8,6,False,False,False
332,1.0,10.0,2.0,3.0,1.0,50261057,5.133290353799537,True,True,0.0,15753,1,1,False,1,0,0,1.0,0.708236836339648,0.708236836339648,8,6,False,False,False
332,1.1,11.0,2.2,3.0,1.0,50261057,5.133290353799537,True,True,0.0,15753,1,1,False,1,0,0,1.0,0.708236836339648,0.708236836339648,8,6,False,False,False
332,1.2,12.0,2.4,3.0,1.0,50261057,5.133290353799537,True,True,0.0,15753,1,1,False,1,0,0,1.0,0.708236836339648,0.708236836339648,8,6,False,False,False
333,0.8,8.0,1.6,3.0,1.0,50261058,4.555397684370832,True,True,0.0,16401,2,2,False,2,1,21,0.9900742827868853,0.8129450056908297,0.8045781322467792,8,8,True,True,True
333,0.9,9.0,1.8,3.0,1.0,50261058,4.555397684370832,True,True,0.0,16401,2,2,False,2,1,21,0.9900742827868853,0.8129450056908297,0.8045781322467792,8,8,True,True,True
333,1.0,10.0,2.0,3.0,1.0,50261058,4.555397684370832,True,True,0.0,16401,2,2,False,2,0,0,1.0,0.6964299347756051,0.6964299347756051,8,6,False,False,False
333,1.1,11.0,2.2,3.0,1.0,50261058,4.555397684370832,True,True,0.0,16401,2,2,False,2,0,0,1.0,0.6964299347756051,0.6964299347756051,8,6,False,False,False
333,1.2,12.0,2.4,3.0,1.0,50261058,4.555397684370832,True,True,0.0,16401,2,2,False,2,0,0,1.0,0.6964299347756051,0.6964299347756051,8,6,False,False,False
334,0.8,8.0,1.6,3.0,1.0,50261059,5.576725412917072,True,True,0.0,15662,7,7,False,7,0,0,1.0,0.783357597742419,0.783357597742419,8,6,False,False,False
334,0.9,9.0,1.8,3.0,1.0,50261059,5.576725412917072,True,True,0.0,15662,7,7,False,7,0,0,1.0,0.783357597742419,0.783357597742419,8,6,False,False,False
334,1.0,10.0,2.0,3.0,1.0,50261059,5.576725412917072,True,True,0.0,15662,7,7,False,7,0,0,1.0,0.783357597742419,0.783357597742419,8,6,False,False,False
334,1.1,11.0,2.2,3.0,1.0,50261059,5.576725412917072,True,True,0.0,15662,7,7,False,7,0,0,1.0,0.783357597742419,0.783357597742419,8,6,False,False,False
334,1.2,12.0,2.4,3.0,1.0,50261059,5.576725412917072,True,True,0.0,15662,7,7,False,7,0,0,1.0,0.783357597742419,0.783357597742419,8,6,False,False,False
335,0.8,8.0,1.6,3.0,1.0,50261060,3.342721708650574,True,True,0.0,15949,8,8,False,8,1,52,0.9778112192622951,0.8244954078920628,0.804884416873232,8,8,True,True,True
335,0.9,9.0,1.8,3.0,1.0,50261060,3.342721708650574,True,True,0.0,15949,8,8,False,8,0,0,1.0,0.7029208567122485,0.7029208567122485,8,6,False,False,False
335,1.0,10.0,2.0,3.0,1.0,50261060,3.342721708650574,True,True,0.0,15949,8,8,False,8,0,0,1.0,0.7029208567122485,0.7029208567122485,8,6,False,False,False
335,1.1,11.0,2.2,3.0,1.0,50261060,3.342721708650574,True,True,0.0,15949,8,8,False,8,0,0,1.0,0.7029208567122485,0.7029208567122485,8,6,False,False,False
335,1.2,12.0,2.4,3.0,1.0,50261060,3.342721708650574,True,True,0.0,15949,8,8,False,8,0,0,1.0,0.7029208567122485,0.7029208567122485,8,6,False,False,False
336,0.8,8.0,1.6,3.0,1.0,50261061,3.7120716093931163,True,True,0.0,16162,2,2,False,2,0,0,0.9966216216216216,0.7073373318215189,0.7047240914034004,8,6,False,False,False
336,0.9,9.0,1.8,3.0,1.0,50261061,3.7120716093931163,True,True,0.0,16162,2,2,False,2,0,0,0.9966216216216216,0.7073373318215189,0.7047240914034004,8,6,False,False,False
336,1.0,10.0,2.0,3.0,1.0,50261061,3.7120716093931163,True,True,0.0,16162,2,2,False,2,0,0,0.9966216216216216,0.7073373318215189,0.7047240914034004,8,6,False,False,False
336,1.1,11.0,2.2,3.0,1.0,50261061,3.7120716093931163,True,True,0.0,16162,2,2,False,2,0,0,0.9966216216216216,0.7073373318215189,0.7047240914034004,8,6,False,False,False
336,1.2,12.0,2.4,3.0,1.0,50261061,3.7120716093931163,True,True,0.0,16162,2,2,False,2,0,0,0.9966216216216216,0.7073373318215189,0.7047240914034004,8,6,False,False,False
337,0.8,8.0,1.6,3.0,1.0,50261062,1.5002331619102802,True,True,0.0,16043,7,7,False,7,1,17,0.9901063012295082,0.875964354755806,0.8669090702965894,8,8,True,True,True
337,0.9,9.0,1.8,3.0,1.0,50261062,1.5002331619102802,True,True,0.0,16043,7,7,False,7,1,17,0.9901063012295082,0.875964354755806,0.8669090702965894,8,8,True,True,True
337,1.0,10.0,2.0,3.0,1.0,50261062,1.5002331619102802,True,True,0.0,16043,7,7,False,7,1,17,0.9901063012295082,0.875964354755806,0.8669090702965894,8,8,True,True,True
337,1.1,11.0,2.2,3.0,1.0,50261062,1.5002331619102802,True,True,0.0,16043,7,7,False,7,1,17,0.9901063012295082,0.875964354755806,0.8669090702965894,8,8,True,True,True
337,1.2,12.0,2.4,3.0,1.0,50261062,1.5002331619102802,True,True,0.0,16043,7,7,False,7,1,17,0.9901063012295082,0.875964354755806,0.8669090702965894,8,8,True,True,True
338,0.8,8.0,1.6,3.0,1.0,50261063,4.497834314003371,True,True,0.0,15868,6,6,False,6,0,0,1.0,0.8015265269860858,0.8015265269860858,8,6,False,False,False
338,0.9,9.0,1.8,3.0,1.0,50261063,4.497834314003371,True,True,0.0,15868,6,6,False,6,0,0,1.0,0.8015265269860858,0.8015265269860858,8,6,False,False,False
338,1.0,10.0,2.0,3.0,1.0,50261063,4.497834314003371,True,True,0.0,15868,6,6,False,6,0,0,1.0,0.8015265269860858,0.8015265269860858,8,6,False,False,False
338,1.1,11.0,2.2,3.0,1.0,50261063,4.497834314003371,True,True,0.0,15868,6,6,False,6,0,0,1.0,0.8015265269860858,0.8015265269860858,8,6,False,False,False
338,1.2,12.0,2.4,3.0,1.0,50261063,4.497834314003371,True,True,0.0,15868,6,6,False,6,0,0,1.0,0.8015265269860858,0.8015265269860858,8,6,False,False,False
339,0.8,8.0,1.6,3.0,1.0,50261064,4.688303868032066,True,True,0.0,16156,3,3,False,3,1,18,0.9824965846994536,0.8908039219878333,0.8745855850043653,8,8,True,True,True
339,0.9,9.0,1.8,3.0,1.0,50261064,4.688303868032066,True,True,0.0,16156,3,3,False,3,1,18,0.9824965846994536,0.8908039219878333,0.8745855850043653,8,8,True,True,True
339,1.0,10.0,2.0,3.0,1.0,50261064,4.688303868032066,True,True,0.0,16156,3,3,False,3,1,18,0.9824965846994536,0.8908039219878333,0.8745855850043653,8,8,True,True,True
339,1.1,11.0,2.2,3.0,1.0,50261064,4.688303868032066,True,True,0.0,16156,3,3,False,3,1,18,0.9824965846994536,0.8908039219878333,0.8745855850043653,8,8,True,True,True
339,1.2,12.0,2.4,3.0,1.0,50261064,4.688303868032066,True,True,0.0,16156,3,3,False,3,1,18,0.9824965846994536,0.8908039219878333,0.8745855850043653,8,8,True,True,True
340,0.8,8.0,1.6,3.0,1.0,50261065,4.149718022009379,True,True,0.0,15865,3,3,False,3,1,37,0.9439890710382514,0.8818818981153091,0.8303346912171842,8,7,True,True,False
340,0.9,9.0,1.8,3.0,1.0,50261065,4.149718022009379,True,True,0.0,15865,3,3,False,3,1,37,0.9439890710382514,0.8818818981153091,0.8303346912171842,8,7,True,True,False
340,1.0,10.0,2.0,3.0,1.0,50261065,4.149718022009379,True,True,0.0,15865,3,3,False,3,1,37,0.9439890710382514,0.8818818981153091,0.8303346912171842,8,7,True,True,False
340,1.1,11.0,2.2,3.0,1.0,50261065,4.149718022009379,True,True,0.0,15865,3,3,False,3,1,37,0.9439890710382514,0.8818818981153091,0.8303346912171842,8,7,True,True,False
340,1.2,12.0,2.4,3.0,1.0,50261065,4.149718022009379,True,True,0.0,15865,3,3,False,3,0,0,1.0,0.7630299416273775,0.7630299416273775,8,6,False,False,False
341,0.8,8.0,1.6,3.0,1.0,50261066,0.3496876263910858,True,True,0.0,16088,11,11,False,11,1,33,0.9742998633879781,0.790269605051789,0.7661584552359921,8,7,True,True,True
341,0.9,9.0,1.8,3.0,1.0,50261066,0.3496876263910858,True,True,0.0,16088,11,11,False,11,1,33,0.9742998633879781,0.790269605051789,0.7661584552359921,8,7,True,True,True
341,1.0,10.0,2.0,3.0,1.0,50261066,0.3496876263910858,True,True,0.0,16088,11,11,False,11,1,33,0.9742998633879781,0.790269605051789,0.7661584552359921,8,7,True,True,True
341,1.1,11.0,2.2,3.0,1.0,50261066,0.3496876263910858,True,True,0.0,16088,11,11,False,11,1,33,0.9742998633879781,0.790269605051789,0.7661584552359921,8,7,True,True,True
341,1.2,12.0,2.4,3.0,1.0,50261066,0.3496876263910858,True,True,0.0,16088,11,11,False,11,1,33,0.9742998633879781,0.790269605051789,0.7661584552359921,8,7,True,True,True
342,0.8,8.0,1.6,3.0,1.0,50261067,2.165616633291556,True,True,0.0,15887,2,2,False,2,0,0,1.0,0.7276870852028796,0.7276870852028796,8,6,False,False,False
342,0.9,9.0,1.8,3.0,1.0,50261067,2.165616633291556,True,True,0.0,15887,2,2,False,2,0,0,1.0,0.7276870852028796,0.7276870852028796,8,6,False,False,False
342,1.0,10.0,2.0,3.0,1.0,50261067,2.165616633291556,True,True,0.0,15887,2,2,False,2,0,0,1.0,0.7276870852028796,0.7276870852028796,8,6,False,False,False
342,1.1,11.0,2.2,3.0,1.0,50261067,2.165616633291556,True,True,0.0,15887,2,2,False,2,0,0,1.0,0.7276870852028796,0.7276870852028796,8,6,False,False,False
342,1.2,12.0,2.4,3.0,1.0,50261067,2.165616633291556,True,True,0.0,15887,2,2,False,2,0,0,1.0,0.7276870852028796,0.7276870852028796,8,6,False,False,False
343,0.8,8.0,1.6,3.0,1.0,50261068,3.809935440493395,True,True,0.0,15221,1,1,False,1,0,0,0.9953195382882882,0.774259060368902,0.7707242855925258,8,7,False,False,False
343,0.9,9.0,1.8,3.0,1.0,50261068,3.809935440493395,True,True,0.0,15221,1,1,False,1,0,0,0.9953195382882882,0.774259060368902,0.7707242855925258,8,7,False,False,False
343,1.0,10.0,2.0,3.0,1.0,50261068,3.809935440493395,True,True,0.0,15221,1,1,False,1,0,0,0.9953195382882882,0.774259060368902,0.7707242855925258,8,7,False,False,False
343,1.1,11.0,2.2,3.0,1.0,50261068,3.809935440493395,True,True,0.0,15221,1,1,False,1,0,0,0.9953195382882882,0.774259060368902,0.7707242855925258,8,7,False,False,False
343,1.2,12.0,2.4,3.0,1.0,50261068,3.809935440493395,True,True,0.0,15221,1,1,False,1,0,0,0.9953195382882882,0.774259060368902,0.7707242855925258,8,7,False,False,False
344,0.8,8.0,1.6,3.0,1.0,50261069,0.6782763093682965,True,True,0.0,15851,2,2,False,2,0,0,1.0,0.7649382588359264,0.7649382588359264,8,6,False,False,False
344,0.9,9.0,1.8,3.0,1.0,50261069,0.6782763093682965,True,True,0.0,15851,2,2,False,2,0,0,1.0,0.7649382588359264,0.7649382588359264,8,6,False,False,False
344,1.0,10.0,2.0,3.0,1.0,50261069,0.6782763093682965,True,True,0.0,15851,2,2,False,2,0,0,1.0,0.7649382588359264,0.7649382588359264,8,6,False,False,False
344,1.1,11.0,2.2,3.0,1.0,50261069,0.6782763093682965,True,True,0.0,15851,2,2,False,2,0,0,1.0,0.7649382588359264,0.7649382588359264,8,6,False,False,False
344,1.2,12.0,2.4,3.0,1.0,50261069,0.6782763093682965,True,True,0.0,15851,2,2,False,2,0,0,1.0,0.7649382588359264,0.7649382588359264,8,6,False,False,False
345,0.8,8.0,1.6,3.0,1.0,50261070,5.646781394428965,True,True,0.0,15852,3,3,False,3,0,0,1.0,0.7158283868301593,0.7158283868301593,8,6,False,False,False
345,0.9,9.0,1.8,3.0,1.0,50261070,5.646781394428965,True,True,0.0,15852,3,3,False,3,0,0,1.0,0.7158283868301593,0.7158283868301593,8,6,False,False,False
345,1.0,10.0,2.0,3.0,1.0,50261070,5.646781394428965,True,True,0.0,15852,3,3,False,3,0,0,1.0,0.7158283868301593,0.7158283868301593,8,6,False,False,False
345,1.1,11.0,2.2,3.0,1.0,50261070,5.646781394428965,True,True,0.0,15852,3,3,False,3,0,0,1.0,0.7158283868301593,0.7158283868301593,8,6,False,False,False
345,1.2,12.0,2.4,3.0,1.0,50261070,5.646781394428965,True,True,0.0,15852,3,3,False,3,0,0,1.0,0.7158283868301593,0.7158283868301593,8,6,False,False,False
346,0.8,8.0,1.6,3.0,1.0,50261071,5.5989449437670515,True,True,0.0,15840,15,15,False,15,0,0,1.0,0.711946266286916,0.711946266286916,8,5,False,False,False
346,0.9,9.0,1.8,3.0,1.0,50261071,5.5989449437670515,True,True,0.0,15840,15,15,False,15,0,0,1.0,0.711946266286916,0.711946266286916,8,5,False,False,False
346,1.0,10.0,2.0,3.0,1.0,50261071,5.5989449437670515,True,True,0.0,15840,15,15,False,15,0,0,1.0,0.711946266286916,0.711946266286916,8,5,False,False,False
346,1.1,11.0,2.2,3.0,1.0,50261071,5.5989449437670515,True,True,0.0,15840,15,15,False,15,0,0,1.0,0.711946266286916,0.711946266286916,8,5,False,False,False
346,1.2,12.0,2.4,3.0,1.0,50261071,5.5989449437670515,True,True,0.0,15840,15,15,False,15,0,0,1.0,0.711946266286916,0.711946266286916,8,5,False,False,False
347,0.8,8.0,1.6,3.0,1.0,50261072,2.4373952995622874,True,True,0.0,15732,3,3,False,3,1,35,0.9852608435792349,0.9144179047918438,0.9020130089938168,8,8,True,True,True
347,0.9,9.0,1.8,3.0,1.0,50261072,2.4373952995622874,True,True,0.0,15732,3,3,False,3,1,35,0.9852608435792349,0.9144179047918438,0.9020130089938168,8,8,True,True,True
347,1.0,10.0,2.0,3.0,1.0,50261072,2.4373952995622874,True,True,0.0,15732,3,3,False,3,1,35,0.9852608435792349,0.9144179047918438,0.9020130089938168,8,8,True,True,True
347,1.1,11.0,2.2,3.0,1.0,50261072,2.4373952995622874,True,True,0.0,15732,3,3,False,3,1,35,0.9852608435792349,0.9144179047918438,0.9020130089938168,8,8,True,True,True
347,1.2,12.0,2.4,3.0,1.0,50261072,2.4373952995622874,True,True,0.0,15732,3,3,False,3,1,35,0.9852608435792349,0.9144179047918438,0.9020130089938168,8,8,True,True,True
348,0.8,8.0,1.6,3.0,1.0,50261073,1.4443750608946844,True,True,0.0,16540,2,2,False,2,0,0,1.0,0.7095888298051426,0.7095888298051426,8,6,False,False,False
348,0.9,9.0,1.8,3.0,1.0,50261073,1.4443750608946844,True,True,0.0,16540,2,2,False,2,0,0,1.0,0.7095888298051426,0.7095888298051426,8,6,False,False,False
348,1.0,10.0,2.0,3.0,1.0,50261073,1.4443750608946844,True,True,0.0,16540,2,2,False,2,0,0,1.0,0.7095888298051426,0.7095888298051426,8,6,False,False,False
348,1.1,11.0,2.2,3.0,1.0,50261073,1.4443750608946844,True,True,0.0,16540,2,2,False,2,0,0,1.0,0.7095888298051426,0.7095888298051426,8,6,False,False,False
348,1.2,12.0,2.4,3.0,1.0,50261073,1.4443750608946844,True,True,0.0,16540,2,2,False,2,0,0,1.0,0.7095888298051426,0.7095888298051426,8,6,False,False,False
349,0.8,8.0,1.6,3.0,1.0,50261074,2.080002949296229,True,True,0.0,15770,9,9,False,9,0,0,1.0,0.6875743091878452,0.6875743091878452,8,5,False,False,False
349,0.9,9.0,1.8,3.0,1.0,50261074,2.080002949296229,True,True,0.0,15770,9,9,False,9,0,0,1.0,0.6875743091878452,0.6875743091878452,8,5,False,False,False
349,1.0,10.0,2.0,3.0,1.0,50261074,2.080002949296229,True,True,0.0,15770,9,9,False,9,0,0,1.0,0.6875743091878452,0.6875743091878452,8,5,False,False,False
349,1.1,11.0,2.2,3.0,1.0,50261074,2.080002949296229,True,True,0.0,15770,9,9,False,9,0,0,1.0,0.6875743091878452,0.6875743091878452,8,5,False,False,False
349,1.2,12.0,2.4,3.0,1.0,50261074,2.080002949296229,True,True,0.0,15770,9,9,False,9,0,0,1.0,0.6875743091878452,0.6875743091878452,8,5,False,False,False
350,0.8,8.0,1.6,3.0,1.0,50261075,3.0080579429097223,True,True,0.0,15655,3,3,False,3,0,0,1.0,0.7945021856042727,0.7945021856042727,8,7,False,False,False
350,0.9,9.0,1.8,3.0,1.0,50261075,3.0080579429097223,True,True,0.0,15655,3,3,False,3,0,0,1.0,0.7945021856042727,0.7945021856042727,8,7,False,False,False
350,1.0,10.0,2.0,3.0,1.0,50261075,3.0080579429097223,True,True,0.0,15655,3,3,False,3,0,0,1.0,0.7945021856042727,0.7945021856042727,8,7,False,False,False
350,1.1,11.0,2.2,3.0,1.0,50261075,3.0080579429097223,True,True,0.0,15655,3,3,False,3,0,0,1.0,0.7945021856042727,0.7945021856042727,8,7,False,False,False
350,1.2,12.0,2.4,3.0,1.0,50261075,3.0080579429097223,True,True,0.0,15655,3,3,False,3,0,0,1.0,0.7945021856042727,0.7945021856042727,8,7,False,False,False
351,0.8,8.0,1.6,3.0,1.0,50261076,1.4002764150676876,True,True,0.0,15786,2,2,False,2,0,0,1.0,0.6880208381119672,0.6880208381119672,8,7,False,False,False
351,0.9,9.0,1.8,3.0,1.0,50261076,1.4002764150676876,True,True,0.0,15786,2,2,False,2,0,0,1.0,0.6880208381119672,0.6880208381119672,8,7,False,False,False
351,1.0,10.0,2.0,3.0,1.0,50261076,1.4002764150676876,True,True,0.0,15786,2,2,False,2,0,0,1.0,0.6880208381119672,0.6880208381119672,8,7,False,False,False
351,1.1,11.0,2.2,3.0,1.0,50261076,1.4002764150676876,True,True,0.0,15786,2,2,False,2,0,0,1.0,0.6880208381119672,0.6880208381119672,8,7,False,False,False
351,1.2,12.0,2.4,3.0,1.0,50261076,1.4002764150676876,True,True,0.0,15786,2,2,False,2,0,0,1.0,0.6880208381119672,0.6880208381119672,8,7,False,False,False
352,0.8,8.0,1.6,3.0,1.0,50261077,3.0808164754740948,True,True,0.0,15953,1,1,False,1,1,49,0.9701908299180328,0.8566181525588659,0.8283971279340315,8,8,True,True,True
352,0.9,9.0,1.8,3.0,1.0,50261077,3.0808164754740948,True,True,0.0,15953,1,1,False,1,0,0,1.0,0.730743107741811,0.730743107741811,8,6,False,False,False
352,1.0,10.0,2.0,3.0,1.0,50261077,3.0808164754740948,True,True,0.0,15953,1,1,False,1,0,0,1.0,0.730743107741811,0.730743107741811,8,6,False,False,False
352,1.1,11.0,2.2,3.0,1.0,50261077,3.0808164754740948,True,True,0.0,15953,1,1,False,1,0,0,1.0,0.730743107741811,0.730743107741811,8,6,False,False,False
352,1.2,12.0,2.4,3.0,1.0,50261077,3.0808164754740948,True,True,0.0,15953,1,1,False,1,0,0,1.0,0.730743107741811,0.730743107741811,8,6,False,False,False
353,0.8,8.0,1.6,3.0,1.0,50261078,3.2669129382820836,True,True,0.0,15749,6,6,False,6,0,0,1.0,0.6917360424046494,0.6917360424046494,8,6,False,False,False
353,0.9,9.0,1.8,3.0,1.0,50261078,3.2669129382820836,True,True,0.0,15749,6,6,False,6,0,0,1.0,0.6917360424046494,0.6917360424046494,8,6,False,False,False
353,1.0,10.0,2.0,3.0,1.0,50261078,3.2669129382820836,True,True,0.0,15749,6,6,False,6,0,0,1.0,0.6917360424046494,0.6917360424046494,8,6,False,False,False
353,1.1,11.0,2.2,3.0,1.0,50261078,3.2669129382820836,True,True,0.0,15749,6,6,False,6,0,0,1.0,0.6917360424046494,0.6917360424046494,8,6,False,False,False
353,1.2,12.0,2.4,3.0,1.0,50261078,3.2669129382820836,True,True,0.0,15749,6,6,False,6,0,0,1.0,0.6917360424046494,0.6917360424046494,8,6,False,False,False
354,0.8,8.0,1.6,3.0,1.0,50261079,5.778724609028313,True,True,0.0,15735,2,2,False,2,0,0,1.0,0.6517203986659602,0.6517203986659602,8,6,False,False,False
354,0.9,9.0,1.8,3.0,1.0,50261079,5.778724609028313,True,True,0.0,15735,2,2,False,2,0,0,1.0,0.6517203986659602,0.6517203986659602,8,6,False,False,False
354,1.0,10.0,2.0,3.0,1.0,50261079,5.778724609028313,True,True,0.0,15735,2,2,False,2,0,0,1.0,0.6517203986659602,0.6517203986659602,8,6,False,False,False
354,1.1,11.0,2.2,3.0,1.0,50261079,5.778724609028313,True,True,0.0,15735,2,2,False,2,0,0,1.0,0.6517203986659602,0.6517203986659602,8,6,False,False,False
354,1.2,12.0,2.4,3.0,1.0,50261079,5.778724609028313,True,True,0.0,15735,2,2,False,2,0,0,1.0,0.6517203986659602,0.6517203986659602,8,6,False,False,False
355,0.8,8.0,1.6,3.0,1.0,50261080,0.05538038673482857,True,True,0.0,15474,4,4,False,4,0,0,0.9953195382882882,0.8196617149408123,0.8161944163920807,8,6,False,False,False
355,0.9,9.0,1.8,3.0,1.0,50261080,0.05538038673482857,True,True,0.0,15474,4,4,False,4,0,0,0.9953195382882882,0.8196617149408123,0.8161944163920807,8,6,False,False,False
355,1.0,10.0,2.0,3.0,1.0,50261080,0.05538038673482857,True,True,0.0,15474,4,4,False,4,0,0,0.9953195382882882,0.8196617149408123,0.8161944163920807,8,6,False,False,False
355,1.1,11.0,2.2,3.0,1.0,50261080,0.05538038673482857,True,True,0.0,15474,4,4,False,4,0,0,0.9953195382882882,0.8196617149408123,0.8161944163920807,8,6,False,False,False
355,1.2,12.0,2.4,3.0,1.0,50261080,0.05538038673482857,True,True,0.0,15474,4,4,False,4,0,0,0.9953195382882882,0.8196617149408123,0.8161944163920807,8,6,False,False,False
356,0.8,8.0,1.6,3.0,1.0,50261081,0.5868216128398694,True,True,0.0,16404,2,2,False,2,0,0,1.0,0.7477168316193372,0.7477168316193372,8,6,False,False,False
356,0.9,9.0,1.8,3.0,1.0,50261081,0.5868216128398694,True,True,0.0,16404,2,2,False,2,0,0,1.0,0.7477168316193372,0.7477168316193372,8,6,False,False,False
356,1.0,10.0,2.0,3.0,1.0,50261081,0.5868216128398694,True,True,0.0,16404,2,2,False,2,0,0,1.0,0.7477168316193372,0.7477168316193372,8,6,False,False,False
356,1.1,11.0,2.2,3.0,1.0,50261081,0.5868216128398694,True,True,0.0,16404,2,2,False,2,0,0,1.0,0.7477168316193372,0.7477168316193372,8,6,False,False,False
356,1.2,12.0,2.4,3.0,1.0,50261081,0.5868216128398694,True,True,0.0,16404,2,2,False,2,0,0,1.0,0.7477168316193372,0.7477168316193372,8,6,False,False,False
357,0.8,8.0,1.6,3.0,1.0,50261082,3.74635878492684,True,True,0.0,15748,5,5,False,5,1,52,0.9737448770491803,0.8781175426988634,0.8534905296224671,8,8,True,True,True
357,0.9,9.0,1.8,3.0,1.0,50261082,3.74635878492684,True,True,0.0,15748,5,5,False,5,0,0,1.0,0.7549229501068444,0.7549229501068444,8,6,False,False,False
357,1.0,10.0,2.0,3.0,1.0,50261082,3.74635878492684,True,True,0.0,15748,5,5,False,5,0,0,1.0,0.7549229501068444,0.7549229501068444,8,6,False,False,False
357,1.1,11.0,2.2,3.0,1.0,50261082,3.74635878492684,True,True,0.0,15748,5,5,False,5,0,0,1.0,0.7549229501068444,0.7549229501068444,8,6,False,False,False
357,1.2,12.0,2.4,3.0,1.0,50261082,3.74635878492684,True,True,0.0,15748,5,5,False,5,0,0,1.0,0.7549229501068444,0.7549229501068444,8,6,False,False,False
358,0.8,8.0,1.6,3.0,1.0,50261083,0.20216016537557216,True,True,0.0,15864,9,9,False,9,1,57,0.9799564549180328,0.8360555424846443,0.8175311092568831,8,7,True,True,True
358,0.9,9.0,1.8,3.0,1.0,50261083,0.20216016537557216,True,True,0.0,15864,9,9,False,9,1,57,0.9799564549180328,0.8360555424846443,0.8175311092568831,8,7,True,True,True
358,1.0,10.0,2.0,3.0,1.0,50261083,0.20216016537557216,True,True,0.0,15864,9,9,False,9,1,57,0.9799564549180328,0.8360555424846443,0.8175311092568831,8,7,True,True,True
358,1.1,11.0,2.2,3.0,1.0,50261083,0.20216016537557216,True,True,0.0,15864,9,9,False,9,1,57,0.9799564549180328,0.8360555424846443,0.8175311092568831,8,7,True,True,True
358,1.2,12.0,2.4,3.0,1.0,50261083,0.20216016537557216,True,True,0.0,15864,9,9,False,9,1,57,0.9799564549180328,0.8360555424846443,0.8175311092568831,8,7,True,True,True
359,0.8,8.0,1.6,3.0,1.0,50261084,1.8856357369109773,True,True,0.0,15421,6,6,False,6,1,52,0.9723467383879781,0.8708418907076729,0.8458866519303591,8,8,True,True,True
359,0.9,9.0,1.8,3.0,1.0,50261084,1.8856357369109773,True,True,0.0,15421,6,6,False,6,1,52,0.9723467383879781,0.8708418907076729,0.8458866519303591,8,8,True,True,True
359,1.0,10.0,2.0,3.0,1.0,50261084,1.8856357369109773,True,True,0.0,15421,6,6,False,6,1,52,0.9723467383879781,0.8708418907076729,0.8458866519303591,8,8,True,True,True
359,1.1,11.0,2.2,3.0,1.0,50261084,1.8856357369109773,True,True,0.0,15421,6,6,False,6,1,52,0.9723467383879781,0.8708418907076729,0.8458866519303591,8,8,True,True,True
359,1.2,12.0,2.4,3.0,1.0,50261084,1.8856357369109773,True,True,0.0,15421,6,6,False,6,1,52,0.9723467383879781,0.8708418907076729,0.8458866519303591,8,8,True,True,True
360,0.8,8.0,1.6,3.0,1.0,50261085,0.09665395384717652,True,True,0.0,15843,9,9,False,9,0,0,1.0,0.7261032410611263,0.7261032410611263,8,6,False,False,False
360,0.9,9.0,1.8,3.0,1.0,50261085,0.09665395384717652,True,True,0.0,15843,9,9,False,9,0,0,1.0,0.7261032410611263,0.7261032410611263,8,6,False,False,False
360,1.0,10.0,2.0,3.0,1.0,50261085,0.09665395384717652,True,True,0.0,15843,9,9,False,9,0,0,1.0,0.7261032410611263,0.7261032410611263,8,6,False,False,False
360,1.1,11.0,2.2,3.0,1.0,50261085,0.09665395384717652,True,True,0.0,15843,9,9,False,9,0,0,1.0,0.7261032410611263,0.7261032410611263,8,6,False,False,False
360,1.2,12.0,2.4,3.0,1.0,50261085,0.09665395384717652,True,True,0.0,15843,9,9,False,9,0,0,1.0,0.7261032410611263,0.7261032410611263,8,6,False,False,False
361,0.8,8.0,1.6,3.0,1.0,50261086,1.8791815832235208,True,True,0.0,16076,6,6,False,6,0,0,1.0,0.7702264905066061,0.7702264905066061,8,6,False,False,False
361,0.9,9.0,1.8,3.0,1.0,50261086,1.8791815832235208,True,True,0.0,16076,6,6,False,6,0,0,1.0,0.7702264905066061,0.7702264905066061,8,6,False,False,False
361,1.0,10.0,2.0,3.0,1.0,50261086,1.8791815832235208,True,True,0.0,16076,6,6,False,6,0,0,1.0,0.7702264905066061,0.7702264905066061,8,6,False,False,False
361,1.1,11.0,2.2,3.0,1.0,50261086,1.8791815832235208,True,True,0.0,16076,6,6,False,6,0,0,1.0,0.7702264905066061,0.7702264905066061,8,6,False,False,False
361,1.2,12.0,2.4,3.0,1.0,50261086,1.8791815832235208,True,True,0.0,16076,6,6,False,6,0,0,1.0,0.7702264905066061,0.7702264905066061,8,6,False,False,False
362,0.8,8.0,1.6,3.0,1.0,50261087,5.581471162206136,True,True,0.0,15779,11,11,False,11,1,22,0.9818135245901639,0.8569143232692888,0.8391852237187861,8,8,True,True,True
362,0.9,9.0,1.8,3.0,1.0,50261087,5.581471162206136,True,True,0.0,15779,11,11,False,11,1,22,0.9818135245901639,0.8569143232692888,0.8391852237187861,8,8,True,True,True
362,1.0,10.0,2.0,3.0,1.0,50261087,5.581471162206136,True,True,0.0,15779,11,11,False,11,0,0,1.0,0.7354256949592574,0.7354256949592574,8,7,False,False,False
362,1.1,11.0,2.2,3.0,1.0,50261087,5.581471162206136,True,True,0.0,15779,11,11,False,11,0,0,1.0,0.7354256949592574,0.7354256949592574,8,7,False,False,False
362,1.2,12.0,2.4,3.0,1.0,50261087,5.581471162206136,True,True,0.0,15779,11,11,False,11,0,0,1.0,0.7354256949592574,0.7354256949592574,8,7,False,False,False
363,0.8,8.0,1.6,3.0,1.0,50261088,1.764128376955965,True,True,0.0,15873,6,6,False,6,0,0,1.0,0.7541910012633909,0.7541910012633909,8,6,False,False,False
363,0.9,9.0,1.8,3.0,1.0,50261088,1.764128376955965,True,True,0.0,15873,6,6,False,6,0,0,1.0,0.7541910012633909,0.7541910012633909,8,6,False,False,False
363,1.0,10.0,2.0,3.0,1.0,50261088,1.764128376955965,True,True,0.0,15873,6,6,False,6,0,0,1.0,0.7541910012633909,0.7541910012633909,8,6,False,False,False
363,1.1,11.0,2.2,3.0,1.0,50261088,1.764128376955965,True,True,0.0,15873,6,6,False,6,0,0,1.0,0.7541910012633909,0.7541910012633909,8,6,False,False,False
363,1.2,12.0,2.4,3.0,1.0,50261088,1.764128376955965,True,True,0.0,15873,6,6,False,6,0,0,1.0,0.7541910012633909,0.7541910012633909,8,6,False,False,False
364,0.8,8.0,1.6,3.0,1.0,50261089,2.4206115765195375,True,True,0.0,15860,2,2,False,2,1,33,0.9773522882513661,0.8431970459128667,0.8209260370957463,8,8,True,True,True
364,0.9,9.0,1.8,3.0,1.0,50261089,2.4206115765195375,True,True,0.0,15860,2,2,False,2,1,33,0.9773522882513661,0.8431970459128667,0.8209260370957463,8,8,True,True,True
364,1.0,10.0,2.0,3.0,1.0,50261089,2.4206115765195375,True,True,0.0,15860,2,2,False,2,1,33,0.9773522882513661,0.8431970459128667,0.8209260370957463,8,8,True,True,True
364,1.1,11.0,2.2,3.0,1.0,50261089,2.4206115765195375,True,True,0.0,15860,2,2,False,2,1,33,0.9773522882513661,0.8431970459128667,0.8209260370957463,8,8,True,True,True
364,1.2,12.0,2.4,3.0,1.0,50261089,2.4206115765195375,True,True,0.0,15860,2,2,False,2,1,33,0.9773522882513661,0.8431970459128667,0.8209260370957463,8,8,True,True,True
365,0.8,8.0,1.6,3.0,1.0,50261090,5.528571251974669,True,True,0.0,15840,2,2,False,2,0,0,1.0,0.7268377979673961,0.7268377979673961,8,6,False,False,False
365,0.9,9.0,1.8,3.0,1.0,50261090,5.528571251974669,True,True,0.0,15840,2,2,False,2,0,0,1.0,0.7268377979673961,0.7268377979673961,8,6,False,False,False
365,1.0,10.0,2.0,3.0,1.0,50261090,5.528571251974669,True,True,0.0,15840,2,2,False,2,0,0,1.0,0.7268377979673961,0.7268377979673961,8,6,False,False,False
365,1.1,11.0,2.2,3.0,1.0,50261090,5.528571251974669,True,True,0.0,15840,2,2,False,2,0,0,1.0,0.7268377979673961,0.7268377979673961,8,6,False,False,False
365,1.2,12.0,2.4,3.0,1.0,50261090,5.528571251974669,True,True,0.0,15840,2,2,False,2,0,0,1.0,0.7268377979673961,0.7268377979673961,8,6,False,False,False
366,0.8,8.0,1.6,3.0,1.0,50261091,3.4370052851568595,True,True,0.0,15670,4,4,False,4,0,0,1.0,0.7579165030273093,0.7579165030273093,8,6,False,False,False
366,0.9,9.0,1.8,3.0,1.0,50261091,3.4370052851568595,True,True,0.0,15670,4,4,False,4,0,0,1.0,0.7579165030273093,0.7579165030273093,8,6,False,False,False
366,1.0,10.0,2.0,3.0,1.0,50261091,3.4370052851568595,True,True,0.0,15670,4,4,False,4,0,0,1.0,0.7579165030273093,0.7579165030273093,8,6,False,False,False
366,1.1,11.0,2.2,3.0,1.0,50261091,3.4370052851568595,True,True,0.0,15670,4,4,False,4,0,0,1.0,0.7579165030273093,0.7579165030273093,8,6,False,False,False
366,1.2,12.0,2.4,3.0,1.0,50261091,3.4370052851568595,True,True,0.0,15670,4,4,False,4,0,0,1.0,0.7579165030273093,0.7579165030273093,8,6,False,False,False
367,0.8,8.0,1.6,3.0,1.0,50261092,4.749700887003924,True,True,0.0,15733,4,4,False,4,1,23,0.9913763661202186,0.8723708019264105,0.8641400796617238,8,8,True,True,True
367,0.9,9.0,1.8,3.0,1.0,50261092,4.749700887003924,True,True,0.0,15733,4,4,False,4,1,23,0.9913763661202186,0.8723708019264105,0.8641400796617238,8,8,True,True,True
367,1.0,10.0,2.0,3.0,1.0,50261092,4.749700887003924,True,True,0.0,15733,4,4,False,4,1,23,0.9913763661202186,0.8723708019264105,0.8641400796617238,8,8,True,True,True
367,1.1,11.0,2.2,3.0,1.0,50261092,4.749700887003924,True,True,0.0,15733,4,4,False,4,1,23,0.9913763661202186,0.8723708019264105,0.8641400796617238,8,8,True,True,True
367,1.2,12.0,2.4,3.0,1.0,50261092,4.749700887003924,True,True,0.0,15733,4,4,False,4,1,23,0.9913763661202186,0.8723708019264105,0.8641400796617238,8,8,True,True,True
368,0.8,8.0,1.6,3.0,1.0,50261093,5.166761046718725,True,True,0.0,15776,4,4,False,4,1,30,0.9799884733606558,0.8813273378624016,0.8622872662854328,8,8,True,True,True
368,0.9,9.0,1.8,3.0,1.0,50261093,5.166761046718725,True,True,0.0,15776,4,4,False,4,1,30,0.9799884733606558,0.8813273378624016,0.8622872662854328,8,8,True,True,True
368,1.0,10.0,2.0,3.0,1.0,50261093,5.166761046718725,True,True,0.0,15776,4,4,False,4,1,30,0.9799884733606558,0.8813273378624016,0.8622872662854328,8,8,True,True,True
368,1.1,11.0,2.2,3.0,1.0,50261093,5.166761046718725,True,True,0.0,15776,4,4,False,4,1,30,0.9799884733606558,0.8813273378624016,0.8622872662854328,8,8,True,True,True
368,1.2,12.0,2.4,3.0,1.0,50261093,5.166761046718725,True,True,0.0,15776,4,4,False,4,1,30,0.9799884733606558,0.8813273378624016,0.8622872662854328,8,8,True,True,True
369,0.8,8.0,1.6,3.0,1.0,50261094,2.967659531806185,True,True,0.0,15807,5,5,False,5,0,0,1.0,0.7465910085122003,0.7465910085122003,8,6,False,False,False
369,0.9,9.0,1.8,3.0,1.0,50261094,2.967659531806185,True,True,0.0,15807,5,5,False,5,0,0,1.0,0.7465910085122003,0.7465910085122003,8,6,False,False,False
369,1.0,10.0,2.0,3.0,1.0,50261094,2.967659531806185,True,True,0.0,15807,5,5,False,5,0,0,1.0,0.7465910085122003,0.7465910085122003,8,6,False,False,False
369,1.1,11.0,2.2,3.0,1.0,50261094,2.967659531806185,True,True,0.0,15807,5,5,False,5,0,0,1.0,0.7465910085122003,0.7465910085122003,8,6,False,False,False
369,1.2,12.0,2.4,3.0,1.0,50261094,2.967659531806185,True,True,0.0,15807,5,5,False,5,0,0,1.0,0.7465910085122003,0.7465910085122003,8,6,False,False,False
370,0.8,8.0,1.6,3.0,1.0,50261095,2.9708677530283114,True,True,0.0,15666,6,6,False,6,0,0,1.0,0.7801524019574511,0.7801524019574511,8,6,False,False,False
370,0.9,9.0,1.8,3.0,1.0,50261095,2.9708677530283114,True,True,0.0,15666,6,6,False,6,0,0,1.0,0.7801524019574511,0.7801524019574511,8,6,False,False,False
370,1.0,10.0,2.0,3.0,1.0,50261095,2.9708677530283114,True,True,0.0,15666,6,6,False,6,0,0,1.0,0.7801524019574511,0.7801524019574511,8,6,False,False,False
370,1.1,11.0,2.2,3.0,1.0,50261095,2.9708677530283114,True,True,0.0,15666,6,6,False,6,0,0,1.0,0.7801524019574511,0.7801524019574511,8,6,False,False,False
370,1.2,12.0,2.4,3.0,1.0,50261095,2.9708677530283114,True,True,0.0,15666,6,6,False,6,0,0,1.0,0.7801524019574511,0.7801524019574511,8,6,False,False,False
371,0.8,8.0,1.6,3.0,1.0,50261096,2.079977301069094,True,True,0.0,16076,9,9,False,9,1,60,0.9860399590163934,0.8258467195434414,0.8151703488127229,8,8,True,True,True
371,0.9,9.0,1.8,3.0,1.0,50261096,2.079977301069094,True,True,0.0,16076,9,9,False,9,1,60,0.9860399590163934,0.8258467195434414,0.8151703488127229,8,8,True,True,True
371,1.0,10.0,2.0,3.0,1.0,50261096,2.079977301069094,True,True,0.0,16076,9,9,False,9,1,60,0.9860399590163934,0.8258467195434414,0.8151703488127229,8,8,True,True,True
371,1.1,11.0,2.2,3.0,1.0,50261096,2.079977301069094,True,True,0.0,16076,9,9,False,9,1,60,0.9860399590163934,0.8258467195434414,0.8151703488127229,8,8,True,True,True
371,1.2,12.0,2.4,3.0,1.0,50261096,2.079977301069094,True,True,0.0,16076,9,9,False,9,1,60,0.9860399590163934,0.8258467195434414,0.8151703488127229,8,8,True,True,True
372,0.8,8.0,1.6,3.0,1.0,50261097,4.507745407184998,True,True,0.0,16477,5,5,False,5,0,0,0.9966216216216216,0.6952102343115849,0.6927185399594255,8,6,False,False,False
372,0.9,9.0,1.8,3.0,1.0,50261097,4.507745407184998,True,True,0.0,16477,5,5,False,5,0,0,0.9966216216216216,0.6952102343115849,0.6927185399594255,8,6,False,False,False
372,1.0,10.0,2.0,3.0,1.0,50261097,4.507745407184998,True,True,0.0,16477,5,5,False,5,0,0,0.9966216216216216,0.6952102343115849,0.6927185399594255,8,6,False,False,False
372,1.1,11.0,2.2,3.0,1.0,50261097,4.507745407184998,True,True,0.0,16477,5,5,False,5,0,0,0.9966216216216216,0.6952102343115849,0.6927185399594255,8,6,False,False,False
372,1.2,12.0,2.4,3.0,1.0,50261097,4.507745407184998,True,True,0.0,16477,5,5,False,5,0,0,0.9966216216216216,0.6952102343115849,0.6927185399594255,8,6,False,False,False
373,0.8,8.0,1.6,3.0,1.0,50261098,1.1546697945570292,True,True,0.0,15758,4,4,False,4,0,0,1.0,0.7774888151020809,0.7774888151020809,8,6,False,False,False
373,0.9,9.0,1.8,3.0,1.0,50261098,1.1546697945570292,True,True,0.0,15758,4,4,False,4,0,0,1.0,0.7774888151020809,0.7774888151020809,8,6,False,False,False
373,1.0,10.0,2.0,3.0,1.0,50261098,1.1546697945570292,True,True,0.0,15758,4,4,False,4,0,0,1.0,0.7774888151020809,0.7774888151020809,8,6,False,False,False
373,1.1,11.0,2.2,3.0,1.0,50261098,1.1546697945570292,True,True,0.0,15758,4,4,False,4,0,0,1.0,0.7774888151020809,0.7774888151020809,8,6,False,False,False
373,1.2,12.0,2.4,3.0,1.0,50261098,1.1546697945570292,True,True,0.0,15758,4,4,False,4,0,0,1.0,0.7774888151020809,0.7774888151020809,8,6,False,False,False
374,0.8,8.0,1.6,3.0,1.0,50261099,0.2683557035838145,True,True,0.0,15753,10,10,False,10,1,36,0.9496456625683061,0.8315479893736004,0.7852875142401217,8,7,True,True,False
374,0.9,9.0,1.8,3.0,1.0,50261099,0.2683557035838145,True,True,0.0,15753,10,10,False,10,1,36,0.9496456625683061,0.8315479893736004,0.7852875142401217,8,7,True,True,False
374,1.0,10.0,2.0,3.0,1.0,50261099,0.2683557035838145,True,True,0.0,15753,10,10,False,10,1,36,0.9496456625683061,0.8315479893736004,0.7852875142401217,8,7,True,True,False
374,1.1,11.0,2.2,3.0,1.0,50261099,0.2683557035838145,True,True,0.0,15753,10,10,False,10,1,36,0.9496456625683061,0.8315479893736004,0.7852875142401217,8,7,True,True,False
374,1.2,12.0,2.4,3.0,1.0,50261099,0.2683557035838145,True,True,0.0,15753,10,10,False,10,1,36,0.9496456625683061,0.8315479893736004,0.7852875142401217,8,7,True,True,False
375,0.8,8.0,1.6,3.0,1.0,50261100,4.683010379944392,True,True,0.0,15682,5,5,False,5,1,34,0.9834357923497268,0.9292425872901822,0.9137598813477389,8,8,True,True,True
375,0.9,9.0,1.8,3.0,1.0,50261100,4.683010379944392,True,True,0.0,15682,5,5,False,5,1,34,0.9834357923497268,0.9292425872901822,0.9137598813477389,8,8,True,True,True
375,1.0,10.0,2.0,3.0,1.0,50261100,4.683010379944392,True,True,0.0,15682,5,5,False,5,1,34,0.9834357923497268,0.9292425872901822,0.9137598813477389,8,8,True,True,True
375,1.1,11.0,2.2,3.0,1.0,50261100,4.683010379944392,True,True,0.0,15682,5,5,False,5,1,34,0.9834357923497268,0.9292425872901822,0.9137598813477389,8,8,True,True,True
375,1.2,12.0,2.4,3.0,1.0,50261100,4.683010379944392,True,True,0.0,15682,5,5,False,5,1,34,0.9834357923497268,0.9292425872901822,0.9137598813477389,8,8,True,True,True
376,0.8,8.0,1.6,3.0,1.0,50261101,2.2803926128678107,True,True,0.0,15901,5,5,False,5,0,0,1.0,0.7731509526585523,0.7731509526585523,8,6,False,False,False
376,0.9,9.0,1.8,3.0,1.0,50261101,2.2803926128678107,True,True,0.0,15901,5,5,False,5,0,0,1.0,0.7731509526585523,0.7731509526585523,8,6,False,False,False
376,1.0,10.0,2.0,3.0,1.0,50261101,2.2803926128678107,True,True,0.0,15901,5,5,False,5,0,0,1.0,0.7731509526585523,0.7731509526585523,8,6,False,False,False
376,1.1,11.0,2.2,3.0,1.0,50261101,2.2803926128678107,True,True,0.0,15901,5,5,False,5,0,0,1.0,0.7731509526585523,0.7731509526585523,8,6,False,False,False
376,1.2,12.0,2.4,3.0,1.0,50261101,2.2803926128678107,True,True,0.0,15901,5,5,False,5,0,0,1.0,0.7731509526585523,0.7731509526585523,8,6,False,False,False
377,0.8,8.0,1.6,3.0,1.0,50261102,1.074238231319621,True,True,0.0,16139,13,13,False,13,0,0,1.0,0.7649408780769449,0.7649408780769449,8,6,False,False,False
377,0.9,9.0,1.8,3.0,1.0,50261102,1.074238231319621,True,True,0.0,16139,13,13,False,13,0,0,1.0,0.7649408780769449,0.7649408780769449,8,6,False,False,False
377,1.0,10.0,2.0,3.0,1.0,50261102,1.074238231319621,True,True,0.0,16139,13,13,False,13,0,0,1.0,0.7649408780769449,0.7649408780769449,8,6,False,False,False
377,1.1,11.0,2.2,3.0,1.0,50261102,1.074238231319621,True,True,0.0,16139,13,13,False,13,0,0,1.0,0.7649408780769449,0.7649408780769449,8,6,False,False,False
377,1.2,12.0,2.4,3.0,1.0,50261102,1.074238231319621,True,True,0.0,16139,13,13,False,13,0,0,1.0,0.7649408780769449,0.7649408780769449,8,6,False,False,False
378,0.8,8.0,1.6,3.0,1.0,50261103,2.4100783574768876,True,True,0.0,15830,4,4,False,4,1,51,0.9811945013661202,0.913706924737044,0.8975928360088886,8,8,True,True,True
378,0.9,9.0,1.8,3.0,1.0,50261103,2.4100783574768876,True,True,0.0,15830,4,4,False,4,1,51,0.9811945013661202,0.913706924737044,0.8975928360088886,8,8,True,True,True
378,1.0,10.0,2.0,3.0,1.0,50261103,2.4100783574768876,True,True,0.0,15830,4,4,False,4,1,51,0.9811945013661202,0.913706924737044,0.8975928360088886,8,8,True,True,True
378,1.1,11.0,2.2,3.0,1.0,50261103,2.4100783574768876,True,True,0.0,15830,4,4,False,4,1,51,0.9811945013661202,0.913706924737044,0.8975928360088886,8,8,True,True,True
378,1.2,12.0,2.4,3.0,1.0,50261103,2.4100783574768876,True,True,0.0,15830,4,4,False,4,1,51,0.9811945013661202,0.913706924737044,0.8975928360088886,8,8,True,True,True
379,0.8,8.0,1.6,3.0,1.0,50261104,5.387533095257583,True,True,0.0,16407,20,20,False,20,0,0,1.0,0.7288040188280952,0.7288040188280952,8,6,False,False,False
379,0.9,9.0,1.8,3.0,1.0,50261104,5.387533095257583,True,True,0.0,16407,20,20,False,20,0,0,1.0,0.7288040188280952,0.7288040188280952,8,6,False,False,False
379,1.0,10.0,2.0,3.0,1.0,50261104,5.387533095257583,True,True,0.0,16407,20,20,False,20,0,0,1.0,0.7288040188280952,0.7288040188280952,8,6,False,False,False
379,1.1,11.0,2.2,3.0,1.0,50261104,5.387533095257583,True,True,0.0,16407,20,20,False,20,0,0,1.0,0.7288040188280952,0.7288040188280952,8,6,False,False,False
379,1.2,12.0,2.4,3.0,1.0,50261104,5.387533095257583,True,True,0.0,16407,20,20,False,20,0,0,1.0,0.7288040188280952,0.7288040188280952,8,6,False,False,False
380,0.8,8.0,1.6,3.0,1.0,50261105,1.5841690928137133,True,True,0.0,15860,4,4,False,4,0,0,1.0,0.7135544058338176,0.7135544058338176,8,5,False,False,False
380,0.9,9.0,1.8,3.0,1.0,50261105,1.5841690928137133,True,True,0.0,15860,4,4,False,4,0,0,1.0,0.7135544058338176,0.7135544058338176,8,5,False,False,False
380,1.0,10.0,2.0,3.0,1.0,50261105,1.5841690928137133,True,True,0.0,15860,4,4,False,4,0,0,1.0,0.7135544058338176,0.7135544058338176,8,5,False,False,False
380,1.1,11.0,2.2,3.0,1.0,50261105,1.5841690928137133,True,True,0.0,15860,4,4,False,4,0,0,1.0,0.7135544058338176,0.7135544058338176,8,5,False,False,False
380,1.2,12.0,2.4,3.0,1.0,50261105,1.5841690928137133,True,True,0.0,15860,4,4,False,4,0,0,1.0,0.7135544058338176,0.7135544058338176,8,5,False,False,False
381,0.8,8.0,1.6,3.0,1.0,50261106,1.0297631135609657,True,True,0.0,15804,3,3,False,3,0,0,1.0,0.7445545542247192,0.7445545542247192,8,6,False,False,False
381,0.9,9.0,1.8,3.0,1.0,50261106,1.0297631135609657,True,True,0.0,15804,3,3,False,3,0,0,1.0,0.7445545542247192,0.7445545542247192,8,6,False,False,False
381,1.0,10.0,2.0,3.0,1.0,50261106,1.0297631135609657,True,True,0.0,15804,3,3,False,3,0,0,1.0,0.7445545542247192,0.7445545542247192,8,6,False,False,False
381,1.1,11.0,2.2,3.0,1.0,50261106,1.0297631135609657,True,True,0.0,15804,3,3,False,3,0,0,1.0,0.7445545542247192,0.7445545542247192,8,6,False,False,False
381,1.2,12.0,2.4,3.0,1.0,50261106,1.0297631135609657,True,True,0.0,15804,3,3,False,3,0,0,1.0,0.7445545542247192,0.7445545542247192,8,6,False,False,False
382,0.8,8.0,1.6,3.0,1.0,50261107,4.61871205667897,True,True,0.0,15974,5,5,False,5,0,0,1.0,0.7001260514535653,0.7001260514535653,8,6,False,False,False
382,0.9,9.0,1.8,3.0,1.0,50261107,4.61871205667897,True,True,0.0,15974,5,5,False,5,0,0,1.0,0.7001260514535653,0.7001260514535653,8,6,False,False,False
382,1.0,10.0,2.0,3.0,1.0,50261107,4.61871205667897,True,True,0.0,15974,5,5,False,5,0,0,1.0,0.7001260514535653,0.7001260514535653,8,6,False,False,False
382,1.1,11.0,2.2,3.0,1.0,50261107,4.61871205667897,True,True,0.0,15974,5,5,False,5,0,0,1.0,0.7001260514535653,0.7001260514535653,8,6,False,False,False
382,1.2,12.0,2.4,3.0,1.0,50261107,4.61871205667897,True,True,0.0,15974,5,5,False,5,0,0,1.0,0.7001260514535653,0.7001260514535653,8,6,False,False,False
383,0.8,8.0,1.6,3.0,1.0,50261108,5.921455461412794,True,True,0.0,15696,3,3,False,3,0,0,0.9986979166666667,0.6970296242018246,0.6967023990709345,8,7,False,False,False
383,0.9,9.0,1.8,3.0,1.0,50261108,5.921455461412794,True,True,0.0,15696,3,3,False,3,0,0,0.9986979166666667,0.6970296242018246,0.6967023990709345,8,7,False,False,False
383,1.0,10.0,2.0,3.0,1.0,50261108,5.921455461412794,True,True,0.0,15696,3,3,False,3,0,0,0.9986979166666667,0.6970296242018246,0.6967023990709345,8,7,False,False,False
383,1.1,11.0,2.2,3.0,1.0,50261108,5.921455461412794,True,True,0.0,15696,3,3,False,3,0,0,0.9986979166666667,0.6970296242018246,0.6967023990709345,8,7,False,False,False
383,1.2,12.0,2.4,3.0,1.0,50261108,5.921455461412794,True,True,0.0,15696,3,3,False,3,0,0,0.9986979166666667,0.6970296242018246,0.6967023990709345,8,7,False,False,False
384,0.8,8.0,1.6,3.0,1.0,50261109,2.606600593721592,True,True,0.0,16397,6,6,False,6,0,0,1.0,0.7279569051215857,0.7279569051215857,8,6,False,False,False
384,0.9,9.0,1.8,3.0,1.0,50261109,2.606600593721592,True,True,0.0,16397,6,6,False,6,0,0,1.0,0.7279569051215857,0.7279569051215857,8,6,False,False,False
384,1.0,10.0,2.0,3.0,1.0,50261109,2.606600593721592,True,True,0.0,16397,6,6,False,6,0,0,1.0,0.7279569051215857,0.7279569051215857,8,6,False,False,False
384,1.1,11.0,2.2,3.0,1.0,50261109,2.606600593721592,True,True,0.0,16397,6,6,False,6,0,0,1.0,0.7279569051215857,0.7279569051215857,8,6,False,False,False
384,1.2,12.0,2.4,3.0,1.0,50261109,2.606600593721592,True,True,0.0,16397,6,6,False,6,0,0,1.0,0.7279569051215857,0.7279569051215857,8,6,False,False,False
385,0.8,8.0,1.6,3.0,1.0,50261110,6.164125805884039,True,True,0.0,15907,3,3,False,3,1,38,0.9860399590163934,0.8465079897277399,0.835107189265623,8,8,True,True,True
385,0.9,9.0,1.8,3.0,1.0,50261110,6.164125805884039,True,True,0.0,15907,3,3,False,3,1,38,0.9860399590163934,0.8465079897277399,0.835107189265623,8,8,True,True,True
385,1.0,10.0,2.0,3.0,1.0,50261110,6.164125805884039,True,True,0.0,15907,3,3,False,3,0,0,1.0,0.7300879617287741,0.7300879617287741,8,6,False,False,False
385,1.1,11.0,2.2,3.0,1.0,50261110,6.164125805884039,True,True,0.0,15907,3,3,False,3,0,0,1.0,0.7300879617287741,0.7300879617287741,8,6,False,False,False
385,1.2,12.0,2.4,3.0,1.0,50261110,6.164125805884039,True,True,0.0,15907,3,3,False,3,0,0,1.0,0.7300879617287741,0.7300879617287741,8,6,False,False,False
386,0.8,8.0,1.6,3.0,1.0,50261111,2.719282552310339,True,True,0.0,16088,13,13,False,13,0,0,1.0,0.7162700129670876,0.7162700129670876,8,6,False,False,False
386,0.9,9.0,1.8,3.0,1.0,50261111,2.719282552310339,True,True,0.0,16088,13,13,False,13,0,0,1.0,0.7162700129670876,0.7162700129670876,8,6,False,False,False
386,1.0,10.0,2.0,3.0,1.0,50261111,2.719282552310339,True,True,0.0,16088,13,13,False,13,0,0,1.0,0.7162700129670876,0.7162700129670876,8,6,False,False,False
386,1.1,11.0,2.2,3.0,1.0,50261111,2.719282552310339,True,True,0.0,16088,13,13,False,13,0,0,1.0,0.7162700129670876,0.7162700129670876,8,6,False,False,False
386,1.2,12.0,2.4,3.0,1.0,50261111,2.719282552310339,True,True,0.0,16088,13,13,False,13,0,0,1.0,0.7162700129670876,0.7162700129670876,8,6,False,False,False
387,0.8,8.0,1.6,3.0,1.0,50261112,4.1348808696345865,True,True,0.0,15804,3,3,False,3,0,0,1.0,0.7790071450860563,0.7790071450860563,8,6,False,False,False
387,0.9,9.0,1.8,3.0,1.0,50261112,4.1348808696345865,True,True,0.0,15804,3,3,False,3,0,0,1.0,0.7790071450860563,0.7790071450860563,8,6,False,False,False
387,1.0,10.0,2.0,3.0,1.0,50261112,4.1348808696345865,True,True,0.0,15804,3,3,False,3,0,0,1.0,0.7790071450860563,0.7790071450860563,8,6,False,False,False
387,1.1,11.0,2.2,3.0,1.0,50261112,4.1348808696345865,True,True,0.0,15804,3,3,False,3,0,0,1.0,0.7790071450860563,0.7790071450860563,8,6,False,False,False
387,1.2,12.0,2.4,3.0,1.0,50261112,4.1348808696345865,True,True,0.0,15804,3,3,False,3,0,0,1.0,0.7790071450860563,0.7790071450860563,8,6,False,False,False
388,0.8,8.0,1.6,3.0,1.0,50261113,2.58822953136269,True,True,0.0,16516,1,1,False,1,1,41,0.9788464822404371,0.8568113388761601,0.8395126240284425,8,8,True,True,True
388,0.9,9.0,1.8,3.0,1.0,50261113,2.58822953136269,True,True,0.0,16516,1,1,False,1,1,41,0.9788464822404371,0.8568113388761601,0.8395126240284425,8,8,True,True,True
388,1.0,10.0,2.0,3.0,1.0,50261113,2.58822953136269,True,True,0.0,16516,1,1,False,1,1,41,0.9788464822404371,0.8568113388761601,0.8395126240284425,8,8,True,True,True
388,1.1,11.0,2.2,3.0,1.0,50261113,2.58822953136269,True,True,0.0,16516,1,1,False,1,1,41,0.9788464822404371,0.8568113388761601,0.8395126240284425,8,8,True,True,True
388,1.2,12.0,2.4,3.0,1.0,50261113,2.58822953136269,True,True,0.0,16516,1,1,False,1,0,0,1.0,0.7428254671610971,0.7428254671610971,8,6,False,False,False
389,0.8,8.0,1.6,3.0,1.0,50261114,5.016444622406409,True,True,0.0,15934,1,1,False,1,0,0,1.0,0.7697103197776598,0.7697103197776598,8,6,False,False,False
389,0.9,9.0,1.8,3.0,1.0,50261114,5.016444622406409,True,True,0.0,15934,1,1,False,1,0,0,1.0,0.7697103197776598,0.7697103197776598,8,6,False,False,False
389,1.0,10.0,2.0,3.0,1.0,50261114,5.016444622406409,True,True,0.0,15934,1,1,False,1,0,0,1.0,0.7697103197776598,0.7697103197776598,8,6,False,False,False
389,1.1,11.0,2.2,3.0,1.0,50261114,5.016444622406409,True,True,0.0,15934,1,1,False,1,0,0,1.0,0.7697103197776598,0.7697103197776598,8,6,False,False,False
389,1.2,12.0,2.4,3.0,1.0,50261114,5.016444622406409,True,True,0.0,15934,1,1,False,1,0,0,1.0,0.7697103197776598,0.7697103197776598,8,6,False,False,False
390,0.8,8.0,1.6,3.0,1.0,50261115,3.9003483349436645,True,True,0.0,16234,10,10,False,10,0,0,1.0,0.7294150641025641,0.7294150641025641,8,6,False,False,False
390,0.9,9.0,1.8,3.0,1.0,50261115,3.9003483349436645,True,True,0.0,16234,10,10,False,10,0,0,1.0,0.7294150641025641,0.7294150641025641,8,6,False,False,False
390,1.0,10.0,2.0,3.0,1.0,50261115,3.9003483349436645,True,True,0.0,16234,10,10,False,10,0,0,1.0,0.7294150641025641,0.7294150641025641,8,6,False,False,False
390,1.1,11.0,2.2,3.0,1.0,50261115,3.9003483349436645,True,True,0.0,16234,10,10,False,10,0,0,1.0,0.7294150641025641,0.7294150641025641,8,6,False,False,False
390,1.2,12.0,2.4,3.0,1.0,50261115,3.9003483349436645,True,True,0.0,16234,10,10,False,10,0,0,1.0,0.7294150641025641,0.7294150641025641,8,6,False,False,False
391,0.8,8.0,1.6,3.0,1.0,50261116,0.6641332116756938,True,True,0.0,16071,1,1,False,1,0,0,1.0,0.7262310889019836,0.7262310889019836,8,6,False,False,False
391,0.9,9.0,1.8,3.0,1.0,50261116,0.6641332116756938,True,True,0.0,16071,1,1,False,1,0,0,1.0,0.7262310889019836,0.7262310889019836,8,6,False,False,False
391,1.0,10.0,2.0,3.0,1.0,50261116,0.6641332116756938,True,True,0.0,16071,1,1,False,1,0,0,1.0,0.7262310889019836,0.7262310889019836,8,6,False,False,False
391,1.1,11.0,2.2,3.0,1.0,50261116,0.6641332116756938,True,True,0.0,16071,1,1,False,1,0,0,1.0,0.7262310889019836,0.7262310889019836,8,6,False,False,False
391,1.2,12.0,2.4,3.0,1.0,50261116,0.6641332116756938,True,True,0.0,16071,1,1,False,1,0,0,1.0,0.7262310889019836,0.7262310889019836,8,6,False,False,False
392,0.8,8.0,1.6,3.0,1.0,50261117,4.429736156344176,True,True,0.0,15918,4,4,False,4,1,38,0.9804794228142076,0.8720914293517676,0.854065509201663,8,8,True,True,True
392,0.9,9.0,1.8,3.0,1.0,50261117,4.429736156344176,True,True,0.0,15918,4,4,False,4,0,0,1.0,0.7507069613854767,0.7507069613854767,8,6,False,False,False
392,1.0,10.0,2.0,3.0,1.0,50261117,4.429736156344176,True,True,0.0,15918,4,4,False,4,0,0,1.0,0.7507069613854767,0.7507069613854767,8,6,False,False,False
392,1.1,11.0,2.2,3.0,1.0,50261117,4.429736156344176,True,True,0.0,15918,4,4,False,4,0,0,1.0,0.7507069613854767,0.7507069613854767,8,6,False,False,False
392,1.2,12.0,2.4,3.0,1.0,50261117,4.429736156344176,True,True,0.0,15918,4,4,False,4,0,0,1.0,0.7507069613854767,0.7507069613854767,8,6,False,False,False
393,0.8,8.0,1.6,3.0,1.0,50261118,1.1131844849179429,True,True,0.0,15743,22,22,False,22,1,29,0.983275700136612,0.8881304619490674,0.8721643352792539,8,8,True,True,True
393,0.9,9.0,1.8,3.0,1.0,50261118,1.1131844849179429,True,True,0.0,15743,22,22,False,22,1,29,0.983275700136612,0.8881304619490674,0.8721643352792539,8,8,True,True,True
393,1.0,10.0,2.0,3.0,1.0,50261118,1.1131844849179429,True,True,0.0,15743,22,22,False,22,1,29,0.983275700136612,0.8881304619490674,0.8721643352792539,8,8,True,True,True
393,1.1,11.0,2.2,3.0,1.0,50261118,1.1131844849179429,True,True,0.0,15743,22,22,False,22,0,0,1.0,0.7651332453644759,0.7651332453644759,8,6,False,False,False
393,1.2,12.0,2.4,3.0,1.0,50261118,1.1131844849179429,True,True,0.0,15743,22,22,False,22,0,0,1.0,0.7651332453644759,0.7651332453644759,8,6,False,False,False
394,0.8,8.0,1.6,3.0,1.0,50261119,5.968677140266609,True,True,0.0,15562,1,1,False,1,0,0,0.9966216216216216,0.7263918663318756,0.7237786259137571,8,6,False,False,False
394,0.9,9.0,1.8,3.0,1.0,50261119,5.968677140266609,True,True,0.0,15562,1,1,False,1,0,0,0.9966216216216216,0.7263918663318756,0.7237786259137571,8,6,False,False,False
394,1.0,10.0,2.0,3.0,1.0,50261119,5.968677140266609,True,True,0.0,15562,1,1,False,1,0,0,0.9966216216216216,0.7263918663318756,0.7237786259137571,8,6,False,False,False
394,1.1,11.0,2.2,3.0,1.0,50261119,5.968677140266609,True,True,0.0,15562,1,1,False,1,0,0,0.9966216216216216,0.7263918663318756,0.7237786259137571,8,6,False,False,False
394,1.2,12.0,2.4,3.0,1.0,50261119,5.968677140266609,True,True,0.0,15562,1,1,False,1,0,0,0.9966216216216216,0.7263918663318756,0.7237786259137571,8,6,False,False,False
395,0.8,8.0,1.6,3.0,1.0,50261120,0.7144466858092902,True,True,0.0,15817,5,5,False,5,0,0,1.0,0.7723702724512161,0.7723702724512161,8,6,False,False,False
395,0.9,9.0,1.8,3.0,1.0,50261120,0.7144466858092902,True,True,0.0,15817,5,5,False,5,0,0,1.0,0.7723702724512161,0.7723702724512161,8,6,False,False,False
395,1.0,10.0,2.0,3.0,1.0,50261120,0.7144466858092902,True,True,0.0,15817,5,5,False,5,0,0,1.0,0.7723702724512161,0.7723702724512161,8,6,False,False,False
395,1.1,11.0,2.2,3.0,1.0,50261120,0.7144466858092902,True,True,0.0,15817,5,5,False,5,0,0,1.0,0.7723702724512161,0.7723702724512161,8,6,False,False,False
395,1.2,12.0,2.4,3.0,1.0,50261120,0.7144466858092902,True,True,0.0,15817,5,5,False,5,0,0,1.0,0.7723702724512161,0.7723702724512161,8,6,False,False,False
396,0.8,8.0,1.6,3.0,1.0,50261121,4.351037837849174,True,True,0.0,15792,1,1,False,1,0,0,1.0,0.758353384784483,0.758353384784483,8,6,False,False,False
396,0.9,9.0,1.8,3.0,1.0,50261121,4.351037837849174,True,True,0.0,15792,1,1,False,1,0,0,1.0,0.758353384784483,0.758353384784483,8,6,False,False,False
396,1.0,10.0,2.0,3.0,1.0,50261121,4.351037837849174,True,True,0.0,15792,1,1,False,1,0,0,1.0,0.758353384784483,0.758353384784483,8,6,False,False,False
396,1.1,11.0,2.2,3.0,1.0,50261121,4.351037837849174,True,True,0.0,15792,1,1,False,1,0,0,1.0,0.758353384784483,0.758353384784483,8,6,False,False,False
396,1.2,12.0,2.4,3.0,1.0,50261121,4.351037837849174,True,True,0.0,15792,1,1,False,1,0,0,1.0,0.758353384784483,0.758353384784483,8,6,False,False,False
397,0.8,8.0,1.6,3.0,1.0,50261122,0.21539762906380713,True,True,0.0,15951,10,10,False,10,1,18,0.9826246584699454,0.8546726190083114,0.8381725914018479,8,8,True,True,True
397,0.9,9.0,1.8,3.0,1.0,50261122,0.21539762906380713,True,True,0.0,15951,10,10,False,10,1,18,0.9826246584699454,0.8546726190083114,0.8381725914018479,8,8,True,True,True
397,1.0,10.0,2.0,3.0,1.0,50261122,0.21539762906380713,True,True,0.0,15951,10,10,False,10,1,18,0.9826246584699454,0.8546726190083114,0.8381725914018479,8,8,True,True,True
397,1.1,11.0,2.2,3.0,1.0,50261122,0.21539762906380713,True,True,0.0,15951,10,10,False,10,1,18,0.9826246584699454,0.8546726190083114,0.8381725914018479,8,8,True,True,True
397,1.2,12.0,2.4,3.0,1.0,50261122,0.21539762906380713,True,True,0.0,15951,10,10,False,10,1,18,0.9826246584699454,0.8546726190083114,0.8381725914018479,8,8,True,True,True
398,0.8,8.0,1.6,3.0,1.0,50261123,3.139048247904003,True,True,0.0,16189,10,10,False,10,0,0,1.0,0.7664784982200163,0.7664784982200163,8,6,False,False,False
398,0.9,9.0,1.8,3.0,1.0,50261123,3.139048247904003,True,True,0.0,16189,10,10,False,10,0,0,1.0,0.7664784982200163,0.7664784982200163,8,6,False,False,False
398,1.0,10.0,2.0,3.0,1.0,50261123,3.139048247904003,True,True,0.0,16189,10,10,False,10,0,0,1.0,0.7664784982200163,0.7664784982200163,8,6,False,False,False
398,1.1,11.0,2.2,3.0,1.0,50261123,3.139048247904003,True,True,0.0,16189,10,10,False,10,0,0,1.0,0.7664784982200163,0.7664784982200163,8,6,False,False,False
398,1.2,12.0,2.4,3.0,1.0,50261123,3.139048247904003,True,True,0.0,16189,10,10,False,10,0,0,1.0,0.7664784982200163,0.7664784982200163,8,6,False,False,False
399,0.8,8.0,1.6,3.0,1.0,50261124,0.3103289243013648,True,True,0.0,15823,7,7,False,7,0,0,1.0,0.7717882574344219,0.7717882574344219,8,6,False,False,False
399,0.9,9.0,1.8,3.0,1.0,50261124,0.3103289243013648,True,True,0.0,15823,7,7,False,7,0,0,1.0,0.7717882574344219,0.7717882574344219,8,6,False,False,False
399,1.0,10.0,2.0,3.0,1.0,50261124,0.3103289243013648,True,True,0.0,15823,7,7,False,7,0,0,1.0,0.7717882574344219,0.7717882574344219,8,6,False,False,False
399,1.1,11.0,2.2,3.0,1.0,50261124,0.3103289243013648,True,True,0.0,15823,7,7,False,7,0,0,1.0,0.7717882574344219,0.7717882574344219,8,6,False,False,False
399,1.2,12.0,2.4,3.0,1.0,50261124,0.3103289243013648,True,True,0.0,15823,7,7,False,7,0,0,1.0,0.7717882574344219,0.7717882574344219,8,6,False,False,False
400,0.8,8.0,1.6,3.0,1.0,50261125,0.00509228642492988,True,True,0.0,15665,1,1,False,1,1,33,0.9767701871953921,0.8589155939362049,0.839085431713003,8,8,True,True,True
400,0.9,9.0,1.8,3.0,1.0,50261125,0.00509228642492988,True,True,0.0,15665,1,1,False,1,1,33,0.9767701871953921,0.8589155939362049,0.839085431713003,8,8,True,True,True
400,1.0,10.0,2.0,3.0,1.0,50261125,0.00509228642492988,True,True,0.0,15665,1,1,False,1,1,33,0.9767701871953921,0.8589155939362049,0.839085431713003,8,8,True,True,True
400,1.1,11.0,2.2,3.0,1.0,50261125,0.00509228642492988,True,True,0.0,15665,1,1,False,1,1,33,0.9767701871953921,0.8589155939362049,0.839085431713003,8,8,True,True,True
400,1.2,12.0,2.4,3.0,1.0,50261125,0.00509228642492988,True,True,0.0,15665,1,1,False,1,1,33,0.9767701871953921,0.8589155939362049,0.839085431713003,8,8,True,True,True
401,0.8,8.0,1.6,3.0,1.0,50261126,2.002384817785992,True,True,0.0,15756,6,6,False,6,0,0,1.0,0.7532605920360682,0.7532605920360682,8,7,False,False,False
401,0.9,9.0,1.8,3.0,1.0,50261126,2.002384817785992,True,True,0.0,15756,6,6,False,6,0,0,1.0,0.7532605920360682,0.7532605920360682,8,7,False,False,False
401,1.0,10.0,2.0,3.0,1.0,50261126,2.002384817785992,True,True,0.0,15756,6,6,False,6,0,0,1.0,0.7532605920360682,0.7532605920360682,8,7,False,False,False
401,1.1,11.0,2.2,3.0,1.0,50261126,2.002384817785992,True,True,0.0,15756,6,6,False,6,0,0,1.0,0.7532605920360682,0.7532605920360682,8,7,False,False,False
401,1.2,12.0,2.4,3.0,1.0,50261126,2.002384817785992,True,True,0.0,15756,6,6,False,6,0,0,1.0,0.7532605920360682,0.7532605920360682,8,7,False,False,False
402,0.8,8.0,1.6,3.0,1.0,50261127,3.8966117376172047,True,True,0.0,15907,2,2,False,2,1,45,0.9777151639344263,0.7848978654688211,0.7653224967793112,8,8,True,True,True
402,0.9,9.0,1.8,3.0,1.0,50261127,3.8966117376172047,True,True,0.0,15907,2,2,False,2,1,45,0.9777151639344263,0.7848978654688211,0.7653224967793112,8,8,True,True,True
402,1.0,10.0,2.0,3.0,1.0,50261127,3.8966117376172047,True,True,0.0,15907,2,2,False,2,1,45,0.9777151639344263,0.7848978654688211,0.7653224967793112,8,8,True,True,True
402,1.1,11.0,2.2,3.0,1.0,50261127,3.8966117376172047,True,True,0.0,15907,2,2,False,2,1,45,0.9777151639344263,0.7848978654688211,0.7653224967793112,8,8,True,True,True
402,1.2,12.0,2.4,3.0,1.0,50261127,3.8966117376172047,True,True,0.0,15907,2,2,False,2,1,45,0.9777151639344263,0.7848978654688211,0.7653224967793112,8,8,True,True,True
403,0.8,8.0,1.6,3.0,1.0,50261128,4.005292862094072,True,True,0.0,15965,12,12,False,12,0,0,1.0,0.7408678703721926,0.7408678703721926,8,6,False,False,False
403,0.9,9.0,1.8,3.0,1.0,50261128,4.005292862094072,True,True,0.0,15965,12,12,False,12,0,0,1.0,0.7408678703721926,0.7408678703721926,8,6,False,False,False
403,1.0,10.0,2.0,3.0,1.0,50261128,4.005292862094072,True,True,0.0,15965,12,12,False,12,0,0,1.0,0.7408678703721926,0.7408678703721926,8,6,False,False,False
403,1.1,11.0,2.2,3.0,1.0,50261128,4.005292862094072,True,True,0.0,15965,12,12,False,12,0,0,1.0,0.7408678703721926,0.7408678703721926,8,6,False,False,False
403,1.2,12.0,2.4,3.0,1.0,50261128,4.005292862094072,True,True,0.0,15965,12,12,False,12,0,0,1.0,0.7408678703721926,0.7408678703721926,8,6,False,False,False
404,0.8,8.0,1.6,3.0,1.0,50261129,4.6530117683201215,True,True,0.0,16122,11,11,False,11,0,0,1.0,0.6857744856464794,0.6857744856464794,8,6,False,False,False
404,0.9,9.0,1.8,3.0,1.0,50261129,4.6530117683201215,True,True,0.0,16122,11,11,False,11,0,0,1.0,0.6857744856464794,0.6857744856464794,8,6,False,False,False
404,1.0,10.0,2.0,3.0,1.0,50261129,4.6530117683201215,True,True,0.0,16122,11,11,False,11,0,0,1.0,0.6857744856464794,0.6857744856464794,8,6,False,False,False
404,1.1,11.0,2.2,3.0,1.0,50261129,4.6530117683201215,True,True,0.0,16122,11,11,False,11,0,0,1.0,0.6857744856464794,0.6857744856464794,8,6,False,False,False
404,1.2,12.0,2.4,3.0,1.0,50261129,4.6530117683201215,True,True,0.0,16122,11,11,False,11,0,0,1.0,0.6857744856464794,0.6857744856464794,8,6,False,False,False
405,0.8,8.0,1.6,3.0,1.0,50261130,0.5066130271842774,True,True,0.0,15966,10,10,False,10,0,0,1.0,0.7288315723800007,0.7288315723800007,8,6,False,False,False
405,0.9,9.0,1.8,3.0,1.0,50261130,0.5066130271842774,True,True,0.0,15966,10,10,False,10,0,0,1.0,0.7288315723800007,0.7288315723800007,8,6,False,False,False
405,1.0,10.0,2.0,3.0,1.0,50261130,0.5066130271842774,True,True,0.0,15966,10,10,False,10,0,0,1.0,0.7288315723800007,0.7288315723800007,8,6,False,False,False
405,1.1,11.0,2.2,3.0,1.0,50261130,0.5066130271842774,True,True,0.0,15966,10,10,False,10,0,0,1.0,0.7288315723800007,0.7288315723800007,8,6,False,False,False
405,1.2,12.0,2.4,3.0,1.0,50261130,0.5066130271842774,True,True,0.0,15966,10,10,False,10,0,0,1.0,0.7288315723800007,0.7288315723800007,8,6,False,False,False
406,0.8,8.0,1.6,3.0,1.0,50261131,5.33503159141568,True,True,0.0,15839,2,2,False,2,1,34,0.9818455430327868,0.9022261003226584,0.8867485647133153,8,8,True,True,True
406,0.9,9.0,1.8,3.0,1.0,50261131,5.33503159141568,True,True,0.0,15839,2,2,False,2,0,0,1.0,0.7843088715102495,0.7843088715102495,8,6,False,False,False
406,1.0,10.0,2.0,3.0,1.0,50261131,5.33503159141568,True,True,0.0,15839,2,2,False,2,0,0,1.0,0.7843088715102495,0.7843088715102495,8,6,False,False,False
406,1.1,11.0,2.2,3.0,1.0,50261131,5.33503159141568,True,True,0.0,15839,2,2,False,2,0,0,1.0,0.7843088715102495,0.7843088715102495,8,6,False,False,False
406,1.2,12.0,2.4,3.0,1.0,50261131,5.33503159141568,True,True,0.0,15839,2,2,False,2,0,0,1.0,0.7843088715102495,0.7843088715102495,8,6,False,False,False
407,0.8,8.0,1.6,3.0,1.0,50261132,5.37043869732061,True,True,0.0,16164,8,8,False,8,1,54,0.9762423155737705,0.8317479286506473,0.8109833912915944,8,8,True,True,True
407,0.9,9.0,1.8,3.0,1.0,50261132,5.37043869732061,True,True,0.0,16164,8,8,False,8,1,54,0.9762423155737705,0.8317479286506473,0.8109833912915944,8,8,True,True,True
407,1.0,10.0,2.0,3.0,1.0,50261132,5.37043869732061,True,True,0.0,16164,8,8,False,8,1,54,0.9762423155737705,0.8317479286506473,0.8109833912915944,8,8,True,True,True
407,1.1,11.0,2.2,3.0,1.0,50261132,5.37043869732061,True,True,0.0,16164,8,8,False,8,1,54,0.9762423155737705,0.8317479286506473,0.8109833912915944,8,8,True,True,True
407,1.2,12.0,2.4,3.0,1.0,50261132,5.37043869732061,True,True,0.0,16164,8,8,False,8,1,54,0.9762423155737705,0.8317479286506473,0.8109833912915944,8,8,True,True,True
408,0.8,8.0,1.6,3.0,1.0,50261133,4.278668933475469,True,True,0.0,15751,11,11,False,11,1,38,0.9807355703551912,0.846490081311916,0.8277042331879279,8,8,True,True,True
408,0.9,9.0,1.8,3.0,1.0,50261133,4.278668933475469,True,True,0.0,15751,11,11,False,11,1,38,0.9807355703551912,0.846490081311916,0.8277042331879279,8,8,True,True,True
408,1.0,10.0,2.0,3.0,1.0,50261133,4.278668933475469,True,True,0.0,15751,11,11,False,11,1,38,0.9807355703551912,0.846490081311916,0.8277042331879279,8,8,True,True,True
408,1.1,11.0,2.2,3.0,1.0,50261133,4.278668933475469,True,True,0.0,15751,11,11,False,11,1,38,0.9807355703551912,0.846490081311916,0.8277042331879279,8,8,True,True,True
408,1.2,12.0,2.4,3.0,1.0,50261133,4.278668933475469,True,True,0.0,15751,11,11,False,11,1,38,0.9807355703551912,0.846490081311916,0.8277042331879279,8,8,True,True,True
409,0.8,8.0,1.6,3.0,1.0,50261134,5.334024191254273,True,True,0.0,15834,10,10,False,10,0,0,1.0,0.7250659065545337,0.7250659065545337,8,6,False,False,False
409,0.9,9.0,1.8,3.0,1.0,50261134,5.334024191254273,True,True,0.0,15834,10,10,False,10,0,0,1.0,0.7250659065545337,0.7250659065545337,8,6,False,False,False
409,1.0,10.0,2.0,3.0,1.0,50261134,5.334024191254273,True,True,0.0,15834,10,10,False,10,0,0,1.0,0.7250659065545337,0.7250659065545337,8,6,False,False,False
409,1.1,11.0,2.2,3.0,1.0,50261134,5.334024191254273,True,True,0.0,15834,10,10,False,10,0,0,1.0,0.7250659065545337,0.7250659065545337,8,6,False,False,False
409,1.2,12.0,2.4,3.0,1.0,50261134,5.334024191254273,True,True,0.0,15834,10,10,False,10,0,0,1.0,0.7250659065545337,0.7250659065545337,8,6,False,False,False
410,0.8,8.0,1.6,3.0,1.0,50261135,1.4138522135538802,True,True,0.0,15646,2,2,False,2,0,0,0.9953195382882882,0.7109542170911234,0.7084209703150833,8,6,False,False,False
410,0.9,9.0,1.8,3.0,1.0,50261135,1.4138522135538802,True,True,0.0,15646,2,2,False,2,0,0,0.9953195382882882,0.7109542170911234,0.7084209703150833,8,6,False,False,False
410,1.0,10.0,2.0,3.0,1.0,50261135,1.4138522135538802,True,True,0.0,15646,2,2,False,2,0,0,0.9953195382882882,0.7109542170911234,0.7084209703150833,8,6,False,False,False
410,1.1,11.0,2.2,3.0,1.0,50261135,1.4138522135538802,True,True,0.0,15646,2,2,False,2,0,0,0.9953195382882882,0.7109542170911234,0.7084209703150833,8,6,False,False,False
410,1.2,12.0,2.4,3.0,1.0,50261135,1.4138522135538802,True,True,0.0,15646,2,2,False,2,0,0,0.9953195382882882,0.7109542170911234,0.7084209703150833,8,6,False,False,False
411,0.8,8.0,1.6,3.0,1.0,50261136,1.5676675816345107,True,True,0.0,16016,3,3,False,3,0,0,1.0,0.7393418393513131,0.7393418393513131,8,6,False,False,False
411,0.9,9.0,1.8,3.0,1.0,50261136,1.5676675816345107,True,True,0.0,16016,3,3,False,3,0,0,1.0,0.7393418393513131,0.7393418393513131,8,6,False,False,False
411,1.0,10.0,2.0,3.0,1.0,50261136,1.5676675816345107,True,True,0.0,16016,3,3,False,3,0,0,1.0,0.7393418393513131,0.7393418393513131,8,6,False,False,False
411,1.1,11.0,2.2,3.0,1.0,50261136,1.5676675816345107,True,True,0.0,16016,3,3,False,3,0,0,1.0,0.7393418393513131,0.7393418393513131,8,6,False,False,False
411,1.2,12.0,2.4,3.0,1.0,50261136,1.5676675816345107,True,True,0.0,16016,3,3,False,3,0,0,1.0,0.7393418393513131,0.7393418393513131,8,6,False,False,False
412,0.8,8.0,1.6,3.0,1.0,50261137,4.4231950083945355,True,True,0.0,15877,1,1,False,1,1,54,0.9765091359289617,0.8359351912225063,0.8146644265612814,8,8,True,True,True
412,0.9,9.0,1.8,3.0,1.0,50261137,4.4231950083945355,True,True,0.0,15877,1,1,False,1,1,54,0.9765091359289617,0.8359351912225063,0.8146644265612814,8,8,True,True,True
412,1.0,10.0,2.0,3.0,1.0,50261137,4.4231950083945355,True,True,0.0,15877,1,1,False,1,1,54,0.9765091359289617,0.8359351912225063,0.8146644265612814,8,8,True,True,True
412,1.1,11.0,2.2,3.0,1.0,50261137,4.4231950083945355,True,True,0.0,15877,1,1,False,1,1,54,0.9765091359289617,0.8359351912225063,0.8146644265612814,8,8,True,True,True
412,1.2,12.0,2.4,3.0,1.0,50261137,4.4231950083945355,True,True,0.0,15877,1,1,False,1,1,54,0.9765091359289617,0.8359351912225063,0.8146644265612814,8,8,True,True,True
413,0.8,8.0,1.6,3.0,1.0,50261138,0.7625385143786058,True,True,0.0,15784,3,3,False,3,1,41,0.9822938012295082,0.8811651884973276,0.864511145944912,8,8,True,True,True
413,0.9,9.0,1.8,3.0,1.0,50261138,0.7625385143786058,True,True,0.0,15784,3,3,False,3,1,41,0.9822938012295082,0.8811651884973276,0.864511145944912,8,8,True,True,True
413,1.0,10.0,2.0,3.0,1.0,50261138,0.7625385143786058,True,True,0.0,15784,3,3,False,3,0,0,1.0,0.7526146934267296,0.7526146934267296,8,6,False,False,False
413,1.1,11.0,2.2,3.0,1.0,50261138,0.7625385143786058,True,True,0.0,15784,3,3,False,3,0,0,1.0,0.7526146934267296,0.7526146934267296,8,6,False,False,False
413,1.2,12.0,2.4,3.0,1.0,50261138,0.7625385143786058,True,True,0.0,15784,3,3,False,3,0,0,1.0,0.7526146934267296,0.7526146934267296,8,6,False,False,False
414,0.8,8.0,1.6,3.0,1.0,50261139,0.05778054139208707,True,True,0.0,16148,5,5,False,5,1,36,0.9913123292349727,0.9189708429392088,0.9119205024778211,8,8,True,True,True
414,0.9,9.0,1.8,3.0,1.0,50261139,0.05778054139208707,True,True,0.0,16148,5,5,False,5,1,36,0.9913123292349727,0.9189708429392088,0.9119205024778211,8,8,True,True,True
414,1.0,10.0,2.0,3.0,1.0,50261139,0.05778054139208707,True,True,0.0,16148,5,5,False,5,1,36,0.9913123292349727,0.9189708429392088,0.9119205024778211,8,8,True,True,True
414,1.1,11.0,2.2,3.0,1.0,50261139,0.05778054139208707,True,True,0.0,16148,5,5,False,5,0,0,1.0,0.8009096915380092,0.8009096915380092,8,6,False,False,False
414,1.2,12.0,2.4,3.0,1.0,50261139,0.05778054139208707,True,True,0.0,16148,5,5,False,5,0,0,1.0,0.8009096915380092,0.8009096915380092,8,6,False,False,False
415,0.8,8.0,1.6,3.0,1.0,50261140,0.6260453939039032,True,True,0.0,16377,1,1,False,1,0,0,1.0,0.5871632583331614,0.5871632583331614,8,5,False,False,False
415,0.9,9.0,1.8,3.0,1.0,50261140,0.6260453939039032,True,True,0.0,16377,1,1,False,1,0,0,1.0,0.5871632583331614,0.5871632583331614,8,5,False,False,False
415,1.0,10.0,2.0,3.0,1.0,50261140,0.6260453939039032,True,True,0.0,16377,1,1,False,1,0,0,1.0,0.5871632583331614,0.5871632583331614,8,5,False,False,False
415,1.1,11.0,2.2,3.0,1.0,50261140,0.6260453939039032,True,True,0.0,16377,1,1,False,1,0,0,1.0,0.5871632583331614,0.5871632583331614,8,5,False,False,False
415,1.2,12.0,2.4,3.0,1.0,50261140,0.6260453939039032,True,True,0.0,16377,1,1,False,1,0,0,1.0,0.5871632583331614,0.5871632583331614,8,5,False,False,False
416,0.8,8.0,1.6,3.0,1.0,50261141,4.03992812141302,True,True,0.0,16344,2,2,False,2,0,0,1.0,0.6913538056409723,0.6913538056409723,8,6,False,False,False
416,0.9,9.0,1.8,3.0,1.0,50261141,4.03992812141302,True,True,0.0,16344,2,2,False,2,0,0,1.0,0.6913538056409723,0.6913538056409723,8,6,False,False,False
416,1.0,10.0,2.0,3.0,1.0,50261141,4.03992812141302,True,True,0.0,16344,2,2,False,2,0,0,1.0,0.6913538056409723,0.6913538056409723,8,6,False,False,False
416,1.1,11.0,2.2,3.0,1.0,50261141,4.03992812141302,True,True,0.0,16344,2,2,False,2,0,0,1.0,0.6913538056409723,0.6913538056409723,8,6,False,False,False
416,1.2,12.0,2.4,3.0,1.0,50261141,4.03992812141302,True,True,0.0,16344,2,2,False,2,0,0,1.0,0.6913538056409723,0.6913538056409723,8,6,False,False,False
417,0.8,8.0,1.6,3.0,1.0,50261142,0.8433281831317998,True,True,0.0,15780,14,14,False,14,0,0,1.0,0.781506548109492,0.781506548109492,8,6,False,False,False
417,0.9,9.0,1.8,3.0,1.0,50261142,0.8433281831317998,True,True,0.0,15780,14,14,False,14,0,0,1.0,0.781506548109492,0.781506548109492,8,6,False,False,False
417,1.0,10.0,2.0,3.0,1.0,50261142,0.8433281831317998,True,True,0.0,15780,14,14,False,14,0,0,1.0,0.781506548109492,0.781506548109492,8,6,False,False,False
417,1.1,11.0,2.2,3.0,1.0,50261142,0.8433281831317998,True,True,0.0,15780,14,14,False,14,0,0,1.0,0.781506548109492,0.781506548109492,8,6,False,False,False
417,1.2,12.0,2.4,3.0,1.0,50261142,0.8433281831317998,True,True,0.0,15780,14,14,False,14,0,0,1.0,0.781506548109492,0.781506548109492,8,6,False,False,False
418,0.8,8.0,1.6,3.0,1.0,50261143,1.0833967034778957,True,True,0.0,16421,10,10,False,10,0,0,1.0,0.696237039646858,0.696237039646858,8,5,False,False,False
418,0.9,9.0,1.8,3.0,1.0,50261143,1.0833967034778957,True,True,0.0,16421,10,10,False,10,0,0,1.0,0.696237039646858,0.696237039646858,8,5,False,False,False
418,1.0,10.0,2.0,3.0,1.0,50261143,1.0833967034778957,True,True,0.0,16421,10,10,False,10,0,0,1.0,0.696237039646858,0.696237039646858,8,5,False,False,False
418,1.1,11.0,2.2,3.0,1.0,50261143,1.0833967034778957,True,True,0.0,16421,10,10,False,10,0,0,1.0,0.696237039646858,0.696237039646858,8,5,False,False,False
418,1.2,12.0,2.4,3.0,1.0,50261143,1.0833967034778957,True,True,0.0,16421,10,10,False,10,0,0,1.0,0.696237039646858,0.696237039646858,8,5,False,False,False
419,0.8,8.0,1.6,3.0,1.0,50261144,0.8604069910505566,True,True,0.0,16032,7,7,False,7,0,0,1.0,0.6532068956622954,0.6532068956622954,8,5,False,False,False
419,0.9,9.0,1.8,3.0,1.0,50261144,0.8604069910505566,True,True,0.0,16032,7,7,False,7,0,0,1.0,0.6532068956622954,0.6532068956622954,8,5,False,False,False
419,1.0,10.0,2.0,3.0,1.0,50261144,0.8604069910505566,True,True,0.0,16032,7,7,False,7,0,0,1.0,0.6532068956622954,0.6532068956622954,8,5,False,False,False
419,1.1,11.0,2.2,3.0,1.0,50261144,0.8604069910505566,True,True,0.0,16032,7,7,False,7,0,0,1.0,0.6532068956622954,0.6532068956622954,8,5,False,False,False
419,1.2,12.0,2.4,3.0,1.0,50261144,0.8604069910505566,True,True,0.0,16032,7,7,False,7,0,0,1.0,0.6532068956622954,0.6532068956622954,8,5,False,False,False
420,0.8,8.0,1.6,3.0,1.0,50261145,3.2810291872609123,True,True,0.0,15801,8,8,False,8,1,26,0.9818775614754098,0.8978203781416534,0.8801002208805395,8,8,True,True,True
420,0.9,9.0,1.8,3.0,1.0,50261145,3.2810291872609123,True,True,0.0,15801,8,8,False,8,1,26,0.9818775614754098,0.8978203781416534,0.8801002208805395,8,8,True,True,True
420,1.0,10.0,2.0,3.0,1.0,50261145,3.2810291872609123,True,True,0.0,15801,8,8,False,8,1,26,0.9818775614754098,0.8978203781416534,0.8801002208805395,8,8,True,True,True
420,1.1,11.0,2.2,3.0,1.0,50261145,3.2810291872609123,True,True,0.0,15801,8,8,False,8,1,26,0.9818775614754098,0.8978203781416534,0.8801002208805395,8,8,True,True,True
420,1.2,12.0,2.4,3.0,1.0,50261145,3.2810291872609123,True,True,0.0,15801,8,8,False,8,1,26,0.9818775614754098,0.8978203781416534,0.8801002208805395,8,8,True,True,True
421,0.8,8.0,1.6,3.0,1.0,50261146,4.174940916540319,True,True,0.0,16188,1,1,False,1,0,0,1.0,0.7423684314608445,0.7423684314608445,8,6,False,False,False
421,0.9,9.0,1.8,3.0,1.0,50261146,4.174940916540319,True,True,0.0,16188,1,1,False,1,0,0,1.0,0.7423684314608445,0.7423684314608445,8,6,False,False,False
421,1.0,10.0,2.0,3.0,1.0,50261146,4.174940916540319,True,True,0.0,16188,1,1,False,1,0,0,1.0,0.7423684314608445,0.7423684314608445,8,6,False,False,False
421,1.1,11.0,2.2,3.0,1.0,50261146,4.174940916540319,True,True,0.0,16188,1,1,False,1,0,0,1.0,0.7423684314608445,0.7423684314608445,8,6,False,False,False
421,1.2,12.0,2.4,3.0,1.0,50261146,4.174940916540319,True,True,0.0,16188,1,1,False,1,0,0,1.0,0.7423684314608445,0.7423684314608445,8,6,False,False,False
422,0.8,8.0,1.6,3.0,1.0,50261147,0.25205827522926766,True,True,0.0,16011,6,6,False,6,0,0,1.0,0.7224107101351358,0.7224107101351358,8,6,False,False,False
422,0.9,9.0,1.8,3.0,1.0,50261147,0.25205827522926766,True,True,0.0,16011,6,6,False,6,0,0,1.0,0.7224107101351358,0.7224107101351358,8,6,False,False,False
422,1.0,10.0,2.0,3.0,1.0,50261147,0.25205827522926766,True,True,0.0,16011,6,6,False,6,0,0,1.0,0.7224107101351358,0.7224107101351358,8,6,False,False,False
422,1.1,11.0,2.2,3.0,1.0,50261147,0.25205827522926766,True,True,0.0,16011,6,6,False,6,0,0,1.0,0.7224107101351358,0.7224107101351358,8,6,False,False,False
422,1.2,12.0,2.4,3.0,1.0,50261147,0.25205827522926766,True,True,0.0,16011,6,6,False,6,0,0,1.0,0.7224107101351358,0.7224107101351358,8,6,False,False,False
423,0.8,8.0,1.6,3.0,1.0,50261148,2.0277212469361827,True,True,0.0,15583,10,10,False,10,1,48,0.971796655774627,0.9196916978428622,0.8954310832934416,8,8,True,True,True
423,0.9,9.0,1.8,3.0,1.0,50261148,2.0277212469361827,True,True,0.0,15583,10,10,False,10,1,48,0.971796655774627,0.9196916978428622,0.8954310832934416,8,8,True,True,True
423,1.0,10.0,2.0,3.0,1.0,50261148,2.0277212469361827,True,True,0.0,15583,10,10,False,10,1,48,0.971796655774627,0.9196916978428622,0.8954310832934416,8,8,True,True,True
423,1.1,11.0,2.2,3.0,1.0,50261148,2.0277212469361827,True,True,0.0,15583,10,10,False,10,1,48,0.971796655774627,0.9196916978428622,0.8954310832934416,8,8,True,True,True
423,1.2,12.0,2.4,3.0,1.0,50261148,2.0277212469361827,True,True,0.0,15583,10,10,False,10,1,48,0.971796655774627,0.9196916978428622,0.8954310832934416,8,8,True,True,True
424,0.8,8.0,1.6,3.0,1.0,50261149,5.774234950099642,True,True,0.0,15857,14,14,False,14,0,0,1.0,0.7668188835525278,0.7668188835525278,8,6,False,False,False
424,0.9,9.0,1.8,3.0,1.0,50261149,5.774234950099642,True,True,0.0,15857,14,14,False,14,0,0,1.0,0.7668188835525278,0.7668188835525278,8,6,False,False,False
424,1.0,10.0,2.0,3.0,1.0,50261149,5.774234950099642,True,True,0.0,15857,14,14,False,14,0,0,1.0,0.7668188835525278,0.7668188835525278,8,6,False,False,False
424,1.1,11.0,2.2,3.0,1.0,50261149,5.774234950099642,True,True,0.0,15857,14,14,False,14,0,0,1.0,0.7668188835525278,0.7668188835525278,8,6,False,False,False
424,1.2,12.0,2.4,3.0,1.0,50261149,5.774234950099642,True,True,0.0,15857,14,14,False,14,0,0,1.0,0.7668188835525278,0.7668188835525278,8,6,False,False,False
425,0.8,8.0,1.6,3.0,1.0,50261150,0.3968012905670366,True,True,0.0,16097,3,3,False,3,0,0,1.0,0.7139836659468255,0.7139836659468255,8,6,False,False,False
425,0.9,9.0,1.8,3.0,1.0,50261150,0.3968012905670366,True,True,0.0,16097,3,3,False,3,0,0,1.0,0.7139836659468255,0.7139836659468255,8,6,False,False,False
425,1.0,10.0,2.0,3.0,1.0,50261150,0.3968012905670366,True,True,0.0,16097,3,3,False,3,0,0,1.0,0.7139836659468255,0.7139836659468255,8,6,False,False,False
425,1.1,11.0,2.2,3.0,1.0,50261150,0.3968012905670366,True,True,0.0,16097,3,3,False,3,0,0,1.0,0.7139836659468255,0.7139836659468255,8,6,False,False,False
425,1.2,12.0,2.4,3.0,1.0,50261150,0.3968012905670366,True,True,0.0,16097,3,3,False,3,0,0,1.0,0.7139836659468255,0.7139836659468255,8,6,False,False,False
426,0.8,8.0,1.6,3.0,1.0,50261151,1.9958250219603317,True,True,0.0,16147,7,7,False,7,0,0,1.0,0.7143111046127549,0.7143111046127549,8,6,False,False,False
426,0.9,9.0,1.8,3.0,1.0,50261151,1.9958250219603317,True,True,0.0,16147,7,7,False,7,0,0,1.0,0.7143111046127549,0.7143111046127549,8,6,False,False,False
426,1.0,10.0,2.0,3.0,1.0,50261151,1.9958250219603317,True,True,0.0,16147,7,7,False,7,0,0,1.0,0.7143111046127549,0.7143111046127549,8,6,False,False,False
426,1.1,11.0,2.2,3.0,1.0,50261151,1.9958250219603317,True,True,0.0,16147,7,7,False,7,0,0,1.0,0.7143111046127549,0.7143111046127549,8,6,False,False,False
426,1.2,12.0,2.4,3.0,1.0,50261151,1.9958250219603317,True,True,0.0,16147,7,7,False,7,0,0,1.0,0.7143111046127549,0.7143111046127549,8,6,False,False,False
427,0.8,8.0,1.6,3.0,1.0,50261152,1.1686980447481001,True,True,0.0,16064,4,4,False,4,0,0,1.0,0.6920163859718577,0.6920163859718577,8,6,False,False,False
427,0.9,9.0,1.8,3.0,1.0,50261152,1.1686980447481001,True,True,0.0,16064,4,4,False,4,0,0,1.0,0.6920163859718577,0.6920163859718577,8,6,False,False,False
427,1.0,10.0,2.0,3.0,1.0,50261152,1.1686980447481001,True,True,0.0,16064,4,4,False,4,0,0,1.0,0.6920163859718577,0.6920163859718577,8,6,False,False,False
427,1.1,11.0,2.2,3.0,1.0,50261152,1.1686980447481001,True,True,0.0,16064,4,4,False,4,0,0,1.0,0.6920163859718577,0.6920163859718577,8,6,False,False,False
427,1.2,12.0,2.4,3.0,1.0,50261152,1.1686980447481001,True,True,0.0,16064,4,4,False,4,0,0,1.0,0.6920163859718577,0.6920163859718577,8,6,False,False,False
428,0.8,8.0,1.6,3.0,1.0,50261153,5.61363943274111,True,True,0.0,16013,2,2,False,2,0,0,1.0,0.7656880128890275,0.7656880128890275,8,6,False,False,False
428,0.9,9.0,1.8,3.0,1.0,50261153,5.61363943274111,True,True,0.0,16013,2,2,False,2,0,0,1.0,0.7656880128890275,0.7656880128890275,8,6,False,False,False
428,1.0,10.0,2.0,3.0,1.0,50261153,5.61363943274111,True,True,0.0,16013,2,2,False,2,0,0,1.0,0.7656880128890275,0.7656880128890275,8,6,False,False,False
428,1.1,11.0,2.2,3.0,1.0,50261153,5.61363943274111,True,True,0.0,16013,2,2,False,2,0,0,1.0,0.7656880128890275,0.7656880128890275,8,6,False,False,False
428,1.2,12.0,2.4,3.0,1.0,50261153,5.61363943274111,True,True,0.0,16013,2,2,False,2,0,0,1.0,0.7656880128890275,0.7656880128890275,8,6,False,False,False
429,0.8,8.0,1.6,3.0,1.0,50261154,5.9898561349050885,True,True,0.0,15426,1,1,False,1,1,22,0.981749487704918,0.8495557289944529,0.8330053701550579,8,8,True,True,True
429,0.9,9.0,1.8,3.0,1.0,50261154,5.9898561349050885,True,True,0.0,15426,1,1,False,1,1,22,0.981749487704918,0.8495557289944529,0.8330053701550579,8,8,True,True,True
429,1.0,10.0,2.0,3.0,1.0,50261154,5.9898561349050885,True,True,0.0,15426,1,1,False,1,1,22,0.981749487704918,0.8495557289944529,0.8330053701550579,8,8,True,True,True
429,1.1,11.0,2.2,3.0,1.0,50261154,5.9898561349050885,True,True,0.0,15426,1,1,False,1,1,22,0.981749487704918,0.8495557289944529,0.8330053701550579,8,8,True,True,True
429,1.2,12.0,2.4,3.0,1.0,50261154,5.9898561349050885,True,True,0.0,15426,1,1,False,1,1,22,0.981749487704918,0.8495557289944529,0.8330053701550579,8,8,True,True,True
430,0.8,8.0,1.6,3.0,1.0,50261155,2.0242267305014736,True,True,0.0,16248,1,1,False,1,0,0,1.0,0.7497279489319801,0.7497279489319801,8,6,False,False,False
430,0.9,9.0,1.8,3.0,1.0,50261155,2.0242267305014736,True,True,0.0,16248,1,1,False,1,0,0,1.0,0.7497279489319801,0.7497279489319801,8,6,False,False,False
430,1.0,10.0,2.0,3.0,1.0,50261155,2.0242267305014736,True,True,0.0,16248,1,1,False,1,0,0,1.0,0.7497279489319801,0.7497279489319801,8,6,False,False,False
430,1.1,11.0,2.2,3.0,1.0,50261155,2.0242267305014736,True,True,0.0,16248,1,1,False,1,0,0,1.0,0.7497279489319801,0.7497279489319801,8,6,False,False,False
430,1.2,12.0,2.4,3.0,1.0,50261155,2.0242267305014736,True,True,0.0,16248,1,1,False,1,0,0,1.0,0.7497279489319801,0.7497279489319801,8,6,False,False,False
431,0.8,8.0,1.6,3.0,1.0,50261156,1.0488699819839875,True,True,0.0,15717,4,4,False,4,0,0,1.0,0.7724863532157953,0.7724863532157953,8,6,False,False,False
431,0.9,9.0,1.8,3.0,1.0,50261156,1.0488699819839875,True,True,0.0,15717,4,4,False,4,0,0,1.0,0.7724863532157953,0.7724863532157953,8,6,False,False,False
431,1.0,10.0,2.0,3.0,1.0,50261156,1.0488699819839875,True,True,0.0,15717,4,4,False,4,0,0,1.0,0.7724863532157953,0.7724863532157953,8,6,False,False,False
431,1.1,11.0,2.2,3.0,1.0,50261156,1.0488699819839875,True,True,0.0,15717,4,4,False,4,0,0,1.0,0.7724863532157953,0.7724863532157953,8,6,False,False,False
431,1.2,12.0,2.4,3.0,1.0,50261156,1.0488699819839875,True,True,0.0,15717,4,4,False,4,0,0,1.0,0.7724863532157953,0.7724863532157953,8,6,False,False,False
432,0.8,8.0,1.6,3.0,1.0,50261157,3.6082235495536827,True,True,0.0,16260,2,2,False,2,1,33,0.9840548155737705,0.843433967833201,0.8299813098466684,8,8,True,True,True
432,0.9,9.0,1.8,3.0,1.0,50261157,3.6082235495536827,True,True,0.0,16260,2,2,False,2,1,33,0.9840548155737705,0.843433967833201,0.8299813098466684,8,8,True,True,True
432,1.0,10.0,2.0,3.0,1.0,50261157,3.6082235495536827,True,True,0.0,16260,2,2,False,2,1,33,0.9840548155737705,0.843433967833201,0.8299813098466684,8,8,True,True,True
432,1.1,11.0,2.2,3.0,1.0,50261157,3.6082235495536827,True,True,0.0,16260,2,2,False,2,1,33,0.9840548155737705,0.843433967833201,0.8299813098466684,8,8,True,True,True
432,1.2,12.0,2.4,3.0,1.0,50261157,3.6082235495536827,True,True,0.0,16260,2,2,False,2,1,33,0.9840548155737705,0.843433967833201,0.8299813098466684,8,8,True,True,True
433,0.8,8.0,1.6,3.0,1.0,50261158,5.532653325370601,True,True,0.0,15856,6,6,False,6,1,46,0.9805434596994536,0.8641633188635633,0.846602590628326,8,8,True,True,True
433,0.9,9.0,1.8,3.0,1.0,50261158,5.532653325370601,True,True,0.0,15856,6,6,False,6,1,46,0.9805434596994536,0.8641633188635633,0.846602590628326,8,8,True,True,True
433,1.0,10.0,2.0,3.0,1.0,50261158,5.532653325370601,True,True,0.0,15856,6,6,False,6,1,46,0.9805434596994536,0.8641633188635633,0.846602590628326,8,8,True,True,True
433,1.1,11.0,2.2,3.0,1.0,50261158,5.532653325370601,True,True,0.0,15856,6,6,False,6,1,46,0.9805434596994536,0.8641633188635633,0.846602590628326,8,8,True,True,True
433,1.2,12.0,2.4,3.0,1.0,50261158,5.532653325370601,True,True,0.0,15856,6,6,False,6,1,46,0.9805434596994536,0.8641633188635633,0.846602590628326,8,8,True,True,True
434,0.8,8.0,1.6,3.0,1.0,50261159,1.7898806241887615,True,True,0.0,15958,10,10,False,10,1,44,0.9873100239071038,0.8559080078977833,0.8449357492446223,8,8,True,True,True
434,0.9,9.0,1.8,3.0,1.0,50261159,1.7898806241887615,True,True,0.0,15958,10,10,False,10,1,44,0.9873100239071038,0.8559080078977833,0.8449357492446223,8,8,True,True,True
434,1.0,10.0,2.0,3.0,1.0,50261159,1.7898806241887615,True,True,0.0,15958,10,10,False,10,1,44,0.9873100239071038,0.8559080078977833,0.8449357492446223,8,8,True,True,True
434,1.1,11.0,2.2,3.0,1.0,50261159,1.7898806241887615,True,True,0.0,15958,10,10,False,10,1,44,0.9873100239071038,0.8559080078977833,0.8449357492446223,8,8,True,True,True
434,1.2,12.0,2.4,3.0,1.0,50261159,1.7898806241887615,True,True,0.0,15958,10,10,False,10,1,44,0.9873100239071038,0.8559080078977833,0.8449357492446223,8,8,True,True,True
435,0.8,8.0,1.6,3.0,1.0,50261160,2.3748205366364457,True,True,0.0,15539,6,6,False,6,0,0,0.9953195382882882,0.8058740115880384,0.8031104583506721,8,6,False,False,False
435,0.9,9.0,1.8,3.0,1.0,50261160,2.3748205366364457,True,True,0.0,15539,6,6,False,6,0,0,0.9953195382882882,0.8058740115880384,0.8031104583506721,8,6,False,False,False
435,1.0,10.0,2.0,3.0,1.0,50261160,2.3748205366364457,True,True,0.0,15539,6,6,False,6,0,0,0.9953195382882882,0.8058740115880384,0.8031104583506721,8,6,False,False,False
435,1.1,11.0,2.2,3.0,1.0,50261160,2.3748205366364457,True,True,0.0,15539,6,6,False,6,0,0,0.9953195382882882,0.8058740115880384,0.8031104583506721,8,6,False,False,False
435,1.2,12.0,2.4,3.0,1.0,50261160,2.3748205366364457,True,True,0.0,15539,6,6,False,6,0,0,0.9953195382882882,0.8058740115880384,0.8031104583506721,8,6,False,False,False
436,0.8,8.0,1.6,3.0,1.0,50261161,2.286104869523662,True,True,0.0,15346,6,6,False,6,0,0,0.9966216216216216,0.7490626961839058,0.7461780807992904,8,6,False,False,False
436,0.9,9.0,1.8,3.0,1.0,50261161,2.286104869523662,True,True,0.0,15346,6,6,False,6,0,0,0.9966216216216216,0.7490626961839058,0.7461780807992904,8,6,False,False,False
436,1.0,10.0,2.0,3.0,1.0,50261161,2.286104869523662,True,True,0.0,15346,6,6,False,6,0,0,0.9966216216216216,0.7490626961839058,0.7461780807992904,8,6,False,False,False
436,1.1,11.0,2.2,3.0,1.0,50261161,2.286104869523662,True,True,0.0,15346,6,6,False,6,0,0,0.9966216216216216,0.7490626961839058,0.7461780807992904,8,6,False,False,False
436,1.2,12.0,2.4,3.0,1.0,50261161,2.286104869523662,True,True,0.0,15346,6,6,False,6,0,0,0.9966216216216216,0.7490626961839058,0.7461780807992904,8,6,False,False,False
437,0.8,8.0,1.6,3.0,1.0,50261162,3.7318766157917014,True,True,0.0,15936,7,7,False,7,0,0,1.0,0.747366096559692,0.747366096559692,8,6,False,False,False
437,0.9,9.0,1.8,3.0,1.0,50261162,3.7318766157917014,True,True,0.0,15936,7,7,False,7,0,0,1.0,0.747366096559692,0.747366096559692,8,6,False,False,False
437,1.0,10.0,2.0,3.0,1.0,50261162,3.7318766157917014,True,True,0.0,15936,7,7,False,7,0,0,1.0,0.747366096559692,0.747366096559692,8,6,False,False,False
437,1.1,11.0,2.2,3.0,1.0,50261162,3.7318766157917014,True,True,0.0,15936,7,7,False,7,0,0,1.0,0.747366096559692,0.747366096559692,8,6,False,False,False
437,1.2,12.0,2.4,3.0,1.0,50261162,3.7318766157917014,True,True,0.0,15936,7,7,False,7,0,0,1.0,0.747366096559692,0.747366096559692,8,6,False,False,False
438,0.8,8.0,1.6,3.0,1.0,50261163,1.6849060165261507,True,True,0.0,15893,6,6,False,6,1,37,0.9807996072404371,0.8500502230872642,0.8314724634812788,8,8,True,True,True
438,0.9,9.0,1.8,3.0,1.0,50261163,1.6849060165261507,True,True,0.0,15893,6,6,False,6,1,37,0.9807996072404371,0.8500502230872642,0.8314724634812788,8,8,True,True,True
438,1.0,10.0,2.0,3.0,1.0,50261163,1.6849060165261507,True,True,0.0,15893,6,6,False,6,0,0,1.0,0.7248128720706715,0.7248128720706715,8,6,False,False,False
438,1.1,11.0,2.2,3.0,1.0,50261163,1.6849060165261507,True,True,0.0,15893,6,6,False,6,0,0,1.0,0.7248128720706715,0.7248128720706715,8,6,False,False,False
438,1.2,12.0,2.4,3.0,1.0,50261163,1.6849060165261507,True,True,0.0,15893,6,6,False,6,0,0,1.0,0.7248128720706715,0.7248128720706715,8,6,False,False,False
439,0.8,8.0,1.6,3.0,1.0,50261164,1.2928623790021043,True,True,0.0,15725,3,3,False,3,0,0,1.0,0.7365931285893954,0.7365931285893954,8,6,False,False,False
439,0.9,9.0,1.8,3.0,1.0,50261164,1.2928623790021043,True,True,0.0,15725,3,3,False,3,0,0,1.0,0.7365931285893954,0.7365931285893954,8,6,False,False,False
439,1.0,10.0,2.0,3.0,1.0,50261164,1.2928623790021043,True,True,0.0,15725,3,3,False,3,0,0,1.0,0.7365931285893954,0.7365931285893954,8,6,False,False,False
439,1.1,11.0,2.2,3.0,1.0,50261164,1.2928623790021043,True,True,0.0,15725,3,3,False,3,0,0,1.0,0.7365931285893954,0.7365931285893954,8,6,False,False,False
439,1.2,12.0,2.4,3.0,1.0,50261164,1.2928623790021043,True,True,0.0,15725,3,3,False,3,0,0,1.0,0.7365931285893954,0.7365931285893954,8,6,False,False,False
440,0.8,8.0,1.6,3.0,1.0,50261165,6.088884330533628,True,True,0.0,15893,13,13,False,13,0,0,1.0,0.779596314120676,0.779596314120676,8,6,False,False,False
440,0.9,9.0,1.8,3.0,1.0,50261165,6.088884330533628,True,True,0.0,15893,13,13,False,13,0,0,1.0,0.779596314120676,0.779596314120676,8,6,False,False,False
440,1.0,10.0,2.0,3.0,1.0,50261165,6.088884330533628,True,True,0.0,15893,13,13,False,13,0,0,1.0,0.779596314120676,0.779596314120676,8,6,False,False,False
440,1.1,11.0,2.2,3.0,1.0,50261165,6.088884330533628,True,True,0.0,15893,13,13,False,13,0,0,1.0,0.779596314120676,0.779596314120676,8,6,False,False,False
440,1.2,12.0,2.4,3.0,1.0,50261165,6.088884330533628,True,True,0.0,15893,13,13,False,13,0,0,1.0,0.779596314120676,0.779596314120676,8,6,False,False,False
441,0.8,8.0,1.6,3.0,1.0,50261166,2.514175822841459,True,True,0.0,15928,1,1,False,1,1,31,0.9758260758196722,0.8298875338395462,0.8084773011512795,8,8,True,True,True
441,0.9,9.0,1.8,3.0,1.0,50261166,2.514175822841459,True,True,0.0,15928,1,1,False,1,1,31,0.9758260758196722,0.8298875338395462,0.8084773011512795,8,8,True,True,True
441,1.0,10.0,2.0,3.0,1.0,50261166,2.514175822841459,True,True,0.0,15928,1,1,False,1,1,31,0.9758260758196722,0.8298875338395462,0.8084773011512795,8,8,True,True,True
441,1.1,11.0,2.2,3.0,1.0,50261166,2.514175822841459,True,True,0.0,15928,1,1,False,1,1,31,0.9758260758196722,0.8298875338395462,0.8084773011512795,8,8,True,True,True
441,1.2,12.0,2.4,3.0,1.0,50261166,2.514175822841459,True,True,0.0,15928,1,1,False,1,1,31,0.9758260758196722,0.8298875338395462,0.8084773011512795,8,8,True,True,True
442,0.8,8.0,1.6,3.0,1.0,50261167,6.277981020401256,True,True,0.0,15735,6,6,False,6,0,0,1.0,0.7388370810785662,0.7388370810785662,8,7,False,False,False
442,0.9,9.0,1.8,3.0,1.0,50261167,6.277981020401256,True,True,0.0,15735,6,6,False,6,0,0,1.0,0.7388370810785662,0.7388370810785662,8,7,False,False,False
442,1.0,10.0,2.0,3.0,1.0,50261167,6.277981020401256,True,True,0.0,15735,6,6,False,6,0,0,1.0,0.7388370810785662,0.7388370810785662,8,7,False,False,False
442,1.1,11.0,2.2,3.0,1.0,50261167,6.277981020401256,True,True,0.0,15735,6,6,False,6,0,0,1.0,0.7388370810785662,0.7388370810785662,8,7,False,False,False
442,1.2,12.0,2.4,3.0,1.0,50261167,6.277981020401256,True,True,0.0,15735,6,6,False,6,0,0,1.0,0.7388370810785662,0.7388370810785662,8,7,False,False,False
443,0.8,8.0,1.6,3.0,1.0,50261168,5.353626086203365,True,True,0.0,15688,13,13,False,13,0,0,1.0,0.7808949356041093,0.7808949356041093,8,6,False,False,False
443,0.9,9.0,1.8,3.0,1.0,50261168,5.353626086203365,True,True,0.0,15688,13,13,False,13,0,0,1.0,0.7808949356041093,0.7808949356041093,8,6,False,False,False
443,1.0,10.0,2.0,3.0,1.0,50261168,5.353626086203365,True,True,0.0,15688,13,13,False,13,0,0,1.0,0.7808949356041093,0.7808949356041093,8,6,False,False,False
443,1.1,11.0,2.2,3.0,1.0,50261168,5.353626086203365,True,True,0.0,15688,13,13,False,13,0,0,1.0,0.7808949356041093,0.7808949356041093,8,6,False,False,False
443,1.2,12.0,2.4,3.0,1.0,50261168,5.353626086203365,True,True,0.0,15688,13,13,False,13,0,0,1.0,0.7808949356041093,0.7808949356041093,8,6,False,False,False
444,0.8,8.0,1.6,3.0,1.0,50261169,6.187363388346029,True,True,0.0,15928,1,1,False,1,0,0,1.0,0.7986003234319637,0.7986003234319637,8,6,False,False,False
444,0.9,9.0,1.8,3.0,1.0,50261169,6.187363388346029,True,True,0.0,15928,1,1,False,1,0,0,1.0,0.7986003234319637,0.7986003234319637,8,6,False,False,False
444,1.0,10.0,2.0,3.0,1.0,50261169,6.187363388346029,True,True,0.0,15928,1,1,False,1,0,0,1.0,0.7986003234319637,0.7986003234319637,8,6,False,False,False
444,1.1,11.0,2.2,3.0,1.0,50261169,6.187363388346029,True,True,0.0,15928,1,1,False,1,0,0,1.0,0.7986003234319637,0.7986003234319637,8,6,False,False,False
444,1.2,12.0,2.4,3.0,1.0,50261169,6.187363388346029,True,True,0.0,15928,1,1,False,1,0,0,1.0,0.7986003234319637,0.7986003234319637,8,6,False,False,False
445,0.8,8.0,1.6,3.0,1.0,50261170,5.6571509378322675,True,True,0.0,15877,1,1,False,1,1,42,0.9805754781420766,0.8821509885726311,0.8641189624134402,8,8,True,True,True
445,0.9,9.0,1.8,3.0,1.0,50261170,5.6571509378322675,True,True,0.0,15877,1,1,False,1,1,42,0.9805754781420766,0.8821509885726311,0.8641189624134402,8,8,True,True,True
445,1.0,10.0,2.0,3.0,1.0,50261170,5.6571509378322675,True,True,0.0,15877,1,1,False,1,0,0,1.0,0.7584350802370207,0.7584350802370207,8,6,False,False,False
445,1.1,11.0,2.2,3.0,1.0,50261170,5.6571509378322675,True,True,0.0,15877,1,1,False,1,0,0,1.0,0.7584350802370207,0.7584350802370207,8,6,False,False,False
445,1.2,12.0,2.4,3.0,1.0,50261170,5.6571509378322675,True,True,0.0,15877,1,1,False,1,0,0,1.0,0.7584350802370207,0.7584350802370207,8,6,False,False,False
446,0.8,8.0,1.6,3.0,1.0,50261171,4.899372657298079,True,True,0.0,15661,1,1,False,1,1,41,0.970489668715847,0.8951722637101949,0.8664619561826454,8,8,True,True,True
446,0.9,9.0,1.8,3.0,1.0,50261171,4.899372657298079,True,True,0.0,15661,1,1,False,1,1,41,0.970489668715847,0.8951722637101949,0.8664619561826454,8,8,True,True,True
446,1.0,10.0,2.0,3.0,1.0,50261171,4.899372657298079,True,True,0.0,15661,1,1,False,1,1,41,0.970489668715847,0.8951722637101949,0.8664619561826454,8,8,True,True,True
446,1.1,11.0,2.2,3.0,1.0,50261171,4.899372657298079,True,True,0.0,15661,1,1,False,1,1,41,0.970489668715847,0.8951722637101949,0.8664619561826454,8,8,True,True,True
446,1.2,12.0,2.4,3.0,1.0,50261171,4.899372657298079,True,True,0.0,15661,1,1,False,1,1,41,0.970489668715847,0.8951722637101949,0.8664619561826454,8,8,True,True,True
447,0.8,8.0,1.6,3.0,1.0,50261172,3.999568844862964,True,True,0.0,16160,2,2,False,2,0,0,1.0,0.7151659404136521,0.7151659404136521,8,6,False,False,False
447,0.9,9.0,1.8,3.0,1.0,50261172,3.999568844862964,True,True,0.0,16160,2,2,False,2,0,0,1.0,0.7151659404136521,0.7151659404136521,8,6,False,False,False
447,1.0,10.0,2.0,3.0,1.0,50261172,3.999568844862964,True,True,0.0,16160,2,2,False,2,0,0,1.0,0.7151659404136521,0.7151659404136521,8,6,False,False,False
447,1.1,11.0,2.2,3.0,1.0,50261172,3.999568844862964,True,True,0.0,16160,2,2,False,2,0,0,1.0,0.7151659404136521,0.7151659404136521,8,6,False,False,False
447,1.2,12.0,2.4,3.0,1.0,50261172,3.999568844862964,True,True,0.0,16160,2,2,False,2,0,0,1.0,0.7151659404136521,0.7151659404136521,8,6,False,False,False
448,0.8,8.0,1.6,3.0,1.0,50261173,4.520479204587602,True,True,0.0,15813,7,7,False,7,1,41,0.981386612021858,0.8742527508967727,0.8567326860030375,8,8,True,True,True
448,0.9,9.0,1.8,3.0,1.0,50261173,4.520479204587602,True,True,0.0,15813,7,7,False,7,1,41,0.981386612021858,0.8742527508967727,0.8567326860030375,8,8,True,True,True
448,1.0,10.0,2.0,3.0,1.0,50261173,4.520479204587602,True,True,0.0,15813,7,7,False,7,1,41,0.981386612021858,0.8742527508967727,0.8567326860030375,8,8,True,True,True
448,1.1,11.0,2.2,3.0,1.0,50261173,4.520479204587602,True,True,0.0,15813,7,7,False,7,0,0,1.0,0.7494059693888069,0.7494059693888069,8,6,False,False,False
448,1.2,12.0,2.4,3.0,1.0,50261173,4.520479204587602,True,True,0.0,15813,7,7,False,7,0,0,1.0,0.7494059693888069,0.7494059693888069,8,6,False,False,False
449,0.8,8.0,1.6,3.0,1.0,50261174,6.098189280040528,True,True,0.0,15780,13,13,False,13,0,0,1.0,0.7604522334571415,0.7604522334571415,8,6,False,False,False
449,0.9,9.0,1.8,3.0,1.0,50261174,6.098189280040528,True,True,0.0,15780,13,13,False,13,0,0,1.0,0.7604522334571415,0.7604522334571415,8,6,False,False,False
449,1.0,10.0,2.0,3.0,1.0,50261174,6.098189280040528,True,True,0.0,15780,13,13,False,13,0,0,1.0,0.7604522334571415,0.7604522334571415,8,6,False,False,False
449,1.1,11.0,2.2,3.0,1.0,50261174,6.098189280040528,True,True,0.0,15780,13,13,False,13,0,0,1.0,0.7604522334571415,0.7604522334571415,8,6,False,False,False
449,1.2,12.0,2.4,3.0,1.0,50261174,6.098189280040528,True,True,0.0,15780,13,13,False,13,0,0,1.0,0.7604522334571415,0.7604522334571415,8,6,False,False,False
450,0.8,8.0,1.6,3.0,1.0,50261175,1.3506435863919022,True,True,0.0,16097,8,8,False,8,0,0,1.0,0.6998817343029164,0.6998817343029164,8,6,False,False,False
450,0.9,9.0,1.8,3.0,1.0,50261175,1.3506435863919022,True,True,0.0,16097,8,8,False,8,0,0,1.0,0.6998817343029164,0.6998817343029164,8,6,False,False,False
450,1.0,10.0,2.0,3.0,1.0,50261175,1.3506435863919022,True,True,0.0,16097,8,8,False,8,0,0,1.0,0.6998817343029164,0.6998817343029164,8,6,False,False,False
450,1.1,11.0,2.2,3.0,1.0,50261175,1.3506435863919022,True,True,0.0,16097,8,8,False,8,0,0,1.0,0.6998817343029164,0.6998817343029164,8,6,False,False,False
450,1.2,12.0,2.4,3.0,1.0,50261175,1.3506435863919022,True,True,0.0,16097,8,8,False,8,0,0,1.0,0.6998817343029164,0.6998817343029164,8,6,False,False,False
451,0.8,8.0,1.6,3.0,1.0,50261176,5.322594768579915,True,True,0.0,15419,5,5,False,5,0,0,0.995970579954955,0.7493560842768613,0.7463414392645528,8,6,False,False,False
451,0.9,9.0,1.8,3.0,1.0,50261176,5.322594768579915,True,True,0.0,15419,5,5,False,5,0,0,0.995970579954955,0.7493560842768613,0.7463414392645528,8,6,False,False,False
451,1.0,10.0,2.0,3.0,1.0,50261176,5.322594768579915,True,True,0.0,15419,5,5,False,5,0,0,0.995970579954955,0.7493560842768613,0.7463414392645528,8,6,False,False,False
451,1.1,11.0,2.2,3.0,1.0,50261176,5.322594768579915,True,True,0.0,15419,5,5,False,5,0,0,0.995970579954955,0.7493560842768613,0.7463414392645528,8,6,False,False,False
451,1.2,12.0,2.4,3.0,1.0,50261176,5.322594768579915,True,True,0.0,15419,5,5,False,5,0,0,0.995970579954955,0.7493560842768613,0.7463414392645528,8,6,False,False,False
452,0.8,8.0,1.6,3.0,1.0,50261177,5.7333902495132625,True,True,0.0,15860,6,6,False,6,0,0,1.0,0.7360307378978238,0.7360307378978238,8,6,False,False,False
452,0.9,9.0,1.8,3.0,1.0,50261177,5.7333902495132625,True,True,0.0,15860,6,6,False,6,0,0,1.0,0.7360307378978238,0.7360307378978238,8,6,False,False,False
452,1.0,10.0,2.0,3.0,1.0,50261177,5.7333902495132625,True,True,0.0,15860,6,6,False,6,0,0,1.0,0.7360307378978238,0.7360307378978238,8,6,False,False,False
452,1.1,11.0,2.2,3.0,1.0,50261177,5.7333902495132625,True,True,0.0,15860,6,6,False,6,0,0,1.0,0.7360307378978238,0.7360307378978238,8,6,False,False,False
452,1.2,12.0,2.4,3.0,1.0,50261177,5.7333902495132625,True,True,0.0,15860,6,6,False,6,0,0,1.0,0.7360307378978238,0.7360307378978238,8,6,False,False,False
453,0.8,8.0,1.6,3.0,1.0,50261178,3.024223215662976,True,True,0.0,15851,1,1,False,1,1,28,0.9777151639344263,0.8496955325127399,0.8291504572784345,8,8,True,True,True
453,0.9,9.0,1.8,3.0,1.0,50261178,3.024223215662976,True,True,0.0,15851,1,1,False,1,1,28,0.9777151639344263,0.8496955325127399,0.8291504572784345,8,8,True,True,True
453,1.0,10.0,2.0,3.0,1.0,50261178,3.024223215662976,True,True,0.0,15851,1,1,False,1,1,28,0.9777151639344263,0.8496955325127399,0.8291504572784345,8,8,True,True,True
453,1.1,11.0,2.2,3.0,1.0,50261178,3.024223215662976,True,True,0.0,15851,1,1,False,1,1,28,0.9777151639344263,0.8496955325127399,0.8291504572784345,8,8,True,True,True
453,1.2,12.0,2.4,3.0,1.0,50261178,3.024223215662976,True,True,0.0,15851,1,1,False,1,0,0,1.0,0.7347532600789193,0.7347532600789193,8,6,False,False,False
454,0.8,8.0,1.6,3.0,1.0,50261179,0.6433114427205351,True,True,0.0,15973,5,5,False,5,0,0,1.0,0.7075031864272937,0.7075031864272937,8,6,False,False,False
454,0.9,9.0,1.8,3.0,1.0,50261179,0.6433114427205351,True,True,0.0,15973,5,5,False,5,0,0,1.0,0.7075031864272937,0.7075031864272937,8,6,False,False,False
454,1.0,10.0,2.0,3.0,1.0,50261179,0.6433114427205351,True,True,0.0,15973,5,5,False,5,0,0,1.0,0.7075031864272937,0.7075031864272937,8,6,False,False,False
454,1.1,11.0,2.2,3.0,1.0,50261179,0.6433114427205351,True,True,0.0,15973,5,5,False,5,0,0,1.0,0.7075031864272937,0.7075031864272937,8,6,False,False,False
454,1.2,12.0,2.4,3.0,1.0,50261179,0.6433114427205351,True,True,0.0,15973,5,5,False,5,0,0,1.0,0.7075031864272937,0.7075031864272937,8,6,False,False,False
455,0.8,8.0,1.6,3.0,1.0,50261180,5.448230131389616,True,True,0.0,15687,4,4,False,4,0,0,1.0,0.7913488211491155,0.7913488211491155,8,6,False,False,False
455,0.9,9.0,1.8,3.0,1.0,50261180,5.448230131389616,True,True,0.0,15687,4,4,False,4,0,0,1.0,0.7913488211491155,0.7913488211491155,8,6,False,False,False
455,1.0,10.0,2.0,3.0,1.0,50261180,5.448230131389616,True,True,0.0,15687,4,4,False,4,0,0,1.0,0.7913488211491155,0.7913488211491155,8,6,False,False,False
455,1.1,11.0,2.2,3.0,1.0,50261180,5.448230131389616,True,True,0.0,15687,4,4,False,4,0,0,1.0,0.7913488211491155,0.7913488211491155,8,6,False,False,False
455,1.2,12.0,2.4,3.0,1.0,50261180,5.448230131389616,True,True,0.0,15687,4,4,False,4,0,0,1.0,0.7913488211491155,0.7913488211491155,8,6,False,False,False
456,0.8,8.0,1.6,3.0,1.0,50261181,1.1024397570011992,True,True,0.0,15696,8,8,False,8,0,0,1.0,0.7817155797698827,0.7817155797698827,8,6,False,False,False
456,0.9,9.0,1.8,3.0,1.0,50261181,1.1024397570011992,True,True,0.0,15696,8,8,False,8,0,0,1.0,0.7817155797698827,0.7817155797698827,8,6,False,False,False
456,1.0,10.0,2.0,3.0,1.0,50261181,1.1024397570011992,True,True,0.0,15696,8,8,False,8,0,0,1.0,0.7817155797698827,0.7817155797698827,8,6,False,False,False
456,1.1,11.0,2.2,3.0,1.0,50261181,1.1024397570011992,True,True,0.0,15696,8,8,False,8,0,0,1.0,0.7817155797698827,0.7817155797698827,8,6,False,False,False
456,1.2,12.0,2.4,3.0,1.0,50261181,1.1024397570011992,True,True,0.0,15696,8,8,False,8,0,0,1.0,0.7817155797698827,0.7817155797698827,8,6,False,False,False
457,0.8,8.0,1.6,3.0,1.0,50261182,0.16287130596795654,True,True,0.0,15746,4,4,False,4,0,0,1.0,0.7640667778642038,0.7640667778642038,8,6,False,False,False
457,0.9,9.0,1.8,3.0,1.0,50261182,0.16287130596795654,True,True,0.0,15746,4,4,False,4,0,0,1.0,0.7640667778642038,0.7640667778642038,8,6,False,False,False
457,1.0,10.0,2.0,3.0,1.0,50261182,0.16287130596795654,True,True,0.0,15746,4,4,False,4,0,0,1.0,0.7640667778642038,0.7640667778642038,8,6,False,False,False
457,1.1,11.0,2.2,3.0,1.0,50261182,0.16287130596795654,True,True,0.0,15746,4,4,False,4,0,0,1.0,0.7640667778642038,0.7640667778642038,8,6,False,False,False
457,1.2,12.0,2.4,3.0,1.0,50261182,0.16287130596795654,True,True,0.0,15746,4,4,False,4,0,0,1.0,0.7640667778642038,0.7640667778642038,8,6,False,False,False
458,0.8,8.0,1.6,3.0,1.0,50261183,4.3157551305623985,True,True,0.0,15857,2,2,False,2,0,0,1.0,0.7452602158120123,0.7452602158120123,8,7,False,False,False
458,0.9,9.0,1.8,3.0,1.0,50261183,4.3157551305623985,True,True,0.0,15857,2,2,False,2,0,0,1.0,0.7452602158120123,0.7452602158120123,8,7,False,False,False
458,1.0,10.0,2.0,3.0,1.0,50261183,4.3157551305623985,True,True,0.0,15857,2,2,False,2,0,0,1.0,0.7452602158120123,0.7452602158120123,8,7,False,False,False
458,1.1,11.0,2.2,3.0,1.0,50261183,4.3157551305623985,True,True,0.0,15857,2,2,False,2,0,0,1.0,0.7452602158120123,0.7452602158120123,8,7,False,False,False
458,1.2,12.0,2.4,3.0,1.0,50261183,4.3157551305623985,True,True,0.0,15857,2,2,False,2,0,0,1.0,0.7452602158120123,0.7452602158120123,8,7,False,False,False
459,0.8,8.0,1.6,3.0,1.0,50261184,0.040459355007643666,True,True,0.0,15948,3,3,False,3,0,0,1.0,0.7310546759500616,0.7310546759500616,8,7,False,False,False
459,0.9,9.0,1.8,3.0,1.0,50261184,0.040459355007643666,True,True,0.0,15948,3,3,False,3,0,0,1.0,0.7310546759500616,0.7310546759500616,8,7,False,False,False
459,1.0,10.0,2.0,3.0,1.0,50261184,0.040459355007643666,True,True,0.0,15948,3,3,False,3,0,0,1.0,0.7310546759500616,0.7310546759500616,8,7,False,False,False
459,1.1,11.0,2.2,3.0,1.0,50261184,0.040459355007643666,True,True,0.0,15948,3,3,False,3,0,0,1.0,0.7310546759500616,0.7310546759500616,8,7,False,False,False
459,1.2,12.0,2.4,3.0,1.0,50261184,0.040459355007643666,True,True,0.0,15948,3,3,False,3,0,0,1.0,0.7310546759500616,0.7310546759500616,8,7,False,False,False
460,0.8,8.0,1.6,3.0,1.0,50261185,0.6518389958216775,True,True,0.0,15838,4,4,False,4,0,0,1.0,0.7349031121347449,0.7349031121347449,8,6,False,False,False
460,0.9,9.0,1.8,3.0,1.0,50261185,0.6518389958216775,True,True,0.0,15838,4,4,False,4,0,0,1.0,0.7349031121347449,0.7349031121347449,8,6,False,False,False
460,1.0,10.0,2.0,3.0,1.0,50261185,0.6518389958216775,True,True,0.0,15838,4,4,False,4,0,0,1.0,0.7349031121347449,0.7349031121347449,8,6,False,False,False
460,1.1,11.0,2.2,3.0,1.0,50261185,0.6518389958216775,True,True,0.0,15838,4,4,False,4,0,0,1.0,0.7349031121347449,0.7349031121347449,8,6,False,False,False
460,1.2,12.0,2.4,3.0,1.0,50261185,0.6518389958216775,True,True,0.0,15838,4,4,False,4,0,0,1.0,0.7349031121347449,0.7349031121347449,8,6,False,False,False
461,0.8,8.0,1.6,3.0,1.0,50261186,3.6337296699463266,True,True,0.0,15933,6,6,False,6,0,0,1.0,0.7509727531671442,0.7509727531671442,8,6,False,False,False
461,0.9,9.0,1.8,3.0,1.0,50261186,3.6337296699463266,True,True,0.0,15933,6,6,False,6,0,0,1.0,0.7509727531671442,0.7509727531671442,8,6,False,False,False
461,1.0,10.0,2.0,3.0,1.0,50261186,3.6337296699463266,True,True,0.0,15933,6,6,False,6,0,0,1.0,0.7509727531671442,0.7509727531671442,8,6,False,False,False
461,1.1,11.0,2.2,3.0,1.0,50261186,3.6337296699463266,True,True,0.0,15933,6,6,False,6,0,0,1.0,0.7509727531671442,0.7509727531671442,8,6,False,False,False
461,1.2,12.0,2.4,3.0,1.0,50261186,3.6337296699463266,True,True,0.0,15933,6,6,False,6,0,0,1.0,0.7509727531671442,0.7509727531671442,8,6,False,False,False
462,0.8,8.0,1.6,3.0,1.0,50261187,2.1102364746811264,True,True,0.0,15684,5,5,False,5,1,39,0.9772882513661202,0.885329794169803,0.8639446078409492,8,8,True,True,True
462,0.9,9.0,1.8,3.0,1.0,50261187,2.1102364746811264,True,True,0.0,15684,5,5,False,5,1,39,0.9772882513661202,0.885329794169803,0.8639446078409492,8,8,True,True,True
462,1.0,10.0,2.0,3.0,1.0,50261187,2.1102364746811264,True,True,0.0,15684,5,5,False,5,1,39,0.9772882513661202,0.885329794169803,0.8639446078409492,8,8,True,True,True
462,1.1,11.0,2.2,3.0,1.0,50261187,2.1102364746811264,True,True,0.0,15684,5,5,False,5,0,0,1.0,0.7631263118980068,0.7631263118980068,8,6,False,False,False
462,1.2,12.0,2.4,3.0,1.0,50261187,2.1102364746811264,True,True,0.0,15684,5,5,False,5,0,0,1.0,0.7631263118980068,0.7631263118980068,8,6,False,False,False
463,0.8,8.0,1.6,3.0,1.0,50261188,2.531134854428764,True,True,0.0,15685,6,6,False,6,1,26,0.9793743538620587,0.8421587923316919,0.8251660277997288,8,8,True,True,True
463,0.9,9.0,1.8,3.0,1.0,50261188,2.531134854428764,True,True,0.0,15685,6,6,False,6,1,26,0.9793743538620587,0.8421587923316919,0.8251660277997288,8,8,True,True,True
463,1.0,10.0,2.0,3.0,1.0,50261188,2.531134854428764,True,True,0.0,15685,6,6,False,6,1,26,0.9793743538620587,0.8421587923316919,0.8251660277997288,8,8,True,True,True
463,1.1,11.0,2.2,3.0,1.0,50261188,2.531134854428764,True,True,0.0,15685,6,6,False,6,1,26,0.9793743538620587,0.8421587923316919,0.8251660277997288,8,8,True,True,True
463,1.2,12.0,2.4,3.0,1.0,50261188,2.531134854428764,True,True,0.0,15685,6,6,False,6,1,26,0.9793743538620587,0.8421587923316919,0.8251660277997288,8,8,True,True,True
464,0.8,8.0,1.6,3.0,1.0,50261189,5.212891779813104,True,True,0.0,15761,4,4,False,4,0,0,1.0,0.7397022248123777,0.7397022248123777,8,6,False,False,False
464,0.9,9.0,1.8,3.0,1.0,50261189,5.212891779813104,True,True,0.0,15761,4,4,False,4,0,0,1.0,0.7397022248123777,0.7397022248123777,8,6,False,False,False
464,1.0,10.0,2.0,3.0,1.0,50261189,5.212891779813104,True,True,0.0,15761,4,4,False,4,0,0,1.0,0.7397022248123777,0.7397022248123777,8,6,False,False,False
464,1.1,11.0,2.2,3.0,1.0,50261189,5.212891779813104,True,True,0.0,15761,4,4,False,4,0,0,1.0,0.7397022248123777,0.7397022248123777,8,6,False,False,False
464,1.2,12.0,2.4,3.0,1.0,50261189,5.212891779813104,True,True,0.0,15761,4,4,False,4,0,0,1.0,0.7397022248123777,0.7397022248123777,8,6,False,False,False
465,0.8,8.0,1.6,3.0,1.0,50261190,3.9043927285496567,True,True,0.0,15502,1,1,False,1,0,0,0.9986979166666667,0.7253360790857171,0.7250189218825762,8,6,False,False,False
465,0.9,9.0,1.8,3.0,1.0,50261190,3.9043927285496567,True,True,0.0,15502,1,1,False,1,0,0,0.9986979166666667,0.7253360790857171,0.7250189218825762,8,6,False,False,False
465,1.0,10.0,2.0,3.0,1.0,50261190,3.9043927285496567,True,True,0.0,15502,1,1,False,1,0,0,0.9986979166666667,0.7253360790857171,0.7250189218825762,8,6,False,False,False
465,1.1,11.0,2.2,3.0,1.0,50261190,3.9043927285496567,True,True,0.0,15502,1,1,False,1,0,0,0.9986979166666667,0.7253360790857171,0.7250189218825762,8,6,False,False,False
465,1.2,12.0,2.4,3.0,1.0,50261190,3.9043927285496567,True,True,0.0,15502,1,1,False,1,0,0,0.9986979166666667,0.7253360790857171,0.7250189218825762,8,6,False,False,False
466,0.8,8.0,1.6,3.0,1.0,50261191,1.317182636667522,True,True,0.0,15978,4,4,False,4,0,0,1.0,0.7406739624340464,0.7406739624340464,8,6,False,False,False
466,0.9,9.0,1.8,3.0,1.0,50261191,1.317182636667522,True,True,0.0,15978,4,4,False,4,0,0,1.0,0.7406739624340464,0.7406739624340464,8,6,False,False,False
466,1.0,10.0,2.0,3.0,1.0,50261191,1.317182636667522,True,True,0.0,15978,4,4,False,4,0,0,1.0,0.7406739624340464,0.7406739624340464,8,6,False,False,False
466,1.1,11.0,2.2,3.0,1.0,50261191,1.317182636667522,True,True,0.0,15978,4,4,False,4,0,0,1.0,0.7406739624340464,0.7406739624340464,8,6,False,False,False
466,1.2,12.0,2.4,3.0,1.0,50261191,1.317182636667522,True,True,0.0,15978,4,4,False,4,0,0,1.0,0.7406739624340464,0.7406739624340464,8,6,False,False,False
467,0.8,8.0,1.6,3.0,1.0,50261192,5.547247984957055,True,True,0.0,16090,4,4,False,4,0,0,1.0,0.719310968720742,0.719310968720742,8,6,False,False,False
467,0.9,9.0,1.8,3.0,1.0,50261192,5.547247984957055,True,True,0.0,16090,4,4,False,4,0,0,1.0,0.719310968720742,0.719310968720742,8,6,False,False,False
467,1.0,10.0,2.0,3.0,1.0,50261192,5.547247984957055,True,True,0.0,16090,4,4,False,4,0,0,1.0,0.719310968720742,0.719310968720742,8,6,False,False,False
467,1.1,11.0,2.2,3.0,1.0,50261192,5.547247984957055,True,True,0.0,16090,4,4,False,4,0,0,1.0,0.719310968720742,0.719310968720742,8,6,False,False,False
467,1.2,12.0,2.4,3.0,1.0,50261192,5.547247984957055,True,True,0.0,16090,4,4,False,4,0,0,1.0,0.719310968720742,0.719310968720742,8,6,False,False,False
468,0.8,8.0,1.6,3.0,1.0,50261193,3.66316773333329,True,True,0.0,16325,3,3,False,3,0,0,1.0,0.6683260915322495,0.6683260915322495,8,5,False,False,False
468,0.9,9.0,1.8,3.0,1.0,50261193,3.66316773333329,True,True,0.0,16325,3,3,False,3,0,0,1.0,0.6683260915322495,0.6683260915322495,8,5,False,False,False
468,1.0,10.0,2.0,3.0,1.0,50261193,3.66316773333329,True,True,0.0,16325,3,3,False,3,0,0,1.0,0.6683260915322495,0.6683260915322495,8,5,False,False,False
468,1.1,11.0,2.2,3.0,1.0,50261193,3.66316773333329,True,True,0.0,16325,3,3,False,3,0,0,1.0,0.6683260915322495,0.6683260915322495,8,5,False,False,False
468,1.2,12.0,2.4,3.0,1.0,50261193,3.66316773333329,True,True,0.0,16325,3,3,False,3,0,0,1.0,0.6683260915322495,0.6683260915322495,8,5,False,False,False
469,0.8,8.0,1.6,3.0,1.0,50261194,0.2853333928634886,True,True,0.0,15826,7,7,False,7,0,0,1.0,0.7586097376254544,0.7586097376254544,8,6,False,False,False
469,0.9,9.0,1.8,3.0,1.0,50261194,0.2853333928634886,True,True,0.0,15826,7,7,False,7,0,0,1.0,0.7586097376254544,0.7586097376254544,8,6,False,False,False
469,1.0,10.0,2.0,3.0,1.0,50261194,0.2853333928634886,True,True,0.0,15826,7,7,False,7,0,0,1.0,0.7586097376254544,0.7586097376254544,8,6,False,False,False
469,1.1,11.0,2.2,3.0,1.0,50261194,0.2853333928634886,True,True,0.0,15826,7,7,False,7,0,0,1.0,0.7586097376254544,0.7586097376254544,8,6,False,False,False
469,1.2,12.0,2.4,3.0,1.0,50261194,0.2853333928634886,True,True,0.0,15826,7,7,False,7,0,0,1.0,0.7586097376254544,0.7586097376254544,8,6,False,False,False
470,0.8,8.0,1.6,3.0,1.0,50261195,2.593125036866795,True,True,0.0,15493,14,14,False,14,0,0,0.9953195382882882,0.7661236840601644,0.7629235442074569,8,6,False,False,False
470,0.9,9.0,1.8,3.0,1.0,50261195,2.593125036866795,True,True,0.0,15493,14,14,False,14,0,0,0.9953195382882882,0.7661236840601644,0.7629235442074569,8,6,False,False,False
470,1.0,10.0,2.0,3.0,1.0,50261195,2.593125036866795,True,True,0.0,15493,14,14,False,14,0,0,0.9953195382882882,0.7661236840601644,0.7629235442074569,8,6,False,False,False
470,1.1,11.0,2.2,3.0,1.0,50261195,2.593125036866795,True,True,0.0,15493,14,14,False,14,0,0,0.9953195382882882,0.7661236840601644,0.7629235442074569,8,6,False,False,False
470,1.2,12.0,2.4,3.0,1.0,50261195,2.593125036866795,True,True,0.0,15493,14,14,False,14,0,0,0.9953195382882882,0.7661236840601644,0.7629235442074569,8,6,False,False,False
471,0.8,8.0,1.6,3.0,1.0,50261196,1.7847011219649307,True,True,0.0,15774,8,8,False,8,0,0,1.0,0.7508796211664017,0.7508796211664017,8,6,False,False,False
471,0.9,9.0,1.8,3.0,1.0,50261196,1.7847011219649307,True,True,0.0,15774,8,8,False,8,0,0,1.0,0.7508796211664017,0.7508796211664017,8,6,False,False,False
471,1.0,10.0,2.0,3.0,1.0,50261196,1.7847011219649307,True,True,0.0,15774,8,8,False,8,0,0,1.0,0.7508796211664017,0.7508796211664017,8,6,False,False,False
471,1.1,11.0,2.2,3.0,1.0,50261196,1.7847011219649307,True,True,0.0,15774,8,8,False,8,0,0,1.0,0.7508796211664017,0.7508796211664017,8,6,False,False,False
471,1.2,12.0,2.4,3.0,1.0,50261196,1.7847011219649307,True,True,0.0,15774,8,8,False,8,0,0,1.0,0.7508796211664017,0.7508796211664017,8,6,False,False,False
472,0.8,8.0,1.6,3.0,1.0,50261197,5.828568009588062,True,True,0.0,15805,1,1,False,1,0,0,1.0,0.7572615130886526,0.7572615130886526,8,6,False,False,False
472,0.9,9.0,1.8,3.0,1.0,50261197,5.828568009588062,True,True,0.0,15805,1,1,False,1,0,0,1.0,0.7572615130886526,0.7572615130886526,8,6,False,False,False
472,1.0,10.0,2.0,3.0,1.0,50261197,5.828568009588062,True,True,0.0,15805,1,1,False,1,0,0,1.0,0.7572615130886526,0.7572615130886526,8,6,False,False,False
472,1.1,11.0,2.2,3.0,1.0,50261197,5.828568009588062,True,True,0.0,15805,1,1,False,1,0,0,1.0,0.7572615130886526,0.7572615130886526,8,6,False,False,False
472,1.2,12.0,2.4,3.0,1.0,50261197,5.828568009588062,True,True,0.0,15805,1,1,False,1,0,0,1.0,0.7572615130886526,0.7572615130886526,8,6,False,False,False
473,0.8,8.0,1.6,3.0,1.0,50261198,0.2275979381221612,True,True,0.0,15576,3,3,False,3,0,0,0.9986979166666667,0.7418647273721843,0.7416311973820172,8,6,False,False,False
473,0.9,9.0,1.8,3.0,1.0,50261198,0.2275979381221612,True,True,0.0,15576,3,3,False,3,0,0,0.9986979166666667,0.7418647273721843,0.7416311973820172,8,6,False,False,False
473,1.0,10.0,2.0,3.0,1.0,50261198,0.2275979381221612,True,True,0.0,15576,3,3,False,3,0,0,0.9986979166666667,0.7418647273721843,0.7416311973820172,8,6,False,False,False
473,1.1,11.0,2.2,3.0,1.0,50261198,0.2275979381221612,True,True,0.0,15576,3,3,False,3,0,0,0.9986979166666667,0.7418647273721843,0.7416311973820172,8,6,False,False,False
473,1.2,12.0,2.4,3.0,1.0,50261198,0.2275979381221612,True,True,0.0,15576,3,3,False,3,0,0,0.9986979166666667,0.7418647273721843,0.7416311973820172,8,6,False,False,False
474,0.8,8.0,1.6,3.0,1.0,50261199,5.96324654139427,True,True,0.0,16305,4,4,False,4,0,0,1.0,0.7073397355256181,0.7073397355256181,8,6,False,False,False
474,0.9,9.0,1.8,3.0,1.0,50261199,5.96324654139427,True,True,0.0,16305,4,4,False,4,0,0,1.0,0.7073397355256181,0.7073397355256181,8,6,False,False,False
474,1.0,10.0,2.0,3.0,1.0,50261199,5.96324654139427,True,True,0.0,16305,4,4,False,4,0,0,1.0,0.7073397355256181,0.7073397355256181,8,6,False,False,False
474,1.1,11.0,2.2,3.0,1.0,50261199,5.96324654139427,True,True,0.0,16305,4,4,False,4,0,0,1.0,0.7073397355256181,0.7073397355256181,8,6,False,False,False
474,1.2,12.0,2.4,3.0,1.0,50261199,5.96324654139427,True,True,0.0,16305,4,4,False,4,0,0,1.0,0.7073397355256181,0.7073397355256181,8,6,False,False,False
475,0.8,8.0,1.6,3.0,1.0,50261200,5.52166469843757,True,True,0.0,15867,5,5,False,5,0,0,1.0,0.6679188695549989,0.6679188695549989,8,5,False,False,False
475,0.9,9.0,1.8,3.0,1.0,50261200,5.52166469843757,True,True,0.0,15867,5,5,False,5,0,0,1.0,0.6679188695549989,0.6679188695549989,8,5,False,False,False
475,1.0,10.0,2.0,3.0,1.0,50261200,5.52166469843757,True,True,0.0,15867,5,5,False,5,0,0,1.0,0.6679188695549989,0.6679188695549989,8,5,False,False,False
475,1.1,11.0,2.2,3.0,1.0,50261200,5.52166469843757,True,True,0.0,15867,5,5,False,5,0,0,1.0,0.6679188695549989,0.6679188695549989,8,5,False,False,False
475,1.2,12.0,2.4,3.0,1.0,50261200,5.52166469843757,True,True,0.0,15867,5,5,False,5,0,0,1.0,0.6679188695549989,0.6679188695549989,8,5,False,False,False
476,0.8,8.0,1.6,3.0,1.0,50261201,3.624016083722704,True,True,0.0,15776,8,8,False,8,0,0,1.0,0.7463032975353581,0.7463032975353581,8,6,False,False,False
476,0.9,9.0,1.8,3.0,1.0,50261201,3.624016083722704,True,True,0.0,15776,8,8,False,8,0,0,1.0,0.7463032975353581,0.7463032975353581,8,6,False,False,False
476,1.0,10.0,2.0,3.0,1.0,50261201,3.624016083722704,True,True,0.0,15776,8,8,False,8,0,0,1.0,0.7463032975353581,0.7463032975353581,8,6,False,False,False
476,1.1,11.0,2.2,3.0,1.0,50261201,3.624016083722704,True,True,0.0,15776,8,8,False,8,0,0,1.0,0.7463032975353581,0.7463032975353581,8,6,False,False,False
476,1.2,12.0,2.4,3.0,1.0,50261201,3.624016083722704,True,True,0.0,15776,8,8,False,8,0,0,1.0,0.7463032975353581,0.7463032975353581,8,6,False,False,False
477,0.8,8.0,1.6,3.0,1.0,50261202,5.116710158106584,True,True,0.0,15889,1,1,False,1,0,0,1.0,0.7555904023728823,0.7555904023728823,8,6,False,False,False
477,0.9,9.0,1.8,3.0,1.0,50261202,5.116710158106584,True,True,0.0,15889,1,1,False,1,0,0,1.0,0.7555904023728823,0.7555904023728823,8,6,False,False,False
477,1.0,10.0,2.0,3.0,1.0,50261202,5.116710158106584,True,True,0.0,15889,1,1,False,1,0,0,1.0,0.7555904023728823,0.7555904023728823,8,6,False,False,False
477,1.1,11.0,2.2,3.0,1.0,50261202,5.116710158106584,True,True,0.0,15889,1,1,False,1,0,0,1.0,0.7555904023728823,0.7555904023728823,8,6,False,False,False
477,1.2,12.0,2.4,3.0,1.0,50261202,5.116710158106584,True,True,0.0,15889,1,1,False,1,0,0,1.0,0.7555904023728823,0.7555904023728823,8,6,False,False,False
478,0.8,8.0,1.6,3.0,1.0,50261203,0.26612926900589495,True,True,0.0,15789,8,8,False,8,0,0,1.0,0.7659850267995885,0.7659850267995885,8,6,False,False,False
478,0.9,9.0,1.8,3.0,1.0,50261203,0.26612926900589495,True,True,0.0,15789,8,8,False,8,0,0,1.0,0.7659850267995885,0.7659850267995885,8,6,False,False,False
478,1.0,10.0,2.0,3.0,1.0,50261203,0.26612926900589495,True,True,0.0,15789,8,8,False,8,0,0,1.0,0.7659850267995885,0.7659850267995885,8,6,False,False,False
478,1.1,11.0,2.2,3.0,1.0,50261203,0.26612926900589495,True,True,0.0,15789,8,8,False,8,0,0,1.0,0.7659850267995885,0.7659850267995885,8,6,False,False,False
478,1.2,12.0,2.4,3.0,1.0,50261203,0.26612926900589495,True,True,0.0,15789,8,8,False,8,0,0,1.0,0.7659850267995885,0.7659850267995885,8,6,False,False,False
479,0.8,8.0,1.6,3.0,1.0,50261204,4.7377763162518365,True,True,0.0,15916,5,5,False,5,0,0,1.0,0.7119066957683642,0.7119066957683642,8,6,False,False,False
479,0.9,9.0,1.8,3.0,1.0,50261204,4.7377763162518365,True,True,0.0,15916,5,5,False,5,0,0,1.0,0.7119066957683642,0.7119066957683642,8,6,False,False,False
479,1.0,10.0,2.0,3.0,1.0,50261204,4.7377763162518365,True,True,0.0,15916,5,5,False,5,0,0,1.0,0.7119066957683642,0.7119066957683642,8,6,False,False,False
479,1.1,11.0,2.2,3.0,1.0,50261204,4.7377763162518365,True,True,0.0,15916,5,5,False,5,0,0,1.0,0.7119066957683642,0.7119066957683642,8,6,False,False,False
479,1.2,12.0,2.4,3.0,1.0,50261204,4.7377763162518365,True,True,0.0,15916,5,5,False,5,0,0,1.0,0.7119066957683642,0.7119066957683642,8,6,False,False,False
480,0.8,8.0,1.6,3.0,1.0,50261205,3.5236662309485998,True,True,0.0,15841,2,2,False,2,0,0,1.0,0.705310035328702,0.705310035328702,8,6,False,False,False
480,0.9,9.0,1.8,3.0,1.0,50261205,3.5236662309485998,True,True,0.0,15841,2,2,False,2,0,0,1.0,0.705310035328702,0.705310035328702,8,6,False,False,False
480,1.0,10.0,2.0,3.0,1.0,50261205,3.5236662309485998,True,True,0.0,15841,2,2,False,2,0,0,1.0,0.705310035328702,0.705310035328702,8,6,False,False,False
480,1.1,11.0,2.2,3.0,1.0,50261205,3.5236662309485998,True,True,0.0,15841,2,2,False,2,0,0,1.0,0.705310035328702,0.705310035328702,8,6,False,False,False
480,1.2,12.0,2.4,3.0,1.0,50261205,3.5236662309485998,True,True,0.0,15841,2,2,False,2,0,0,1.0,0.705310035328702,0.705310035328702,8,6,False,False,False
481,0.8,8.0,1.6,3.0,1.0,50261206,5.968765808502138,True,True,0.0,16211,2,2,False,2,0,0,1.0,0.6622488047174826,0.6622488047174826,8,5,False,False,False
481,0.9,9.0,1.8,3.0,1.0,50261206,5.968765808502138,True,True,0.0,16211,2,2,False,2,0,0,1.0,0.6622488047174826,0.6622488047174826,8,5,False,False,False
481,1.0,10.0,2.0,3.0,1.0,50261206,5.968765808502138,True,True,0.0,16211,2,2,False,2,0,0,1.0,0.6622488047174826,0.6622488047174826,8,5,False,False,False
481,1.1,11.0,2.2,3.0,1.0,50261206,5.968765808502138,True,True,0.0,16211,2,2,False,2,0,0,1.0,0.6622488047174826,0.6622488047174826,8,5,False,False,False
481,1.2,12.0,2.4,3.0,1.0,50261206,5.968765808502138,True,True,0.0,16211,2,2,False,2,0,0,1.0,0.6622488047174826,0.6622488047174826,8,5,False,False,False
482,0.8,8.0,1.6,3.0,1.0,50261207,3.346782854952156,True,True,0.0,16317,6,6,False,6,0,0,1.0,0.713087176621914,0.713087176621914,8,6,False,False,False
482,0.9,9.0,1.8,3.0,1.0,50261207,3.346782854952156,True,True,0.0,16317,6,6,False,6,0,0,1.0,0.713087176621914,0.713087176621914,8,6,False,False,False
482,1.0,10.0,2.0,3.0,1.0,50261207,3.346782854952156,True,True,0.0,16317,6,6,False,6,0,0,1.0,0.713087176621914,0.713087176621914,8,6,False,False,False
482,1.1,11.0,2.2,3.0,1.0,50261207,3.346782854952156,True,True,0.0,16317,6,6,False,6,0,0,1.0,0.713087176621914,0.713087176621914,8,6,False,False,False
482,1.2,12.0,2.4,3.0,1.0,50261207,3.346782854952156,True,True,0.0,16317,6,6,False,6,0,0,1.0,0.713087176621914,0.713087176621914,8,6,False,False,False
483,0.8,8.0,1.6,3.0,1.0,50261208,0.16183880405247347,True,True,0.0,15553,5,5,False,5,1,35,0.9816534323770492,0.8560397310736652,0.8399302314685745,8,8,True,True,True
483,0.9,9.0,1.8,3.0,1.0,50261208,0.16183880405247347,True,True,0.0,15553,5,5,False,5,1,35,0.9816534323770492,0.8560397310736652,0.8399302314685745,8,8,True,True,True
483,1.0,10.0,2.0,3.0,1.0,50261208,0.16183880405247347,True,True,0.0,15553,5,5,False,5,1,35,0.9816534323770492,0.8560397310736652,0.8399302314685745,8,8,True,True,True
483,1.1,11.0,2.2,3.0,1.0,50261208,0.16183880405247347,True,True,0.0,15553,5,5,False,5,1,35,0.9816534323770492,0.8560397310736652,0.8399302314685745,8,8,True,True,True
483,1.2,12.0,2.4,3.0,1.0,50261208,0.16183880405247347,True,True,0.0,15553,5,5,False,5,1,35,0.9816534323770492,0.8560397310736652,0.8399302314685745,8,8,True,True,True
484,0.8,8.0,1.6,3.0,1.0,50261209,3.0651566865197375,True,True,0.0,15914,6,6,False,6,0,0,1.0,0.787894718641334,0.787894718641334,8,6,False,False,False
484,0.9,9.0,1.8,3.0,1.0,50261209,3.0651566865197375,True,True,0.0,15914,6,6,False,6,0,0,1.0,0.787894718641334,0.787894718641334,8,6,False,False,False
484,1.0,10.0,2.0,3.0,1.0,50261209,3.0651566865197375,True,True,0.0,15914,6,6,False,6,0,0,1.0,0.787894718641334,0.787894718641334,8,6,False,False,False
484,1.1,11.0,2.2,3.0,1.0,50261209,3.0651566865197375,True,True,0.0,15914,6,6,False,6,0,0,1.0,0.787894718641334,0.787894718641334,8,6,False,False,False
484,1.2,12.0,2.4,3.0,1.0,50261209,3.0651566865197375,True,True,0.0,15914,6,6,False,6,0,0,1.0,0.787894718641334,0.787894718641334,8,6,False,False,False
485,0.8,8.0,1.6,3.0,1.0,50261210,4.665896518015193,True,True,0.0,15933,10,10,False,10,1,39,0.9831156079234973,0.8710729605855521,0.8558231926132915,8,8,True,True,True
485,0.9,9.0,1.8,3.0,1.0,50261210,4.665896518015193,True,True,0.0,15933,10,10,False,10,1,39,0.9831156079234973,0.8710729605855521,0.8558231926132915,8,8,True,True,True
485,1.0,10.0,2.0,3.0,1.0,50261210,4.665896518015193,True,True,0.0,15933,10,10,False,10,1,39,0.9831156079234973,0.8710729605855521,0.8558231926132915,8,8,True,True,True
485,1.1,11.0,2.2,3.0,1.0,50261210,4.665896518015193,True,True,0.0,15933,10,10,False,10,1,39,0.9831156079234973,0.8710729605855521,0.8558231926132915,8,8,True,True,True
485,1.2,12.0,2.4,3.0,1.0,50261210,4.665896518015193,True,True,0.0,15933,10,10,False,10,1,39,0.9831156079234973,0.8710729605855521,0.8558231926132915,8,8,True,True,True
486,0.8,8.0,1.6,3.0,1.0,50261211,6.069447201835098,True,True,0.0,16180,6,6,False,6,0,0,1.0,0.7538161307735084,0.7538161307735084,8,6,False,False,False
486,0.9,9.0,1.8,3.0,1.0,50261211,6.069447201835098,True,True,0.0,16180,6,6,False,6,0,0,1.0,0.7538161307735084,0.7538161307735084,8,6,False,False,False
486,1.0,10.0,2.0,3.0,1.0,50261211,6.069447201835098,True,True,0.0,16180,6,6,False,6,0,0,1.0,0.7538161307735084,0.7538161307735084,8,6,False,False,False
486,1.1,11.0,2.2,3.0,1.0,50261211,6.069447201835098,True,True,0.0,16180,6,6,False,6,0,0,1.0,0.7538161307735084,0.7538161307735084,8,6,False,False,False
486,1.2,12.0,2.4,3.0,1.0,50261211,6.069447201835098,True,True,0.0,16180,6,6,False,6,0,0,1.0,0.7538161307735084,0.7538161307735084,8,6,False,False,False
487,0.8,8.0,1.6,3.0,1.0,50261212,2.4957209416881945,True,True,0.0,15785,4,4,False,4,1,29,0.9827207137978142,0.8898808212208649,0.8742496300964973,8,8,True,True,True
487,0.9,9.0,1.8,3.0,1.0,50261212,2.4957209416881945,True,True,0.0,15785,4,4,False,4,1,29,0.9827207137978142,0.8898808212208649,0.8742496300964973,8,8,True,True,True
487,1.0,10.0,2.0,3.0,1.0,50261212,2.4957209416881945,True,True,0.0,15785,4,4,False,4,1,29,0.9827207137978142,0.8898808212208649,0.8742496300964973,8,8,True,True,True
487,1.1,11.0,2.2,3.0,1.0,50261212,2.4957209416881945,True,True,0.0,15785,4,4,False,4,0,0,1.0,0.7708729356873981,0.7708729356873981,8,6,False,False,False
487,1.2,12.0,2.4,3.0,1.0,50261212,2.4957209416881945,True,True,0.0,15785,4,4,False,4,0,0,1.0,0.7708729356873981,0.7708729356873981,8,6,False,False,False
488,0.8,8.0,1.6,3.0,1.0,50261213,2.3200949045050008,True,True,0.0,16286,18,18,False,18,1,42,0.9760502049180328,0.8873685109993099,0.867543938269489,8,8,True,True,True
488,0.9,9.0,1.8,3.0,1.0,50261213,2.3200949045050008,True,True,0.0,16286,18,18,False,18,1,42,0.9760502049180328,0.8873685109993099,0.867543938269489,8,8,True,True,True
488,1.0,10.0,2.0,3.0,1.0,50261213,2.3200949045050008,True,True,0.0,16286,18,18,False,18,1,42,0.9760502049180328,0.8873685109993099,0.867543938269489,8,8,True,True,True
488,1.1,11.0,2.2,3.0,1.0,50261213,2.3200949045050008,True,True,0.0,16286,18,18,False,18,0,0,1.0,0.7732518349705849,0.7732518349705849,8,6,False,False,False
488,1.2,12.0,2.4,3.0,1.0,50261213,2.3200949045050008,True,True,0.0,16286,18,18,False,18,0,0,1.0,0.7732518349705849,0.7732518349705849,8,6,False,False,False
489,0.8,8.0,1.6,3.0,1.0,50261214,2.5951101500875606,True,True,0.0,15859,5,5,False,5,0,0,1.0,0.7697102363965761,0.7697102363965761,8,6,False,False,False
489,0.9,9.0,1.8,3.0,1.0,50261214,2.5951101500875606,True,True,0.0,15859,5,5,False,5,0,0,1.0,0.7697102363965761,0.7697102363965761,8,6,False,False,False
489,1.0,10.0,2.0,3.0,1.0,50261214,2.5951101500875606,True,True,0.0,15859,5,5,False,5,0,0,1.0,0.7697102363965761,0.7697102363965761,8,6,False,False,False
489,1.1,11.0,2.2,3.0,1.0,50261214,2.5951101500875606,True,True,0.0,15859,5,5,False,5,0,0,1.0,0.7697102363965761,0.7697102363965761,8,6,False,False,False
489,1.2,12.0,2.4,3.0,1.0,50261214,2.5951101500875606,True,True,0.0,15859,5,5,False,5,0,0,1.0,0.7697102363965761,0.7697102363965761,8,6,False,False,False
490,0.8,8.0,1.6,3.0,1.0,50261215,3.2444010402549743,True,True,0.0,15780,20,20,False,20,1,28,0.9811304644808743,0.8769121378986704,0.8585170132554644,8,8,True,True,True
490,0.9,9.0,1.8,3.0,1.0,50261215,3.2444010402549743,True,True,0.0,15780,20,20,False,20,1,28,0.9811304644808743,0.8769121378986704,0.8585170132554644,8,8,True,True,True
490,1.0,10.0,2.0,3.0,1.0,50261215,3.2444010402549743,True,True,0.0,15780,20,20,False,20,1,28,0.9811304644808743,0.8769121378986704,0.8585170132554644,8,8,True,True,True
490,1.1,11.0,2.2,3.0,1.0,50261215,3.2444010402549743,True,True,0.0,15780,20,20,False,20,1,28,0.9811304644808743,0.8769121378986704,0.8585170132554644,8,8,True,True,True
490,1.2,12.0,2.4,3.0,1.0,50261215,3.2444010402549743,True,True,0.0,15780,20,20,False,20,1,28,0.9811304644808743,0.8769121378986704,0.8585170132554644,8,8,True,True,True
491,0.8,8.0,1.6,3.0,1.0,50261216,5.162304604552358,True,True,0.0,15928,2,2,False,2,0,0,1.0,0.7369322353510599,0.7369322353510599,8,6,False,False,False
491,0.9,9.0,1.8,3.0,1.0,50261216,5.162304604552358,True,True,0.0,15928,2,2,False,2,0,0,1.0,0.7369322353510599,0.7369322353510599,8,6,False,False,False
491,1.0,10.0,2.0,3.0,1.0,50261216,5.162304604552358,True,True,0.0,15928,2,2,False,2,0,0,1.0,0.7369322353510599,0.7369322353510599,8,6,False,False,False
491,1.1,11.0,2.2,3.0,1.0,50261216,5.162304604552358,True,True,0.0,15928,2,2,False,2,0,0,1.0,0.7369322353510599,0.7369322353510599,8,6,False,False,False
491,1.2,12.0,2.4,3.0,1.0,50261216,5.162304604552358,True,True,0.0,15928,2,2,False,2,0,0,1.0,0.7369322353510599,0.7369322353510599,8,6,False,False,False
492,0.8,8.0,1.6,3.0,1.0,50261217,2.5530238309444213,True,True,0.0,16036,3,3,False,3,0,0,1.0,0.7331326880744262,0.7331326880744262,8,6,False,False,False
492,0.9,9.0,1.8,3.0,1.0,50261217,2.5530238309444213,True,True,0.0,16036,3,3,False,3,0,0,1.0,0.7331326880744262,0.7331326880744262,8,6,False,False,False
492,1.0,10.0,2.0,3.0,1.0,50261217,2.5530238309444213,True,True,0.0,16036,3,3,False,3,0,0,1.0,0.7331326880744262,0.7331326880744262,8,6,False,False,False
492,1.1,11.0,2.2,3.0,1.0,50261217,2.5530238309444213,True,True,0.0,16036,3,3,False,3,0,0,1.0,0.7331326880744262,0.7331326880744262,8,6,False,False,False
492,1.2,12.0,2.4,3.0,1.0,50261217,2.5530238309444213,True,True,0.0,16036,3,3,False,3,0,0,1.0,0.7331326880744262,0.7331326880744262,8,6,False,False,False
493,0.8,8.0,1.6,3.0,1.0,50261218,2.8317462365670254,True,True,0.0,15598,1,1,False,1,0,0,1.0,0.7939444789681331,0.7939444789681331,8,6,False,False,False
493,0.9,9.0,1.8,3.0,1.0,50261218,2.8317462365670254,True,True,0.0,15598,1,1,False,1,0,0,1.0,0.7939444789681331,0.7939444789681331,8,6,False,False,False
493,1.0,10.0,2.0,3.0,1.0,50261218,2.8317462365670254,True,True,0.0,15598,1,1,False,1,0,0,1.0,0.7939444789681331,0.7939444789681331,8,6,False,False,False
493,1.1,11.0,2.2,3.0,1.0,50261218,2.8317462365670254,True,True,0.0,15598,1,1,False,1,0,0,1.0,0.7939444789681331,0.7939444789681331,8,6,False,False,False
493,1.2,12.0,2.4,3.0,1.0,50261218,2.8317462365670254,True,True,0.0,15598,1,1,False,1,0,0,1.0,0.7939444789681331,0.7939444789681331,8,6,False,False,False
494,0.8,8.0,1.6,3.0,1.0,50261219,1.2485579494626207,True,True,0.0,15807,18,18,False,18,0,0,1.0,0.7662876071430151,0.7662876071430151,8,6,False,False,False
494,0.9,9.0,1.8,3.0,1.0,50261219,1.2485579494626207,True,True,0.0,15807,18,18,False,18,0,0,1.0,0.7662876071430151,0.7662876071430151,8,6,False,False,False
494,1.0,10.0,2.0,3.0,1.0,50261219,1.2485579494626207,True,True,0.0,15807,18,18,False,18,0,0,1.0,0.7662876071430151,0.7662876071430151,8,6,False,False,False
494,1.1,11.0,2.2,3.0,1.0,50261219,1.2485579494626207,True,True,0.0,15807,18,18,False,18,0,0,1.0,0.7662876071430151,0.7662876071430151,8,6,False,False,False
494,1.2,12.0,2.4,3.0,1.0,50261219,1.2485579494626207,True,True,0.0,15807,18,18,False,18,0,0,1.0,0.7662876071430151,0.7662876071430151,8,6,False,False,False
495,0.8,8.0,1.6,3.0,1.0,50261220,0.9718683433601981,True,True,0.0,16130,11,11,False,11,0,0,1.0,0.740099177351004,0.740099177351004,8,6,False,False,False
495,0.9,9.0,1.8,3.0,1.0,50261220,0.9718683433601981,True,True,0.0,16130,11,11,False,11,0,0,1.0,0.740099177351004,0.740099177351004,8,6,False,False,False
495,1.0,10.0,2.0,3.0,1.0,50261220,0.9718683433601981,True,True,0.0,16130,11,11,False,11,0,0,1.0,0.740099177351004,0.740099177351004,8,6,False,False,False
495,1.1,11.0,2.2,3.0,1.0,50261220,0.9718683433601981,True,True,0.0,16130,11,11,False,11,0,0,1.0,0.740099177351004,0.740099177351004,8,6,False,False,False
495,1.2,12.0,2.4,3.0,1.0,50261220,0.9718683433601981,True,True,0.0,16130,11,11,False,11,0,0,1.0,0.740099177351004,0.740099177351004,8,6,False,False,False
496,0.8,8.0,1.6,3.0,1.0,50261221,5.638830231188494,True,True,0.0,16278,8,8,False,8,0,0,1.0,0.7534238923769088,0.7534238923769088,8,6,False,False,False
496,0.9,9.0,1.8,3.0,1.0,50261221,5.638830231188494,True,True,0.0,16278,8,8,False,8,0,0,1.0,0.7534238923769088,0.7534238923769088,8,6,False,False,False
496,1.0,10.0,2.0,3.0,1.0,50261221,5.638830231188494,True,True,0.0,16278,8,8,False,8,0,0,1.0,0.7534238923769088,0.7534238923769088,8,6,False,False,False
496,1.1,11.0,2.2,3.0,1.0,50261221,5.638830231188494,True,True,0.0,16278,8,8,False,8,0,0,1.0,0.7534238923769088,0.7534238923769088,8,6,False,False,False
496,1.2,12.0,2.4,3.0,1.0,50261221,5.638830231188494,True,True,0.0,16278,8,8,False,8,0,0,1.0,0.7534238923769088,0.7534238923769088,8,6,False,False,False
497,0.8,8.0,1.6,3.0,1.0,50261222,2.619820584887202,True,True,0.0,16023,6,6,False,6,0,0,1.0,0.7236103223446302,0.7236103223446302,8,6,False,False,False
497,0.9,9.0,1.8,3.0,1.0,50261222,2.619820584887202,True,True,0.0,16023,6,6,False,6,0,0,1.0,0.7236103223446302,0.7236103223446302,8,6,False,False,False
497,1.0,10.0,2.0,3.0,1.0,50261222,2.619820584887202,True,True,0.0,16023,6,6,False,6,0,0,1.0,0.7236103223446302,0.7236103223446302,8,6,False,False,False
497,1.1,11.0,2.2,3.0,1.0,50261222,2.619820584887202,True,True,0.0,16023,6,6,False,6,0,0,1.0,0.7236103223446302,0.7236103223446302,8,6,False,False,False
497,1.2,12.0,2.4,3.0,1.0,50261222,2.619820584887202,True,True,0.0,16023,6,6,False,6,0,0,1.0,0.7236103223446302,0.7236103223446302,8,6,False,False,False
498,0.8,8.0,1.6,3.0,1.0,50261223,0.7960018240292286,True,True,0.0,16464,2,2,False,2,1,28,0.9853889173497268,0.851223253924156,0.8404219000623412,8,8,True,True,True
498,0.9,9.0,1.8,3.0,1.0,50261223,0.7960018240292286,True,True,0.0,16464,2,2,False,2,1,28,0.9853889173497268,0.851223253924156,0.8404219000623412,8,8,True,True,True
498,1.0,10.0,2.0,3.0,1.0,50261223,0.7960018240292286,True,True,0.0,16464,2,2,False,2,1,28,0.9853889173497268,0.851223253924156,0.8404219000623412,8,8,True,True,True
498,1.1,11.0,2.2,3.0,1.0,50261223,0.7960018240292286,True,True,0.0,16464,2,2,False,2,0,0,1.0,0.7428735947985858,0.7428735947985858,8,6,False,False,False
498,1.2,12.0,2.4,3.0,1.0,50261223,0.7960018240292286,True,True,0.0,16464,2,2,False,2,0,0,1.0,0.7428735947985858,0.7428735947985858,8,6,False,False,False
499,0.8,8.0,1.6,3.0,1.0,50261224,2.56395245685562,True,True,0.0,16259,1,1,False,1,0,0,1.0,0.7682833699355519,0.7682833699355519,8,6,False,False,False
499,0.9,9.0,1.8,3.0,1.0,50261224,2.56395245685562,True,True,0.0,16259,1,1,False,1,0,0,1.0,0.7682833699355519,0.7682833699355519,8,6,False,False,False
499,1.0,10.0,2.0,3.0,1.0,50261224,2.56395245685562,True,True,0.0,16259,1,1,False,1,0,0,1.0,0.7682833699355519,0.7682833699355519,8,6,False,False,False
499,1.1,11.0,2.2,3.0,1.0,50261224,2.56395245685562,True,True,0.0,16259,1,1,False,1,0,0,1.0,0.7682833699355519,0.7682833699355519,8,6,False,False,False
499,1.2,12.0,2.4,3.0,1.0,50261224,2.56395245685562,True,True,0.0,16259,1,1,False,1,0,0,1.0,0.7682833699355519,0.7682833699355519,8,6,False,False,False
500,0.8,8.0,1.6,3.0,1.0,50261225,4.619413333234734,True,True,0.0,16520,5,5,False,5,0,0,1.0,0.6873207906156464,0.6873207906156464,8,6,False,False,False
500,0.9,9.0,1.8,3.0,1.0,50261225,4.619413333234734,True,True,0.0,16520,5,5,False,5,0,0,1.0,0.6873207906156464,0.6873207906156464,8,6,False,False,False
500,1.0,10.0,2.0,3.0,1.0,50261225,4.619413333234734,True,True,0.0,16520,5,5,False,5,0,0,1.0,0.6873207906156464,0.6873207906156464,8,6,False,False,False
500,1.1,11.0,2.2,3.0,1.0,50261225,4.619413333234734,True,True,0.0,16520,5,5,False,5,0,0,1.0,0.6873207906156464,0.6873207906156464,8,6,False,False,False
500,1.2,12.0,2.4,3.0,1.0,50261225,4.619413333234734,True,True,0.0,16520,5,5,False,5,0,0,1.0,0.6873207906156464,0.6873207906156464,8,6,False,False,False
501,0.8,8.0,1.6,3.0,1.0,50261226,1.512386570369128,True,True,0.0,15671,3,3,False,3,1,27,0.9742571721311475,0.8923419921477349,0.8672523743292235,8,8,True,True,True
501,0.9,9.0,1.8,3.0,1.0,50261226,1.512386570369128,True,True,0.0,15671,3,3,False,3,1,27,0.9742571721311475,0.8923419921477349,0.8672523743292235,8,8,True,True,True
501,1.0,10.0,2.0,3.0,1.0,50261226,1.512386570369128,True,True,0.0,15671,3,3,False,3,1,27,0.9742571721311475,0.8923419921477349,0.8672523743292235,8,8,True,True,True
501,1.1,11.0,2.2,3.0,1.0,50261226,1.512386570369128,True,True,0.0,15671,3,3,False,3,1,27,0.9742571721311475,0.8923419921477349,0.8672523743292235,8,8,True,True,True
501,1.2,12.0,2.4,3.0,1.0,50261226,1.512386570369128,True,True,0.0,15671,3,3,False,3,1,27,0.9742571721311475,0.8923419921477349,0.8672523743292235,8,8,True,True,True
502,0.8,8.0,1.6,3.0,1.0,50261227,2.3803717549163994,True,True,0.0,16305,11,11,False,11,0,0,1.0,0.6689024018821288,0.6689024018821288,8,6,False,False,False
502,0.9,9.0,1.8,3.0,1.0,50261227,2.3803717549163994,True,True,0.0,16305,11,11,False,11,0,0,1.0,0.6689024018821288,0.6689024018821288,8,6,False,False,False
502,1.0,10.0,2.0,3.0,1.0,50261227,2.3803717549163994,True,True,0.0,16305,11,11,False,11,0,0,1.0,0.6689024018821288,0.6689024018821288,8,6,False,False,False
502,1.1,11.0,2.2,3.0,1.0,50261227,2.3803717549163994,True,True,0.0,16305,11,11,False,11,0,0,1.0,0.6689024018821288,0.6689024018821288,8,6,False,False,False
502,1.2,12.0,2.4,3.0,1.0,50261227,2.3803717549163994,True,True,0.0,16305,11,11,False,11,0,0,1.0,0.6689024018821288,0.6689024018821288,8,6,False,False,False
503,0.8,8.0,1.6,3.0,1.0,50261228,1.9868198927960858,True,True,0.0,16023,5,5,False,5,1,33,0.9787504269125683,0.8952253690563725,0.8762919011820118,8,8,True,True,True
503,0.9,9.0,1.8,3.0,1.0,50261228,1.9868198927960858,True,True,0.0,16023,5,5,False,5,1,33,0.9787504269125683,0.8952253690563725,0.8762919011820118,8,8,True,True,True
503,1.0,10.0,2.0,3.0,1.0,50261228,1.9868198927960858,True,True,0.0,16023,5,5,False,5,1,33,0.9787504269125683,0.8952253690563725,0.8762919011820118,8,8,True,True,True
503,1.1,11.0,2.2,3.0,1.0,50261228,1.9868198927960858,True,True,0.0,16023,5,5,False,5,1,33,0.9787504269125683,0.8952253690563725,0.8762919011820118,8,8,True,True,True
503,1.2,12.0,2.4,3.0,1.0,50261228,1.9868198927960858,True,True,0.0,16023,5,5,False,5,1,33,0.9787504269125683,0.8952253690563725,0.8762919011820118,8,8,True,True,True
504,0.8,8.0,1.6,3.0,1.0,50261229,0.6463734816089017,True,True,0.0,16038,14,14,False,14,0,0,1.0,0.7658544943362702,0.7658544943362702,8,6,False,False,False
504,0.9,9.0,1.8,3.0,1.0,50261229,0.6463734816089017,True,True,0.0,16038,14,14,False,14,0,0,1.0,0.7658544943362702,0.7658544943362702,8,6,False,False,False
504,1.0,10.0,2.0,3.0,1.0,50261229,0.6463734816089017,True,True,0.0,16038,14,14,False,14,0,0,1.0,0.7658544943362702,0.7658544943362702,8,6,False,False,False
504,1.1,11.0,2.2,3.0,1.0,50261229,0.6463734816089017,True,True,0.0,16038,14,14,False,14,0,0,1.0,0.7658544943362702,0.7658544943362702,8,6,False,False,False
504,1.2,12.0,2.4,3.0,1.0,50261229,0.6463734816089017,True,True,0.0,16038,14,14,False,14,0,0,1.0,0.7658544943362702,0.7658544943362702,8,6,False,False,False
505,0.8,8.0,1.6,3.0,1.0,50261230,1.8963006787176067,True,True,0.0,15816,4,4,False,4,1,32,0.9683657786885246,0.8782951806715795,0.8486595267659921,8,8,True,True,True
505,0.9,9.0,1.8,3.0,1.0,50261230,1.8963006787176067,True,True,0.0,15816,4,4,False,4,1,32,0.9683657786885246,0.8782951806715795,0.8486595267659921,8,8,True,True,True
505,1.0,10.0,2.0,3.0,1.0,50261230,1.8963006787176067,True,True,0.0,15816,4,4,False,4,1,32,0.9683657786885246,0.8782951806715795,0.8486595267659921,8,8,True,True,True
505,1.1,11.0,2.2,3.0,1.0,50261230,1.8963006787176067,True,True,0.0,15816,4,4,False,4,1,32,0.9683657786885246,0.8782951806715795,0.8486595267659921,8,8,True,True,True
505,1.2,12.0,2.4,3.0,1.0,50261230,1.8963006787176067,True,True,0.0,15816,4,4,False,4,1,32,0.9683657786885246,0.8782951806715795,0.8486595267659921,8,8,True,True,True
506,0.8,8.0,1.6,3.0,1.0,50261231,2.697238195914125,True,True,0.0,16517,5,5,False,5,1,26,0.9865309084699454,0.8130127976689436,0.8019257374845528,8,8,True,True,True
506,0.9,9.0,1.8,3.0,1.0,50261231,2.697238195914125,True,True,0.0,16517,5,5,False,5,1,26,0.9865309084699454,0.8130127976689436,0.8019257374845528,8,8,True,True,True
506,1.0,10.0,2.0,3.0,1.0,50261231,2.697238195914125,True,True,0.0,16517,5,5,False,5,1,26,0.9865309084699454,0.8130127976689436,0.8019257374845528,8,8,True,True,True
506,1.1,11.0,2.2,3.0,1.0,50261231,2.697238195914125,True,True,0.0,16517,5,5,False,5,1,26,0.9865309084699454,0.8130127976689436,0.8019257374845528,8,8,True,True,True
506,1.2,12.0,2.4,3.0,1.0,50261231,2.697238195914125,True,True,0.0,16517,5,5,False,5,1,26,0.9865309084699454,0.8130127976689436,0.8019257374845528,8,8,True,True,True
507,0.8,8.0,1.6,3.0,1.0,50261232,4.431705085713753,True,True,0.0,15784,2,2,False,2,0,0,0.9986979166666667,0.7339587326870275,0.7337088576245587,8,6,False,False,False
507,0.9,9.0,1.8,3.0,1.0,50261232,4.431705085713753,True,True,0.0,15784,2,2,False,2,0,0,0.9986979166666667,0.7339587326870275,0.7337088576245587,8,6,False,False,False
507,1.0,10.0,2.0,3.0,1.0,50261232,4.431705085713753,True,True,0.0,15784,2,2,False,2,0,0,0.9986979166666667,0.7339587326870275,0.7337088576245587,8,6,False,False,False
507,1.1,11.0,2.2,3.0,1.0,50261232,4.431705085713753,True,True,0.0,15784,2,2,False,2,0,0,0.9986979166666667,0.7339587326870275,0.7337088576245587,8,6,False,False,False
507,1.2,12.0,2.4,3.0,1.0,50261232,4.431705085713753,True,True,0.0,15784,2,2,False,2,0,0,0.9986979166666667,0.7339587326870275,0.7337088576245587,8,6,False,False,False
508,0.8,8.0,1.6,3.0,1.0,50261233,3.464033269505188,True,True,0.0,15906,2,2,False,2,0,0,1.0,0.7578497224007094,0.7578497224007094,8,6,False,False,False
508,0.9,9.0,1.8,3.0,1.0,50261233,3.464033269505188,True,True,0.0,15906,2,2,False,2,0,0,1.0,0.7578497224007094,0.7578497224007094,8,6,False,False,False
508,1.0,10.0,2.0,3.0,1.0,50261233,3.464033269505188,True,True,0.0,15906,2,2,False,2,0,0,1.0,0.7578497224007094,0.7578497224007094,8,6,False,False,False
508,1.1,11.0,2.2,3.0,1.0,50261233,3.464033269505188,True,True,0.0,15906,2,2,False,2,0,0,1.0,0.7578497224007094,0.7578497224007094,8,6,False,False,False
508,1.2,12.0,2.4,3.0,1.0,50261233,3.464033269505188,True,True,0.0,15906,2,2,False,2,0,0,1.0,0.7578497224007094,0.7578497224007094,8,6,False,False,False
509,0.8,8.0,1.6,3.0,1.0,50261234,3.8858722857048167,True,True,0.0,15882,1,1,False,1,0,0,1.0,0.7650116149690764,0.7650116149690764,8,6,False,False,False
509,0.9,9.0,1.8,3.0,1.0,50261234,3.8858722857048167,True,True,0.0,15882,1,1,False,1,0,0,1.0,0.7650116149690764,0.7650116149690764,8,6,False,False,False
509,1.0,10.0,2.0,3.0,1.0,50261234,3.8858722857048167,True,True,0.0,15882,1,1,False,1,0,0,1.0,0.7650116149690764,0.7650116149690764,8,6,False,False,False
509,1.1,11.0,2.2,3.0,1.0,50261234,3.8858722857048167,True,True,0.0,15882,1,1,False,1,0,0,1.0,0.7650116149690764,0.7650116149690764,8,6,False,False,False
509,1.2,12.0,2.4,3.0,1.0,50261234,3.8858722857048167,True,True,0.0,15882,1,1,False,1,0,0,1.0,0.7650116149690764,0.7650116149690764,8,6,False,False,False
510,0.8,8.0,1.6,3.0,1.0,50261235,5.1971330598149885,True,True,0.0,15798,5,5,False,5,0,0,1.0,0.7449177998673967,0.7449177998673967,8,6,False,False,False
510,0.9,9.0,1.8,3.0,1.0,50261235,5.1971330598149885,True,True,0.0,15798,5,5,False,5,0,0,1.0,0.7449177998673967,0.7449177998673967,8,6,False,False,False
510,1.0,10.0,2.0,3.0,1.0,50261235,5.1971330598149885,True,True,0.0,15798,5,5,False,5,0,0,1.0,0.7449177998673967,0.7449177998673967,8,6,False,False,False
510,1.1,11.0,2.2,3.0,1.0,50261235,5.1971330598149885,True,True,0.0,15798,5,5,False,5,0,0,1.0,0.7449177998673967,0.7449177998673967,8,6,False,False,False
510,1.2,12.0,2.4,3.0,1.0,50261235,5.1971330598149885,True,True,0.0,15798,5,5,False,5,0,0,1.0,0.7449177998673967,0.7449177998673967,8,6,False,False,False
511,0.8,8.0,1.6,3.0,1.0,50261236,0.5449475079358997,True,True,0.0,15386,1,1,False,1,1,52,0.9783711093265397,0.9221996816176703,0.9021663929894567,8,8,True,True,True
511,0.9,9.0,1.8,3.0,1.0,50261236,0.5449475079358997,True,True,0.0,15386,1,1,False,1,1,52,0.9783711093265397,0.9221996816176703,0.9021663929894567,8,8,True,True,True
511,1.0,10.0,2.0,3.0,1.0,50261236,0.5449475079358997,True,True,0.0,15386,1,1,False,1,1,52,0.9783711093265397,0.9221996816176703,0.9021663929894567,8,8,True,True,True
511,1.1,11.0,2.2,3.0,1.0,50261236,0.5449475079358997,True,True,0.0,15386,1,1,False,1,1,52,0.9783711093265397,0.9221996816176703,0.9021663929894567,8,8,True,True,True
511,1.2,12.0,2.4,3.0,1.0,50261236,0.5449475079358997,True,True,0.0,15386,1,1,False,1,1,52,0.9783711093265397,0.9221996816176703,0.9021663929894567,8,8,True,True,True
512,0.8,8.0,1.6,3.0,1.0,50261237,2.27876903421525,True,True,0.0,15777,13,13,False,13,1,19,0.9893912226775956,0.841240584381709,0.8311201786221138,8,7,True,True,True
512,0.9,9.0,1.8,3.0,1.0,50261237,2.27876903421525,True,True,0.0,15777,13,13,False,13,1,19,0.9893912226775956,0.841240584381709,0.8311201786221138,8,7,True,True,True
512,1.0,10.0,2.0,3.0,1.0,50261237,2.27876903421525,True,True,0.0,15777,13,13,False,13,1,19,0.9893912226775956,0.841240584381709,0.8311201786221138,8,7,True,True,True
512,1.1,11.0,2.2,3.0,1.0,50261237,2.27876903421525,True,True,0.0,15777,13,13,False,13,1,19,0.9893912226775956,0.841240584381709,0.8311201786221138,8,7,True,True,True
512,1.2,12.0,2.4,3.0,1.0,50261237,2.27876903421525,True,True,0.0,15777,13,13,False,13,1,19,0.9893912226775956,0.841240584381709,0.8311201786221138,8,7,True,True,True
513,0.8,8.0,1.6,3.0,1.0,50261238,4.8771990660867175,True,True,0.0,15962,2,2,False,2,0,0,1.0,0.735076499401079,0.735076499401079,8,6,False,False,False
513,0.9,9.0,1.8,3.0,1.0,50261238,4.8771990660867175,True,True,0.0,15962,2,2,False,2,0,0,1.0,0.735076499401079,0.735076499401079,8,6,False,False,False
513,1.0,10.0,2.0,3.0,1.0,50261238,4.8771990660867175,True,True,0.0,15962,2,2,False,2,0,0,1.0,0.735076499401079,0.735076499401079,8,6,False,False,False
513,1.1,11.0,2.2,3.0,1.0,50261238,4.8771990660867175,True,True,0.0,15962,2,2,False,2,0,0,1.0,0.735076499401079,0.735076499401079,8,6,False,False,False
513,1.2,12.0,2.4,3.0,1.0,50261238,4.8771990660867175,True,True,0.0,15962,2,2,False,2,0,0,1.0,0.735076499401079,0.735076499401079,8,6,False,False,False
514,0.8,8.0,1.6,3.0,1.0,50261239,2.1329601112353056,True,True,0.0,15949,15,15,False,15,0,0,0.9966216216216216,0.7783744911949313,0.7753380539479677,8,6,False,False,False
514,0.9,9.0,1.8,3.0,1.0,50261239,2.1329601112353056,True,True,0.0,15949,15,15,False,15,0,0,0.9966216216216216,0.7783744911949313,0.7753380539479677,8,6,False,False,False
514,1.0,10.0,2.0,3.0,1.0,50261239,2.1329601112353056,True,True,0.0,15949,15,15,False,15,0,0,0.9966216216216216,0.7783744911949313,0.7753380539479677,8,6,False,False,False
514,1.1,11.0,2.2,3.0,1.0,50261239,2.1329601112353056,True,True,0.0,15949,15,15,False,15,0,0,0.9966216216216216,0.7783744911949313,0.7753380539479677,8,6,False,False,False
514,1.2,12.0,2.4,3.0,1.0,50261239,2.1329601112353056,True,True,0.0,15949,15,15,False,15,0,0,0.9966216216216216,0.7783744911949313,0.7753380539479677,8,6,False,False,False
515,0.8,8.0,1.6,3.0,1.0,50261240,4.685285766424161,True,True,0.0,15732,1,1,False,1,0,0,1.0,0.7211835693043185,0.7211835693043185,8,6,False,False,False
515,0.9,9.0,1.8,3.0,1.0,50261240,4.685285766424161,True,True,0.0,15732,1,1,False,1,0,0,1.0,0.7211835693043185,0.7211835693043185,8,6,False,False,False
515,1.0,10.0,2.0,3.0,1.0,50261240,4.685285766424161,True,True,0.0,15732,1,1,False,1,0,0,1.0,0.7211835693043185,0.7211835693043185,8,6,False,False,False
515,1.1,11.0,2.2,3.0,1.0,50261240,4.685285766424161,True,True,0.0,15732,1,1,False,1,0,0,1.0,0.7211835693043185,0.7211835693043185,8,6,False,False,False
515,1.2,12.0,2.4,3.0,1.0,50261240,4.685285766424161,True,True,0.0,15732,1,1,False,1,0,0,1.0,0.7211835693043185,0.7211835693043185,8,6,False,False,False
516,0.8,8.0,1.6,3.0,1.0,50261241,5.297854658397353,True,True,0.0,15975,5,5,False,5,0,0,1.0,0.7284998626245208,0.7284998626245208,8,6,False,False,False
516,0.9,9.0,1.8,3.0,1.0,50261241,5.297854658397353,True,True,0.0,15975,5,5,False,5,0,0,1.0,0.7284998626245208,0.7284998626245208,8,6,False,False,False
516,1.0,10.0,2.0,3.0,1.0,50261241,5.297854658397353,True,True,0.0,15975,5,5,False,5,0,0,1.0,0.7284998626245208,0.7284998626245208,8,6,False,False,False
516,1.1,11.0,2.2,3.0,1.0,50261241,5.297854658397353,True,True,0.0,15975,5,5,False,5,0,0,1.0,0.7284998626245208,0.7284998626245208,8,6,False,False,False
516,1.2,12.0,2.4,3.0,1.0,50261241,5.297854658397353,True,True,0.0,15975,5,5,False,5,0,0,1.0,0.7284998626245208,0.7284998626245208,8,6,False,False,False
517,0.8,8.0,1.6,3.0,1.0,50261242,4.3963677988492575,True,True,0.0,16016,6,6,False,6,1,18,0.9834678107923498,0.8560697989531949,0.8408991623087023,8,8,True,True,True
517,0.9,9.0,1.8,3.0,1.0,50261242,4.3963677988492575,True,True,0.0,16016,6,6,False,6,0,0,1.0,0.738716609739376,0.738716609739376,8,7,False,False,False
517,1.0,10.0,2.0,3.0,1.0,50261242,4.3963677988492575,True,True,0.0,16016,6,6,False,6,0,0,1.0,0.738716609739376,0.738716609739376,8,7,False,False,False
517,1.1,11.0,2.2,3.0,1.0,50261242,4.3963677988492575,True,True,0.0,16016,6,6,False,6,0,0,1.0,0.738716609739376,0.738716609739376,8,7,False,False,False
517,1.2,12.0,2.4,3.0,1.0,50261242,4.3963677988492575,True,True,0.0,16016,6,6,False,6,0,0,1.0,0.738716609739376,0.738716609739376,8,7,False,False,False
518,0.8,8.0,1.6,3.0,1.0,50261243,2.8882889925207875,True,True,0.0,15582,1,1,False,1,1,45,0.974881099080638,0.8739513801774208,0.8511372052484298,8,8,True,True,True
518,0.9,9.0,1.8,3.0,1.0,50261243,2.8882889925207875,True,True,0.0,15582,1,1,False,1,0,0,0.9953195382882882,0.751014907323569,0.7481120751383921,8,6,False,False,False
518,1.0,10.0,2.0,3.0,1.0,50261243,2.8882889925207875,True,True,0.0,15582,1,1,False,1,0,0,0.9953195382882882,0.751014907323569,0.7481120751383921,8,6,False,False,False
518,1.1,11.0,2.2,3.0,1.0,50261243,2.8882889925207875,True,True,0.0,15582,1,1,False,1,0,0,0.9953195382882882,0.751014907323569,0.7481120751383921,8,6,False,False,False
518,1.2,12.0,2.4,3.0,1.0,50261243,2.8882889925207875,True,True,0.0,15582,1,1,False,1,0,0,0.9953195382882882,0.751014907323569,0.7481120751383921,8,6,False,False,False
519,0.8,8.0,1.6,3.0,1.0,50261244,0.06362843107059545,True,True,0.0,15579,3,3,False,3,1,57,0.9780353483606558,0.8212426816594748,0.802652606146483,8,7,True,True,True
519,0.9,9.0,1.8,3.0,1.0,50261244,0.06362843107059545,True,True,0.0,15579,3,3,False,3,1,57,0.9780353483606558,0.8212426816594748,0.802652606146483,8,7,True,True,True
519,1.0,10.0,2.0,3.0,1.0,50261244,0.06362843107059545,True,True,0.0,15579,3,3,False,3,1,57,0.9780353483606558,0.8212426816594748,0.802652606146483,8,7,True,True,True
519,1.1,11.0,2.2,3.0,1.0,50261244,0.06362843107059545,True,True,0.0,15579,3,3,False,3,0,0,1.0,0.7008224717504059,0.7008224717504059,8,5,False,False,False
519,1.2,12.0,2.4,3.0,1.0,50261244,0.06362843107059545,True,True,0.0,15579,3,3,False,3,0,0,1.0,0.7008224717504059,0.7008224717504059,8,5,False,False,False
520,0.8,8.0,1.6,3.0,1.0,50261245,0.8895694585095059,True,True,0.0,15892,9,9,False,9,0,0,1.0,0.7400258176792618,0.7400258176792618,8,6,False,False,False
520,0.9,9.0,1.8,3.0,1.0,50261245,0.8895694585095059,True,True,0.0,15892,9,9,False,9,0,0,1.0,0.7400258176792618,0.7400258176792618,8,6,False,False,False
520,1.0,10.0,2.0,3.0,1.0,50261245,0.8895694585095059,True,True,0.0,15892,9,9,False,9,0,0,1.0,0.7400258176792618,0.7400258176792618,8,6,False,False,False
520,1.1,11.0,2.2,3.0,1.0,50261245,0.8895694585095059,True,True,0.0,15892,9,9,False,9,0,0,1.0,0.7400258176792618,0.7400258176792618,8,6,False,False,False
520,1.2,12.0,2.4,3.0,1.0,50261245,0.8895694585095059,True,True,0.0,15892,9,9,False,9,0,0,1.0,0.7400258176792618,0.7400258176792618,8,6,False,False,False
521,0.8,8.0,1.6,3.0,1.0,50261246,6.195947804568278,True,True,0.0,16020,4,4,False,4,0,0,1.0,0.6718290241806915,0.6718290241806915,8,6,False,False,False
521,0.9,9.0,1.8,3.0,1.0,50261246,6.195947804568278,True,True,0.0,16020,4,4,False,4,0,0,1.0,0.6718290241806915,0.6718290241806915,8,6,False,False,False
521,1.0,10.0,2.0,3.0,1.0,50261246,6.195947804568278,True,True,0.0,16020,4,4,False,4,0,0,1.0,0.6718290241806915,0.6718290241806915,8,6,False,False,False
521,1.1,11.0,2.2,3.0,1.0,50261246,6.195947804568278,True,True,0.0,16020,4,4,False,4,0,0,1.0,0.6718290241806915,0.6718290241806915,8,6,False,False,False
521,1.2,12.0,2.4,3.0,1.0,50261246,6.195947804568278,True,True,0.0,16020,4,4,False,4,0,0,1.0,0.6718290241806915,0.6718290241806915,8,6,False,False,False
522,0.8,8.0,1.6,3.0,1.0,50261247,2.1118819917187737,True,True,0.0,16161,7,7,False,7,0,0,1.0,0.7216237754263445,0.7216237754263445,8,6,False,False,False
522,0.9,9.0,1.8,3.0,1.0,50261247,2.1118819917187737,True,True,0.0,16161,7,7,False,7,0,0,1.0,0.7216237754263445,0.7216237754263445,8,6,False,False,False
522,1.0,10.0,2.0,3.0,1.0,50261247,2.1118819917187737,True,True,0.0,16161,7,7,False,7,0,0,1.0,0.7216237754263445,0.7216237754263445,8,6,False,False,False
522,1.1,11.0,2.2,3.0,1.0,50261247,2.1118819917187737,True,True,0.0,16161,7,7,False,7,0,0,1.0,0.7216237754263445,0.7216237754263445,8,6,False,False,False
522,1.2,12.0,2.4,3.0,1.0,50261247,2.1118819917187737,True,True,0.0,16161,7,7,False,7,0,0,1.0,0.7216237754263445,0.7216237754263445,8,6,False,False,False
523,0.8,8.0,1.6,3.0,1.0,50261248,2.0338825095894943,True,True,0.0,15650,3,3,False,3,0,0,1.0,0.7950517732133685,0.7950517732133685,8,6,False,False,False
523,0.9,9.0,1.8,3.0,1.0,50261248,2.0338825095894943,True,True,0.0,15650,3,3,False,3,0,0,1.0,0.7950517732133685,0.7950517732133685,8,6,False,False,False
523,1.0,10.0,2.0,3.0,1.0,50261248,2.0338825095894943,True,True,0.0,15650,3,3,False,3,0,0,1.0,0.7950517732133685,0.7950517732133685,8,6,False,False,False
523,1.1,11.0,2.2,3.0,1.0,50261248,2.0338825095894943,True,True,0.0,15650,3,3,False,3,0,0,1.0,0.7950517732133685,0.7950517732133685,8,6,False,False,False
523,1.2,12.0,2.4,3.0,1.0,50261248,2.0338825095894943,True,True,0.0,15650,3,3,False,3,0,0,1.0,0.7950517732133685,0.7950517732133685,8,6,False,False,False
524,0.8,8.0,1.6,3.0,1.0,50261249,0.1369227405179422,True,True,0.0,16253,4,4,False,4,0,0,1.0,0.6883319559802756,0.6883319559802756,8,6,False,False,False
524,0.9,9.0,1.8,3.0,1.0,50261249,0.1369227405179422,True,True,0.0,16253,4,4,False,4,0,0,1.0,0.6883319559802756,0.6883319559802756,8,6,False,False,False
524,1.0,10.0,2.0,3.0,1.0,50261249,0.1369227405179422,True,True,0.0,16253,4,4,False,4,0,0,1.0,0.6883319559802756,0.6883319559802756,8,6,False,False,False
524,1.1,11.0,2.2,3.0,1.0,50261249,0.1369227405179422,True,True,0.0,16253,4,4,False,4,0,0,1.0,0.6883319559802756,0.6883319559802756,8,6,False,False,False
524,1.2,12.0,2.4,3.0,1.0,50261249,0.1369227405179422,True,True,0.0,16253,4,4,False,4,0,0,1.0,0.6883319559802756,0.6883319559802756,8,6,False,False,False
525,0.8,8.0,1.6,3.0,1.0,50261250,5.740784627053507,True,True,0.0,15741,14,14,False,14,1,41,0.9761462602459017,0.8964530710144161,0.8729626769182438,8,8,True,True,True
525,0.9,9.0,1.8,3.0,1.0,50261250,5.740784627053507,True,True,0.0,15741,14,14,False,14,1,41,0.9761462602459017,0.8964530710144161,0.8729626769182438,8,8,True,True,True
525,1.0,10.0,2.0,3.0,1.0,50261250,5.740784627053507,True,True,0.0,15741,14,14,False,14,1,41,0.9761462602459017,0.8964530710144161,0.8729626769182438,8,8,True,True,True
525,1.1,11.0,2.2,3.0,1.0,50261250,5.740784627053507,True,True,0.0,15741,14,14,False,14,1,41,0.9761462602459017,0.8964530710144161,0.8729626769182438,8,8,True,True,True
525,1.2,12.0,2.4,3.0,1.0,50261250,5.740784627053507,True,True,0.0,15741,14,14,False,14,0,0,1.0,0.7710308874467149,0.7710308874467149,8,7,False,False,False
526,0.8,8.0,1.6,3.0,1.0,50261251,6.048016267776918,True,True,0.0,15840,6,6,False,6,1,48,0.979828381147541,0.8558847745185109,0.8376702305666963,8,8,True,True,True
526,0.9,9.0,1.8,3.0,1.0,50261251,6.048016267776918,True,True,0.0,15840,6,6,False,6,0,0,1.0,0.7341223985628702,0.7341223985628702,8,6,False,False,False
526,1.0,10.0,2.0,3.0,1.0,50261251,6.048016267776918,True,True,0.0,15840,6,6,False,6,0,0,1.0,0.7341223985628702,0.7341223985628702,8,6,False,False,False
526,1.1,11.0,2.2,3.0,1.0,50261251,6.048016267776918,True,True,0.0,15840,6,6,False,6,0,0,1.0,0.7341223985628702,0.7341223985628702,8,6,False,False,False
526,1.2,12.0,2.4,3.0,1.0,50261251,6.048016267776918,True,True,0.0,15840,6,6,False,6,0,0,1.0,0.7341223985628702,0.7341223985628702,8,6,False,False,False
527,0.8,8.0,1.6,3.0,1.0,50261252,5.7025643246135065,True,True,0.0,16098,33,33,False,33,1,32,0.9825606215846995,0.8454371553089861,0.8291822422397829,8,8,True,True,True
527,0.9,9.0,1.8,3.0,1.0,50261252,5.7025643246135065,True,True,0.0,16098,33,33,False,33,1,32,0.9825606215846995,0.8454371553089861,0.8291822422397829,8,8,True,True,True
527,1.0,10.0,2.0,3.0,1.0,50261252,5.7025643246135065,True,True,0.0,16098,33,33,False,33,1,32,0.9825606215846995,0.8454371553089861,0.8291822422397829,8,8,True,True,True
527,1.1,11.0,2.2,3.0,1.0,50261252,5.7025643246135065,True,True,0.0,16098,33,33,False,33,0,0,1.0,0.7236318146711891,0.7236318146711891,8,6,False,False,False
527,1.2,12.0,2.4,3.0,1.0,50261252,5.7025643246135065,True,True,0.0,16098,33,33,False,33,0,0,1.0,0.7236318146711891,0.7236318146711891,8,6,False,False,False
528,0.8,8.0,1.6,3.0,1.0,50261253,3.019347196850575,True,True,0.0,15705,1,1,False,1,1,39,0.9834037739071038,0.8874828472643941,0.8725742754305492,8,8,True,True,True
528,0.9,9.0,1.8,3.0,1.0,50261253,3.019347196850575,True,True,0.0,15705,1,1,False,1,1,39,0.9834037739071038,0.8874828472643941,0.8725742754305492,8,8,True,True,True
528,1.0,10.0,2.0,3.0,1.0,50261253,3.019347196850575,True,True,0.0,15705,1,1,False,1,1,39,0.9834037739071038,0.8874828472643941,0.8725742754305492,8,8,True,True,True
528,1.1,11.0,2.2,3.0,1.0,50261253,3.019347196850575,True,True,0.0,15705,1,1,False,1,1,39,0.9834037739071038,0.8874828472643941,0.8725742754305492,8,8,True,True,True
528,1.2,12.0,2.4,3.0,1.0,50261253,3.019347196850575,True,True,0.0,15705,1,1,False,1,1,39,0.9834037739071038,0.8874828472643941,0.8725742754305492,8,8,True,True,True
529,0.8,8.0,1.6,3.0,1.0,50261254,6.158511185322031,True,True,0.0,15972,4,4,False,4,1,49,0.9787504269125683,0.8614174861595627,0.842147869051949,8,8,True,True,True
529,0.9,9.0,1.8,3.0,1.0,50261254,6.158511185322031,True,True,0.0,15972,4,4,False,4,1,49,0.9787504269125683,0.8614174861595627,0.842147869051949,8,8,True,True,True
529,1.0,10.0,2.0,3.0,1.0,50261254,6.158511185322031,True,True,0.0,15972,4,4,False,4,1,49,0.9787504269125683,0.8614174861595627,0.842147869051949,8,8,True,True,True
529,1.1,11.0,2.2,3.0,1.0,50261254,6.158511185322031,True,True,0.0,15972,4,4,False,4,1,49,0.9787504269125683,0.8614174861595627,0.842147869051949,8,8,True,True,True
529,1.2,12.0,2.4,3.0,1.0,50261254,6.158511185322031,True,True,0.0,15972,4,4,False,4,1,49,0.9787504269125683,0.8614174861595627,0.842147869051949,8,8,True,True,True
530,0.8,8.0,1.6,3.0,1.0,50261255,5.716689151253624,True,True,0.0,15766,1,1,False,1,0,0,1.0,0.7748035623485019,0.7748035623485019,8,6,False,False,False
530,0.9,9.0,1.8,3.0,1.0,50261255,5.716689151253624,True,True,0.0,15766,1,1,False,1,0,0,1.0,0.7748035623485019,0.7748035623485019,8,6,False,False,False
530,1.0,10.0,2.0,3.0,1.0,50261255,5.716689151253624,True,True,0.0,15766,1,1,False,1,0,0,1.0,0.7748035623485019,0.7748035623485019,8,6,False,False,False
530,1.1,11.0,2.2,3.0,1.0,50261255,5.716689151253624,True,True,0.0,15766,1,1,False,1,0,0,1.0,0.7748035623485019,0.7748035623485019,8,6,False,False,False
530,1.2,12.0,2.4,3.0,1.0,50261255,5.716689151253624,True,True,0.0,15766,1,1,False,1,0,0,1.0,0.7748035623485019,0.7748035623485019,8,6,False,False,False
531,0.8,8.0,1.6,3.0,1.0,50261256,3.3528874876920582,True,True,0.0,15889,4,4,False,4,1,33,0.9780993852459017,0.8640406123260602,0.8439755304322616,8,8,True,True,True
531,0.9,9.0,1.8,3.0,1.0,50261256,3.3528874876920582,True,True,0.0,15889,4,4,False,4,1,33,0.9780993852459017,0.8640406123260602,0.8439755304322616,8,8,True,True,True
531,1.0,10.0,2.0,3.0,1.0,50261256,3.3528874876920582,True,True,0.0,15889,4,4,False,4,1,33,0.9780993852459017,0.8640406123260602,0.8439755304322616,8,8,True,True,True
531,1.1,11.0,2.2,3.0,1.0,50261256,3.3528874876920582,True,True,0.0,15889,4,4,False,4,1,33,0.9780993852459017,0.8640406123260602,0.8439755304322616,8,8,True,True,True
531,1.2,12.0,2.4,3.0,1.0,50261256,3.3528874876920582,True,True,0.0,15889,4,4,False,4,0,0,1.0,0.7446201444389446,0.7446201444389446,8,6,False,False,False
532,0.8,8.0,1.6,3.0,1.0,50261257,5.322081636889446,True,True,0.0,15921,2,2,False,2,0,0,1.0,0.6918076079022575,0.6918076079022575,8,6,False,False,False
532,0.9,9.0,1.8,3.0,1.0,50261257,5.322081636889446,True,True,0.0,15921,2,2,False,2,0,0,1.0,0.6918076079022575,0.6918076079022575,8,6,False,False,False
532,1.0,10.0,2.0,3.0,1.0,50261257,5.322081636889446,True,True,0.0,15921,2,2,False,2,0,0,1.0,0.6918076079022575,0.6918076079022575,8,6,False,False,False
532,1.1,11.0,2.2,3.0,1.0,50261257,5.322081636889446,True,True,0.0,15921,2,2,False,2,0,0,1.0,0.6918076079022575,0.6918076079022575,8,6,False,False,False
532,1.2,12.0,2.4,3.0,1.0,50261257,5.322081636889446,True,True,0.0,15921,2,2,False,2,0,0,1.0,0.6918076079022575,0.6918076079022575,8,6,False,False,False
533,0.8,8.0,1.6,3.0,1.0,50261258,5.383105984528142,True,True,0.0,15747,9,9,False,9,0,0,1.0,0.7023821593402941,0.7023821593402941,8,6,False,False,False
533,0.9,9.0,1.8,3.0,1.0,50261258,5.383105984528142,True,True,0.0,15747,9,9,False,9,0,0,1.0,0.7023821593402941,0.7023821593402941,8,6,False,False,False
533,1.0,10.0,2.0,3.0,1.0,50261258,5.383105984528142,True,True,0.0,15747,9,9,False,9,0,0,1.0,0.7023821593402941,0.7023821593402941,8,6,False,False,False
533,1.1,11.0,2.2,3.0,1.0,50261258,5.383105984528142,True,True,0.0,15747,9,9,False,9,0,0,1.0,0.7023821593402941,0.7023821593402941,8,6,False,False,False
533,1.2,12.0,2.4,3.0,1.0,50261258,5.383105984528142,True,True,0.0,15747,9,9,False,9,0,0,1.0,0.7023821593402941,0.7023821593402941,8,6,False,False,False
534,0.8,8.0,1.6,3.0,1.0,50261259,6.041395769122317,True,True,0.0,16253,1,1,False,1,0,0,1.0,0.7024337726227261,0.7024337726227261,8,6,False,False,False
534,0.9,9.0,1.8,3.0,1.0,50261259,6.041395769122317,True,True,0.0,16253,1,1,False,1,0,0,1.0,0.7024337726227261,0.7024337726227261,8,6,False,False,False
534,1.0,10.0,2.0,3.0,1.0,50261259,6.041395769122317,True,True,0.0,16253,1,1,False,1,0,0,1.0,0.7024337726227261,0.7024337726227261,8,6,False,False,False
534,1.1,11.0,2.2,3.0,1.0,50261259,6.041395769122317,True,True,0.0,16253,1,1,False,1,0,0,1.0,0.7024337726227261,0.7024337726227261,8,6,False,False,False
534,1.2,12.0,2.4,3.0,1.0,50261259,6.041395769122317,True,True,0.0,16253,1,1,False,1,0,0,1.0,0.7024337726227261,0.7024337726227261,8,6,False,False,False
535,0.8,8.0,1.6,3.0,1.0,50261260,2.752606636996005,True,True,0.0,16161,4,4,False,4,1,39,0.9703509221311475,0.8151937599815131,0.7894467315422091,8,8,True,True,True
535,0.9,9.0,1.8,3.0,1.0,50261260,2.752606636996005,True,True,0.0,16161,4,4,False,4,1,39,0.9703509221311475,0.8151937599815131,0.7894467315422091,8,8,True,True,True
535,1.0,10.0,2.0,3.0,1.0,50261260,2.752606636996005,True,True,0.0,16161,4,4,False,4,1,39,0.9703509221311475,0.8151937599815131,0.7894467315422091,8,8,True,True,True
535,1.1,11.0,2.2,3.0,1.0,50261260,2.752606636996005,True,True,0.0,16161,4,4,False,4,1,39,0.9703509221311475,0.8151937599815131,0.7894467315422091,8,8,True,True,True
535,1.2,12.0,2.4,3.0,1.0,50261260,2.752606636996005,True,True,0.0,16161,4,4,False,4,1,39,0.9703509221311475,0.8151937599815131,0.7894467315422091,8,8,True,True,True
536,0.8,8.0,1.6,3.0,1.0,50261261,3.61427141046222,True,True,0.0,15736,5,5,False,5,1,21,0.9846738387978142,0.8483008023856464,0.8336282831803358,8,8,True,True,True
536,0.9,9.0,1.8,3.0,1.0,50261261,3.61427141046222,True,True,0.0,15736,5,5,False,5,1,21,0.9846738387978142,0.8483008023856464,0.8336282831803358,8,8,True,True,True
536,1.0,10.0,2.0,3.0,1.0,50261261,3.61427141046222,True,True,0.0,15736,5,5,False,5,1,21,0.9846738387978142,0.8483008023856464,0.8336282831803358,8,8,True,True,True
536,1.1,11.0,2.2,3.0,1.0,50261261,3.61427141046222,True,True,0.0,15736,5,5,False,5,1,21,0.9846738387978142,0.8483008023856464,0.8336282831803358,8,8,True,True,True
536,1.2,12.0,2.4,3.0,1.0,50261261,3.61427141046222,True,True,0.0,15736,5,5,False,5,1,21,0.9846738387978142,0.8483008023856464,0.8336282831803358,8,8,True,True,True
537,0.8,8.0,1.6,3.0,1.0,50261262,0.014611571972020685,True,True,0.0,15875,1,1,False,1,0,0,1.0,0.7696948038702538,0.7696948038702538,8,6,False,False,False
537,0.9,9.0,1.8,3.0,1.0,50261262,0.014611571972020685,True,True,0.0,15875,1,1,False,1,0,0,1.0,0.7696948038702538,0.7696948038702538,8,6,False,False,False
537,1.0,10.0,2.0,3.0,1.0,50261262,0.014611571972020685,True,True,0.0,15875,1,1,False,1,0,0,1.0,0.7696948038702538,0.7696948038702538,8,6,False,False,False
537,1.1,11.0,2.2,3.0,1.0,50261262,0.014611571972020685,True,True,0.0,15875,1,1,False,1,0,0,1.0,0.7696948038702538,0.7696948038702538,8,6,False,False,False
537,1.2,12.0,2.4,3.0,1.0,50261262,0.014611571972020685,True,True,0.0,15875,1,1,False,1,0,0,1.0,0.7696948038702538,0.7696948038702538,8,6,False,False,False
538,0.8,8.0,1.6,3.0,1.0,50261263,3.024202431985907,True,True,0.0,16168,1,1,False,1,0,0,1.0,0.7515349332467011,0.7515349332467011,8,6,False,False,False
538,0.9,9.0,1.8,3.0,1.0,50261263,3.024202431985907,True,True,0.0,16168,1,1,False,1,0,0,1.0,0.7515349332467011,0.7515349332467011,8,6,False,False,False
538,1.0,10.0,2.0,3.0,1.0,50261263,3.024202431985907,True,True,0.0,16168,1,1,False,1,0,0,1.0,0.7515349332467011,0.7515349332467011,8,6,False,False,False
538,1.1,11.0,2.2,3.0,1.0,50261263,3.024202431985907,True,True,0.0,16168,1,1,False,1,0,0,1.0,0.7515349332467011,0.7515349332467011,8,6,False,False,False
538,1.2,12.0,2.4,3.0,1.0,50261263,3.024202431985907,True,True,0.0,16168,1,1,False,1,0,0,1.0,0.7515349332467011,0.7515349332467011,8,6,False,False,False
539,0.8,8.0,1.6,3.0,1.0,50261264,0.41812273714482256,True,True,0.0,15425,2,2,False,2,1,52,0.9752390710382514,0.856569957563211,0.8337109178198429,8,8,True,True,True
539,0.9,9.0,1.8,3.0,1.0,50261264,0.41812273714482256,True,True,0.0,15425,2,2,False,2,1,52,0.9752390710382514,0.856569957563211,0.8337109178198429,8,8,True,True,True
539,1.0,10.0,2.0,3.0,1.0,50261264,0.41812273714482256,True,True,0.0,15425,2,2,False,2,1,52,0.9752390710382514,0.856569957563211,0.8337109178198429,8,8,True,True,True
539,1.1,11.0,2.2,3.0,1.0,50261264,0.41812273714482256,True,True,0.0,15425,2,2,False,2,1,52,0.9752390710382514,0.856569957563211,0.8337109178198429,8,8,True,True,True
539,1.2,12.0,2.4,3.0,1.0,50261264,0.41812273714482256,True,True,0.0,15425,2,2,False,2,1,52,0.9752390710382514,0.856569957563211,0.8337109178198429,8,8,True,True,True
540,0.8,8.0,1.6,3.0,1.0,50261265,2.319902032253948,True,True,0.0,15787,4,4,False,4,0,0,1.0,0.7255921845560878,0.7255921845560878,8,6,False,False,False
540,0.9,9.0,1.8,3.0,1.0,50261265,2.319902032253948,True,True,0.0,15787,4,4,False,4,0,0,1.0,0.7255921845560878,0.7255921845560878,8,6,False,False,False
540,1.0,10.0,2.0,3.0,1.0,50261265,2.319902032253948,True,True,0.0,15787,4,4,False,4,0,0,1.0,0.7255921845560878,0.7255921845560878,8,6,False,False,False
540,1.1,11.0,2.2,3.0,1.0,50261265,2.319902032253948,True,True,0.0,15787,4,4,False,4,0,0,1.0,0.7255921845560878,0.7255921845560878,8,6,False,False,False
540,1.2,12.0,2.4,3.0,1.0,50261265,2.319902032253948,True,True,0.0,15787,4,4,False,4,0,0,1.0,0.7255921845560878,0.7255921845560878,8,6,False,False,False
541,0.8,8.0,1.6,3.0,1.0,50261266,1.4713304685073858,True,True,0.0,16227,2,2,False,2,0,0,1.0,0.6902517890536132,0.6902517890536132,8,5,False,False,False
541,0.9,9.0,1.8,3.0,1.0,50261266,1.4713304685073858,True,True,0.0,16227,2,2,False,2,0,0,1.0,0.6902517890536132,0.6902517890536132,8,5,False,False,False
541,1.0,10.0,2.0,3.0,1.0,50261266,1.4713304685073858,True,True,0.0,16227,2,2,False,2,0,0,1.0,0.6902517890536132,0.6902517890536132,8,5,False,False,False
541,1.1,11.0,2.2,3.0,1.0,50261266,1.4713304685073858,True,True,0.0,16227,2,2,False,2,0,0,1.0,0.6902517890536132,0.6902517890536132,8,5,False,False,False
541,1.2,12.0,2.4,3.0,1.0,50261266,1.4713304685073858,True,True,0.0,16227,2,2,False,2,0,0,1.0,0.6902517890536132,0.6902517890536132,8,5,False,False,False
542,0.8,8.0,1.6,3.0,1.0,50261267,1.3825004005957577,True,True,0.0,15924,3,3,False,3,0,0,1.0,0.7027611570433288,0.7027611570433288,8,6,False,False,False
542,0.9,9.0,1.8,3.0,1.0,50261267,1.3825004005957577,True,True,0.0,15924,3,3,False,3,0,0,1.0,0.7027611570433288,0.7027611570433288,8,6,False,False,False
542,1.0,10.0,2.0,3.0,1.0,50261267,1.3825004005957577,True,True,0.0,15924,3,3,False,3,0,0,1.0,0.7027611570433288,0.7027611570433288,8,6,False,False,False
542,1.1,11.0,2.2,3.0,1.0,50261267,1.3825004005957577,True,True,0.0,15924,3,3,False,3,0,0,1.0,0.7027611570433288,0.7027611570433288,8,6,False,False,False
542,1.2,12.0,2.4,3.0,1.0,50261267,1.3825004005957577,True,True,0.0,15924,3,3,False,3,0,0,1.0,0.7027611570433288,0.7027611570433288,8,6,False,False,False
543,0.8,8.0,1.6,3.0,1.0,50261268,0.5319514971062986,True,True,0.0,15788,8,8,False,8,1,19,0.9853248804644809,0.9194589284721153,0.9054715554192773,8,8,True,True,True
543,0.9,9.0,1.8,3.0,1.0,50261268,0.5319514971062986,True,True,0.0,15788,8,8,False,8,1,19,0.9853248804644809,0.9194589284721153,0.9054715554192773,8,8,True,True,True
543,1.0,10.0,2.0,3.0,1.0,50261268,0.5319514971062986,True,True,0.0,15788,8,8,False,8,1,19,0.9853248804644809,0.9194589284721153,0.9054715554192773,8,8,True,True,True
543,1.1,11.0,2.2,3.0,1.0,50261268,0.5319514971062986,True,True,0.0,15788,8,8,False,8,1,19,0.9853248804644809,0.9194589284721153,0.9054715554192773,8,8,True,True,True
543,1.2,12.0,2.4,3.0,1.0,50261268,0.5319514971062986,True,True,0.0,15788,8,8,False,8,0,0,1.0,0.7986439768651303,0.7986439768651303,8,7,False,False,False
544,0.8,8.0,1.6,3.0,1.0,50261269,0.9632518980975061,True,True,0.0,16173,2,2,False,2,0,0,1.0,0.7654502295876604,0.7654502295876604,8,6,False,False,False
544,0.9,9.0,1.8,3.0,1.0,50261269,0.9632518980975061,True,True,0.0,16173,2,2,False,2,0,0,1.0,0.7654502295876604,0.7654502295876604,8,6,False,False,False
544,1.0,10.0,2.0,3.0,1.0,50261269,0.9632518980975061,True,True,0.0,16173,2,2,False,2,0,0,1.0,0.7654502295876604,0.7654502295876604,8,6,False,False,False
544,1.1,11.0,2.2,3.0,1.0,50261269,0.9632518980975061,True,True,0.0,16173,2,2,False,2,0,0,1.0,0.7654502295876604,0.7654502295876604,8,6,False,False,False
544,1.2,12.0,2.4,3.0,1.0,50261269,0.9632518980975061,True,True,0.0,16173,2,2,False,2,0,0,1.0,0.7654502295876604,0.7654502295876604,8,6,False,False,False
545,0.8,8.0,1.6,3.0,1.0,50261270,5.260947075048161,True,True,0.0,15606,1,1,False,1,1,25,0.9833717554644809,0.9108584755201375,0.8944121430753058,8,8,True,True,True
545,0.9,9.0,1.8,3.0,1.0,50261270,5.260947075048161,True,True,0.0,15606,1,1,False,1,1,25,0.9833717554644809,0.9108584755201375,0.8944121430753058,8,8,True,True,True
545,1.0,10.0,2.0,3.0,1.0,50261270,5.260947075048161,True,True,0.0,15606,1,1,False,1,1,25,0.9833717554644809,0.9108584755201375,0.8944121430753058,8,8,True,True,True
545,1.1,11.0,2.2,3.0,1.0,50261270,5.260947075048161,True,True,0.0,15606,1,1,False,1,1,25,0.9833717554644809,0.9108584755201375,0.8944121430753058,8,8,True,True,True
545,1.2,12.0,2.4,3.0,1.0,50261270,5.260947075048161,True,True,0.0,15606,1,1,False,1,1,25,0.9833717554644809,0.9108584755201375,0.8944121430753058,8,8,True,True,True
546,0.8,8.0,1.6,3.0,1.0,50261271,2.3692216775309753,True,True,0.0,15694,12,12,False,12,0,0,1.0,0.74369107984115,0.74369107984115,8,7,False,False,False
546,0.9,9.0,1.8,3.0,1.0,50261271,2.3692216775309753,True,True,0.0,15694,12,12,False,12,0,0,1.0,0.74369107984115,0.74369107984115,8,7,False,False,False
546,1.0,10.0,2.0,3.0,1.0,50261271,2.3692216775309753,True,True,0.0,15694,12,12,False,12,0,0,1.0,0.74369107984115,0.74369107984115,8,7,False,False,False
546,1.1,11.0,2.2,3.0,1.0,50261271,2.3692216775309753,True,True,0.0,15694,12,12,False,12,0,0,1.0,0.74369107984115,0.74369107984115,8,7,False,False,False
546,1.2,12.0,2.4,3.0,1.0,50261271,2.3692216775309753,True,True,0.0,15694,12,12,False,12,0,0,1.0,0.74369107984115,0.74369107984115,8,7,False,False,False
547,0.8,8.0,1.6,3.0,1.0,50261272,4.677523799047536,True,True,0.0,16211,4,4,False,4,0,0,1.0,0.7556404706826403,0.7556404706826403,8,6,False,False,False
547,0.9,9.0,1.8,3.0,1.0,50261272,4.677523799047536,True,True,0.0,16211,4,4,False,4,0,0,1.0,0.7556404706826403,0.7556404706826403,8,6,False,False,False
547,1.0,10.0,2.0,3.0,1.0,50261272,4.677523799047536,True,True,0.0,16211,4,4,False,4,0,0,1.0,0.7556404706826403,0.7556404706826403,8,6,False,False,False
547,1.1,11.0,2.2,3.0,1.0,50261272,4.677523799047536,True,True,0.0,16211,4,4,False,4,0,0,1.0,0.7556404706826403,0.7556404706826403,8,6,False,False,False
547,1.2,12.0,2.4,3.0,1.0,50261272,4.677523799047536,True,True,0.0,16211,4,4,False,4,0,0,1.0,0.7556404706826403,0.7556404706826403,8,6,False,False,False
548,0.8,8.0,1.6,3.0,1.0,50261273,3.118410144727171,True,True,0.0,15861,9,9,False,9,1,56,0.9829448428961749,0.8090203989442388,0.7946305701078554,8,8,True,True,True
548,0.9,9.0,1.8,3.0,1.0,50261273,3.118410144727171,True,True,0.0,15861,9,9,False,9,1,56,0.9829448428961749,0.8090203989442388,0.7946305701078554,8,8,True,True,True
548,1.0,10.0,2.0,3.0,1.0,50261273,3.118410144727171,True,True,0.0,15861,9,9,False,9,1,56,0.9829448428961749,0.8090203989442388,0.7946305701078554,8,8,True,True,True
548,1.1,11.0,2.2,3.0,1.0,50261273,3.118410144727171,True,True,0.0,15861,9,9,False,9,1,56,0.9829448428961749,0.8090203989442388,0.7946305701078554,8,8,True,True,True
548,1.2,12.0,2.4,3.0,1.0,50261273,3.118410144727171,True,True,0.0,15861,9,9,False,9,1,56,0.9829448428961749,0.8090203989442388,0.7946305701078554,8,8,True,True,True
549,0.8,8.0,1.6,3.0,1.0,50261274,2.202023979288748,True,True,0.0,15742,7,7,False,7,0,0,1.0,0.6974624576420065,0.6974624576420065,8,7,False,False,False
549,0.9,9.0,1.8,3.0,1.0,50261274,2.202023979288748,True,True,0.0,15742,7,7,False,7,0,0,1.0,0.6974624576420065,0.6974624576420065,8,7,False,False,False
549,1.0,10.0,2.0,3.0,1.0,50261274,2.202023979288748,True,True,0.0,15742,7,7,False,7,0,0,1.0,0.6974624576420065,0.6974624576420065,8,7,False,False,False
549,1.1,11.0,2.2,3.0,1.0,50261274,2.202023979288748,True,True,0.0,15742,7,7,False,7,0,0,1.0,0.6974624576420065,0.6974624576420065,8,7,False,False,False
549,1.2,12.0,2.4,3.0,1.0,50261274,2.202023979288748,True,True,0.0,15742,7,7,False,7,0,0,1.0,0.6974624576420065,0.6974624576420065,8,7,False,False,False
550,0.8,8.0,1.6,3.0,1.0,50261275,1.9183629539133193,True,True,0.0,16233,2,2,False,2,1,46,0.9470414959016393,0.8350032848524733,0.791727772744606,8,7,True,True,False
550,0.9,9.0,1.8,3.0,1.0,50261275,1.9183629539133193,True,True,0.0,16233,2,2,False,2,1,46,0.9470414959016393,0.8350032848524733,0.791727772744606,8,7,True,True,False
550,1.0,10.0,2.0,3.0,1.0,50261275,1.9183629539133193,True,True,0.0,16233,2,2,False,2,1,46,0.9470414959016393,0.8350032848524733,0.791727772744606,8,7,True,True,False
550,1.1,11.0,2.2,3.0,1.0,50261275,1.9183629539133193,True,True,0.0,16233,2,2,False,2,1,46,0.9470414959016393,0.8350032848524733,0.791727772744606,8,7,True,True,False
550,1.2,12.0,2.4,3.0,1.0,50261275,1.9183629539133193,True,True,0.0,16233,2,2,False,2,1,46,0.9470414959016393,0.8350032848524733,0.791727772744606,8,7,True,True,False
551,0.8,8.0,1.6,3.0,1.0,50261276,4.1497577875374265,True,True,0.0,15837,7,7,False,7,1,47,0.9841508709016393,0.8524485491182958,0.8386963649906727,8,8,True,True,True
551,0.9,9.0,1.8,3.0,1.0,50261276,4.1497577875374265,True,True,0.0,15837,7,7,False,7,0,0,1.0,0.7302407770648293,0.7302407770648293,8,6,False,False,False
551,1.0,10.0,2.0,3.0,1.0,50261276,4.1497577875374265,True,True,0.0,15837,7,7,False,7,0,0,1.0,0.7302407770648293,0.7302407770648293,8,6,False,False,False
551,1.1,11.0,2.2,3.0,1.0,50261276,4.1497577875374265,True,True,0.0,15837,7,7,False,7,0,0,1.0,0.7302407770648293,0.7302407770648293,8,6,False,False,False
551,1.2,12.0,2.4,3.0,1.0,50261276,4.1497577875374265,True,True,0.0,15837,7,7,False,7,0,0,1.0,0.7302407770648293,0.7302407770648293,8,6,False,False,False
552,0.8,8.0,1.6,3.0,1.0,50261277,5.6060361380486095,True,True,0.0,15951,1,1,False,1,0,0,1.0,0.7575930219261917,0.7575930219261917,8,6,False,False,False
552,0.9,9.0,1.8,3.0,1.0,50261277,5.6060361380486095,True,True,0.0,15951,1,1,False,1,0,0,1.0,0.7575930219261917,0.7575930219261917,8,6,False,False,False
552,1.0,10.0,2.0,3.0,1.0,50261277,5.6060361380486095,True,True,0.0,15951,1,1,False,1,0,0,1.0,0.7575930219261917,0.7575930219261917,8,6,False,False,False
552,1.1,11.0,2.2,3.0,1.0,50261277,5.6060361380486095,True,True,0.0,15951,1,1,False,1,0,0,1.0,0.7575930219261917,0.7575930219261917,8,6,False,False,False
552,1.2,12.0,2.4,3.0,1.0,50261277,5.6060361380486095,True,True,0.0,15951,1,1,False,1,0,0,1.0,0.7575930219261917,0.7575930219261917,8,6,False,False,False
553,0.8,8.0,1.6,3.0,1.0,50261278,3.158844409972625,True,True,0.0,16176,1,1,False,1,0,0,1.0,0.6837678146937725,0.6837678146937725,8,6,False,False,False
553,0.9,9.0,1.8,3.0,1.0,50261278,3.158844409972625,True,True,0.0,16176,1,1,False,1,0,0,1.0,0.6837678146937725,0.6837678146937725,8,6,False,False,False
553,1.0,10.0,2.0,3.0,1.0,50261278,3.158844409972625,True,True,0.0,16176,1,1,False,1,0,0,1.0,0.6837678146937725,0.6837678146937725,8,6,False,False,False
553,1.1,11.0,2.2,3.0,1.0,50261278,3.158844409972625,True,True,0.0,16176,1,1,False,1,0,0,1.0,0.6837678146937725,0.6837678146937725,8,6,False,False,False
553,1.2,12.0,2.4,3.0,1.0,50261278,3.158844409972625,True,True,0.0,16176,1,1,False,1,0,0,1.0,0.6837678146937725,0.6837678146937725,8,6,False,False,False
554,0.8,8.0,1.6,3.0,1.0,50261279,4.193182650701808,True,True,0.0,15812,7,7,False,7,1,41,0.9845777834699454,0.9098022995140312,0.896033527759285,8,8,True,True,True
554,0.9,9.0,1.8,3.0,1.0,50261279,4.193182650701808,True,True,0.0,15812,7,7,False,7,1,41,0.9845777834699454,0.9098022995140312,0.896033527759285,8,8,True,True,True
554,1.0,10.0,2.0,3.0,1.0,50261279,4.193182650701808,True,True,0.0,15812,7,7,False,7,1,41,0.9845777834699454,0.9098022995140312,0.896033527759285,8,8,True,True,True
554,1.1,11.0,2.2,3.0,1.0,50261279,4.193182650701808,True,True,0.0,15812,7,7,False,7,1,41,0.9845777834699454,0.9098022995140312,0.896033527759285,8,8,True,True,True
554,1.2,12.0,2.4,3.0,1.0,50261279,4.193182650701808,True,True,0.0,15812,7,7,False,7,1,41,0.9845777834699454,0.9098022995140312,0.896033527759285,8,8,True,True,True
555,0.8,8.0,1.6,3.0,1.0,50261280,4.090290834547698,True,True,0.0,16011,1,1,False,1,1,52,0.9869151297814207,0.8083042030443021,0.7967814048696402,8,8,True,True,True
555,0.9,9.0,1.8,3.0,1.0,50261280,4.090290834547698,True,True,0.0,16011,1,1,False,1,1,52,0.9869151297814207,0.8083042030443021,0.7967814048696402,8,8,True,True,True
555,1.0,10.0,2.0,3.0,1.0,50261280,4.090290834547698,True,True,0.0,16011,1,1,False,1,1,52,0.9869151297814207,0.8083042030443021,0.7967814048696402,8,8,True,True,True
555,1.1,11.0,2.2,3.0,1.0,50261280,4.090290834547698,True,True,0.0,16011,1,1,False,1,1,52,0.9869151297814207,0.8083042030443021,0.7967814048696402,8,8,True,True,True
555,1.2,12.0,2.4,3.0,1.0,50261280,4.090290834547698,True,True,0.0,16011,1,1,False,1,1,52,0.9869151297814207,0.8083042030443021,0.7967814048696402,8,8,True,True,True
556,0.8,8.0,1.6,3.0,1.0,50261281,2.1688679814237015,True,True,0.0,15517,18,18,False,18,0,0,0.9953195382882882,0.7574271115057801,0.7539110180476453,8,6,False,False,False
556,0.9,9.0,1.8,3.0,1.0,50261281,2.1688679814237015,True,True,0.0,15517,18,18,False,18,0,0,0.9953195382882882,0.7574271115057801,0.7539110180476453,8,6,False,False,False
556,1.0,10.0,2.0,3.0,1.0,50261281,2.1688679814237015,True,True,0.0,15517,18,18,False,18,0,0,0.9953195382882882,0.7574271115057801,0.7539110180476453,8,6,False,False,False
556,1.1,11.0,2.2,3.0,1.0,50261281,2.1688679814237015,True,True,0.0,15517,18,18,False,18,0,0,0.9953195382882882,0.7574271115057801,0.7539110180476453,8,6,False,False,False
556,1.2,12.0,2.4,3.0,1.0,50261281,2.1688679814237015,True,True,0.0,15517,18,18,False,18,0,0,0.9953195382882882,0.7574271115057801,0.7539110180476453,8,6,False,False,False
557,0.8,8.0,1.6,3.0,1.0,50261282,4.467670159817811,True,True,0.0,16077,5,5,False,5,0,0,1.0,0.7280662341185078,0.7280662341185078,8,6,False,False,False
557,0.9,9.0,1.8,3.0,1.0,50261282,4.467670159817811,True,True,0.0,16077,5,5,False,5,0,0,1.0,0.7280662341185078,0.7280662341185078,8,6,False,False,False
557,1.0,10.0,2.0,3.0,1.0,50261282,4.467670159817811,True,True,0.0,16077,5,5,False,5,0,0,1.0,0.7280662341185078,0.7280662341185078,8,6,False,False,False
557,1.1,11.0,2.2,3.0,1.0,50261282,4.467670159817811,True,True,0.0,16077,5,5,False,5,0,0,1.0,0.7280662341185078,0.7280662341185078,8,6,False,False,False
557,1.2,12.0,2.4,3.0,1.0,50261282,4.467670159817811,True,True,0.0,16077,5,5,False,5,0,0,1.0,0.7280662341185078,0.7280662341185078,8,6,False,False,False
558,0.8,8.0,1.6,3.0,1.0,50261283,2.95742221965012,True,True,0.0,15854,5,5,False,5,0,0,1.0,0.7559008088365915,0.7559008088365915,8,6,False,False,False
558,0.9,9.0,1.8,3.0,1.0,50261283,2.95742221965012,True,True,0.0,15854,5,5,False,5,0,0,1.0,0.7559008088365915,0.7559008088365915,8,6,False,False,False
558,1.0,10.0,2.0,3.0,1.0,50261283,2.95742221965012,True,True,0.0,15854,5,5,False,5,0,0,1.0,0.7559008088365915,0.7559008088365915,8,6,False,False,False
558,1.1,11.0,2.2,3.0,1.0,50261283,2.95742221965012,True,True,0.0,15854,5,5,False,5,0,0,1.0,0.7559008088365915,0.7559008088365915,8,6,False,False,False
558,1.2,12.0,2.4,3.0,1.0,50261283,2.95742221965012,True,True,0.0,15854,5,5,False,5,0,0,1.0,0.7559008088365915,0.7559008088365915,8,6,False,False,False
559,0.8,8.0,1.6,3.0,1.0,50261284,4.281058100253076,True,True,0.0,15623,3,5,True,0,0,0,0.9953195382882882,0.7871801130266111,0.7834636471150231,8,7,True,True,True
559,0.9,9.0,1.8,3.0,1.0,50261284,4.281058100253076,True,True,0.0,15623,3,5,True,0,0,0,0.9953195382882882,0.7871801130266111,0.7834636471150231,8,7,True,True,True
559,1.0,10.0,2.0,3.0,1.0,50261284,4.281058100253076,True,True,0.0,15623,3,5,True,0,0,0,0.9953195382882882,0.7871801130266111,0.7834636471150231,8,7,True,True,True
559,1.1,11.0,2.2,3.0,1.0,50261284,4.281058100253076,True,True,0.0,15623,3,5,True,0,0,0,0.9953195382882882,0.7871801130266111,0.7834636471150231,8,7,True,True,True
559,1.2,12.0,2.4,3.0,1.0,50261284,4.281058100253076,True,True,0.0,15623,3,5,True,0,0,0,0.9953195382882882,0.7871801130266111,0.7834636471150231,8,7,True,True,True
560,0.8,8.0,1.6,3.0,1.0,50261285,0.898401503472281,True,True,0.0,15782,2,2,False,2,0,0,1.0,0.7411158573005325,0.7411158573005325,8,6,False,False,False
560,0.9,9.0,1.8,3.0,1.0,50261285,0.898401503472281,True,True,0.0,15782,2,2,False,2,0,0,1.0,0.7411158573005325,0.7411158573005325,8,6,False,False,False
560,1.0,10.0,2.0,3.0,1.0,50261285,0.898401503472281,True,True,0.0,15782,2,2,False,2,0,0,1.0,0.7411158573005325,0.7411158573005325,8,6,False,False,False
560,1.1,11.0,2.2,3.0,1.0,50261285,0.898401503472281,True,True,0.0,15782,2,2,False,2,0,0,1.0,0.7411158573005325,0.7411158573005325,8,6,False,False,False
560,1.2,12.0,2.4,3.0,1.0,50261285,0.898401503472281,True,True,0.0,15782,2,2,False,2,0,0,1.0,0.7411158573005325,0.7411158573005325,8,6,False,False,False
561,0.8,8.0,1.6,3.0,1.0,50261286,0.1114053403357374,True,True,0.0,15625,1,1,False,1,0,0,0.9966216216216216,0.7217102635977052,0.7190970231795867,8,6,False,False,False
561,0.9,9.0,1.8,3.0,1.0,50261286,0.1114053403357374,True,True,0.0,15625,1,1,False,1,0,0,0.9966216216216216,0.7217102635977052,0.7190970231795867,8,6,False,False,False
561,1.0,10.0,2.0,3.0,1.0,50261286,0.1114053403357374,True,True,0.0,15625,1,1,False,1,0,0,0.9966216216216216,0.7217102635977052,0.7190970231795867,8,6,False,False,False
561,1.1,11.0,2.2,3.0,1.0,50261286,0.1114053403357374,True,True,0.0,15625,1,1,False,1,0,0,0.9966216216216216,0.7217102635977052,0.7190970231795867,8,6,False,False,False
561,1.2,12.0,2.4,3.0,1.0,50261286,0.1114053403357374,True,True,0.0,15625,1,1,False,1,0,0,0.9966216216216216,0.7217102635977052,0.7190970231795867,8,6,False,False,False
562,0.8,8.0,1.6,3.0,1.0,50261287,0.7593609187491265,True,True,0.0,16189,4,4,False,4,1,38,0.9825926400273224,0.8175235170481205,0.8016362208953016,8,8,True,True,True
562,0.9,9.0,1.8,3.0,1.0,50261287,0.7593609187491265,True,True,0.0,16189,4,4,False,4,1,38,0.9825926400273224,0.8175235170481205,0.8016362208953016,8,8,True,True,True
562,1.0,10.0,2.0,3.0,1.0,50261287,0.7593609187491265,True,True,0.0,16189,4,4,False,4,1,38,0.9825926400273224,0.8175235170481205,0.8016362208953016,8,8,True,True,True
562,1.1,11.0,2.2,3.0,1.0,50261287,0.7593609187491265,True,True,0.0,16189,4,4,False,4,1,38,0.9825926400273224,0.8175235170481205,0.8016362208953016,8,8,True,True,True
562,1.2,12.0,2.4,3.0,1.0,50261287,0.7593609187491265,True,True,0.0,16189,4,4,False,4,1,38,0.9825926400273224,0.8175235170481205,0.8016362208953016,8,8,True,True,True
563,0.8,8.0,1.6,3.0,1.0,50261288,3.2731215905413897,True,True,0.0,16119,2,2,False,2,0,0,1.0,0.7320616526903521,0.7320616526903521,8,6,False,False,False
563,0.9,9.0,1.8,3.0,1.0,50261288,3.2731215905413897,True,True,0.0,16119,2,2,False,2,0,0,1.0,0.7320616526903521,0.7320616526903521,8,6,False,False,False
563,1.0,10.0,2.0,3.0,1.0,50261288,3.2731215905413897,True,True,0.0,16119,2,2,False,2,0,0,1.0,0.7320616526903521,0.7320616526903521,8,6,False,False,False
563,1.1,11.0,2.2,3.0,1.0,50261288,3.2731215905413897,True,True,0.0,16119,2,2,False,2,0,0,1.0,0.7320616526903521,0.7320616526903521,8,6,False,False,False
563,1.2,12.0,2.4,3.0,1.0,50261288,3.2731215905413897,True,True,0.0,16119,2,2,False,2,0,0,1.0,0.7320616526903521,0.7320616526903521,8,6,False,False,False
564,0.8,8.0,1.6,3.0,1.0,50261289,4.827252137366568,True,True,0.0,15990,5,5,False,5,1,23,0.9824325478142076,0.8405954357280689,0.8234591761129422,8,8,True,True,True
564,0.9,9.0,1.8,3.0,1.0,50261289,4.827252137366568,True,True,0.0,15990,5,5,False,5,1,23,0.9824325478142076,0.8405954357280689,0.8234591761129422,8,8,True,True,True
564,1.0,10.0,2.0,3.0,1.0,50261289,4.827252137366568,True,True,0.0,15990,5,5,False,5,1,23,0.9824325478142076,0.8405954357280689,0.8234591761129422,8,8,True,True,True
564,1.1,11.0,2.2,3.0,1.0,50261289,4.827252137366568,True,True,0.0,15990,5,5,False,5,1,23,0.9824325478142076,0.8405954357280689,0.8234591761129422,8,8,True,True,True
564,1.2,12.0,2.4,3.0,1.0,50261289,4.827252137366568,True,True,0.0,15990,5,5,False,5,1,23,0.9824325478142076,0.8405954357280689,0.8234591761129422,8,8,True,True,True
565,0.8,8.0,1.6,3.0,1.0,50261290,5.539524943781868,True,True,0.0,15590,3,3,False,3,0,0,1.0,0.7059717309003293,0.7059717309003293,8,6,False,False,False
565,0.9,9.0,1.8,3.0,1.0,50261290,5.539524943781868,True,True,0.0,15590,3,3,False,3,0,0,1.0,0.7059717309003293,0.7059717309003293,8,6,False,False,False
565,1.0,10.0,2.0,3.0,1.0,50261290,5.539524943781868,True,True,0.0,15590,3,3,False,3,0,0,1.0,0.7059717309003293,0.7059717309003293,8,6,False,False,False
565,1.1,11.0,2.2,3.0,1.0,50261290,5.539524943781868,True,True,0.0,15590,3,3,False,3,0,0,1.0,0.7059717309003293,0.7059717309003293,8,6,False,False,False
565,1.2,12.0,2.4,3.0,1.0,50261290,5.539524943781868,True,True,0.0,15590,3,3,False,3,0,0,1.0,0.7059717309003293,0.7059717309003293,8,6,False,False,False
566,0.8,8.0,1.6,3.0,1.0,50261291,3.7473371257158963,True,True,0.0,16098,10,10,False,10,0,0,1.0,0.7249561389821025,0.7249561389821025,8,6,False,False,False
566,0.9,9.0,1.8,3.0,1.0,50261291,3.7473371257158963,True,True,0.0,16098,10,10,False,10,0,0,1.0,0.7249561389821025,0.7249561389821025,8,6,False,False,False
566,1.0,10.0,2.0,3.0,1.0,50261291,3.7473371257158963,True,True,0.0,16098,10,10,False,10,0,0,1.0,0.7249561389821025,0.7249561389821025,8,6,False,False,False
566,1.1,11.0,2.2,3.0,1.0,50261291,3.7473371257158963,True,True,0.0,16098,10,10,False,10,0,0,1.0,0.7249561389821025,0.7249561389821025,8,6,False,False,False
566,1.2,12.0,2.4,3.0,1.0,50261291,3.7473371257158963,True,True,0.0,16098,10,10,False,10,0,0,1.0,0.7249561389821025,0.7249561389821025,8,6,False,False,False
567,0.8,8.0,1.6,3.0,1.0,50261292,1.6074259924503786,True,True,0.0,15963,10,10,False,10,0,0,1.0,0.7615558026572926,0.7615558026572926,8,6,False,False,False
567,0.9,9.0,1.8,3.0,1.0,50261292,1.6074259924503786,True,True,0.0,15963,10,10,False,10,0,0,1.0,0.7615558026572926,0.7615558026572926,8,6,False,False,False
567,1.0,10.0,2.0,3.0,1.0,50261292,1.6074259924503786,True,True,0.0,15963,10,10,False,10,0,0,1.0,0.7615558026572926,0.7615558026572926,8,6,False,False,False
567,1.1,11.0,2.2,3.0,1.0,50261292,1.6074259924503786,True,True,0.0,15963,10,10,False,10,0,0,1.0,0.7615558026572926,0.7615558026572926,8,6,False,False,False
567,1.2,12.0,2.4,3.0,1.0,50261292,1.6074259924503786,True,True,0.0,15963,10,10,False,10,0,0,1.0,0.7615558026572926,0.7615558026572926,8,6,False,False,False
568,0.8,8.0,1.6,3.0,1.0,50261293,5.145036923455958,True,True,0.0,15850,10,10,False,10,1,21,0.9730297984972678,0.8789144908641968,0.8541771662637917,8,8,True,True,True
568,0.9,9.0,1.8,3.0,1.0,50261293,5.145036923455958,True,True,0.0,15850,10,10,False,10,1,21,0.9730297984972678,0.8789144908641968,0.8541771662637917,8,8,True,True,True
568,1.0,10.0,2.0,3.0,1.0,50261293,5.145036923455958,True,True,0.0,15850,10,10,False,10,1,21,0.9730297984972678,0.8789144908641968,0.8541771662637917,8,8,True,True,True
568,1.1,11.0,2.2,3.0,1.0,50261293,5.145036923455958,True,True,0.0,15850,10,10,False,10,1,21,0.9730297984972678,0.8789144908641968,0.8541771662637917,8,8,True,True,True
568,1.2,12.0,2.4,3.0,1.0,50261293,5.145036923455958,True,True,0.0,15850,10,10,False,10,1,21,0.9730297984972678,0.8789144908641968,0.8541771662637917,8,8,True,True,True
569,0.8,8.0,1.6,3.0,1.0,50261294,5.971650697700883,True,True,0.0,16002,2,2,False,2,0,0,1.0,0.7306345550577085,0.7306345550577085,8,6,False,False,False
569,0.9,9.0,1.8,3.0,1.0,50261294,5.971650697700883,True,True,0.0,16002,2,2,False,2,0,0,1.0,0.7306345550577085,0.7306345550577085,8,6,False,False,False
569,1.0,10.0,2.0,3.0,1.0,50261294,5.971650697700883,True,True,0.0,16002,2,2,False,2,0,0,1.0,0.7306345550577085,0.7306345550577085,8,6,False,False,False
569,1.1,11.0,2.2,3.0,1.0,50261294,5.971650697700883,True,True,0.0,16002,2,2,False,2,0,0,1.0,0.7306345550577085,0.7306345550577085,8,6,False,False,False
569,1.2,12.0,2.4,3.0,1.0,50261294,5.971650697700883,True,True,0.0,16002,2,2,False,2,0,0,1.0,0.7306345550577085,0.7306345550577085,8,6,False,False,False
570,0.8,8.0,1.6,3.0,1.0,50261295,3.9265056439005512,True,True,0.0,15878,4,4,False,4,0,0,1.0,0.7588385523397866,0.7588385523397866,8,6,False,False,False
570,0.9,9.0,1.8,3.0,1.0,50261295,3.9265056439005512,True,True,0.0,15878,4,4,False,4,0,0,1.0,0.7588385523397866,0.7588385523397866,8,6,False,False,False
570,1.0,10.0,2.0,3.0,1.0,50261295,3.9265056439005512,True,True,0.0,15878,4,4,False,4,0,0,1.0,0.7588385523397866,0.7588385523397866,8,6,False,False,False
570,1.1,11.0,2.2,3.0,1.0,50261295,3.9265056439005512,True,True,0.0,15878,4,4,False,4,0,0,1.0,0.7588385523397866,0.7588385523397866,8,6,False,False,False
570,1.2,12.0,2.4,3.0,1.0,50261295,3.9265056439005512,True,True,0.0,15878,4,4,False,4,0,0,1.0,0.7588385523397866,0.7588385523397866,8,6,False,False,False
571,0.8,8.0,1.6,3.0,1.0,50261296,3.9239293897454726,True,True,0.0,16215,11,11,False,11,0,0,1.0,0.7523847124490592,0.7523847124490592,8,6,False,False,False
571,0.9,9.0,1.8,3.0,1.0,50261296,3.9239293897454726,True,True,0.0,16215,11,11,False,11,0,0,1.0,0.7523847124490592,0.7523847124490592,8,6,False,False,False
571,1.0,10.0,2.0,3.0,1.0,50261296,3.9239293897454726,True,True,0.0,16215,11,11,False,11,0,0,1.0,0.7523847124490592,0.7523847124490592,8,6,False,False,False
571,1.1,11.0,2.2,3.0,1.0,50261296,3.9239293897454726,True,True,0.0,16215,11,11,False,11,0,0,1.0,0.7523847124490592,0.7523847124490592,8,6,False,False,False
571,1.2,12.0,2.4,3.0,1.0,50261296,3.9239293897454726,True,True,0.0,16215,11,11,False,11,0,0,1.0,0.7523847124490592,0.7523847124490592,8,6,False,False,False
572,0.8,8.0,1.6,3.0,1.0,50261297,2.3117056448457394,True,True,0.0,15750,5,5,False,5,0,0,1.0,0.7631188582340372,0.7631188582340372,8,6,False,False,False
572,0.9,9.0,1.8,3.0,1.0,50261297,2.3117056448457394,True,True,0.0,15750,5,5,False,5,0,0,1.0,0.7631188582340372,0.7631188582340372,8,6,False,False,False
572,1.0,10.0,2.0,3.0,1.0,50261297,2.3117056448457394,True,True,0.0,15750,5,5,False,5,0,0,1.0,0.7631188582340372,0.7631188582340372,8,6,False,False,False
572,1.1,11.0,2.2,3.0,1.0,50261297,2.3117056448457394,True,True,0.0,15750,5,5,False,5,0,0,1.0,0.7631188582340372,0.7631188582340372,8,6,False,False,False
572,1.2,12.0,2.4,3.0,1.0,50261297,2.3117056448457394,True,True,0.0,15750,5,5,False,5,0,0,1.0,0.7631188582340372,0.7631188582340372,8,6,False,False,False
573,0.8,8.0,1.6,3.0,1.0,50261298,2.6490574593148772,True,True,0.0,16405,7,7,False,7,0,0,1.0,0.7308618903960681,0.7308618903960681,8,6,False,False,False
573,0.9,9.0,1.8,3.0,1.0,50261298,2.6490574593148772,True,True,0.0,16405,7,7,False,7,0,0,1.0,0.7308618903960681,0.7308618903960681,8,6,False,False,False
573,1.0,10.0,2.0,3.0,1.0,50261298,2.6490574593148772,True,True,0.0,16405,7,7,False,7,0,0,1.0,0.7308618903960681,0.7308618903960681,8,6,False,False,False
573,1.1,11.0,2.2,3.0,1.0,50261298,2.6490574593148772,True,True,0.0,16405,7,7,False,7,0,0,1.0,0.7308618903960681,0.7308618903960681,8,6,False,False,False
573,1.2,12.0,2.4,3.0,1.0,50261298,2.6490574593148772,True,True,0.0,16405,7,7,False,7,0,0,1.0,0.7308618903960681,0.7308618903960681,8,6,False,False,False
574,0.8,8.0,1.6,3.0,1.0,50261299,3.3327458691393512,True,True,0.0,15875,7,7,False,7,1,10,0.9755592554644809,0.8373824120845235,0.8155224756936703,8,8,True,True,True
574,0.9,9.0,1.8,3.0,1.0,50261299,3.3327458691393512,True,True,0.0,15875,7,7,False,7,1,10,0.9755592554644809,0.8373824120845235,0.8155224756936703,8,8,True,True,True
574,1.0,10.0,2.0,3.0,1.0,50261299,3.3327458691393512,True,True,0.0,15875,7,7,False,7,1,10,0.9755592554644809,0.8373824120845235,0.8155224756936703,8,8,True,True,True
574,1.1,11.0,2.2,3.0,1.0,50261299,3.3327458691393512,True,True,0.0,15875,7,7,False,7,1,10,0.9755592554644809,0.8373824120845235,0.8155224756936703,8,8,True,True,True
574,1.2,12.0,2.4,3.0,1.0,50261299,3.3327458691393512,True,True,0.0,15875,7,7,False,7,1,10,0.9755592554644809,0.8373824120845235,0.8155224756936703,8,8,True,True,True
575,0.8,8.0,1.6,3.0,1.0,50261300,4.8692591954589295,True,True,0.0,15632,4,4,False,4,0,0,1.0,0.7870705104870175,0.7870705104870175,8,7,False,False,False
575,0.9,9.0,1.8,3.0,1.0,50261300,4.8692591954589295,True,True,0.0,15632,4,4,False,4,0,0,1.0,0.7870705104870175,0.7870705104870175,8,7,False,False,False
575,1.0,10.0,2.0,3.0,1.0,50261300,4.8692591954589295,True,True,0.0,15632,4,4,False,4,0,0,1.0,0.7870705104870175,0.7870705104870175,8,7,False,False,False
575,1.1,11.0,2.2,3.0,1.0,50261300,4.8692591954589295,True,True,0.0,15632,4,4,False,4,0,0,1.0,0.7870705104870175,0.7870705104870175,8,7,False,False,False
575,1.2,12.0,2.4,3.0,1.0,50261300,4.8692591954589295,True,True,0.0,15632,4,4,False,4,0,0,1.0,0.7870705104870175,0.7870705104870175,8,7,False,False,False
576,0.8,8.0,1.6,3.0,1.0,50261301,0.8692449374876521,True,True,0.0,15784,1,1,False,1,1,19,0.9789852288251366,0.8333975472510261,0.8127590061850405,8,8,True,True,True
576,0.9,9.0,1.8,3.0,1.0,50261301,0.8692449374876521,True,True,0.0,15784,1,1,False,1,1,19,0.9789852288251366,0.8333975472510261,0.8127590061850405,8,8,True,True,True
576,1.0,10.0,2.0,3.0,1.0,50261301,0.8692449374876521,True,True,0.0,15784,1,1,False,1,1,19,0.9789852288251366,0.8333975472510261,0.8127590061850405,8,8,True,True,True
576,1.1,11.0,2.2,3.0,1.0,50261301,0.8692449374876521,True,True,0.0,15784,1,1,False,1,1,19,0.9789852288251366,0.8333975472510261,0.8127590061850405,8,8,True,True,True
576,1.2,12.0,2.4,3.0,1.0,50261301,0.8692449374876521,True,True,0.0,15784,1,1,False,1,1,19,0.9789852288251366,0.8333975472510261,0.8127590061850405,8,8,True,True,True
577,0.8,8.0,1.6,3.0,1.0,50261302,5.2466734635002075,True,True,0.0,16052,5,5,False,5,0,0,1.0,0.7549384167717852,0.7549384167717852,8,6,False,False,False
577,0.9,9.0,1.8,3.0,1.0,50261302,5.2466734635002075,True,True,0.0,16052,5,5,False,5,0,0,1.0,0.7549384167717852,0.7549384167717852,8,6,False,False,False
577,1.0,10.0,2.0,3.0,1.0,50261302,5.2466734635002075,True,True,0.0,16052,5,5,False,5,0,0,1.0,0.7549384167717852,0.7549384167717852,8,6,False,False,False
577,1.1,11.0,2.2,3.0,1.0,50261302,5.2466734635002075,True,True,0.0,16052,5,5,False,5,0,0,1.0,0.7549384167717852,0.7549384167717852,8,6,False,False,False
577,1.2,12.0,2.4,3.0,1.0,50261302,5.2466734635002075,True,True,0.0,16052,5,5,False,5,0,0,1.0,0.7549384167717852,0.7549384167717852,8,6,False,False,False
578,0.8,8.0,1.6,3.0,1.0,50261303,0.8821898574083704,True,True,0.0,15853,10,10,False,10,0,0,1.0,0.7381879051218728,0.7381879051218728,8,6,False,False,False
578,0.9,9.0,1.8,3.0,1.0,50261303,0.8821898574083704,True,True,0.0,15853,10,10,False,10,0,0,1.0,0.7381879051218728,0.7381879051218728,8,6,False,False,False
578,1.0,10.0,2.0,3.0,1.0,50261303,0.8821898574083704,True,True,0.0,15853,10,10,False,10,0,0,1.0,0.7381879051218728,0.7381879051218728,8,6,False,False,False
578,1.1,11.0,2.2,3.0,1.0,50261303,0.8821898574083704,True,True,0.0,15853,10,10,False,10,0,0,1.0,0.7381879051218728,0.7381879051218728,8,6,False,False,False
578,1.2,12.0,2.4,3.0,1.0,50261303,0.8821898574083704,True,True,0.0,15853,10,10,False,10,0,0,1.0,0.7381879051218728,0.7381879051218728,8,6,False,False,False
579,0.8,8.0,1.6,3.0,1.0,50261304,2.744129911362109,True,True,0.0,16422,1,1,False,1,0,0,1.0,0.6707070160240519,0.6707070160240519,8,6,False,False,False
579,0.9,9.0,1.8,3.0,1.0,50261304,2.744129911362109,True,True,0.0,16422,1,1,False,1,0,0,1.0,0.6707070160240519,0.6707070160240519,8,6,False,False,False
579,1.0,10.0,2.0,3.0,1.0,50261304,2.744129911362109,True,True,0.0,16422,1,1,False,1,0,0,1.0,0.6707070160240519,0.6707070160240519,8,6,False,False,False
579,1.1,11.0,2.2,3.0,1.0,50261304,2.744129911362109,True,True,0.0,16422,1,1,False,1,0,0,1.0,0.6707070160240519,0.6707070160240519,8,6,False,False,False
579,1.2,12.0,2.4,3.0,1.0,50261304,2.744129911362109,True,True,0.0,16422,1,1,False,1,0,0,1.0,0.6707070160240519,0.6707070160240519,8,6,False,False,False
580,0.8,8.0,1.6,3.0,1.0,50261305,0.8623477024378778,True,True,0.0,15572,13,13,False,13,0,0,0.9953195382882882,0.695463077855061,0.6920007648231392,8,5,False,False,False
580,0.9,9.0,1.8,3.0,1.0,50261305,0.8623477024378778,True,True,0.0,15572,13,13,False,13,0,0,0.9953195382882882,0.695463077855061,0.6920007648231392,8,5,False,False,False
580,1.0,10.0,2.0,3.0,1.0,50261305,0.8623477024378778,True,True,0.0,15572,13,13,False,13,0,0,0.9953195382882882,0.695463077855061,0.6920007648231392,8,5,False,False,False
580,1.1,11.0,2.2,3.0,1.0,50261305,0.8623477024378778,True,True,0.0,15572,13,13,False,13,0,0,0.9953195382882882,0.695463077855061,0.6920007648231392,8,5,False,False,False
580,1.2,12.0,2.4,3.0,1.0,50261305,0.8623477024378778,True,True,0.0,15572,13,13,False,13,0,0,0.9953195382882882,0.695463077855061,0.6920007648231392,8,5,False,False,False
581,0.8,8.0,1.6,3.0,1.0,50261306,5.49792034230921,True,True,0.0,15863,3,3,False,3,0,0,1.0,0.7201561497077801,0.7201561497077801,8,6,False,False,False
581,0.9,9.0,1.8,3.0,1.0,50261306,5.49792034230921,True,True,0.0,15863,3,3,False,3,0,0,1.0,0.7201561497077801,0.7201561497077801,8,6,False,False,False
581,1.0,10.0,2.0,3.0,1.0,50261306,5.49792034230921,True,True,0.0,15863,3,3,False,3,0,0,1.0,0.7201561497077801,0.7201561497077801,8,6,False,False,False
581,1.1,11.0,2.2,3.0,1.0,50261306,5.49792034230921,True,True,0.0,15863,3,3,False,3,0,0,1.0,0.7201561497077801,0.7201561497077801,8,6,False,False,False
581,1.2,12.0,2.4,3.0,1.0,50261306,5.49792034230921,True,True,0.0,15863,3,3,False,3,0,0,1.0,0.7201561497077801,0.7201561497077801,8,6,False,False,False
582,0.8,8.0,1.6,3.0,1.0,50261307,5.887414011832538,True,True,0.0,16312,5,5,False,5,0,0,1.0,0.7798470159947646,0.7798470159947646,8,6,False,False,False
582,0.9,9.0,1.8,3.0,1.0,50261307,5.887414011832538,True,True,0.0,16312,5,5,False,5,0,0,1.0,0.7798470159947646,0.7798470159947646,8,6,False,False,False
582,1.0,10.0,2.0,3.0,1.0,50261307,5.887414011832538,True,True,0.0,16312,5,5,False,5,0,0,1.0,0.7798470159947646,0.7798470159947646,8,6,False,False,False
582,1.1,11.0,2.2,3.0,1.0,50261307,5.887414011832538,True,True,0.0,16312,5,5,False,5,0,0,1.0,0.7798470159947646,0.7798470159947646,8,6,False,False,False
582,1.2,12.0,2.4,3.0,1.0,50261307,5.887414011832538,True,True,0.0,16312,5,5,False,5,0,0,1.0,0.7798470159947646,0.7798470159947646,8,6,False,False,False
583,0.8,8.0,1.6,3.0,1.0,50261308,3.899350077998616,True,True,0.0,15426,5,5,False,5,1,35,0.9706866830970314,0.9077830345912753,0.8811397154142964,8,8,True,True,True
583,0.9,9.0,1.8,3.0,1.0,50261308,3.899350077998616,True,True,0.0,15426,5,5,False,5,1,35,0.9706866830970314,0.9077830345912753,0.8811397154142964,8,8,True,True,True
583,1.0,10.0,2.0,3.0,1.0,50261308,3.899350077998616,True,True,0.0,15426,5,5,False,5,1,35,0.9706866830970314,0.9077830345912753,0.8811397154142964,8,8,True,True,True
583,1.1,11.0,2.2,3.0,1.0,50261308,3.899350077998616,True,True,0.0,15426,5,5,False,5,1,35,0.9706866830970314,0.9077830345912753,0.8811397154142964,8,8,True,True,True
583,1.2,12.0,2.4,3.0,1.0,50261308,3.899350077998616,True,True,0.0,15426,5,5,False,5,1,35,0.9706866830970314,0.9077830345912753,0.8811397154142964,8,8,True,True,True
584,0.8,8.0,1.6,3.0,1.0,50261309,5.984408563734973,True,True,0.0,15686,6,6,False,6,1,28,0.9887081625683061,0.8404349305445085,0.8303303939542603,8,8,True,True,True
584,0.9,9.0,1.8,3.0,1.0,50261309,5.984408563734973,True,True,0.0,15686,6,6,False,6,1,28,0.9887081625683061,0.8404349305445085,0.8303303939542603,8,8,True,True,True
584,1.0,10.0,2.0,3.0,1.0,50261309,5.984408563734973,True,True,0.0,15686,6,6,False,6,1,28,0.9887081625683061,0.8404349305445085,0.8303303939542603,8,8,True,True,True
584,1.1,11.0,2.2,3.0,1.0,50261309,5.984408563734973,True,True,0.0,15686,6,6,False,6,1,28,0.9887081625683061,0.8404349305445085,0.8303303939542603,8,8,True,True,True
584,1.2,12.0,2.4,3.0,1.0,50261309,5.984408563734973,True,True,0.0,15686,6,6,False,6,0,0,0.9986979166666667,0.718245637193836,0.7179588845617487,8,6,False,False,False
585,0.8,8.0,1.6,3.0,1.0,50261310,3.1060642611409466,True,True,0.0,15942,14,14,False,14,1,34,0.9757193476775956,0.8601467915481106,0.8366607490219446,8,8,True,True,True
585,0.9,9.0,1.8,3.0,1.0,50261310,3.1060642611409466,True,True,0.0,15942,14,14,False,14,1,34,0.9757193476775956,0.8601467915481106,0.8366607490219446,8,8,True,True,True
585,1.0,10.0,2.0,3.0,1.0,50261310,3.1060642611409466,True,True,0.0,15942,14,14,False,14,1,34,0.9757193476775956,0.8601467915481106,0.8366607490219446,8,8,True,True,True
585,1.1,11.0,2.2,3.0,1.0,50261310,3.1060642611409466,True,True,0.0,15942,14,14,False,14,1,34,0.9757193476775956,0.8601467915481106,0.8366607490219446,8,8,True,True,True
585,1.2,12.0,2.4,3.0,1.0,50261310,3.1060642611409466,True,True,0.0,15942,14,14,False,14,1,34,0.9757193476775956,0.8601467915481106,0.8366607490219446,8,8,True,True,True
586,0.8,8.0,1.6,3.0,1.0,50261311,3.050169099907272,True,True,0.0,16030,6,6,False,6,0,0,1.0,0.7707813019898058,0.7707813019898058,8,6,False,False,False
586,0.9,9.0,1.8,3.0,1.0,50261311,3.050169099907272,True,True,0.0,16030,6,6,False,6,0,0,1.0,0.7707813019898058,0.7707813019898058,8,6,False,False,False
586,1.0,10.0,2.0,3.0,1.0,50261311,3.050169099907272,True,True,0.0,16030,6,6,False,6,0,0,1.0,0.7707813019898058,0.7707813019898058,8,6,False,False,False
586,1.1,11.0,2.2,3.0,1.0,50261311,3.050169099907272,True,True,0.0,16030,6,6,False,6,0,0,1.0,0.7707813019898058,0.7707813019898058,8,6,False,False,False
586,1.2,12.0,2.4,3.0,1.0,50261311,3.050169099907272,True,True,0.0,16030,6,6,False,6,0,0,1.0,0.7707813019898058,0.7707813019898058,8,6,False,False,False
587,0.8,8.0,1.6,3.0,1.0,50261312,0.07281491442028537,True,True,0.0,15894,1,1,False,1,1,36,0.979369450136612,0.840073832178492,0.8215775570331233,8,7,True,True,True
587,0.9,9.0,1.8,3.0,1.0,50261312,0.07281491442028537,True,True,0.0,15894,1,1,False,1,1,36,0.979369450136612,0.840073832178492,0.8215775570331233,8,7,True,True,True
587,1.0,10.0,2.0,3.0,1.0,50261312,0.07281491442028537,True,True,0.0,15894,1,1,False,1,1,36,0.979369450136612,0.840073832178492,0.8215775570331233,8,7,True,True,True
587,1.1,11.0,2.2,3.0,1.0,50261312,0.07281491442028537,True,True,0.0,15894,1,1,False,1,1,36,0.979369450136612,0.840073832178492,0.8215775570331233,8,7,True,True,True
587,1.2,12.0,2.4,3.0,1.0,50261312,0.07281491442028537,True,True,0.0,15894,1,1,False,1,1,36,0.979369450136612,0.840073832178492,0.8215775570331233,8,7,True,True,True
588,0.8,8.0,1.6,3.0,1.0,50261313,3.501196301702929,True,True,0.0,16036,8,8,False,8,1,32,0.975527237021858,0.800826711375608,0.781994540060005,8,8,True,True,True
588,0.9,9.0,1.8,3.0,1.0,50261313,3.501196301702929,True,True,0.0,16036,8,8,False,8,1,32,0.975527237021858,0.800826711375608,0.781994540060005,8,8,True,True,True
588,1.0,10.0,2.0,3.0,1.0,50261313,3.501196301702929,True,True,0.0,16036,8,8,False,8,1,32,0.975527237021858,0.800826711375608,0.781994540060005,8,8,True,True,True
588,1.1,11.0,2.2,3.0,1.0,50261313,3.501196301702929,True,True,0.0,16036,8,8,False,8,1,32,0.975527237021858,0.800826711375608,0.781994540060005,8,8,True,True,True
588,1.2,12.0,2.4,3.0,1.0,50261313,3.501196301702929,True,True,0.0,16036,8,8,False,8,1,32,0.975527237021858,0.800826711375608,0.781994540060005,8,8,True,True,True
589,0.8,8.0,1.6,3.0,1.0,50261314,0.7268023173423699,True,True,0.0,15998,18,18,False,18,0,0,1.0,0.7458324641421407,0.7458324641421407,8,6,False,False,False
589,0.9,9.0,1.8,3.0,1.0,50261314,0.7268023173423699,True,True,0.0,15998,18,18,False,18,0,0,1.0,0.7458324641421407,0.7458324641421407,8,6,False,False,False
589,1.0,10.0,2.0,3.0,1.0,50261314,0.7268023173423699,True,True,0.0,15998,18,18,False,18,0,0,1.0,0.7458324641421407,0.7458324641421407,8,6,False,False,False
589,1.1,11.0,2.2,3.0,1.0,50261314,0.7268023173423699,True,True,0.0,15998,18,18,False,18,0,0,1.0,0.7458324641421407,0.7458324641421407,8,6,False,False,False
589,1.2,12.0,2.4,3.0,1.0,50261314,0.7268023173423699,True,True,0.0,15998,18,18,False,18,0,0,1.0,0.7458324641421407,0.7458324641421407,8,6,False,False,False
590,0.8,8.0,1.6,3.0,1.0,50261315,5.429349121411687,True,True,0.0,16045,5,5,False,5,0,0,1.0,0.6974702735665839,0.6974702735665839,8,6,False,False,False
590,0.9,9.0,1.8,3.0,1.0,50261315,5.429349121411687,True,True,0.0,16045,5,5,False,5,0,0,1.0,0.6974702735665839,0.6974702735665839,8,6,False,False,False
590,1.0,10.0,2.0,3.0,1.0,50261315,5.429349121411687,True,True,0.0,16045,5,5,False,5,0,0,1.0,0.6974702735665839,0.6974702735665839,8,6,False,False,False
590,1.1,11.0,2.2,3.0,1.0,50261315,5.429349121411687,True,True,0.0,16045,5,5,False,5,0,0,1.0,0.6974702735665839,0.6974702735665839,8,6,False,False,False
590,1.2,12.0,2.4,3.0,1.0,50261315,5.429349121411687,True,True,0.0,16045,5,5,False,5,0,0,1.0,0.6974702735665839,0.6974702735665839,8,6,False,False,False
591,0.8,8.0,1.6,3.0,1.0,50261316,5.574531479054306,True,True,0.0,15528,3,3,False,3,0,0,0.9966216216216216,0.7557973547858574,0.7527609175388938,8,6,False,False,False
591,0.9,9.0,1.8,3.0,1.0,50261316,5.574531479054306,True,True,0.0,15528,3,3,False,3,0,0,0.9966216216216216,0.7557973547858574,0.7527609175388938,8,6,False,False,False
591,1.0,10.0,2.0,3.0,1.0,50261316,5.574531479054306,True,True,0.0,15528,3,3,False,3,0,0,0.9966216216216216,0.7557973547858574,0.7527609175388938,8,6,False,False,False
591,1.1,11.0,2.2,3.0,1.0,50261316,5.574531479054306,True,True,0.0,15528,3,3,False,3,0,0,0.9966216216216216,0.7557973547858574,0.7527609175388938,8,6,False,False,False
591,1.2,12.0,2.4,3.0,1.0,50261316,5.574531479054306,True,True,0.0,15528,3,3,False,3,0,0,0.9966216216216216,0.7557973547858574,0.7527609175388938,8,6,False,False,False
592,0.8,8.0,1.6,3.0,1.0,50261317,3.604792386832598,True,True,0.0,15817,10,10,False,10,1,47,0.9779072745901639,0.8743747461078608,0.8544085778223648,8,8,True,True,True
592,0.9,9.0,1.8,3.0,1.0,50261317,3.604792386832598,True,True,0.0,15817,10,10,False,10,1,47,0.9779072745901639,0.8743747461078608,0.8544085778223648,8,8,True,True,True
592,1.0,10.0,2.0,3.0,1.0,50261317,3.604792386832598,True,True,0.0,15817,10,10,False,10,1,47,0.9779072745901639,0.8743747461078608,0.8544085778223648,8,8,True,True,True
592,1.1,11.0,2.2,3.0,1.0,50261317,3.604792386832598,True,True,0.0,15817,10,10,False,10,1,47,0.9779072745901639,0.8743747461078608,0.8544085778223648,8,8,True,True,True
592,1.2,12.0,2.4,3.0,1.0,50261317,3.604792386832598,True,True,0.0,15817,10,10,False,10,1,47,0.9779072745901639,0.8743747461078608,0.8544085778223648,8,8,True,True,True
593,0.8,8.0,1.6,3.0,1.0,50261318,0.7338313443229224,True,True,0.0,15799,4,4,False,4,1,44,0.9864988900273224,0.8964702737818819,0.8846312851491805,8,8,True,True,True
593,0.9,9.0,1.8,3.0,1.0,50261318,0.7338313443229224,True,True,0.0,15799,4,4,False,4,1,44,0.9864988900273224,0.8964702737818819,0.8846312851491805,8,8,True,True,True
593,1.0,10.0,2.0,3.0,1.0,50261318,0.7338313443229224,True,True,0.0,15799,4,4,False,4,1,44,0.9864988900273224,0.8964702737818819,0.8846312851491805,8,8,True,True,True
593,1.1,11.0,2.2,3.0,1.0,50261318,0.7338313443229224,True,True,0.0,15799,4,4,False,4,1,44,0.9864988900273224,0.8964702737818819,0.8846312851491805,8,8,True,True,True
593,1.2,12.0,2.4,3.0,1.0,50261318,0.7338313443229224,True,True,0.0,15799,4,4,False,4,0,0,1.0,0.774039266044066,0.774039266044066,8,6,False,False,False
594,0.8,8.0,1.6,3.0,1.0,50261319,1.763128412581495,True,True,0.0,15695,6,6,False,6,0,0,0.9953195382882882,0.7560222981120384,0.7529971974726823,8,6,False,False,False
594,0.9,9.0,1.8,3.0,1.0,50261319,1.763128412581495,True,True,0.0,15695,6,6,False,6,0,0,0.9953195382882882,0.7560222981120384,0.7529971974726823,8,6,False,False,False
594,1.0,10.0,2.0,3.0,1.0,50261319,1.763128412581495,True,True,0.0,15695,6,6,False,6,0,0,0.9953195382882882,0.7560222981120384,0.7529971974726823,8,6,False,False,False
594,1.1,11.0,2.2,3.0,1.0,50261319,1.763128412581495,True,True,0.0,15695,6,6,False,6,0,0,0.9953195382882882,0.7560222981120384,0.7529971974726823,8,6,False,False,False
594,1.2,12.0,2.4,3.0,1.0,50261319,1.763128412581495,True,True,0.0,15695,6,6,False,6,0,0,0.9953195382882882,0.7560222981120384,0.7529971974726823,8,6,False,False,False
595,0.8,8.0,1.6,3.0,1.0,50261320,1.544023093666712,True,True,0.0,16300,8,8,False,8,0,0,1.0,0.6815030347455597,0.6815030347455597,8,6,False,False,False
595,0.9,9.0,1.8,3.0,1.0,50261320,1.544023093666712,True,True,0.0,16300,8,8,False,8,0,0,1.0,0.6815030347455597,0.6815030347455597,8,6,False,False,False
595,1.0,10.0,2.0,3.0,1.0,50261320,1.544023093666712,True,True,0.0,16300,8,8,False,8,0,0,1.0,0.6815030347455597,0.6815030347455597,8,6,False,False,False
595,1.1,11.0,2.2,3.0,1.0,50261320,1.544023093666712,True,True,0.0,16300,8,8,False,8,0,0,1.0,0.6815030347455597,0.6815030347455597,8,6,False,False,False
595,1.2,12.0,2.4,3.0,1.0,50261320,1.544023093666712,True,True,0.0,16300,8,8,False,8,0,0,1.0,0.6815030347455597,0.6815030347455597,8,6,False,False,False
596,0.8,8.0,1.6,3.0,1.0,50261321,6.178545889199942,True,True,0.0,15960,17,17,False,17,0,0,1.0,0.6980881989944365,0.6980881989944365,8,6,False,False,False
596,0.9,9.0,1.8,3.0,1.0,50261321,6.178545889199942,True,True,0.0,15960,17,17,False,17,0,0,1.0,0.6980881989944365,0.6980881989944365,8,6,False,False,False
596,1.0,10.0,2.0,3.0,1.0,50261321,6.178545889199942,True,True,0.0,15960,17,17,False,17,0,0,1.0,0.6980881989944365,0.6980881989944365,8,6,False,False,False
596,1.1,11.0,2.2,3.0,1.0,50261321,6.178545889199942,True,True,0.0,15960,17,17,False,17,0,0,1.0,0.6980881989944365,0.6980881989944365,8,6,False,False,False
596,1.2,12.0,2.4,3.0,1.0,50261321,6.178545889199942,True,True,0.0,15960,17,17,False,17,0,0,1.0,0.6980881989944365,0.6980881989944365,8,6,False,False,False
597,0.8,8.0,1.6,3.0,1.0,50261322,2.2560217734306636,True,True,0.0,15699,6,6,False,6,1,34,0.9811624829234973,0.9290479537759041,0.9110327931662057,8,8,True,True,True
597,0.9,9.0,1.8,3.0,1.0,50261322,2.2560217734306636,True,True,0.0,15699,6,6,False,6,1,34,0.9811624829234973,0.9290479537759041,0.9110327931662057,8,8,True,True,True
597,1.0,10.0,2.0,3.0,1.0,50261322,2.2560217734306636,True,True,0.0,15699,6,6,False,6,1,34,0.9811624829234973,0.9290479537759041,0.9110327931662057,8,8,True,True,True
597,1.1,11.0,2.2,3.0,1.0,50261322,2.2560217734306636,True,True,0.0,15699,6,6,False,6,1,34,0.9811624829234973,0.9290479537759041,0.9110327931662057,8,8,True,True,True
597,1.2,12.0,2.4,3.0,1.0,50261322,2.2560217734306636,True,True,0.0,15699,6,6,False,6,1,34,0.9811624829234973,0.9290479537759041,0.9110327931662057,8,8,True,True,True
598,0.8,8.0,1.6,3.0,1.0,50261323,4.243857189573088,True,True,0.0,16226,5,5,False,5,0,0,1.0,0.7643643694484633,0.7643643694484633,8,6,False,False,False
598,0.9,9.0,1.8,3.0,1.0,50261323,4.243857189573088,True,True,0.0,16226,5,5,False,5,0,0,1.0,0.7643643694484633,0.7643643694484633,8,6,False,False,False
598,1.0,10.0,2.0,3.0,1.0,50261323,4.243857189573088,True,True,0.0,16226,5,5,False,5,0,0,1.0,0.7643643694484633,0.7643643694484633,8,6,False,False,False
598,1.1,11.0,2.2,3.0,1.0,50261323,4.243857189573088,True,True,0.0,16226,5,5,False,5,0,0,1.0,0.7643643694484633,0.7643643694484633,8,6,False,False,False
598,1.2,12.0,2.4,3.0,1.0,50261323,4.243857189573088,True,True,0.0,16226,5,5,False,5,0,0,1.0,0.7643643694484633,0.7643643694484633,8,6,False,False,False
599,0.8,8.0,1.6,3.0,1.0,50261324,0.9404560267671284,True,True,0.0,16540,3,3,False,3,1,54,0.9845137465846995,0.7905899382268948,0.7788150789629729,8,8,True,True,True
599,0.9,9.0,1.8,3.0,1.0,50261324,0.9404560267671284,True,True,0.0,16540,3,3,False,3,1,54,0.9845137465846995,0.7905899382268948,0.7788150789629729,8,8,True,True,True
599,1.0,10.0,2.0,3.0,1.0,50261324,0.9404560267671284,True,True,0.0,16540,3,3,False,3,1,54,0.9845137465846995,0.7905899382268948,0.7788150789629729,8,8,True,True,True
599,1.1,11.0,2.2,3.0,1.0,50261324,0.9404560267671284,True,True,0.0,16540,3,3,False,3,1,54,0.9845137465846995,0.7905899382268948,0.7788150789629729,8,8,True,True,True
599,1.2,12.0,2.4,3.0,1.0,50261324,0.9404560267671284,True,True,0.0,16540,3,3,False,3,1,54,0.9845137465846995,0.7905899382268948,0.7788150789629729,8,8,True,True,True
600,0.8,8.0,1.6,3.0,1.0,50261325,6.090910600700452,True,True,0.0,15539,5,5,False,5,1,36,0.9711727288251366,0.8778365471177727,0.8497761839953998,8,8,True,True,True
600,0.9,9.0,1.8,3.0,1.0,50261325,6.090910600700452,True,True,0.0,15539,5,5,False,5,1,36,0.9711727288251366,0.8778365471177727,0.8497761839953998,8,8,True,True,True
600,1.0,10.0,2.0,3.0,1.0,50261325,6.090910600700452,True,True,0.0,15539,5,5,False,5,1,36,0.9711727288251366,0.8778365471177727,0.8497761839953998,8,8,True,True,True
600,1.1,11.0,2.2,3.0,1.0,50261325,6.090910600700452,True,True,0.0,15539,5,5,False,5,1,36,0.9711727288251366,0.8778365471177727,0.8497761839953998,8,8,True,True,True
600,1.2,12.0,2.4,3.0,1.0,50261325,6.090910600700452,True,True,0.0,15539,5,5,False,5,1,36,0.9711727288251366,0.8778365471177727,0.8497761839953998,8,8,True,True,True
601,0.8,8.0,1.6,3.0,1.0,50261326,1.8284213116106338,True,True,0.0,15957,1,1,False,1,0,0,1.0,0.720063262201124,0.720063262201124,8,6,False,False,False
601,0.9,9.0,1.8,3.0,1.0,50261326,1.8284213116106338,True,True,0.0,15957,1,1,False,1,0,0,1.0,0.720063262201124,0.720063262201124,8,6,False,False,False
601,1.0,10.0,2.0,3.0,1.0,50261326,1.8284213116106338,True,True,0.0,15957,1,1,False,1,0,0,1.0,0.720063262201124,0.720063262201124,8,6,False,False,False
601,1.1,11.0,2.2,3.0,1.0,50261326,1.8284213116106338,True,True,0.0,15957,1,1,False,1,0,0,1.0,0.720063262201124,0.720063262201124,8,6,False,False,False
601,1.2,12.0,2.4,3.0,1.0,50261326,1.8284213116106338,True,True,0.0,15957,1,1,False,1,0,0,1.0,0.720063262201124,0.720063262201124,8,6,False,False,False
602,0.8,8.0,1.6,3.0,1.0,50261327,4.809810712107716,True,True,0.0,15824,2,2,False,2,0,0,1.0,0.7932871230660541,0.7932871230660541,8,6,False,False,False
602,0.9,9.0,1.8,3.0,1.0,50261327,4.809810712107716,True,True,0.0,15824,2,2,False,2,0,0,1.0,0.7932871230660541,0.7932871230660541,8,6,False,False,False
602,1.0,10.0,2.0,3.0,1.0,50261327,4.809810712107716,True,True,0.0,15824,2,2,False,2,0,0,1.0,0.7932871230660541,0.7932871230660541,8,6,False,False,False
602,1.1,11.0,2.2,3.0,1.0,50261327,4.809810712107716,True,True,0.0,15824,2,2,False,2,0,0,1.0,0.7932871230660541,0.7932871230660541,8,6,False,False,False
602,1.2,12.0,2.4,3.0,1.0,50261327,4.809810712107716,True,True,0.0,15824,2,2,False,2,0,0,1.0,0.7932871230660541,0.7932871230660541,8,6,False,False,False
603,0.8,8.0,1.6,3.0,1.0,50261328,2.9294598482496323,True,True,0.0,15777,3,3,False,3,1,53,0.9799564549180328,0.9224390573584123,0.9050256296049173,8,8,True,True,True
603,0.9,9.0,1.8,3.0,1.0,50261328,2.9294598482496323,True,True,0.0,15777,3,3,False,3,1,53,0.9799564549180328,0.9224390573584123,0.9050256296049173,8,8,True,True,True
603,1.0,10.0,2.0,3.0,1.0,50261328,2.9294598482496323,True,True,0.0,15777,3,3,False,3,1,53,0.9799564549180328,0.9224390573584123,0.9050256296049173,8,8,True,True,True
603,1.1,11.0,2.2,3.0,1.0,50261328,2.9294598482496323,True,True,0.0,15777,3,3,False,3,1,53,0.9799564549180328,0.9224390573584123,0.9050256296049173,8,8,True,True,True
603,1.2,12.0,2.4,3.0,1.0,50261328,2.9294598482496323,True,True,0.0,15777,3,3,False,3,1,53,0.9799564549180328,0.9224390573584123,0.9050256296049173,8,8,True,True,True
604,0.8,8.0,1.6,3.0,1.0,50261329,3.9213477170289424,True,True,0.0,16301,1,1,False,1,1,45,0.9807355703551912,0.8302086732573831,0.8131078982646355,8,8,True,True,True
604,0.9,9.0,1.8,3.0,1.0,50261329,3.9213477170289424,True,True,0.0,16301,1,1,False,1,1,45,0.9807355703551912,0.8302086732573831,0.8131078982646355,8,8,True,True,True
604,1.0,10.0,2.0,3.0,1.0,50261329,3.9213477170289424,True,True,0.0,16301,1,1,False,1,1,45,0.9807355703551912,0.8302086732573831,0.8131078982646355,8,8,True,True,True
604,1.1,11.0,2.2,3.0,1.0,50261329,3.9213477170289424,True,True,0.0,16301,1,1,False,1,1,45,0.9807355703551912,0.8302086732573831,0.8131078982646355,8,8,True,True,True
604,1.2,12.0,2.4,3.0,1.0,50261329,3.9213477170289424,True,True,0.0,16301,1,1,False,1,1,45,0.9807355703551912,0.8302086732573831,0.8131078982646355,8,8,True,True,True
605,0.8,8.0,1.6,3.0,1.0,50261330,1.809650502451091,True,True,0.0,15747,1,1,False,1,1,49,0.9740970799180328,0.8533998796008473,0.8301850963994164,8,8,True,True,True
605,0.9,9.0,1.8,3.0,1.0,50261330,1.809650502451091,True,True,0.0,15747,1,1,False,1,1,49,0.9740970799180328,0.8533998796008473,0.8301850963994164,8,8,True,True,True
605,1.0,10.0,2.0,3.0,1.0,50261330,1.809650502451091,True,True,0.0,15747,1,1,False,1,1,49,0.9740970799180328,0.8533998796008473,0.8301850963994164,8,8,True,True,True
605,1.1,11.0,2.2,3.0,1.0,50261330,1.809650502451091,True,True,0.0,15747,1,1,False,1,1,49,0.9740970799180328,0.8533998796008473,0.8301850963994164,8,8,True,True,True
605,1.2,12.0,2.4,3.0,1.0,50261330,1.809650502451091,True,True,0.0,15747,1,1,False,1,1,49,0.9740970799180328,0.8533998796008473,0.8301850963994164,8,8,True,True,True
606,0.8,8.0,1.6,3.0,1.0,50261331,0.7568371895788419,True,True,0.0,16242,1,1,False,1,1,44,0.9677787739071038,0.8199738525146472,0.7935123863492336,8,7,True,True,False
606,0.9,9.0,1.8,3.0,1.0,50261331,0.7568371895788419,True,True,0.0,16242,1,1,False,1,1,44,0.9677787739071038,0.8199738525146472,0.7935123863492336,8,7,True,True,False
606,1.0,10.0,2.0,3.0,1.0,50261331,0.7568371895788419,True,True,0.0,16242,1,1,False,1,1,44,0.9677787739071038,0.8199738525146472,0.7935123863492336,8,7,True,True,False
606,1.1,11.0,2.2,3.0,1.0,50261331,0.7568371895788419,True,True,0.0,16242,1,1,False,1,1,44,0.9677787739071038,0.8199738525146472,0.7935123863492336,8,7,True,True,False
606,1.2,12.0,2.4,3.0,1.0,50261331,0.7568371895788419,True,True,0.0,16242,1,1,False,1,1,44,0.9677787739071038,0.8199738525146472,0.7935123863492336,8,7,True,True,False
607,0.8,8.0,1.6,3.0,1.0,50261332,0.19503587302124986,True,True,0.0,15704,7,10,True,0,0,0,1.0,0.9007726196515057,0.9007726196515057,8,8,True,True,True
607,0.9,9.0,1.8,3.0,1.0,50261332,0.19503587302124986,True,True,0.0,15704,7,10,True,0,0,0,1.0,0.9007726196515057,0.9007726196515057,8,8,True,True,True
607,1.0,10.0,2.0,3.0,1.0,50261332,0.19503587302124986,True,True,0.0,15704,7,10,True,0,0,0,1.0,0.9007726196515057,0.9007726196515057,8,8,True,True,True
607,1.1,11.0,2.2,3.0,1.0,50261332,0.19503587302124986,True,True,0.0,15704,7,10,True,0,0,0,1.0,0.9007726196515057,0.9007726196515057,8,8,True,True,True
607,1.2,12.0,2.4,3.0,1.0,50261332,0.19503587302124986,True,True,0.0,15704,7,10,True,0,0,0,1.0,0.9007726196515057,0.9007726196515057,8,8,True,True,True
608,0.8,8.0,1.6,3.0,1.0,50261333,3.4830049151146873,True,True,0.0,15605,8,8,False,8,1,54,0.9760230902008566,0.8310172694640329,0.8103431353435065,8,8,True,True,True
608,0.9,9.0,1.8,3.0,1.0,50261333,3.4830049151146873,True,True,0.0,15605,8,8,False,8,1,54,0.9760230902008566,0.8310172694640329,0.8103431353435065,8,8,True,True,True
608,1.0,10.0,2.0,3.0,1.0,50261333,3.4830049151146873,True,True,0.0,15605,8,8,False,8,1,54,0.9760230902008566,0.8310172694640329,0.8103431353435065,8,8,True,True,True
608,1.1,11.0,2.2,3.0,1.0,50261333,3.4830049151146873,True,True,0.0,15605,8,8,False,8,1,54,0.9760230902008566,0.8310172694640329,0.8103431353435065,8,8,True,True,True
608,1.2,12.0,2.4,3.0,1.0,50261333,3.4830049151146873,True,True,0.0,15605,8,8,False,8,1,54,0.9760230902008566,0.8310172694640329,0.8103431353435065,8,8,True,True,True
609,0.8,8.0,1.6,3.0,1.0,50261334,3.269275790246059,True,True,0.0,15928,3,3,False,3,0,0,1.0,0.7666788407508448,0.7666788407508448,8,6,False,False,False
609,0.9,9.0,1.8,3.0,1.0,50261334,3.269275790246059,True,True,0.0,15928,3,3,False,3,0,0,1.0,0.7666788407508448,0.7666788407508448,8,6,False,False,False
609,1.0,10.0,2.0,3.0,1.0,50261334,3.269275790246059,True,True,0.0,15928,3,3,False,3,0,0,1.0,0.7666788407508448,0.7666788407508448,8,6,False,False,False
609,1.1,11.0,2.2,3.0,1.0,50261334,3.269275790246059,True,True,0.0,15928,3,3,False,3,0,0,1.0,0.7666788407508448,0.7666788407508448,8,6,False,False,False
609,1.2,12.0,2.4,3.0,1.0,50261334,3.269275790246059,True,True,0.0,15928,3,3,False,3,0,0,1.0,0.7666788407508448,0.7666788407508448,8,6,False,False,False
610,0.8,8.0,1.6,3.0,1.0,50261335,2.5134320318638457,True,True,0.0,15778,1,1,False,1,0,0,1.0,0.685973851749303,0.685973851749303,8,6,False,False,False
610,0.9,9.0,1.8,3.0,1.0,50261335,2.5134320318638457,True,True,0.0,15778,1,1,False,1,0,0,1.0,0.685973851749303,0.685973851749303,8,6,False,False,False
610,1.0,10.0,2.0,3.0,1.0,50261335,2.5134320318638457,True,True,0.0,15778,1,1,False,1,0,0,1.0,0.685973851749303,0.685973851749303,8,6,False,False,False
610,1.1,11.0,2.2,3.0,1.0,50261335,2.5134320318638457,True,True,0.0,15778,1,1,False,1,0,0,1.0,0.685973851749303,0.685973851749303,8,6,False,False,False
610,1.2,12.0,2.4,3.0,1.0,50261335,2.5134320318638457,True,True,0.0,15778,1,1,False,1,0,0,1.0,0.685973851749303,0.685973851749303,8,6,False,False,False
611,0.8,8.0,1.6,3.0,1.0,50261336,2.716084349032127,True,True,0.0,15582,7,7,False,7,1,26,0.9822297643442623,0.9146257433606044,0.896900680769007,8,8,True,True,True
611,0.9,9.0,1.8,3.0,1.0,50261336,2.716084349032127,True,True,0.0,15582,7,7,False,7,1,26,0.9822297643442623,0.9146257433606044,0.896900680769007,8,8,True,True,True
611,1.0,10.0,2.0,3.0,1.0,50261336,2.716084349032127,True,True,0.0,15582,7,7,False,7,1,26,0.9822297643442623,0.9146257433606044,0.896900680769007,8,8,True,True,True
611,1.1,11.0,2.2,3.0,1.0,50261336,2.716084349032127,True,True,0.0,15582,7,7,False,7,1,26,0.9822297643442623,0.9146257433606044,0.896900680769007,8,8,True,True,True
611,1.2,12.0,2.4,3.0,1.0,50261336,2.716084349032127,True,True,0.0,15582,7,7,False,7,1,26,0.9822297643442623,0.9146257433606044,0.896900680769007,8,8,True,True,True
612,0.8,8.0,1.6,3.0,1.0,50261337,3.8397177925627277,True,True,0.0,15826,7,7,False,7,0,0,1.0,0.685485112690531,0.685485112690531,8,5,False,False,False
612,0.9,9.0,1.8,3.0,1.0,50261337,3.8397177925627277,True,True,0.0,15826,7,7,False,7,0,0,1.0,0.685485112690531,0.685485112690531,8,5,False,False,False
612,1.0,10.0,2.0,3.0,1.0,50261337,3.8397177925627277,True,True,0.0,15826,7,7,False,7,0,0,1.0,0.685485112690531,0.685485112690531,8,5,False,False,False
612,1.1,11.0,2.2,3.0,1.0,50261337,3.8397177925627277,True,True,0.0,15826,7,7,False,7,0,0,1.0,0.685485112690531,0.685485112690531,8,5,False,False,False
612,1.2,12.0,2.4,3.0,1.0,50261337,3.8397177925627277,True,True,0.0,15826,7,7,False,7,0,0,1.0,0.685485112690531,0.685485112690531,8,5,False,False,False
613,0.8,8.0,1.6,3.0,1.0,50261338,5.952368563936052,True,True,0.0,15754,4,4,False,4,1,46,0.9821016905737705,0.8676076468030739,0.8516974799679442,8,8,True,True,True
613,0.9,9.0,1.8,3.0,1.0,50261338,5.952368563936052,True,True,0.0,15754,4,4,False,4,1,46,0.9821016905737705,0.8676076468030739,0.8516974799679442,8,8,True,True,True
613,1.0,10.0,2.0,3.0,1.0,50261338,5.952368563936052,True,True,0.0,15754,4,4,False,4,1,46,0.9821016905737705,0.8676076468030739,0.8516974799679442,8,8,True,True,True
613,1.1,11.0,2.2,3.0,1.0,50261338,5.952368563936052,True,True,0.0,15754,4,4,False,4,1,46,0.9821016905737705,0.8676076468030739,0.8516974799679442,8,8,True,True,True
613,1.2,12.0,2.4,3.0,1.0,50261338,5.952368563936052,True,True,0.0,15754,4,4,False,4,1,46,0.9821016905737705,0.8676076468030739,0.8516974799679442,8,8,True,True,True
614,0.8,8.0,1.6,3.0,1.0,50261339,2.557603863661427,True,True,0.0,16295,1,1,False,1,0,0,1.0,0.6781838610358308,0.6781838610358308,8,6,False,False,False
614,0.9,9.0,1.8,3.0,1.0,50261339,2.557603863661427,True,True,0.0,16295,1,1,False,1,0,0,1.0,0.6781838610358308,0.6781838610358308,8,6,False,False,False
614,1.0,10.0,2.0,3.0,1.0,50261339,2.557603863661427,True,True,0.0,16295,1,1,False,1,0,0,1.0,0.6781838610358308,0.6781838610358308,8,6,False,False,False
614,1.1,11.0,2.2,3.0,1.0,50261339,2.557603863661427,True,True,0.0,16295,1,1,False,1,0,0,1.0,0.6781838610358308,0.6781838610358308,8,6,False,False,False
614,1.2,12.0,2.4,3.0,1.0,50261339,2.557603863661427,True,True,0.0,16295,1,1,False,1,0,0,1.0,0.6781838610358308,0.6781838610358308,8,6,False,False,False
615,0.8,8.0,1.6,3.0,1.0,50261340,5.921989007231567,True,True,0.0,16032,4,4,False,4,1,29,0.9445013661202186,0.8842338826917948,0.832575663144868,8,7,True,True,False
615,0.9,9.0,1.8,3.0,1.0,50261340,5.921989007231567,True,True,0.0,16032,4,4,False,4,1,29,0.9445013661202186,0.8842338826917948,0.832575663144868,8,7,True,True,False
615,1.0,10.0,2.0,3.0,1.0,50261340,5.921989007231567,True,True,0.0,16032,4,4,False,4,1,29,0.9445013661202186,0.8842338826917948,0.832575663144868,8,7,True,True,False
615,1.1,11.0,2.2,3.0,1.0,50261340,5.921989007231567,True,True,0.0,16032,4,4,False,4,1,29,0.9445013661202186,0.8842338826917948,0.832575663144868,8,7,True,True,False
615,1.2,12.0,2.4,3.0,1.0,50261340,5.921989007231567,True,True,0.0,16032,4,4,False,4,1,29,0.9445013661202186,0.8842338826917948,0.832575663144868,8,7,True,True,False
616,0.8,8.0,1.6,3.0,1.0,50261341,2.791237983188767,True,True,0.0,16537,3,3,False,3,1,44,0.9831476263661202,0.7996912855054302,0.7857223914962136,8,8,True,True,True
616,0.9,9.0,1.8,3.0,1.0,50261341,2.791237983188767,True,True,0.0,16537,3,3,False,3,1,44,0.9831476263661202,0.7996912855054302,0.7857223914962136,8,8,True,True,True
616,1.0,10.0,2.0,3.0,1.0,50261341,2.791237983188767,True,True,0.0,16537,3,3,False,3,1,44,0.9831476263661202,0.7996912855054302,0.7857223914962136,8,8,True,True,True
616,1.1,11.0,2.2,3.0,1.0,50261341,2.791237983188767,True,True,0.0,16537,3,3,False,3,1,44,0.9831476263661202,0.7996912855054302,0.7857223914962136,8,8,True,True,True
616,1.2,12.0,2.4,3.0,1.0,50261341,2.791237983188767,True,True,0.0,16537,3,3,False,3,1,44,0.9831476263661202,0.7996912855054302,0.7857223914962136,8,8,True,True,True
617,0.8,8.0,1.6,3.0,1.0,50261342,5.687249512592155,True,True,0.0,15977,1,1,False,1,0,0,1.0,0.7015082867350688,0.7015082867350688,8,6,False,False,False
617,0.9,9.0,1.8,3.0,1.0,50261342,5.687249512592155,True,True,0.0,15977,1,1,False,1,0,0,1.0,0.7015082867350688,0.7015082867350688,8,6,False,False,False
617,1.0,10.0,2.0,3.0,1.0,50261342,5.687249512592155,True,True,0.0,15977,1,1,False,1,0,0,1.0,0.7015082867350688,0.7015082867350688,8,6,False,False,False
617,1.1,11.0,2.2,3.0,1.0,50261342,5.687249512592155,True,True,0.0,15977,1,1,False,1,0,0,1.0,0.7015082867350688,0.7015082867350688,8,6,False,False,False
617,1.2,12.0,2.4,3.0,1.0,50261342,5.687249512592155,True,True,0.0,15977,1,1,False,1,0,0,1.0,0.7015082867350688,0.7015082867350688,8,6,False,False,False
618,0.8,8.0,1.6,3.0,1.0,50261343,4.697736164346052,True,True,0.0,15835,7,7,False,7,0,0,1.0,0.7512428140955217,0.7512428140955217,8,6,False,False,False
618,0.9,9.0,1.8,3.0,1.0,50261343,4.697736164346052,True,True,0.0,15835,7,7,False,7,0,0,1.0,0.7512428140955217,0.7512428140955217,8,6,False,False,False
618,1.0,10.0,2.0,3.0,1.0,50261343,4.697736164346052,True,True,0.0,15835,7,7,False,7,0,0,1.0,0.7512428140955217,0.7512428140955217,8,6,False,False,False
618,1.1,11.0,2.2,3.0,1.0,50261343,4.697736164346052,True,True,0.0,15835,7,7,False,7,0,0,1.0,0.7512428140955217,0.7512428140955217,8,6,False,False,False
618,1.2,12.0,2.4,3.0,1.0,50261343,4.697736164346052,True,True,0.0,15835,7,7,False,7,0,0,1.0,0.7512428140955217,0.7512428140955217,8,6,False,False,False
619,0.8,8.0,1.6,3.0,1.0,50261344,4.755819348846169,True,True,0.0,15786,4,4,False,4,0,0,1.0,0.7738638952975908,0.7738638952975908,8,6,False,False,False
619,0.9,9.0,1.8,3.0,1.0,50261344,4.755819348846169,True,True,0.0,15786,4,4,False,4,0,0,1.0,0.7738638952975908,0.7738638952975908,8,6,False,False,False
619,1.0,10.0,2.0,3.0,1.0,50261344,4.755819348846169,True,True,0.0,15786,4,4,False,4,0,0,1.0,0.7738638952975908,0.7738638952975908,8,6,False,False,False
619,1.1,11.0,2.2,3.0,1.0,50261344,4.755819348846169,True,True,0.0,15786,4,4,False,4,0,0,1.0,0.7738638952975908,0.7738638952975908,8,6,False,False,False
619,1.2,12.0,2.4,3.0,1.0,50261344,4.755819348846169,True,True,0.0,15786,4,4,False,4,0,0,1.0,0.7738638952975908,0.7738638952975908,8,6,False,False,False
620,0.8,8.0,1.6,3.0,1.0,50261345,1.4408072142954655,True,True,0.0,15856,1,1,False,1,1,50,0.9323983948087432,0.8752086956730645,0.8117420609271246,8,7,True,True,False
620,0.9,9.0,1.8,3.0,1.0,50261345,1.4408072142954655,True,True,0.0,15856,1,1,False,1,1,50,0.9323983948087432,0.8752086956730645,0.8117420609271246,8,7,True,True,False
620,1.0,10.0,2.0,3.0,1.0,50261345,1.4408072142954655,True,True,0.0,15856,1,1,False,1,1,50,0.9323983948087432,0.8752086956730645,0.8117420609271246,8,7,True,True,False
620,1.1,11.0,2.2,3.0,1.0,50261345,1.4408072142954655,True,True,0.0,15856,1,1,False,1,1,50,0.9323983948087432,0.8752086956730645,0.8117420609271246,8,7,True,True,False
620,1.2,12.0,2.4,3.0,1.0,50261345,1.4408072142954655,True,True,0.0,15856,1,1,False,1,1,50,0.9323983948087432,0.8752086956730645,0.8117420609271246,8,7,True,True,False
621,0.8,8.0,1.6,3.0,1.0,50261346,2.0119684658500634,True,True,0.0,16207,5,5,False,5,1,18,0.9820056352459017,0.7902130674277806,0.7736208536916906,8,8,True,True,True
621,0.9,9.0,1.8,3.0,1.0,50261346,2.0119684658500634,True,True,0.0,16207,5,5,False,5,1,18,0.9820056352459017,0.7902130674277806,0.7736208536916906,8,8,True,True,True
621,1.0,10.0,2.0,3.0,1.0,50261346,2.0119684658500634,True,True,0.0,16207,5,5,False,5,1,18,0.9820056352459017,0.7902130674277806,0.7736208536916906,8,8,True,True,True
621,1.1,11.0,2.2,3.0,1.0,50261346,2.0119684658500634,True,True,0.0,16207,5,5,False,5,1,18,0.9820056352459017,0.7902130674277806,0.7736208536916906,8,8,True,True,True
621,1.2,12.0,2.4,3.0,1.0,50261346,2.0119684658500634,True,True,0.0,16207,5,5,False,5,1,18,0.9820056352459017,0.7902130674277806,0.7736208536916906,8,8,True,True,True
622,0.8,8.0,1.6,3.0,1.0,50261347,0.34067971667924846,True,True,0.0,15967,4,4,False,4,0,0,1.0,0.744511042855822,0.744511042855822,8,6,False,False,False
622,0.9,9.0,1.8,3.0,1.0,50261347,0.34067971667924846,True,True,0.0,15967,4,4,False,4,0,0,1.0,0.744511042855822,0.744511042855822,8,6,False,False,False
622,1.0,10.0,2.0,3.0,1.0,50261347,0.34067971667924846,True,True,0.0,15967,4,4,False,4,0,0,1.0,0.744511042855822,0.744511042855822,8,6,False,False,False
622,1.1,11.0,2.2,3.0,1.0,50261347,0.34067971667924846,True,True,0.0,15967,4,4,False,4,0,0,1.0,0.744511042855822,0.744511042855822,8,6,False,False,False
622,1.2,12.0,2.4,3.0,1.0,50261347,0.34067971667924846,True,True,0.0,15967,4,4,False,4,0,0,1.0,0.744511042855822,0.744511042855822,8,6,False,False,False
623,0.8,8.0,1.6,3.0,1.0,50261348,1.7407619480698748,True,True,0.0,15720,1,1,False,1,1,27,0.9424201673497268,0.8964133224540076,0.843042249413817,8,7,True,True,False
623,0.9,9.0,1.8,3.0,1.0,50261348,1.7407619480698748,True,True,0.0,15720,1,1,False,1,1,27,0.9424201673497268,0.8964133224540076,0.843042249413817,8,7,True,True,False
623,1.0,10.0,2.0,3.0,1.0,50261348,1.7407619480698748,True,True,0.0,15720,1,1,False,1,1,27,0.9424201673497268,0.8964133224540076,0.843042249413817,8,7,True,True,False
623,1.1,11.0,2.2,3.0,1.0,50261348,1.7407619480698748,True,True,0.0,15720,1,1,False,1,1,27,0.9424201673497268,0.8964133224540076,0.843042249413817,8,7,True,True,False
623,1.2,12.0,2.4,3.0,1.0,50261348,1.7407619480698748,True,True,0.0,15720,1,1,False,1,1,27,0.9424201673497268,0.8964133224540076,0.843042249413817,8,7,True,True,False
624,0.8,8.0,1.6,3.0,1.0,50261349,0.33563390254765496,True,True,0.0,15063,13,6,True,0,0,0,0.9946684966216216,0.8993012376258923,0.8948457920813379,8,8,True,True,True
624,0.9,9.0,1.8,3.0,1.0,50261349,0.33563390254765496,True,True,0.0,15063,13,6,True,0,0,0,0.9946684966216216,0.8993012376258923,0.8948457920813379,8,8,True,True,True
624,1.0,10.0,2.0,3.0,1.0,50261349,0.33563390254765496,True,True,0.0,15063,13,6,True,0,0,0,0.9946684966216216,0.8993012376258923,0.8948457920813379,8,8,True,True,True
624,1.1,11.0,2.2,3.0,1.0,50261349,0.33563390254765496,True,True,0.0,15063,13,6,True,0,0,0,0.9946684966216216,0.8993012376258923,0.8948457920813379,8,8,True,True,True
624,1.2,12.0,2.4,3.0,1.0,50261349,0.33563390254765496,True,True,0.0,15063,13,6,True,0,0,0,0.9946684966216216,0.8993012376258923,0.8948457920813379,8,8,True,True,True
625,0.8,8.0,1.6,3.0,1.0,50261350,2.039034339088958,True,True,0.0,16149,4,4,False,4,1,32,0.9787824453551912,0.836698573025405,0.8170768757103961,8,8,True,True,True
625,0.9,9.0,1.8,3.0,1.0,50261350,2.039034339088958,True,True,0.0,16149,4,4,False,4,1,32,0.9787824453551912,0.836698573025405,0.8170768757103961,8,8,True,True,True
625,1.0,10.0,2.0,3.0,1.0,50261350,2.039034339088958,True,True,0.0,16149,4,4,False,4,1,32,0.9787824453551912,0.836698573025405,0.8170768757103961,8,8,True,True,True
625,1.1,11.0,2.2,3.0,1.0,50261350,2.039034339088958,True,True,0.0,16149,4,4,False,4,1,32,0.9787824453551912,0.836698573025405,0.8170768757103961,8,8,True,True,True
625,1.2,12.0,2.4,3.0,1.0,50261350,2.039034339088958,True,True,0.0,16149,4,4,False,4,1,32,0.9787824453551912,0.836698573025405,0.8170768757103961,8,8,True,True,True
626,0.8,8.0,1.6,3.0,1.0,50261351,5.104440162579063,True,True,0.0,15779,9,9,False,9,0,0,1.0,0.7378936648498644,0.7378936648498644,8,6,False,False,False
626,0.9,9.0,1.8,3.0,1.0,50261351,5.104440162579063,True,True,0.0,15779,9,9,False,9,0,0,1.0,0.7378936648498644,0.7378936648498644,8,6,False,False,False
626,1.0,10.0,2.0,3.0,1.0,50261351,5.104440162579063,True,True,0.0,15779,9,9,False,9,0,0,1.0,0.7378936648498644,0.7378936648498644,8,6,False,False,False
626,1.1,11.0,2.2,3.0,1.0,50261351,5.104440162579063,True,True,0.0,15779,9,9,False,9,0,0,1.0,0.7378936648498644,0.7378936648498644,8,6,False,False,False
626,1.2,12.0,2.4,3.0,1.0,50261351,5.104440162579063,True,True,0.0,15779,9,9,False,9,0,0,1.0,0.7378936648498644,0.7378936648498644,8,6,False,False,False
627,0.8,8.0,1.6,3.0,1.0,50261352,3.5796150474391,True,True,0.0,15550,4,4,False,4,1,28,0.9828487875683061,0.9350102265474646,0.9180149768403101,8,8,True,True,True
627,0.9,9.0,1.8,3.0,1.0,50261352,3.5796150474391,True,True,0.0,15550,4,4,False,4,1,28,0.9828487875683061,0.9350102265474646,0.9180149768403101,8,8,True,True,True
627,1.0,10.0,2.0,3.0,1.0,50261352,3.5796150474391,True,True,0.0,15550,4,4,False,4,1,28,0.9828487875683061,0.9350102265474646,0.9180149768403101,8,8,True,True,True
627,1.1,11.0,2.2,3.0,1.0,50261352,3.5796150474391,True,True,0.0,15550,4,4,False,4,1,28,0.9828487875683061,0.9350102265474646,0.9180149768403101,8,8,True,True,True
627,1.2,12.0,2.4,3.0,1.0,50261352,3.5796150474391,True,True,0.0,15550,4,4,False,4,1,28,0.9828487875683061,0.9350102265474646,0.9180149768403101,8,8,True,True,True
628,0.8,8.0,1.6,3.0,1.0,50261353,5.937794119207144,True,True,0.0,15908,5,5,False,5,1,36,0.9846098019125683,0.8939061193734683,0.8807061573832282,8,8,True,True,True
628,0.9,9.0,1.8,3.0,1.0,50261353,5.937794119207144,True,True,0.0,15908,5,5,False,5,1,36,0.9846098019125683,0.8939061193734683,0.8807061573832282,8,8,True,True,True
628,1.0,10.0,2.0,3.0,1.0,50261353,5.937794119207144,True,True,0.0,15908,5,5,False,5,1,36,0.9846098019125683,0.8939061193734683,0.8807061573832282,8,8,True,True,True
628,1.1,11.0,2.2,3.0,1.0,50261353,5.937794119207144,True,True,0.0,15908,5,5,False,5,1,36,0.9846098019125683,0.8939061193734683,0.8807061573832282,8,8,True,True,True
628,1.2,12.0,2.4,3.0,1.0,50261353,5.937794119207144,True,True,0.0,15908,5,5,False,5,1,36,0.9846098019125683,0.8939061193734683,0.8807061573832282,8,8,True,True,True
629,0.8,8.0,1.6,3.0,1.0,50261354,5.012880435671387,True,True,0.0,15835,10,10,False,10,0,0,1.0,0.7488362603885155,0.7488362603885155,8,6,False,False,False
629,0.9,9.0,1.8,3.0,1.0,50261354,5.012880435671387,True,True,0.0,15835,10,10,False,10,0,0,1.0,0.7488362603885155,0.7488362603885155,8,6,False,False,False
629,1.0,10.0,2.0,3.0,1.0,50261354,5.012880435671387,True,True,0.0,15835,10,10,False,10,0,0,1.0,0.7488362603885155,0.7488362603885155,8,6,False,False,False
629,1.1,11.0,2.2,3.0,1.0,50261354,5.012880435671387,True,True,0.0,15835,10,10,False,10,0,0,1.0,0.7488362603885155,0.7488362603885155,8,6,False,False,False
629,1.2,12.0,2.4,3.0,1.0,50261354,5.012880435671387,True,True,0.0,15835,10,10,False,10,0,0,1.0,0.7488362603885155,0.7488362603885155,8,6,False,False,False
630,0.8,8.0,1.6,3.0,1.0,50261355,3.0930093262529095,True,True,0.0,15628,4,4,False,4,0,0,0.9966216216216216,0.7501762458421961,0.7469756768521534,8,6,False,False,False
630,0.9,9.0,1.8,3.0,1.0,50261355,3.0930093262529095,True,True,0.0,15628,4,4,False,4,0,0,0.9966216216216216,0.7501762458421961,0.7469756768521534,8,6,False,False,False
630,1.0,10.0,2.0,3.0,1.0,50261355,3.0930093262529095,True,True,0.0,15628,4,4,False,4,0,0,0.9966216216216216,0.7501762458421961,0.7469756768521534,8,6,False,False,False
630,1.1,11.0,2.2,3.0,1.0,50261355,3.0930093262529095,True,True,0.0,15628,4,4,False,4,0,0,0.9966216216216216,0.7501762458421961,0.7469756768521534,8,6,False,False,False
630,1.2,12.0,2.4,3.0,1.0,50261355,3.0930093262529095,True,True,0.0,15628,4,4,False,4,0,0,0.9966216216216216,0.7501762458421961,0.7469756768521534,8,6,False,False,False
631,0.8,8.0,1.6,3.0,1.0,50261356,1.068332733979408,True,True,0.0,15881,3,3,False,3,0,0,1.0,0.7222094240825899,0.7222094240825899,8,6,False,False,False
631,0.9,9.0,1.8,3.0,1.0,50261356,1.068332733979408,True,True,0.0,15881,3,3,False,3,0,0,1.0,0.7222094240825899,0.7222094240825899,8,6,False,False,False
631,1.0,10.0,2.0,3.0,1.0,50261356,1.068332733979408,True,True,0.0,15881,3,3,False,3,0,0,1.0,0.7222094240825899,0.7222094240825899,8,6,False,False,False
631,1.1,11.0,2.2,3.0,1.0,50261356,1.068332733979408,True,True,0.0,15881,3,3,False,3,0,0,1.0,0.7222094240825899,0.7222094240825899,8,6,False,False,False
631,1.2,12.0,2.4,3.0,1.0,50261356,1.068332733979408,True,True,0.0,15881,3,3,False,3,0,0,1.0,0.7222094240825899,0.7222094240825899,8,6,False,False,False
632,0.8,8.0,1.6,3.0,1.0,50261357,3.12957738158155,True,True,0.0,15859,6,6,False,6,0,0,1.0,0.728318687949796,0.728318687949796,8,6,False,False,False
632,0.9,9.0,1.8,3.0,1.0,50261357,3.12957738158155,True,True,0.0,15859,6,6,False,6,0,0,1.0,0.728318687949796,0.728318687949796,8,6,False,False,False
632,1.0,10.0,2.0,3.0,1.0,50261357,3.12957738158155,True,True,0.0,15859,6,6,False,6,0,0,1.0,0.728318687949796,0.728318687949796,8,6,False,False,False
632,1.1,11.0,2.2,3.0,1.0,50261357,3.12957738158155,True,True,0.0,15859,6,6,False,6,0,0,1.0,0.728318687949796,0.728318687949796,8,6,False,False,False
632,1.2,12.0,2.4,3.0,1.0,50261357,3.12957738158155,True,True,0.0,15859,6,6,False,6,0,0,1.0,0.728318687949796,0.728318687949796,8,6,False,False,False
633,0.8,8.0,1.6,3.0,1.0,50261358,5.015866814625255,True,True,0.0,15725,3,3,False,3,0,0,1.0,0.757541505116095,0.757541505116095,8,6,False,False,False
633,0.9,9.0,1.8,3.0,1.0,50261358,5.015866814625255,True,True,0.0,15725,3,3,False,3,0,0,1.0,0.757541505116095,0.757541505116095,8,6,False,False,False
633,1.0,10.0,2.0,3.0,1.0,50261358,5.015866814625255,True,True,0.0,15725,3,3,False,3,0,0,1.0,0.757541505116095,0.757541505116095,8,6,False,False,False
633,1.1,11.0,2.2,3.0,1.0,50261358,5.015866814625255,True,True,0.0,15725,3,3,False,3,0,0,1.0,0.757541505116095,0.757541505116095,8,6,False,False,False
633,1.2,12.0,2.4,3.0,1.0,50261358,5.015866814625255,True,True,0.0,15725,3,3,False,3,0,0,1.0,0.757541505116095,0.757541505116095,8,6,False,False,False
634,0.8,8.0,1.6,3.0,1.0,50261359,3.5109135056020113,True,True,0.0,16467,6,6,False,6,1,29,0.9717170423497268,0.7690855979989322,0.7408709887856817,8,8,True,True,True
634,0.9,9.0,1.8,3.0,1.0,50261359,3.5109135056020113,True,True,0.0,16467,6,6,False,6,1,29,0.9717170423497268,0.7690855979989322,0.7408709887856817,8,8,True,True,True
634,1.0,10.0,2.0,3.0,1.0,50261359,3.5109135056020113,True,True,0.0,16467,6,6,False,6,1,29,0.9717170423497268,0.7690855979989322,0.7408709887856817,8,8,True,True,True
634,1.1,11.0,2.2,3.0,1.0,50261359,3.5109135056020113,True,True,0.0,16467,6,6,False,6,1,29,0.9717170423497268,0.7690855979989322,0.7408709887856817,8,8,True,True,True
634,1.2,12.0,2.4,3.0,1.0,50261359,3.5109135056020113,True,True,0.0,16467,6,6,False,6,1,29,0.9717170423497268,0.7690855979989322,0.7408709887856817,8,8,True,True,True
635,0.8,8.0,1.6,3.0,1.0,50261360,0.10809396179741365,True,True,0.0,15855,13,13,False,13,0,0,1.0,0.7577005893357243,0.7577005893357243,8,6,False,False,False
635,0.9,9.0,1.8,3.0,1.0,50261360,0.10809396179741365,True,True,0.0,15855,13,13,False,13,0,0,1.0,0.7577005893357243,0.7577005893357243,8,6,False,False,False
635,1.0,10.0,2.0,3.0,1.0,50261360,0.10809396179741365,True,True,0.0,15855,13,13,False,13,0,0,1.0,0.7577005893357243,0.7577005893357243,8,6,False,False,False
635,1.1,11.0,2.2,3.0,1.0,50261360,0.10809396179741365,True,True,0.0,15855,13,13,False,13,0,0,1.0,0.7577005893357243,0.7577005893357243,8,6,False,False,False
635,1.2,12.0,2.4,3.0,1.0,50261360,0.10809396179741365,True,True,0.0,15855,13,13,False,13,0,0,1.0,0.7577005893357243,0.7577005893357243,8,6,False,False,False
636,0.8,8.0,1.6,3.0,1.0,50261361,3.3534944118295322,True,True,0.0,15965,3,3,False,3,1,22,0.979828381147541,0.9107184304231635,0.891442849031461,8,8,True,True,True
636,0.9,9.0,1.8,3.0,1.0,50261361,3.3534944118295322,True,True,0.0,15965,3,3,False,3,0,0,1.0,0.7921315708022724,0.7921315708022724,8,7,False,False,False
636,1.0,10.0,2.0,3.0,1.0,50261361,3.3534944118295322,True,True,0.0,15965,3,3,False,3,0,0,1.0,0.7921315708022724,0.7921315708022724,8,7,False,False,False
636,1.1,11.0,2.2,3.0,1.0,50261361,3.3534944118295322,True,True,0.0,15965,3,3,False,3,0,0,1.0,0.7921315708022724,0.7921315708022724,8,7,False,False,False
636,1.2,12.0,2.4,3.0,1.0,50261361,3.3534944118295322,True,True,0.0,15965,3,3,False,3,0,0,1.0,0.7921315708022724,0.7921315708022724,8,7,False,False,False
637,0.8,8.0,1.6,3.0,1.0,50261362,0.8756353205625573,True,True,0.0,15472,14,14,False,14,1,48,0.9715938723046817,0.86798327005868,0.8429917759170314,8,8,True,True,True
637,0.9,9.0,1.8,3.0,1.0,50261362,0.8756353205625573,True,True,0.0,15472,14,14,False,14,1,48,0.9715938723046817,0.86798327005868,0.8429917759170314,8,8,True,True,True
637,1.0,10.0,2.0,3.0,1.0,50261362,0.8756353205625573,True,True,0.0,15472,14,14,False,14,1,48,0.9715938723046817,0.86798327005868,0.8429917759170314,8,8,True,True,True
637,1.1,11.0,2.2,3.0,1.0,50261362,0.8756353205625573,True,True,0.0,15472,14,14,False,14,1,48,0.9715938723046817,0.86798327005868,0.8429917759170314,8,8,True,True,True
637,1.2,12.0,2.4,3.0,1.0,50261362,0.8756353205625573,True,True,0.0,15472,14,14,False,14,1,48,0.9715938723046817,0.86798327005868,0.8429917759170314,8,8,True,True,True
638,0.8,8.0,1.6,3.0,1.0,50261363,5.4432142785007755,True,True,0.0,16054,8,8,False,8,0,0,1.0,0.7091943020325931,0.7091943020325931,8,6,False,False,False
638,0.9,9.0,1.8,3.0,1.0,50261363,5.4432142785007755,True,True,0.0,16054,8,8,False,8,0,0,1.0,0.7091943020325931,0.7091943020325931,8,6,False,False,False
638,1.0,10.0,2.0,3.0,1.0,50261363,5.4432142785007755,True,True,0.0,16054,8,8,False,8,0,0,1.0,0.7091943020325931,0.7091943020325931,8,6,False,False,False
638,1.1,11.0,2.2,3.0,1.0,50261363,5.4432142785007755,True,True,0.0,16054,8,8,False,8,0,0,1.0,0.7091943020325931,0.7091943020325931,8,6,False,False,False
638,1.2,12.0,2.4,3.0,1.0,50261363,5.4432142785007755,True,True,0.0,16054,8,8,False,8,0,0,1.0,0.7091943020325931,0.7091943020325931,8,6,False,False,False
639,0.8,8.0,1.6,3.0,1.0,50261364,2.9108491426827956,True,True,0.0,16153,1,1,False,1,0,0,1.0,0.7072368493662046,0.7072368493662046,8,6,False,False,False
639,0.9,9.0,1.8,3.0,1.0,50261364,2.9108491426827956,True,True,0.0,16153,1,1,False,1,0,0,1.0,0.7072368493662046,0.7072368493662046,8,6,False,False,False
639,1.0,10.0,2.0,3.0,1.0,50261364,2.9108491426827956,True,True,0.0,16153,1,1,False,1,0,0,1.0,0.7072368493662046,0.7072368493662046,8,6,False,False,False
639,1.1,11.0,2.2,3.0,1.0,50261364,2.9108491426827956,True,True,0.0,16153,1,1,False,1,0,0,1.0,0.7072368493662046,0.7072368493662046,8,6,False,False,False
639,1.2,12.0,2.4,3.0,1.0,50261364,2.9108491426827956,True,True,0.0,16153,1,1,False,1,0,0,1.0,0.7072368493662046,0.7072368493662046,8,6,False,False,False
640,0.8,8.0,1.6,3.0,1.0,50261365,3.68821017769425,True,True,0.0,15246,2,2,False,2,1,32,0.9720848217582336,0.8634424700092967,0.8367696833550018,8,8,True,True,True
640,0.9,9.0,1.8,3.0,1.0,50261365,3.68821017769425,True,True,0.0,15246,2,2,False,2,1,32,0.9720848217582336,0.8634424700092967,0.8367696833550018,8,8,True,True,True
640,1.0,10.0,2.0,3.0,1.0,50261365,3.68821017769425,True,True,0.0,15246,2,2,False,2,1,32,0.9720848217582336,0.8634424700092967,0.8367696833550018,8,8,True,True,True
640,1.1,11.0,2.2,3.0,1.0,50261365,3.68821017769425,True,True,0.0,15246,2,2,False,2,1,32,0.9720848217582336,0.8634424700092967,0.8367696833550018,8,8,True,True,True
640,1.2,12.0,2.4,3.0,1.0,50261365,3.68821017769425,True,True,0.0,15246,2,2,False,2,1,32,0.9720848217582336,0.8634424700092967,0.8367696833550018,8,8,True,True,True
641,0.8,8.0,1.6,3.0,1.0,50261366,5.89002014305054,True,True,0.0,15893,4,4,False,4,0,0,1.0,0.7668262018500871,0.7668262018500871,8,6,False,False,False
641,0.9,9.0,1.8,3.0,1.0,50261366,5.89002014305054,True,True,0.0,15893,4,4,False,4,0,0,1.0,0.7668262018500871,0.7668262018500871,8,6,False,False,False
641,1.0,10.0,2.0,3.0,1.0,50261366,5.89002014305054,True,True,0.0,15893,4,4,False,4,0,0,1.0,0.7668262018500871,0.7668262018500871,8,6,False,False,False
641,1.1,11.0,2.2,3.0,1.0,50261366,5.89002014305054,True,True,0.0,15893,4,4,False,4,0,0,1.0,0.7668262018500871,0.7668262018500871,8,6,False,False,False
641,1.2,12.0,2.4,3.0,1.0,50261366,5.89002014305054,True,True,0.0,15893,4,4,False,4,0,0,1.0,0.7668262018500871,0.7668262018500871,8,6,False,False,False
642,0.8,8.0,1.6,3.0,1.0,50261367,4.3658986453001365,True,True,0.0,15983,5,5,False,5,0,0,1.0,0.7671031471428587,0.7671031471428587,8,6,False,False,False
642,0.9,9.0,1.8,3.0,1.0,50261367,4.3658986453001365,True,True,0.0,15983,5,5,False,5,0,0,1.0,0.7671031471428587,0.7671031471428587,8,6,False,False,False
642,1.0,10.0,2.0,3.0,1.0,50261367,4.3658986453001365,True,True,0.0,15983,5,5,False,5,0,0,1.0,0.7671031471428587,0.7671031471428587,8,6,False,False,False
642,1.1,11.0,2.2,3.0,1.0,50261367,4.3658986453001365,True,True,0.0,15983,5,5,False,5,0,0,1.0,0.7671031471428587,0.7671031471428587,8,6,False,False,False
642,1.2,12.0,2.4,3.0,1.0,50261367,4.3658986453001365,True,True,0.0,15983,5,5,False,5,0,0,1.0,0.7671031471428587,0.7671031471428587,8,6,False,False,False
643,0.8,8.0,1.6,3.0,1.0,50261368,3.3188870624002003,True,True,0.0,16115,12,12,False,12,0,0,1.0,0.7569814013445697,0.7569814013445697,8,6,False,False,False
643,0.9,9.0,1.8,3.0,1.0,50261368,3.3188870624002003,True,True,0.0,16115,12,12,False,12,0,0,1.0,0.7569814013445697,0.7569814013445697,8,6,False,False,False
643,1.0,10.0,2.0,3.0,1.0,50261368,3.3188870624002003,True,True,0.0,16115,12,12,False,12,0,0,1.0,0.7569814013445697,0.7569814013445697,8,6,False,False,False
643,1.1,11.0,2.2,3.0,1.0,50261368,3.3188870624002003,True,True,0.0,16115,12,12,False,12,0,0,1.0,0.7569814013445697,0.7569814013445697,8,6,False,False,False
643,1.2,12.0,2.4,3.0,1.0,50261368,3.3188870624002003,True,True,0.0,16115,12,12,False,12,0,0,1.0,0.7569814013445697,0.7569814013445697,8,6,False,False,False
644,0.8,8.0,1.6,3.0,1.0,50261369,3.704094747423051,True,True,0.0,16392,4,4,False,4,0,0,1.0,0.6936357330049592,0.6936357330049592,8,6,False,False,False
644,0.9,9.0,1.8,3.0,1.0,50261369,3.704094747423051,True,True,0.0,16392,4,4,False,4,0,0,1.0,0.6936357330049592,0.6936357330049592,8,6,False,False,False
644,1.0,10.0,2.0,3.0,1.0,50261369,3.704094747423051,True,True,0.0,16392,4,4,False,4,0,0,1.0,0.6936357330049592,0.6936357330049592,8,6,False,False,False
644,1.1,11.0,2.2,3.0,1.0,50261369,3.704094747423051,True,True,0.0,16392,4,4,False,4,0,0,1.0,0.6936357330049592,0.6936357330049592,8,6,False,False,False
644,1.2,12.0,2.4,3.0,1.0,50261369,3.704094747423051,True,True,0.0,16392,4,4,False,4,0,0,1.0,0.6936357330049592,0.6936357330049592,8,6,False,False,False
645,0.8,8.0,1.6,3.0,1.0,50261370,2.005390224906354,True,True,0.0,16226,5,5,False,5,1,19,0.9784622609289617,0.9134677703840731,0.8954207503073219,8,8,True,True,True
645,0.9,9.0,1.8,3.0,1.0,50261370,2.005390224906354,True,True,0.0,16226,5,5,False,5,1,19,0.9784622609289617,0.9134677703840731,0.8954207503073219,8,8,True,True,True
645,1.0,10.0,2.0,3.0,1.0,50261370,2.005390224906354,True,True,0.0,16226,5,5,False,5,1,19,0.9784622609289617,0.9134677703840731,0.8954207503073219,8,8,True,True,True
645,1.1,11.0,2.2,3.0,1.0,50261370,2.005390224906354,True,True,0.0,16226,5,5,False,5,1,19,0.9784622609289617,0.9134677703840731,0.8954207503073219,8,8,True,True,True
645,1.2,12.0,2.4,3.0,1.0,50261370,2.005390224906354,True,True,0.0,16226,5,5,False,5,0,0,1.0,0.8050909692013312,0.8050909692013312,8,6,False,False,False
646,0.8,8.0,1.6,3.0,1.0,50261371,2.3079760103617564,True,True,0.0,15866,3,3,False,3,0,0,1.0,0.7500716725739676,0.7500716725739676,8,6,False,False,False
646,0.9,9.0,1.8,3.0,1.0,50261371,2.3079760103617564,True,True,0.0,15866,3,3,False,3,0,0,1.0,0.7500716725739676,0.7500716725739676,8,6,False,False,False
646,1.0,10.0,2.0,3.0,1.0,50261371,2.3079760103617564,True,True,0.0,15866,3,3,False,3,0,0,1.0,0.7500716725739676,0.7500716725739676,8,6,False,False,False
646,1.1,11.0,2.2,3.0,1.0,50261371,2.3079760103617564,True,True,0.0,15866,3,3,False,3,0,0,1.0,0.7500716725739676,0.7500716725739676,8,6,False,False,False
646,1.2,12.0,2.4,3.0,1.0,50261371,2.3079760103617564,True,True,0.0,15866,3,3,False,3,0,0,1.0,0.7500716725739676,0.7500716725739676,8,6,False,False,False
647,0.8,8.0,1.6,3.0,1.0,50261372,4.05358723963224,True,True,0.0,15817,4,4,False,4,0,0,0.9953195382882882,0.6890036647999512,0.6878052582226288,8,6,False,False,False
647,0.9,9.0,1.8,3.0,1.0,50261372,4.05358723963224,True,True,0.0,15817,4,4,False,4,0,0,0.9953195382882882,0.6890036647999512,0.6878052582226288,8,6,False,False,False
647,1.0,10.0,2.0,3.0,1.0,50261372,4.05358723963224,True,True,0.0,15817,4,4,False,4,0,0,0.9953195382882882,0.6890036647999512,0.6878052582226288,8,6,False,False,False
647,1.1,11.0,2.2,3.0,1.0,50261372,4.05358723963224,True,True,0.0,15817,4,4,False,4,0,0,0.9953195382882882,0.6890036647999512,0.6878052582226288,8,6,False,False,False
647,1.2,12.0,2.4,3.0,1.0,50261372,4.05358723963224,True,True,0.0,15817,4,4,False,4,0,0,0.9953195382882882,0.6890036647999512,0.6878052582226288,8,6,False,False,False
648,0.8,8.0,1.6,3.0,1.0,50261373,0.5609911443381617,True,True,0.0,16460,7,7,False,7,1,29,0.9801805840163934,0.7600465371139615,0.7409362433349916,8,7,True,True,True
648,0.9,9.0,1.8,3.0,1.0,50261373,0.5609911443381617,True,True,0.0,16460,7,7,False,7,1,29,0.9801805840163934,0.7600465371139615,0.7409362433349916,8,7,True,True,True
648,1.0,10.0,2.0,3.0,1.0,50261373,0.5609911443381617,True,True,0.0,16460,7,7,False,7,1,29,0.9801805840163934,0.7600465371139615,0.7409362433349916,8,7,True,True,True
648,1.1,11.0,2.2,3.0,1.0,50261373,0.5609911443381617,True,True,0.0,16460,7,7,False,7,1,29,0.9801805840163934,0.7600465371139615,0.7409362433349916,8,7,True,True,True
648,1.2,12.0,2.4,3.0,1.0,50261373,0.5609911443381617,True,True,0.0,16460,7,7,False,7,1,29,0.9801805840163934,0.7600465371139615,0.7409362433349916,8,7,True,True,True
649,0.8,8.0,1.6,3.0,1.0,50261374,4.119409591333976,True,True,0.0,16099,4,4,False,4,0,0,1.0,0.7288053316732461,0.7288053316732461,8,6,False,False,False
649,0.9,9.0,1.8,3.0,1.0,50261374,4.119409591333976,True,True,0.0,16099,4,4,False,4,0,0,1.0,0.7288053316732461,0.7288053316732461,8,6,False,False,False
649,1.0,10.0,2.0,3.0,1.0,50261374,4.119409591333976,True,True,0.0,16099,4,4,False,4,0,0,1.0,0.7288053316732461,0.7288053316732461,8,6,False,False,False
649,1.1,11.0,2.2,3.0,1.0,50261374,4.119409591333976,True,True,0.0,16099,4,4,False,4,0,0,1.0,0.7288053316732461,0.7288053316732461,8,6,False,False,False
649,1.2,12.0,2.4,3.0,1.0,50261374,4.119409591333976,True,True,0.0,16099,4,4,False,4,0,0,1.0,0.7288053316732461,0.7288053316732461,8,6,False,False,False
650,0.8,8.0,1.6,3.0,1.0,50261375,1.9299271209795927,True,True,0.0,16283,9,9,False,9,1,59,0.9771921960382514,0.8363918753068064,0.8172853115039342,8,8,True,True,True
650,0.9,9.0,1.8,3.0,1.0,50261375,1.9299271209795927,True,True,0.0,16283,9,9,False,9,1,59,0.9771921960382514,0.8363918753068064,0.8172853115039342,8,8,True,True,True
650,1.0,10.0,2.0,3.0,1.0,50261375,1.9299271209795927,True,True,0.0,16283,9,9,False,9,1,59,0.9771921960382514,0.8363918753068064,0.8172853115039342,8,8,True,True,True
650,1.1,11.0,2.2,3.0,1.0,50261375,1.9299271209795927,True,True,0.0,16283,9,9,False,9,1,59,0.9771921960382514,0.8363918753068064,0.8172853115039342,8,8,True,True,True
650,1.2,12.0,2.4,3.0,1.0,50261375,1.9299271209795927,True,True,0.0,16283,9,9,False,9,1,59,0.9771921960382514,0.8363918753068064,0.8172853115039342,8,8,True,True,True
651,0.8,8.0,1.6,3.0,1.0,50261376,0.059881089419066454,True,True,0.0,16006,9,9,False,9,0,0,1.0,0.673502177727855,0.673502177727855,8,6,False,False,False
651,0.9,9.0,1.8,3.0,1.0,50261376,0.059881089419066454,True,True,0.0,16006,9,9,False,9,0,0,1.0,0.673502177727855,0.673502177727855,8,6,False,False,False
651,1.0,10.0,2.0,3.0,1.0,50261376,0.059881089419066454,True,True,0.0,16006,9,9,False,9,0,0,1.0,0.673502177727855,0.673502177727855,8,6,False,False,False
651,1.1,11.0,2.2,3.0,1.0,50261376,0.059881089419066454,True,True,0.0,16006,9,9,False,9,0,0,1.0,0.673502177727855,0.673502177727855,8,6,False,False,False
651,1.2,12.0,2.4,3.0,1.0,50261376,0.059881089419066454,True,True,0.0,16006,9,9,False,9,0,0,1.0,0.673502177727855,0.673502177727855,8,6,False,False,False
652,0.8,8.0,1.6,3.0,1.0,50261377,0.24938416381074366,True,True,0.0,15835,1,1,False,1,0,0,1.0,0.663741877983502,0.663741877983502,8,6,False,False,False
652,0.9,9.0,1.8,3.0,1.0,50261377,0.24938416381074366,True,True,0.0,15835,1,1,False,1,0,0,1.0,0.663741877983502,0.663741877983502,8,6,False,False,False
652,1.0,10.0,2.0,3.0,1.0,50261377,0.24938416381074366,True,True,0.0,15835,1,1,False,1,0,0,1.0,0.663741877983502,0.663741877983502,8,6,False,False,False
652,1.1,11.0,2.2,3.0,1.0,50261377,0.24938416381074366,True,True,0.0,15835,1,1,False,1,0,0,1.0,0.663741877983502,0.663741877983502,8,6,False,False,False
652,1.2,12.0,2.4,3.0,1.0,50261377,0.24938416381074366,True,True,0.0,15835,1,1,False,1,0,0,1.0,0.663741877983502,0.663741877983502,8,6,False,False,False
653,0.8,8.0,1.6,3.0,1.0,50261378,5.258876894943532,True,True,0.0,15644,4,4,False,4,1,41,0.9619193989071038,0.8752532975584499,0.8371726964655537,8,7,True,True,False
653,0.9,9.0,1.8,3.0,1.0,50261378,5.258876894943532,True,True,0.0,15644,4,4,False,4,1,41,0.9619193989071038,0.8752532975584499,0.8371726964655537,8,7,True,True,False
653,1.0,10.0,2.0,3.0,1.0,50261378,5.258876894943532,True,True,0.0,15644,4,4,False,4,1,41,0.9619193989071038,0.8752532975584499,0.8371726964655537,8,7,True,True,False
653,1.1,11.0,2.2,3.0,1.0,50261378,5.258876894943532,True,True,0.0,15644,4,4,False,4,1,41,0.9619193989071038,0.8752532975584499,0.8371726964655537,8,7,True,True,False
653,1.2,12.0,2.4,3.0,1.0,50261378,5.258876894943532,True,True,0.0,15644,4,4,False,4,0,0,1.0,0.7499208507499393,0.7499208507499393,8,7,False,False,False
654,0.8,8.0,1.6,3.0,1.0,50261379,2.9600860377477938,True,True,0.0,16109,2,2,False,2,0,0,1.0,0.7660055937247661,0.7660055937247661,8,7,False,False,False
654,0.9,9.0,1.8,3.0,1.0,50261379,2.9600860377477938,True,True,0.0,16109,2,2,False,2,0,0,1.0,0.7660055937247661,0.7660055937247661,8,7,False,False,False
654,1.0,10.0,2.0,3.0,1.0,50261379,2.9600860377477938,True,True,0.0,16109,2,2,False,2,0,0,1.0,0.7660055937247661,0.7660055937247661,8,7,False,False,False
654,1.1,11.0,2.2,3.0,1.0,50261379,2.9600860377477938,True,True,0.0,16109,2,2,False,2,0,0,1.0,0.7660055937247661,0.7660055937247661,8,7,False,False,False
654,1.2,12.0,2.4,3.0,1.0,50261379,2.9600860377477938,True,True,0.0,16109,2,2,False,2,0,0,1.0,0.7660055937247661,0.7660055937247661,8,7,False,False,False
655,0.8,8.0,1.6,3.0,1.0,50261380,0.603701593086443,True,True,0.0,15972,6,6,False,6,0,0,1.0,0.7005557148862396,0.7005557148862396,8,6,False,False,False
655,0.9,9.0,1.8,3.0,1.0,50261380,0.603701593086443,True,True,0.0,15972,6,6,False,6,0,0,1.0,0.7005557148862396,0.7005557148862396,8,6,False,False,False
655,1.0,10.0,2.0,3.0,1.0,50261380,0.603701593086443,True,True,0.0,15972,6,6,False,6,0,0,1.0,0.7005557148862396,0.7005557148862396,8,6,False,False,False
655,1.1,11.0,2.2,3.0,1.0,50261380,0.603701593086443,True,True,0.0,15972,6,6,False,6,0,0,1.0,0.7005557148862396,0.7005557148862396,8,6,False,False,False
655,1.2,12.0,2.4,3.0,1.0,50261380,0.603701593086443,True,True,0.0,15972,6,6,False,6,0,0,1.0,0.7005557148862396,0.7005557148862396,8,6,False,False,False
656,0.8,8.0,1.6,3.0,1.0,50261381,2.1274999065177176,True,True,0.0,16116,4,4,False,4,1,46,0.9797323258196722,0.8716740914949599,0.8543237625429714,8,8,True,True,True
656,0.9,9.0,1.8,3.0,1.0,50261381,2.1274999065177176,True,True,0.0,16116,4,4,False,4,1,46,0.9797323258196722,0.8716740914949599,0.8543237625429714,8,8,True,True,True
656,1.0,10.0,2.0,3.0,1.0,50261381,2.1274999065177176,True,True,0.0,16116,4,4,False,4,1,46,0.9797323258196722,0.8716740914949599,0.8543237625429714,8,8,True,True,True
656,1.1,11.0,2.2,3.0,1.0,50261381,2.1274999065177176,True,True,0.0,16116,4,4,False,4,1,46,0.9797323258196722,0.8716740914949599,0.8543237625429714,8,8,True,True,True
656,1.2,12.0,2.4,3.0,1.0,50261381,2.1274999065177176,True,True,0.0,16116,4,4,False,4,1,46,0.9797323258196722,0.8716740914949599,0.8543237625429714,8,8,True,True,True
657,0.8,8.0,1.6,3.0,1.0,50261382,0.19003207979996176,True,True,0.0,16104,4,4,False,4,0,0,1.0,0.7167988726228114,0.7167988726228114,8,6,False,False,False
657,0.9,9.0,1.8,3.0,1.0,50261382,0.19003207979996176,True,True,0.0,16104,4,4,False,4,0,0,1.0,0.7167988726228114,0.7167988726228114,8,6,False,False,False
657,1.0,10.0,2.0,3.0,1.0,50261382,0.19003207979996176,True,True,0.0,16104,4,4,False,4,0,0,1.0,0.7167988726228114,0.7167988726228114,8,6,False,False,False
657,1.1,11.0,2.2,3.0,1.0,50261382,0.19003207979996176,True,True,0.0,16104,4,4,False,4,0,0,1.0,0.7167988726228114,0.7167988726228114,8,6,False,False,False
657,1.2,12.0,2.4,3.0,1.0,50261382,0.19003207979996176,True,True,0.0,16104,4,4,False,4,0,0,1.0,0.7167988726228114,0.7167988726228114,8,6,False,False,False
658,0.8,8.0,1.6,3.0,1.0,50261383,5.355797108269257,True,True,0.0,15813,2,2,False,2,0,0,1.0,0.7357459400988433,0.7357459400988433,8,6,False,False,False
658,0.9,9.0,1.8,3.0,1.0,50261383,5.355797108269257,True,True,0.0,15813,2,2,False,2,0,0,1.0,0.7357459400988433,0.7357459400988433,8,6,False,False,False
658,1.0,10.0,2.0,3.0,1.0,50261383,5.355797108269257,True,True,0.0,15813,2,2,False,2,0,0,1.0,0.7357459400988433,0.7357459400988433,8,6,False,False,False
658,1.1,11.0,2.2,3.0,1.0,50261383,5.355797108269257,True,True,0.0,15813,2,2,False,2,0,0,1.0,0.7357459400988433,0.7357459400988433,8,6,False,False,False
658,1.2,12.0,2.4,3.0,1.0,50261383,5.355797108269257,True,True,0.0,15813,2,2,False,2,0,0,1.0,0.7357459400988433,0.7357459400988433,8,6,False,False,False
659,0.8,8.0,1.6,3.0,1.0,50261384,1.8522752807866272,True,True,0.0,16202,5,5,False,5,0,0,1.0,0.7307730425763506,0.7307730425763506,8,6,False,False,False
659,0.9,9.0,1.8,3.0,1.0,50261384,1.8522752807866272,True,True,0.0,16202,5,5,False,5,0,0,1.0,0.7307730425763506,0.7307730425763506,8,6,False,False,False
659,1.0,10.0,2.0,3.0,1.0,50261384,1.8522752807866272,True,True,0.0,16202,5,5,False,5,0,0,1.0,0.7307730425763506,0.7307730425763506,8,6,False,False,False
659,1.1,11.0,2.2,3.0,1.0,50261384,1.8522752807866272,True,True,0.0,16202,5,5,False,5,0,0,1.0,0.7307730425763506,0.7307730425763506,8,6,False,False,False
659,1.2,12.0,2.4,3.0,1.0,50261384,1.8522752807866272,True,True,0.0,16202,5,5,False,5,0,0,1.0,0.7307730425763506,0.7307730425763506,8,6,False,False,False
660,0.8,8.0,1.6,3.0,1.0,50261385,0.8811096004081376,True,True,0.0,15940,9,9,False,9,0,0,1.0,0.7665433860494345,0.7665433860494345,8,6,False,False,False
660,0.9,9.0,1.8,3.0,1.0,50261385,0.8811096004081376,True,True,0.0,15940,9,9,False,9,0,0,1.0,0.7665433860494345,0.7665433860494345,8,6,False,False,False
660,1.0,10.0,2.0,3.0,1.0,50261385,0.8811096004081376,True,True,0.0,15940,9,9,False,9,0,0,1.0,0.7665433860494345,0.7665433860494345,8,6,False,False,False
660,1.1,11.0,2.2,3.0,1.0,50261385,0.8811096004081376,True,True,0.0,15940,9,9,False,9,0,0,1.0,0.7665433860494345,0.7665433860494345,8,6,False,False,False
660,1.2,12.0,2.4,3.0,1.0,50261385,0.8811096004081376,True,True,0.0,15940,9,9,False,9,0,0,1.0,0.7665433860494345,0.7665433860494345,8,6,False,False,False
661,0.8,8.0,1.6,3.0,1.0,50261386,1.2110817803028304,True,True,0.0,16130,7,7,False,7,1,24,0.9854529542349727,0.8463753442726698,0.8332973505251491,8,8,True,True,True
661,0.9,9.0,1.8,3.0,1.0,50261386,1.2110817803028304,True,True,0.0,16130,7,7,False,7,1,24,0.9854529542349727,0.8463753442726698,0.8332973505251491,8,8,True,True,True
661,1.0,10.0,2.0,3.0,1.0,50261386,1.2110817803028304,True,True,0.0,16130,7,7,False,7,1,24,0.9854529542349727,0.8463753442726698,0.8332973505251491,8,8,True,True,True
661,1.1,11.0,2.2,3.0,1.0,50261386,1.2110817803028304,True,True,0.0,16130,7,7,False,7,1,24,0.9854529542349727,0.8463753442726698,0.8332973505251491,8,8,True,True,True
661,1.2,12.0,2.4,3.0,1.0,50261386,1.2110817803028304,True,True,0.0,16130,7,7,False,7,1,24,0.9854529542349727,0.8463753442726698,0.8332973505251491,8,8,True,True,True
662,0.8,8.0,1.6,3.0,1.0,50261387,0.19084835815756832,True,True,0.0,15561,8,8,False,8,1,52,0.9780993852459017,0.8631080574367527,0.8431848318867847,8,8,True,True,True
662,0.9,9.0,1.8,3.0,1.0,50261387,0.19084835815756832,True,True,0.0,15561,8,8,False,8,1,52,0.9780993852459017,0.8631080574367527,0.8431848318867847,8,8,True,True,True
662,1.0,10.0,2.0,3.0,1.0,50261387,0.19084835815756832,True,True,0.0,15561,8,8,False,8,1,52,0.9780993852459017,0.8631080574367527,0.8431848318867847,8,8,True,True,True
662,1.1,11.0,2.2,3.0,1.0,50261387,0.19084835815756832,True,True,0.0,15561,8,8,False,8,1,52,0.9780993852459017,0.8631080574367527,0.8431848318867847,8,8,True,True,True
662,1.2,12.0,2.4,3.0,1.0,50261387,0.19084835815756832,True,True,0.0,15561,8,8,False,8,1,52,0.9780993852459017,0.8631080574367527,0.8431848318867847,8,8,True,True,True
663,0.8,8.0,1.6,3.0,1.0,50261388,1.477807377802619,True,True,0.0,15609,9,9,False,9,1,65,0.9695767104194358,0.8935758897246904,0.8702119754411081,8,8,True,True,True
663,0.9,9.0,1.8,3.0,1.0,50261388,1.477807377802619,True,True,0.0,15609,9,9,False,9,1,65,0.9695767104194358,0.8935758897246904,0.8702119754411081,8,8,True,True,True
663,1.0,10.0,2.0,3.0,1.0,50261388,1.477807377802619,True,True,0.0,15609,9,9,False,9,1,65,0.9695767104194358,0.8935758897246904,0.8702119754411081,8,8,True,True,True
663,1.1,11.0,2.2,3.0,1.0,50261388,1.477807377802619,True,True,0.0,15609,9,9,False,9,1,65,0.9695767104194358,0.8935758897246904,0.8702119754411081,8,8,True,True,True
663,1.2,12.0,2.4,3.0,1.0,50261388,1.477807377802619,True,True,0.0,15609,9,9,False,9,1,65,0.9695767104194358,0.8935758897246904,0.8702119754411081,8,8,True,True,True
664,0.8,8.0,1.6,3.0,1.0,50261389,3.3868239130460873,True,True,0.0,15758,14,14,False,14,1,46,0.947660519125683,0.9137516829648076,0.8680787630417387,8,7,True,True,False
664,0.9,9.0,1.8,3.0,1.0,50261389,3.3868239130460873,True,True,0.0,15758,14,14,False,14,1,46,0.947660519125683,0.9137516829648076,0.8680787630417387,8,7,True,True,False
664,1.0,10.0,2.0,3.0,1.0,50261389,3.3868239130460873,True,True,0.0,15758,14,14,False,14,1,46,0.947660519125683,0.9137516829648076,0.8680787630417387,8,7,True,True,False
664,1.1,11.0,2.2,3.0,1.0,50261389,3.3868239130460873,True,True,0.0,15758,14,14,False,14,1,46,0.947660519125683,0.9137516829648076,0.8680787630417387,8,7,True,True,False
664,1.2,12.0,2.4,3.0,1.0,50261389,3.3868239130460873,True,True,0.0,15758,14,14,False,14,1,46,0.947660519125683,0.9137516829648076,0.8680787630417387,8,7,True,True,False
665,0.8,8.0,1.6,3.0,1.0,50261390,3.5468854060926818,True,True,0.0,15603,2,2,False,2,1,26,0.9791133025956285,0.9331391161610331,0.9126103507552185,8,8,True,True,True
665,0.9,9.0,1.8,3.0,1.0,50261390,3.5468854060926818,True,True,0.0,15603,2,2,False,2,1,26,0.9791133025956285,0.9331391161610331,0.9126103507552185,8,8,True,True,True
665,1.0,10.0,2.0,3.0,1.0,50261390,3.5468854060926818,True,True,0.0,15603,2,2,False,2,1,26,0.9791133025956285,0.9331391161610331,0.9126103507552185,8,8,True,True,True
665,1.1,11.0,2.2,3.0,1.0,50261390,3.5468854060926818,True,True,0.0,15603,2,2,False,2,1,26,0.9791133025956285,0.9331391161610331,0.9126103507552185,8,8,True,True,True
665,1.2,12.0,2.4,3.0,1.0,50261390,3.5468854060926818,True,True,0.0,15603,2,2,False,2,1,26,0.9791133025956285,0.9331391161610331,0.9126103507552185,8,8,True,True,True
666,0.8,8.0,1.6,3.0,1.0,50261391,1.4040981990706733,True,True,0.0,16186,9,9,False,9,0,0,1.0,0.7082568856824916,0.7082568856824916,8,6,False,False,False
666,0.9,9.0,1.8,3.0,1.0,50261391,1.4040981990706733,True,True,0.0,16186,9,9,False,9,0,0,1.0,0.7082568856824916,0.7082568856824916,8,6,False,False,False
666,1.0,10.0,2.0,3.0,1.0,50261391,1.4040981990706733,True,True,0.0,16186,9,9,False,9,0,0,1.0,0.7082568856824916,0.7082568856824916,8,6,False,False,False
666,1.1,11.0,2.2,3.0,1.0,50261391,1.4040981990706733,True,True,0.0,16186,9,9,False,9,0,0,1.0,0.7082568856824916,0.7082568856824916,8,6,False,False,False
666,1.2,12.0,2.4,3.0,1.0,50261391,1.4040981990706733,True,True,0.0,16186,9,9,False,9,0,0,1.0,0.7082568856824916,0.7082568856824916,8,6,False,False,False
667,0.8,8.0,1.6,3.0,1.0,50261392,0.26252727562066547,True,True,0.0,15707,1,1,False,1,0,0,1.0,0.7533660432547635,0.7533660432547635,8,7,False,False,False
667,0.9,9.0,1.8,3.0,1.0,50261392,0.26252727562066547,True,True,0.0,15707,1,1,False,1,0,0,1.0,0.7533660432547635,0.7533660432547635,8,7,False,False,False
667,1.0,10.0,2.0,3.0,1.0,50261392,0.26252727562066547,True,True,0.0,15707,1,1,False,1,0,0,1.0,0.7533660432547635,0.7533660432547635,8,7,False,False,False
667,1.1,11.0,2.2,3.0,1.0,50261392,0.26252727562066547,True,True,0.0,15707,1,1,False,1,0,0,1.0,0.7533660432547635,0.7533660432547635,8,7,False,False,False
667,1.2,12.0,2.4,3.0,1.0,50261392,0.26252727562066547,True,True,0.0,15707,1,1,False,1,0,0,1.0,0.7533660432547635,0.7533660432547635,8,7,False,False,False
668,0.8,8.0,1.6,3.0,1.0,50261393,0.6038430171111983,True,True,0.0,15849,2,2,False,2,1,28,0.983275700136612,0.8545329842790133,0.8388396822344298,8,8,True,True,True
668,0.9,9.0,1.8,3.0,1.0,50261393,0.6038430171111983,True,True,0.0,15849,2,2,False,2,1,28,0.983275700136612,0.8545329842790133,0.8388396822344298,8,8,True,True,True
668,1.0,10.0,2.0,3.0,1.0,50261393,0.6038430171111983,True,True,0.0,15849,2,2,False,2,1,28,0.983275700136612,0.8545329842790133,0.8388396822344298,8,8,True,True,True
668,1.1,11.0,2.2,3.0,1.0,50261393,0.6038430171111983,True,True,0.0,15849,2,2,False,2,1,28,0.983275700136612,0.8545329842790133,0.8388396822344298,8,8,True,True,True
668,1.2,12.0,2.4,3.0,1.0,50261393,0.6038430171111983,True,True,0.0,15849,2,2,False,2,1,28,0.983275700136612,0.8545329842790133,0.8388396822344298,8,8,True,True,True
669,0.8,8.0,1.6,3.0,1.0,50261394,2.3100178608594835,True,True,0.0,15335,2,2,False,2,1,24,0.9821657274590163,0.8677098089760442,0.8499956899311518,8,8,True,True,True
669,0.9,9.0,1.8,3.0,1.0,50261394,2.3100178608594835,True,True,0.0,15335,2,2,False,2,1,24,0.9821657274590163,0.8677098089760442,0.8499956899311518,8,8,True,True,True
669,1.0,10.0,2.0,3.0,1.0,50261394,2.3100178608594835,True,True,0.0,15335,2,2,False,2,1,24,0.9821657274590163,0.8677098089760442,0.8499956899311518,8,8,True,True,True
669,1.1,11.0,2.2,3.0,1.0,50261394,2.3100178608594835,True,True,0.0,15335,2,2,False,2,1,24,0.9821657274590163,0.8677098089760442,0.8499956899311518,8,8,True,True,True
669,1.2,12.0,2.4,3.0,1.0,50261394,2.3100178608594835,True,True,0.0,15335,2,2,False,2,1,24,0.9821657274590163,0.8677098089760442,0.8499956899311518,8,8,True,True,True
670,0.8,8.0,1.6,3.0,1.0,50261395,0.6289747669711151,True,True,0.0,16025,38,38,False,38,0,0,1.0,0.775730035805881,0.775730035805881,8,7,False,False,False
670,0.9,9.0,1.8,3.0,1.0,50261395,0.6289747669711151,True,True,0.0,16025,38,38,False,38,0,0,1.0,0.775730035805881,0.775730035805881,8,7,False,False,False
670,1.0,10.0,2.0,3.0,1.0,50261395,0.6289747669711151,True,True,0.0,16025,38,38,False,38,0,0,1.0,0.775730035805881,0.775730035805881,8,7,False,False,False
670,1.1,11.0,2.2,3.0,1.0,50261395,0.6289747669711151,True,True,0.0,16025,38,38,False,38,0,0,1.0,0.775730035805881,0.775730035805881,8,7,False,False,False
670,1.2,12.0,2.4,3.0,1.0,50261395,0.6289747669711151,True,True,0.0,16025,38,38,False,38,0,0,1.0,0.775730035805881,0.775730035805881,8,7,False,False,False
671,0.8,8.0,1.6,3.0,1.0,50261396,4.427143645840835,True,True,0.0,15844,10,10,False,10,1,67,0.9813545935792349,0.8561427683909248,0.8409630617263291,8,8,True,True,True
671,0.9,9.0,1.8,3.0,1.0,50261396,4.427143645840835,True,True,0.0,15844,10,10,False,10,1,67,0.9813545935792349,0.8561427683909248,0.8409630617263291,8,8,True,True,True
671,1.0,10.0,2.0,3.0,1.0,50261396,4.427143645840835,True,True,0.0,15844,10,10,False,10,1,67,0.9813545935792349,0.8561427683909248,0.8409630617263291,8,8,True,True,True
671,1.1,11.0,2.2,3.0,1.0,50261396,4.427143645840835,True,True,0.0,15844,10,10,False,10,1,67,0.9813545935792349,0.8561427683909248,0.8409630617263291,8,8,True,True,True
671,1.2,12.0,2.4,3.0,1.0,50261396,4.427143645840835,True,True,0.0,15844,10,10,False,10,0,0,1.0,0.7348452504469365,0.7348452504469365,8,6,False,False,False
672,0.8,8.0,1.6,3.0,1.0,50261397,2.194882873604913,True,True,0.0,15881,1,1,False,1,0,0,1.0,0.7312707588081004,0.7312707588081004,8,6,False,False,False
672,0.9,9.0,1.8,3.0,1.0,50261397,2.194882873604913,True,True,0.0,15881,1,1,False,1,0,0,1.0,0.7312707588081004,0.7312707588081004,8,6,False,False,False
672,1.0,10.0,2.0,3.0,1.0,50261397,2.194882873604913,True,True,0.0,15881,1,1,False,1,0,0,1.0,0.7312707588081004,0.7312707588081004,8,6,False,False,False
672,1.1,11.0,2.2,3.0,1.0,50261397,2.194882873604913,True,True,0.0,15881,1,1,False,1,0,0,1.0,0.7312707588081004,0.7312707588081004,8,6,False,False,False
672,1.2,12.0,2.4,3.0,1.0,50261397,2.194882873604913,True,True,0.0,15881,1,1,False,1,0,0,1.0,0.7312707588081004,0.7312707588081004,8,6,False,False,False
673,0.8,8.0,1.6,3.0,1.0,50261398,4.423914188424272,True,True,0.0,15940,2,2,False,2,0,0,1.0,0.7518525694743745,0.7518525694743745,8,6,False,False,False
673,0.9,9.0,1.8,3.0,1.0,50261398,4.423914188424272,True,True,0.0,15940,2,2,False,2,0,0,1.0,0.7518525694743745,0.7518525694743745,8,6,False,False,False
673,1.0,10.0,2.0,3.0,1.0,50261398,4.423914188424272,True,True,0.0,15940,2,2,False,2,0,0,1.0,0.7518525694743745,0.7518525694743745,8,6,False,False,False
673,1.1,11.0,2.2,3.0,1.0,50261398,4.423914188424272,True,True,0.0,15940,2,2,False,2,0,0,1.0,0.7518525694743745,0.7518525694743745,8,6,False,False,False
673,1.2,12.0,2.4,3.0,1.0,50261398,4.423914188424272,True,True,0.0,15940,2,2,False,2,0,0,1.0,0.7518525694743745,0.7518525694743745,8,6,False,False,False
674,0.8,8.0,1.6,3.0,1.0,50261399,1.7981726745673152,True,True,0.0,15853,7,7,False,7,0,0,1.0,0.75456432671582,0.75456432671582,8,6,False,False,False
674,0.9,9.0,1.8,3.0,1.0,50261399,1.7981726745673152,True,True,0.0,15853,7,7,False,7,0,0,1.0,0.75456432671582,0.75456432671582,8,6,False,False,False
674,1.0,10.0,2.0,3.0,1.0,50261399,1.7981726745673152,True,True,0.0,15853,7,7,False,7,0,0,1.0,0.75456432671582,0.75456432671582,8,6,False,False,False
674,1.1,11.0,2.2,3.0,1.0,50261399,1.7981726745673152,True,True,0.0,15853,7,7,False,7,0,0,1.0,0.75456432671582,0.75456432671582,8,6,False,False,False
674,1.2,12.0,2.4,3.0,1.0,50261399,1.7981726745673152,True,True,0.0,15853,7,7,False,7,0,0,1.0,0.75456432671582,0.75456432671582,8,6,False,False,False
675,0.8,8.0,1.6,3.0,1.0,50261400,0.16198891349483363,True,True,0.0,15836,2,2,False,2,0,0,1.0,0.7687332237337223,0.7687332237337223,8,6,False,False,False
675,0.9,9.0,1.8,3.0,1.0,50261400,0.16198891349483363,True,True,0.0,15836,2,2,False,2,0,0,1.0,0.7687332237337223,0.7687332237337223,8,6,False,False,False
675,1.0,10.0,2.0,3.0,1.0,50261400,0.16198891349483363,True,True,0.0,15836,2,2,False,2,0,0,1.0,0.7687332237337223,0.7687332237337223,8,6,False,False,False
675,1.1,11.0,2.2,3.0,1.0,50261400,0.16198891349483363,True,True,0.0,15836,2,2,False,2,0,0,1.0,0.7687332237337223,0.7687332237337223,8,6,False,False,False
675,1.2,12.0,2.4,3.0,1.0,50261400,0.16198891349483363,True,True,0.0,15836,2,2,False,2,0,0,1.0,0.7687332237337223,0.7687332237337223,8,6,False,False,False
676,0.8,8.0,1.6,3.0,1.0,50261401,1.9487603747488254,True,True,0.0,15532,3,3,False,3,0,0,0.9953195382882882,0.7478534820397954,0.7450988104531598,8,6,False,False,False
676,0.9,9.0,1.8,3.0,1.0,50261401,1.9487603747488254,True,True,0.0,15532,3,3,False,3,0,0,0.9953195382882882,0.7478534820397954,0.7450988104531598,8,6,False,False,False
676,1.0,10.0,2.0,3.0,1.0,50261401,1.9487603747488254,True,True,0.0,15532,3,3,False,3,0,0,0.9953195382882882,0.7478534820397954,0.7450988104531598,8,6,False,False,False
676,1.1,11.0,2.2,3.0,1.0,50261401,1.9487603747488254,True,True,0.0,15532,3,3,False,3,0,0,0.9953195382882882,0.7478534820397954,0.7450988104531598,8,6,False,False,False
676,1.2,12.0,2.4,3.0,1.0,50261401,1.9487603747488254,True,True,0.0,15532,3,3,False,3,0,0,0.9953195382882882,0.7478534820397954,0.7450988104531598,8,6,False,False,False
677,0.8,8.0,1.6,3.0,1.0,50261402,3.1476416523128075,True,True,0.0,15715,7,7,False,7,0,0,1.0,0.7349598073130372,0.7349598073130372,8,7,False,False,False
677,0.9,9.0,1.8,3.0,1.0,50261402,3.1476416523128075,True,True,0.0,15715,7,7,False,7,0,0,1.0,0.7349598073130372,0.7349598073130372,8,7,False,False,False
677,1.0,10.0,2.0,3.0,1.0,50261402,3.1476416523128075,True,True,0.0,15715,7,7,False,7,0,0,1.0,0.7349598073130372,0.7349598073130372,8,7,False,False,False
677,1.1,11.0,2.2,3.0,1.0,50261402,3.1476416523128075,True,True,0.0,15715,7,7,False,7,0,0,1.0,0.7349598073130372,0.7349598073130372,8,7,False,False,False
677,1.2,12.0,2.4,3.0,1.0,50261402,3.1476416523128075,True,True,0.0,15715,7,7,False,7,0,0,1.0,0.7349598073130372,0.7349598073130372,8,7,False,False,False
678,0.8,8.0,1.6,3.0,1.0,50261403,6.206003193508737,True,True,0.0,15718,1,1,False,1,1,41,0.9763063524590163,0.911410721464025,0.8897179516382324,8,8,True,True,True
678,0.9,9.0,1.8,3.0,1.0,50261403,6.206003193508737,True,True,0.0,15718,1,1,False,1,1,41,0.9763063524590163,0.911410721464025,0.8897179516382324,8,8,True,True,True
678,1.0,10.0,2.0,3.0,1.0,50261403,6.206003193508737,True,True,0.0,15718,1,1,False,1,1,41,0.9763063524590163,0.911410721464025,0.8897179516382324,8,8,True,True,True
678,1.1,11.0,2.2,3.0,1.0,50261403,6.206003193508737,True,True,0.0,15718,1,1,False,1,1,41,0.9763063524590163,0.911410721464025,0.8897179516382324,8,8,True,True,True
678,1.2,12.0,2.4,3.0,1.0,50261403,6.206003193508737,True,True,0.0,15718,1,1,False,1,1,41,0.9763063524590163,0.911410721464025,0.8897179516382324,8,8,True,True,True
679,0.8,8.0,1.6,3.0,1.0,50261404,2.8119027835422554,True,True,0.0,16284,5,5,False,5,1,54,0.9430712090163934,0.8756850465067941,0.828614497895625,8,7,True,True,False
679,0.9,9.0,1.8,3.0,1.0,50261404,2.8119027835422554,True,True,0.0,16284,5,5,False,5,1,54,0.9430712090163934,0.8756850465067941,0.828614497895625,8,7,True,True,False
679,1.0,10.0,2.0,3.0,1.0,50261404,2.8119027835422554,True,True,0.0,16284,5,5,False,5,1,54,0.9430712090163934,0.8756850465067941,0.828614497895625,8,7,True,True,False
679,1.1,11.0,2.2,3.0,1.0,50261404,2.8119027835422554,True,True,0.0,16284,5,5,False,5,1,54,0.9430712090163934,0.8756850465067941,0.828614497895625,8,7,True,True,False
679,1.2,12.0,2.4,3.0,1.0,50261404,2.8119027835422554,True,True,0.0,16284,5,5,False,5,1,54,0.9430712090163934,0.8756850465067941,0.828614497895625,8,7,True,True,False
680,0.8,8.0,1.6,3.0,1.0,50261405,4.95911277865787,True,True,0.0,15500,7,7,False,7,0,0,0.9953195382882882,0.7391965968621121,0.7370191123931472,8,6,False,False,False
680,0.9,9.0,1.8,3.0,1.0,50261405,4.95911277865787,True,True,0.0,15500,7,7,False,7,0,0,0.9953195382882882,0.7391965968621121,0.7370191123931472,8,6,False,False,False
680,1.0,10.0,2.0,3.0,1.0,50261405,4.95911277865787,True,True,0.0,15500,7,7,False,7,0,0,0.9953195382882882,0.7391965968621121,0.7370191123931472,8,6,False,False,False
680,1.1,11.0,2.2,3.0,1.0,50261405,4.95911277865787,True,True,0.0,15500,7,7,False,7,0,0,0.9953195382882882,0.7391965968621121,0.7370191123931472,8,6,False,False,False
680,1.2,12.0,2.4,3.0,1.0,50261405,4.95911277865787,True,True,0.0,15500,7,7,False,7,0,0,0.9953195382882882,0.7391965968621121,0.7370191123931472,8,6,False,False,False
681,0.8,8.0,1.6,3.0,1.0,50261406,3.6995411585018436,True,True,0.0,15945,2,2,False,2,0,0,1.0,0.7697656499529413,0.7697656499529413,8,6,False,False,False
681,0.9,9.0,1.8,3.0,1.0,50261406,3.6995411585018436,True,True,0.0,15945,2,2,False,2,0,0,1.0,0.7697656499529413,0.7697656499529413,8,6,False,False,False
681,1.0,10.0,2.0,3.0,1.0,50261406,3.6995411585018436,True,True,0.0,15945,2,2,False,2,0,0,1.0,0.7697656499529413,0.7697656499529413,8,6,False,False,False
681,1.1,11.0,2.2,3.0,1.0,50261406,3.6995411585018436,True,True,0.0,15945,2,2,False,2,0,0,1.0,0.7697656499529413,0.7697656499529413,8,6,False,False,False
681,1.2,12.0,2.4,3.0,1.0,50261406,3.6995411585018436,True,True,0.0,15945,2,2,False,2,0,0,1.0,0.7697656499529413,0.7697656499529413,8,6,False,False,False
682,0.8,8.0,1.6,3.0,1.0,50261407,2.0201829825427438,True,True,0.0,15272,9,9,False,9,1,44,0.9747210068675233,0.8900145325754768,0.8673715224862231,8,8,True,True,True
682,0.9,9.0,1.8,3.0,1.0,50261407,2.0201829825427438,True,True,0.0,15272,9,9,False,9,1,44,0.9747210068675233,0.8900145325754768,0.8673715224862231,8,8,True,True,True
682,1.0,10.0,2.0,3.0,1.0,50261407,2.0201829825427438,True,True,0.0,15272,9,9,False,9,1,44,0.9747210068675233,0.8900145325754768,0.8673715224862231,8,8,True,True,True
682,1.1,11.0,2.2,3.0,1.0,50261407,2.0201829825427438,True,True,0.0,15272,9,9,False,9,1,44,0.9747210068675233,0.8900145325754768,0.8673715224862231,8,8,True,True,True
682,1.2,12.0,2.4,3.0,1.0,50261407,2.0201829825427438,True,True,0.0,15272,9,9,False,9,1,44,0.9747210068675233,0.8900145325754768,0.8673715224862231,8,8,True,True,True
683,0.8,8.0,1.6,3.0,1.0,50261408,2.012188716772042,True,True,0.0,16062,3,3,False,3,0,0,1.0,0.7993693328468513,0.7993693328468513,8,6,False,False,False
683,0.9,9.0,1.8,3.0,1.0,50261408,2.012188716772042,True,True,0.0,16062,3,3,False,3,0,0,1.0,0.7993693328468513,0.7993693328468513,8,6,False,False,False
683,1.0,10.0,2.0,3.0,1.0,50261408,2.012188716772042,True,True,0.0,16062,3,3,False,3,0,0,1.0,0.7993693328468513,0.7993693328468513,8,6,False,False,False
683,1.1,11.0,2.2,3.0,1.0,50261408,2.012188716772042,True,True,0.0,16062,3,3,False,3,0,0,1.0,0.7993693328468513,0.7993693328468513,8,6,False,False,False
683,1.2,12.0,2.4,3.0,1.0,50261408,2.012188716772042,True,True,0.0,16062,3,3,False,3,0,0,1.0,0.7993693328468513,0.7993693328468513,8,6,False,False,False
684,0.8,8.0,1.6,3.0,1.0,50261409,2.673055904351813,True,True,0.0,15587,3,3,False,3,0,0,0.9953195382882882,0.6737792870680352,0.670482330317759,8,5,False,False,False
684,0.9,9.0,1.8,3.0,1.0,50261409,2.673055904351813,True,True,0.0,15587,3,3,False,3,0,0,0.9953195382882882,0.6737792870680352,0.670482330317759,8,5,False,False,False
684,1.0,10.0,2.0,3.0,1.0,50261409,2.673055904351813,True,True,0.0,15587,3,3,False,3,0,0,0.9953195382882882,0.6737792870680352,0.670482330317759,8,5,False,False,False
684,1.1,11.0,2.2,3.0,1.0,50261409,2.673055904351813,True,True,0.0,15587,3,3,False,3,0,0,0.9953195382882882,0.6737792870680352,0.670482330317759,8,5,False,False,False
684,1.2,12.0,2.4,3.0,1.0,50261409,2.673055904351813,True,True,0.0,15587,3,3,False,3,0,0,0.9953195382882882,0.6737792870680352,0.670482330317759,8,5,False,False,False
685,0.8,8.0,1.6,3.0,1.0,50261410,0.09048864433619676,True,True,0.0,15893,4,4,False,4,0,0,1.0,0.7650762282123755,0.7650762282123755,8,6,False,False,False
685,0.9,9.0,1.8,3.0,1.0,50261410,0.09048864433619676,True,True,0.0,15893,4,4,False,4,0,0,1.0,0.7650762282123755,0.7650762282123755,8,6,False,False,False
685,1.0,10.0,2.0,3.0,1.0,50261410,0.09048864433619676,True,True,0.0,15893,4,4,False,4,0,0,1.0,0.7650762282123755,0.7650762282123755,8,6,False,False,False
685,1.1,11.0,2.2,3.0,1.0,50261410,0.09048864433619676,True,True,0.0,15893,4,4,False,4,0,0,1.0,0.7650762282123755,0.7650762282123755,8,6,False,False,False
685,1.2,12.0,2.4,3.0,1.0,50261410,0.09048864433619676,True,True,0.0,15893,4,4,False,4,0,0,1.0,0.7650762282123755,0.7650762282123755,8,6,False,False,False
686,0.8,8.0,1.6,3.0,1.0,50261411,4.067059922515174,True,True,0.0,15876,1,1,False,1,0,0,1.0,0.7741757517857318,0.7741757517857318,8,6,False,False,False
686,0.9,9.0,1.8,3.0,1.0,50261411,4.067059922515174,True,True,0.0,15876,1,1,False,1,0,0,1.0,0.7741757517857318,0.7741757517857318,8,6,False,False,False
686,1.0,10.0,2.0,3.0,1.0,50261411,4.067059922515174,True,True,0.0,15876,1,1,False,1,0,0,1.0,0.7741757517857318,0.7741757517857318,8,6,False,False,False
686,1.1,11.0,2.2,3.0,1.0,50261411,4.067059922515174,True,True,0.0,15876,1,1,False,1,0,0,1.0,0.7741757517857318,0.7741757517857318,8,6,False,False,False
686,1.2,12.0,2.4,3.0,1.0,50261411,4.067059922515174,True,True,0.0,15876,1,1,False,1,0,0,1.0,0.7741757517857318,0.7741757517857318,8,6,False,False,False
687,0.8,8.0,1.6,3.0,1.0,50261412,3.6593993258699293,True,True,0.0,15944,1,1,False,1,0,0,1.0,0.7412942691008654,0.7412942691008654,8,6,False,False,False
687,0.9,9.0,1.8,3.0,1.0,50261412,3.6593993258699293,True,True,0.0,15944,1,1,False,1,0,0,1.0,0.7412942691008654,0.7412942691008654,8,6,False,False,False
687,1.0,10.0,2.0,3.0,1.0,50261412,3.6593993258699293,True,True,0.0,15944,1,1,False,1,0,0,1.0,0.7412942691008654,0.7412942691008654,8,6,False,False,False
687,1.1,11.0,2.2,3.0,1.0,50261412,3.6593993258699293,True,True,0.0,15944,1,1,False,1,0,0,1.0,0.7412942691008654,0.7412942691008654,8,6,False,False,False
687,1.2,12.0,2.4,3.0,1.0,50261412,3.6593993258699293,True,True,0.0,15944,1,1,False,1,0,0,1.0,0.7412942691008654,0.7412942691008654,8,6,False,False,False
688,0.8,8.0,1.6,3.0,1.0,50261413,4.0163003279802085,True,True,0.0,16159,1,1,False,1,1,67,0.9845457650273224,0.8232024712379992,0.8099735802621604,8,8,True,True,True
688,0.9,9.0,1.8,3.0,1.0,50261413,4.0163003279802085,True,True,0.0,16159,1,1,False,1,1,67,0.9845457650273224,0.8232024712379992,0.8099735802621604,8,8,True,True,True
688,1.0,10.0,2.0,3.0,1.0,50261413,4.0163003279802085,True,True,0.0,16159,1,1,False,1,0,0,1.0,0.6977264049800104,0.6977264049800104,8,6,False,False,False
688,1.1,11.0,2.2,3.0,1.0,50261413,4.0163003279802085,True,True,0.0,16159,1,1,False,1,0,0,1.0,0.6977264049800104,0.6977264049800104,8,6,False,False,False
688,1.2,12.0,2.4,3.0,1.0,50261413,4.0163003279802085,True,True,0.0,16159,1,1,False,1,0,0,1.0,0.6977264049800104,0.6977264049800104,8,6,False,False,False
689,0.8,8.0,1.6,3.0,1.0,50261414,0.9172352873602545,True,True,0.0,15960,1,1,False,1,0,0,1.0,0.7417396095384906,0.7417396095384906,8,6,False,False,False
689,0.9,9.0,1.8,3.0,1.0,50261414,0.9172352873602545,True,True,0.0,15960,1,1,False,1,0,0,1.0,0.7417396095384906,0.7417396095384906,8,6,False,False,False
689,1.0,10.0,2.0,3.0,1.0,50261414,0.9172352873602545,True,True,0.0,15960,1,1,False,1,0,0,1.0,0.7417396095384906,0.7417396095384906,8,6,False,False,False
689,1.1,11.0,2.2,3.0,1.0,50261414,0.9172352873602545,True,True,0.0,15960,1,1,False,1,0,0,1.0,0.7417396095384906,0.7417396095384906,8,6,False,False,False
689,1.2,12.0,2.4,3.0,1.0,50261414,0.9172352873602545,True,True,0.0,15960,1,1,False,1,0,0,1.0,0.7417396095384906,0.7417396095384906,8,6,False,False,False
690,0.8,8.0,1.6,3.0,1.0,50261415,0.46758041891763885,True,True,0.0,15699,7,7,False,7,1,29,0.9759541495901639,0.8982960993725704,0.8751841870504795,8,8,True,True,True
690,0.9,9.0,1.8,3.0,1.0,50261415,0.46758041891763885,True,True,0.0,15699,7,7,False,7,1,29,0.9759541495901639,0.8982960993725704,0.8751841870504795,8,8,True,True,True
690,1.0,10.0,2.0,3.0,1.0,50261415,0.46758041891763885,True,True,0.0,15699,7,7,False,7,1,29,0.9759541495901639,0.8982960993725704,0.8751841870504795,8,8,True,True,True
690,1.1,11.0,2.2,3.0,1.0,50261415,0.46758041891763885,True,True,0.0,15699,7,7,False,7,1,29,0.9759541495901639,0.8982960993725704,0.8751841870504795,8,8,True,True,True
690,1.2,12.0,2.4,3.0,1.0,50261415,0.46758041891763885,True,True,0.0,15699,7,7,False,7,1,29,0.9759541495901639,0.8982960993725704,0.8751841870504795,8,8,True,True,True
691,0.8,8.0,1.6,3.0,1.0,50261416,3.088367384360223,True,True,0.0,15878,6,6,False,6,1,22,0.982816769125683,0.794598027765556,0.7782100077026004,8,7,True,True,True
691,0.9,9.0,1.8,3.0,1.0,50261416,3.088367384360223,True,True,0.0,15878,6,6,False,6,1,22,0.982816769125683,0.794598027765556,0.7782100077026004,8,7,True,True,True
691,1.0,10.0,2.0,3.0,1.0,50261416,3.088367384360223,True,True,0.0,15878,6,6,False,6,1,22,0.982816769125683,0.794598027765556,0.7782100077026004,8,7,True,True,True
691,1.1,11.0,2.2,3.0,1.0,50261416,3.088367384360223,True,True,0.0,15878,6,6,False,6,1,22,0.982816769125683,0.794598027765556,0.7782100077026004,8,7,True,True,True
691,1.2,12.0,2.4,3.0,1.0,50261416,3.088367384360223,True,True,0.0,15878,6,6,False,6,1,22,0.982816769125683,0.794598027765556,0.7782100077026004,8,7,True,True,True
692,0.8,8.0,1.6,3.0,1.0,50261417,0.5130634792974746,True,True,0.0,15409,10,10,False,10,1,63,0.970302461785556,0.879814847411149,0.8530863069249865,8,8,True,True,True
692,0.9,9.0,1.8,3.0,1.0,50261417,0.5130634792974746,True,True,0.0,15409,10,10,False,10,0,0,0.9953195382882882,0.7553515760394751,0.7523409440417617,8,6,False,False,False
692,1.0,10.0,2.0,3.0,1.0,50261417,0.5130634792974746,True,True,0.0,15409,10,10,False,10,0,0,0.9953195382882882,0.7553515760394751,0.7523409440417617,8,6,False,False,False
692,1.1,11.0,2.2,3.0,1.0,50261417,0.5130634792974746,True,True,0.0,15409,10,10,False,10,0,0,0.9953195382882882,0.7553515760394751,0.7523409440417617,8,6,False,False,False
692,1.2,12.0,2.4,3.0,1.0,50261417,0.5130634792974746,True,True,0.0,15409,10,10,False,10,0,0,0.9953195382882882,0.7553515760394751,0.7523409440417617,8,6,False,False,False
693,0.8,8.0,1.6,3.0,1.0,50261418,3.0263410118516325,True,True,0.0,16039,8,8,False,8,0,0,1.0,0.6406839015181047,0.6406839015181047,8,5,False,False,False
693,0.9,9.0,1.8,3.0,1.0,50261418,3.0263410118516325,True,True,0.0,16039,8,8,False,8,0,0,1.0,0.6406839015181047,0.6406839015181047,8,5,False,False,False
693,1.0,10.0,2.0,3.0,1.0,50261418,3.0263410118516325,True,True,0.0,16039,8,8,False,8,0,0,1.0,0.6406839015181047,0.6406839015181047,8,5,False,False,False
693,1.1,11.0,2.2,3.0,1.0,50261418,3.0263410118516325,True,True,0.0,16039,8,8,False,8,0,0,1.0,0.6406839015181047,0.6406839015181047,8,5,False,False,False
693,1.2,12.0,2.4,3.0,1.0,50261418,3.0263410118516325,True,True,0.0,16039,8,8,False,8,0,0,1.0,0.6406839015181047,0.6406839015181047,8,5,False,False,False
694,0.8,8.0,1.6,3.0,1.0,50261419,2.2299857541292023,True,True,0.0,15482,9,9,False,9,0,0,0.9986979166666667,0.6909868438600235,0.6907083625505164,8,5,False,False,False
694,0.9,9.0,1.8,3.0,1.0,50261419,2.2299857541292023,True,True,0.0,15482,9,9,False,9,0,0,0.9986979166666667,0.6909868438600235,0.6907083625505164,8,5,False,False,False
694,1.0,10.0,2.0,3.0,1.0,50261419,2.2299857541292023,True,True,0.0,15482,9,9,False,9,0,0,0.9986979166666667,0.6909868438600235,0.6907083625505164,8,5,False,False,False
694,1.1,11.0,2.2,3.0,1.0,50261419,2.2299857541292023,True,True,0.0,15482,9,9,False,9,0,0,0.9986979166666667,0.6909868438600235,0.6907083625505164,8,5,False,False,False
694,1.2,12.0,2.4,3.0,1.0,50261419,2.2299857541292023,True,True,0.0,15482,9,9,False,9,0,0,0.9986979166666667,0.6909868438600235,0.6907083625505164,8,5,False,False,False
695,0.8,8.0,1.6,3.0,1.0,50261420,5.62592371145758,True,True,0.0,15956,10,10,False,10,0,0,1.0,0.7630761457246763,0.7630761457246763,8,6,False,False,False
695,0.9,9.0,1.8,3.0,1.0,50261420,5.62592371145758,True,True,0.0,15956,10,10,False,10,0,0,1.0,0.7630761457246763,0.7630761457246763,8,6,False,False,False
695,1.0,10.0,2.0,3.0,1.0,50261420,5.62592371145758,True,True,0.0,15956,10,10,False,10,0,0,1.0,0.7630761457246763,0.7630761457246763,8,6,False,False,False
695,1.1,11.0,2.2,3.0,1.0,50261420,5.62592371145758,True,True,0.0,15956,10,10,False,10,0,0,1.0,0.7630761457246763,0.7630761457246763,8,6,False,False,False
695,1.2,12.0,2.4,3.0,1.0,50261420,5.62592371145758,True,True,0.0,15956,10,10,False,10,0,0,1.0,0.7630761457246763,0.7630761457246763,8,6,False,False,False
696,0.8,8.0,1.6,3.0,1.0,50261421,1.376283955679813,True,True,0.0,15805,4,4,False,4,1,29,0.9771921960382514,0.9289184560979984,0.9076761875388955,8,8,True,True,True
696,0.9,9.0,1.8,3.0,1.0,50261421,1.376283955679813,True,True,0.0,15805,4,4,False,4,1,29,0.9771921960382514,0.9289184560979984,0.9076761875388955,8,8,True,True,True
696,1.0,10.0,2.0,3.0,1.0,50261421,1.376283955679813,True,True,0.0,15805,4,4,False,4,1,29,0.9771921960382514,0.9289184560979984,0.9076761875388955,8,8,True,True,True
696,1.1,11.0,2.2,3.0,1.0,50261421,1.376283955679813,True,True,0.0,15805,4,4,False,4,1,29,0.9771921960382514,0.9289184560979984,0.9076761875388955,8,8,True,True,True
696,1.2,12.0,2.4,3.0,1.0,50261421,1.376283955679813,True,True,0.0,15805,4,4,False,4,1,29,0.9771921960382514,0.9289184560979984,0.9076761875388955,8,8,True,True,True
697,0.8,8.0,1.6,3.0,1.0,50261422,5.796253073773371,True,True,0.0,16284,1,1,False,1,1,18,0.9866589822404371,0.8208949196218516,0.8080486429146878,8,7,True,True,True
697,0.9,9.0,1.8,3.0,1.0,50261422,5.796253073773371,True,True,0.0,16284,1,1,False,1,1,18,0.9866589822404371,0.8208949196218516,0.8080486429146878,8,7,True,True,True
697,1.0,10.0,2.0,3.0,1.0,50261422,5.796253073773371,True,True,0.0,16284,1,1,False,1,1,18,0.9866589822404371,0.8208949196218516,0.8080486429146878,8,7,True,True,True
697,1.1,11.0,2.2,3.0,1.0,50261422,5.796253073773371,True,True,0.0,16284,1,1,False,1,1,18,0.9866589822404371,0.8208949196218516,0.8080486429146878,8,7,True,True,True
697,1.2,12.0,2.4,3.0,1.0,50261422,5.796253073773371,True,True,0.0,16284,1,1,False,1,0,0,1.0,0.6990690366409389,0.6990690366409389,8,6,False,False,False
698,0.8,8.0,1.6,3.0,1.0,50261423,1.1989807904346583,True,True,0.0,16084,1,1,False,1,0,0,1.0,0.6868731386728992,0.6868731386728992,8,5,False,False,False
698,0.9,9.0,1.8,3.0,1.0,50261423,1.1989807904346583,True,True,0.0,16084,1,1,False,1,0,0,1.0,0.6868731386728992,0.6868731386728992,8,5,False,False,False
698,1.0,10.0,2.0,3.0,1.0,50261423,1.1989807904346583,True,True,0.0,16084,1,1,False,1,0,0,1.0,0.6868731386728992,0.6868731386728992,8,5,False,False,False
698,1.1,11.0,2.2,3.0,1.0,50261423,1.1989807904346583,True,True,0.0,16084,1,1,False,1,0,0,1.0,0.6868731386728992,0.6868731386728992,8,5,False,False,False
698,1.2,12.0,2.4,3.0,1.0,50261423,1.1989807904346583,True,True,0.0,16084,1,1,False,1,0,0,1.0,0.6868731386728992,0.6868731386728992,8,5,False,False,False
699,0.8,8.0,1.6,3.0,1.0,50261424,1.1172740325507111,True,True,0.0,15845,17,17,False,17,0,0,1.0,0.7670577276930033,0.7670577276930033,8,6,False,False,False
699,0.9,9.0,1.8,3.0,1.0,50261424,1.1172740325507111,True,True,0.0,15845,17,17,False,17,0,0,1.0,0.7670577276930033,0.7670577276930033,8,6,False,False,False
699,1.0,10.0,2.0,3.0,1.0,50261424,1.1172740325507111,True,True,0.0,15845,17,17,False,17,0,0,1.0,0.7670577276930033,0.7670577276930033,8,6,False,False,False
699,1.1,11.0,2.2,3.0,1.0,50261424,1.1172740325507111,True,True,0.0,15845,17,17,False,17,0,0,1.0,0.7670577276930033,0.7670577276930033,8,6,False,False,False
699,1.2,12.0,2.4,3.0,1.0,50261424,1.1172740325507111,True,True,0.0,15845,17,17,False,17,0,0,1.0,0.7670577276930033,0.7670577276930033,8,6,False,False,False
700,0.8,8.0,1.6,3.0,1.0,50261425,5.661484277611062,True,True,0.0,15873,2,2,False,2,1,39,0.9780673668032787,0.8966255009365166,0.87732965910778,8,8,True,True,True
700,0.9,9.0,1.8,3.0,1.0,50261425,5.661484277611062,True,True,0.0,15873,2,2,False,2,1,39,0.9780673668032787,0.8966255009365166,0.87732965910778,8,8,True,True,True
700,1.0,10.0,2.0,3.0,1.0,50261425,5.661484277611062,True,True,0.0,15873,2,2,False,2,1,39,0.9780673668032787,0.8966255009365166,0.87732965910778,8,8,True,True,True
700,1.1,11.0,2.2,3.0,1.0,50261425,5.661484277611062,True,True,0.0,15873,2,2,False,2,1,39,0.9780673668032787,0.8966255009365166,0.87732965910778,8,8,True,True,True
700,1.2,12.0,2.4,3.0,1.0,50261425,5.661484277611062,True,True,0.0,15873,2,2,False,2,1,39,0.9780673668032787,0.8966255009365166,0.87732965910778,8,8,True,True,True
701,0.8,8.0,1.6,3.0,1.0,50261426,5.858058205924704,True,True,0.0,15644,9,9,False,9,0,0,1.0,0.7564208041345973,0.7564208041345973,8,7,False,False,False
701,0.9,9.0,1.8,3.0,1.0,50261426,5.858058205924704,True,True,0.0,15644,9,9,False,9,0,0,1.0,0.7564208041345973,0.7564208041345973,8,7,False,False,False
701,1.0,10.0,2.0,3.0,1.0,50261426,5.858058205924704,True,True,0.0,15644,9,9,False,9,0,0,1.0,0.7564208041345973,0.7564208041345973,8,7,False,False,False
701,1.1,11.0,2.2,3.0,1.0,50261426,5.858058205924704,True,True,0.0,15644,9,9,False,9,0,0,1.0,0.7564208041345973,0.7564208041345973,8,7,False,False,False
701,1.2,12.0,2.4,3.0,1.0,50261426,5.858058205924704,True,True,0.0,15644,9,9,False,9,0,0,1.0,0.7564208041345973,0.7564208041345973,8,7,False,False,False
702,0.8,8.0,1.6,3.0,1.0,50261427,6.191898064302862,True,True,0.0,15779,5,5,False,5,0,0,1.0,0.7251180060738736,0.7251180060738736,8,6,False,False,False
702,0.9,9.0,1.8,3.0,1.0,50261427,6.191898064302862,True,True,0.0,15779,5,5,False,5,0,0,1.0,0.7251180060738736,0.7251180060738736,8,6,False,False,False
702,1.0,10.0,2.0,3.0,1.0,50261427,6.191898064302862,True,True,0.0,15779,5,5,False,5,0,0,1.0,0.7251180060738736,0.7251180060738736,8,6,False,False,False
702,1.1,11.0,2.2,3.0,1.0,50261427,6.191898064302862,True,True,0.0,15779,5,5,False,5,0,0,1.0,0.7251180060738736,0.7251180060738736,8,6,False,False,False
702,1.2,12.0,2.4,3.0,1.0,50261427,6.191898064302862,True,True,0.0,15779,5,5,False,5,0,0,1.0,0.7251180060738736,0.7251180060738736,8,6,False,False,False
703,0.8,8.0,1.6,3.0,1.0,50261428,2.2516275221549393,True,True,0.0,15957,15,15,False,15,1,14,0.9859759221311475,0.9042636757071506,0.8908050251336799,8,8,True,True,True
703,0.9,9.0,1.8,3.0,1.0,50261428,2.2516275221549393,True,True,0.0,15957,15,15,False,15,1,14,0.9859759221311475,0.9042636757071506,0.8908050251336799,8,8,True,True,True
703,1.0,10.0,2.0,3.0,1.0,50261428,2.2516275221549393,True,True,0.0,15957,15,15,False,15,1,14,0.9859759221311475,0.9042636757071506,0.8908050251336799,8,8,True,True,True
703,1.1,11.0,2.2,3.0,1.0,50261428,2.2516275221549393,True,True,0.0,15957,15,15,False,15,1,14,0.9859759221311475,0.9042636757071506,0.8908050251336799,8,8,True,True,True
703,1.2,12.0,2.4,3.0,1.0,50261428,2.2516275221549393,True,True,0.0,15957,15,15,False,15,1,14,0.9859759221311475,0.9042636757071506,0.8908050251336799,8,8,True,True,True
704,0.8,8.0,1.6,3.0,1.0,50261429,5.5879307308599415,True,True,0.0,15640,4,4,False,4,0,0,1.0,0.7911782292823142,0.7911782292823142,8,6,False,False,False
704,0.9,9.0,1.8,3.0,1.0,50261429,5.5879307308599415,True,True,0.0,15640,4,4,False,4,0,0,1.0,0.7911782292823142,0.7911782292823142,8,6,False,False,False
704,1.0,10.0,2.0,3.0,1.0,50261429,5.5879307308599415,True,True,0.0,15640,4,4,False,4,0,0,1.0,0.7911782292823142,0.7911782292823142,8,6,False,False,False
704,1.1,11.0,2.2,3.0,1.0,50261429,5.5879307308599415,True,True,0.0,15640,4,4,False,4,0,0,1.0,0.7911782292823142,0.7911782292823142,8,6,False,False,False
704,1.2,12.0,2.4,3.0,1.0,50261429,5.5879307308599415,True,True,0.0,15640,4,4,False,4,0,0,1.0,0.7911782292823142,0.7911782292823142,8,6,False,False,False
705,0.8,8.0,1.6,3.0,1.0,50261430,5.973007821934917,True,True,0.0,15945,5,5,False,5,0,0,0.9966216216216216,0.7257481700734421,0.7225476010833994,8,6,False,False,False
705,0.9,9.0,1.8,3.0,1.0,50261430,5.973007821934917,True,True,0.0,15945,5,5,False,5,0,0,0.9966216216216216,0.7257481700734421,0.7225476010833994,8,6,False,False,False
705,1.0,10.0,2.0,3.0,1.0,50261430,5.973007821934917,True,True,0.0,15945,5,5,False,5,0,0,0.9966216216216216,0.7257481700734421,0.7225476010833994,8,6,False,False,False
705,1.1,11.0,2.2,3.0,1.0,50261430,5.973007821934917,True,True,0.0,15945,5,5,False,5,0,0,0.9966216216216216,0.7257481700734421,0.7225476010833994,8,6,False,False,False
705,1.2,12.0,2.4,3.0,1.0,50261430,5.973007821934917,True,True,0.0,15945,5,5,False,5,0,0,0.9966216216216216,0.7257481700734421,0.7225476010833994,8,6,False,False,False
706,0.8,8.0,1.6,3.0,1.0,50261431,0.687001472279958,True,True,0.0,15720,8,8,False,8,0,0,1.0,0.7321357681122738,0.7321357681122738,8,6,False,False,False
706,0.9,9.0,1.8,3.0,1.0,50261431,0.687001472279958,True,True,0.0,15720,8,8,False,8,0,0,1.0,0.7321357681122738,0.7321357681122738,8,6,False,False,False
706,1.0,10.0,2.0,3.0,1.0,50261431,0.687001472279958,True,True,0.0,15720,8,8,False,8,0,0,1.0,0.7321357681122738,0.7321357681122738,8,6,False,False,False
706,1.1,11.0,2.2,3.0,1.0,50261431,0.687001472279958,True,True,0.0,15720,8,8,False,8,0,0,1.0,0.7321357681122738,0.7321357681122738,8,6,False,False,False
706,1.2,12.0,2.4,3.0,1.0,50261431,0.687001472279958,True,True,0.0,15720,8,8,False,8,0,0,1.0,0.7321357681122738,0.7321357681122738,8,6,False,False,False
707,0.8,8.0,1.6,3.0,1.0,50261432,2.0683476568349617,True,True,0.0,15937,6,6,False,6,0,0,1.0,0.7553091949148303,0.7553091949148303,8,6,False,False,False
707,0.9,9.0,1.8,3.0,1.0,50261432,2.0683476568349617,True,True,0.0,15937,6,6,False,6,0,0,1.0,0.7553091949148303,0.7553091949148303,8,6,False,False,False
707,1.0,10.0,2.0,3.0,1.0,50261432,2.0683476568349617,True,True,0.0,15937,6,6,False,6,0,0,1.0,0.7553091949148303,0.7553091949148303,8,6,False,False,False
707,1.1,11.0,2.2,3.0,1.0,50261432,2.0683476568349617,True,True,0.0,15937,6,6,False,6,0,0,1.0,0.7553091949148303,0.7553091949148303,8,6,False,False,False
707,1.2,12.0,2.4,3.0,1.0,50261432,2.0683476568349617,True,True,0.0,15937,6,6,False,6,0,0,1.0,0.7553091949148303,0.7553091949148303,8,6,False,False,False
708,0.8,8.0,1.6,3.0,1.0,50261433,0.37565896985270897,True,True,0.0,15750,14,14,False,14,1,23,0.9855169911202186,0.8507099456912246,0.8362269368114432,8,8,True,True,True
708,0.9,9.0,1.8,3.0,1.0,50261433,0.37565896985270897,True,True,0.0,15750,14,14,False,14,1,23,0.9855169911202186,0.8507099456912246,0.8362269368114432,8,8,True,True,True
708,1.0,10.0,2.0,3.0,1.0,50261433,0.37565896985270897,True,True,0.0,15750,14,14,False,14,1,23,0.9855169911202186,0.8507099456912246,0.8362269368114432,8,8,True,True,True
708,1.1,11.0,2.2,3.0,1.0,50261433,0.37565896985270897,True,True,0.0,15750,14,14,False,14,1,23,0.9855169911202186,0.8507099456912246,0.8362269368114432,8,8,True,True,True
708,1.2,12.0,2.4,3.0,1.0,50261433,0.37565896985270897,True,True,0.0,15750,14,14,False,14,1,23,0.9855169911202186,0.8507099456912246,0.8362269368114432,8,8,True,True,True
709,0.8,8.0,1.6,3.0,1.0,50261434,1.904563700449814,True,True,0.0,16035,1,1,False,1,1,18,0.981749487704918,0.8860712618017277,0.869390404093193,8,8,True,True,True
709,0.9,9.0,1.8,3.0,1.0,50261434,1.904563700449814,True,True,0.0,16035,1,1,False,1,1,18,0.981749487704918,0.8860712618017277,0.869390404093193,8,8,True,True,True
709,1.0,10.0,2.0,3.0,1.0,50261434,1.904563700449814,True,True,0.0,16035,1,1,False,1,1,18,0.981749487704918,0.8860712618017277,0.869390404093193,8,8,True,True,True
709,1.1,11.0,2.2,3.0,1.0,50261434,1.904563700449814,True,True,0.0,16035,1,1,False,1,1,18,0.981749487704918,0.8860712618017277,0.869390404093193,8,8,True,True,True
709,1.2,12.0,2.4,3.0,1.0,50261434,1.904563700449814,True,True,0.0,16035,1,1,False,1,1,18,0.981749487704918,0.8860712618017277,0.869390404093193,8,8,True,True,True
710,0.8,8.0,1.6,3.0,1.0,50261435,2.702784877934252,True,True,0.0,16360,2,2,False,2,0,0,1.0,0.678684004815149,0.678684004815149,8,6,False,False,False
710,0.9,9.0,1.8,3.0,1.0,50261435,2.702784877934252,True,True,0.0,16360,2,2,False,2,0,0,1.0,0.678684004815149,0.678684004815149,8,6,False,False,False
710,1.0,10.0,2.0,3.0,1.0,50261435,2.702784877934252,True,True,0.0,16360,2,2,False,2,0,0,1.0,0.678684004815149,0.678684004815149,8,6,False,False,False
710,1.1,11.0,2.2,3.0,1.0,50261435,2.702784877934252,True,True,0.0,16360,2,2,False,2,0,0,1.0,0.678684004815149,0.678684004815149,8,6,False,False,False
710,1.2,12.0,2.4,3.0,1.0,50261435,2.702784877934252,True,True,0.0,16360,2,2,False,2,0,0,1.0,0.678684004815149,0.678684004815149,8,6,False,False,False
711,0.8,8.0,1.6,3.0,1.0,50261436,0.02815847426002206,True,True,0.0,16344,1,1,False,1,0,0,0.9966216216216216,0.6661992411838411,0.6642045603327772,8,6,False,False,False
711,0.9,9.0,1.8,3.0,1.0,50261436,0.02815847426002206,True,True,0.0,16344,1,1,False,1,0,0,0.9966216216216216,0.6661992411838411,0.6642045603327772,8,6,False,False,False
711,1.0,10.0,2.0,3.0,1.0,50261436,0.02815847426002206,True,True,0.0,16344,1,1,False,1,0,0,0.9966216216216216,0.6661992411838411,0.6642045603327772,8,6,False,False,False
711,1.1,11.0,2.2,3.0,1.0,50261436,0.02815847426002206,True,True,0.0,16344,1,1,False,1,0,0,0.9966216216216216,0.6661992411838411,0.6642045603327772,8,6,False,False,False
711,1.2,12.0,2.4,3.0,1.0,50261436,0.02815847426002206,True,True,0.0,16344,1,1,False,1,0,0,0.9966216216216216,0.6661992411838411,0.6642045603327772,8,6,False,False,False
712,0.8,8.0,1.6,3.0,1.0,50261437,5.211618813637127,True,True,0.0,15904,3,3,False,3,0,0,1.0,0.749335251675362,0.749335251675362,8,5,False,False,False
712,0.9,9.0,1.8,3.0,1.0,50261437,5.211618813637127,True,True,0.0,15904,3,3,False,3,0,0,1.0,0.749335251675362,0.749335251675362,8,5,False,False,False
712,1.0,10.0,2.0,3.0,1.0,50261437,5.211618813637127,True,True,0.0,15904,3,3,False,3,0,0,1.0,0.749335251675362,0.749335251675362,8,5,False,False,False
712,1.1,11.0,2.2,3.0,1.0,50261437,5.211618813637127,True,True,0.0,15904,3,3,False,3,0,0,1.0,0.749335251675362,0.749335251675362,8,5,False,False,False
712,1.2,12.0,2.4,3.0,1.0,50261437,5.211618813637127,True,True,0.0,15904,3,3,False,3,0,0,1.0,0.749335251675362,0.749335251675362,8,5,False,False,False
713,0.8,8.0,1.6,3.0,1.0,50261438,3.391366382242536,True,True,0.0,15862,1,24,True,0,0,0,1.0,0.8452334595767775,0.8452334595767775,8,8,True,True,True
713,0.9,9.0,1.8,3.0,1.0,50261438,3.391366382242536,True,True,0.0,15862,1,24,True,0,0,0,1.0,0.8452334595767775,0.8452334595767775,8,8,True,True,True
713,1.0,10.0,2.0,3.0,1.0,50261438,3.391366382242536,True,True,0.0,15862,1,24,True,0,0,0,1.0,0.8452334595767775,0.8452334595767775,8,8,True,True,True
713,1.1,11.0,2.2,3.0,1.0,50261438,3.391366382242536,True,True,0.0,15862,1,24,True,0,0,0,1.0,0.8452334595767775,0.8452334595767775,8,8,True,True,True
713,1.2,12.0,2.4,3.0,1.0,50261438,3.391366382242536,True,True,0.0,15862,1,24,True,0,0,0,1.0,0.8452334595767775,0.8452334595767775,8,8,True,True,True
714,0.8,8.0,1.6,3.0,1.0,50261439,0.9996028186383483,True,True,0.0,15715,2,2,False,2,0,0,1.0,0.7405006741167857,0.7405006741167857,8,7,False,False,False
714,0.9,9.0,1.8,3.0,1.0,50261439,0.9996028186383483,True,True,0.0,15715,2,2,False,2,0,0,1.0,0.7405006741167857,0.7405006741167857,8,7,False,False,False
714,1.0,10.0,2.0,3.0,1.0,50261439,0.9996028186383483,True,True,0.0,15715,2,2,False,2,0,0,1.0,0.7405006741167857,0.7405006741167857,8,7,False,False,False
714,1.1,11.0,2.2,3.0,1.0,50261439,0.9996028186383483,True,True,0.0,15715,2,2,False,2,0,0,1.0,0.7405006741167857,0.7405006741167857,8,7,False,False,False
714,1.2,12.0,2.4,3.0,1.0,50261439,0.9996028186383483,True,True,0.0,15715,2,2,False,2,0,0,1.0,0.7405006741167857,0.7405006741167857,8,7,False,False,False
715,0.8,8.0,1.6,3.0,1.0,50261440,3.5519672484094436,True,True,0.0,15883,2,2,False,2,1,23,0.983339737021858,0.8356063918114974,0.8192136998040513,8,8,True,True,True
715,0.9,9.0,1.8,3.0,1.0,50261440,3.5519672484094436,True,True,0.0,15883,2,2,False,2,1,23,0.983339737021858,0.8356063918114974,0.8192136998040513,8,8,True,True,True
715,1.0,10.0,2.0,3.0,1.0,50261440,3.5519672484094436,True,True,0.0,15883,2,2,False,2,1,23,0.983339737021858,0.8356063918114974,0.8192136998040513,8,8,True,True,True
715,1.1,11.0,2.2,3.0,1.0,50261440,3.5519672484094436,True,True,0.0,15883,2,2,False,2,1,23,0.983339737021858,0.8356063918114974,0.8192136998040513,8,8,True,True,True
715,1.2,12.0,2.4,3.0,1.0,50261440,3.5519672484094436,True,True,0.0,15883,2,2,False,2,1,23,0.983339737021858,0.8356063918114974,0.8192136998040513,8,8,True,True,True
716,0.8,8.0,1.6,3.0,1.0,50261441,3.6645869435389082,True,True,0.0,15929,3,3,False,3,1,39,0.9797643442622951,0.9060632574778822,0.8874531131361947,8,8,True,True,True
716,0.9,9.0,1.8,3.0,1.0,50261441,3.6645869435389082,True,True,0.0,15929,3,3,False,3,1,39,0.9797643442622951,0.9060632574778822,0.8874531131361947,8,8,True,True,True
716,1.0,10.0,2.0,3.0,1.0,50261441,3.6645869435389082,True,True,0.0,15929,3,3,False,3,0,0,1.0,0.7855690584595868,0.7855690584595868,8,6,False,False,False
716,1.1,11.0,2.2,3.0,1.0,50261441,3.6645869435389082,True,True,0.0,15929,3,3,False,3,0,0,1.0,0.7855690584595868,0.7855690584595868,8,6,False,False,False
716,1.2,12.0,2.4,3.0,1.0,50261441,3.6645869435389082,True,True,0.0,15929,3,3,False,3,0,0,1.0,0.7855690584595868,0.7855690584595868,8,6,False,False,False
717,0.8,8.0,1.6,3.0,1.0,50261442,4.467956783437172,True,True,0.0,15241,5,5,False,5,1,33,0.9834406960751735,0.8795852742378256,0.8650668298208803,8,8,True,True,True
717,0.9,9.0,1.8,3.0,1.0,50261442,4.467956783437172,True,True,0.0,15241,5,5,False,5,1,33,0.9834406960751735,0.8795852742378256,0.8650668298208803,8,8,True,True,True
717,1.0,10.0,2.0,3.0,1.0,50261442,4.467956783437172,True,True,0.0,15241,5,5,False,5,1,33,0.9834406960751735,0.8795852742378256,0.8650668298208803,8,8,True,True,True
717,1.1,11.0,2.2,3.0,1.0,50261442,4.467956783437172,True,True,0.0,15241,5,5,False,5,1,33,0.9834406960751735,0.8795852742378256,0.8650668298208803,8,8,True,True,True
717,1.2,12.0,2.4,3.0,1.0,50261442,4.467956783437172,True,True,0.0,15241,5,5,False,5,1,33,0.9834406960751735,0.8795852742378256,0.8650668298208803,8,8,True,True,True
718,0.8,8.0,1.6,3.0,1.0,50261443,3.660977292488239,True,True,0.0,15842,4,4,False,4,0,0,1.0,0.7387917952110178,0.7387917952110178,8,6,False,False,False
718,0.9,9.0,1.8,3.0,1.0,50261443,3.660977292488239,True,True,0.0,15842,4,4,False,4,0,0,1.0,0.7387917952110178,0.7387917952110178,8,6,False,False,False
718,1.0,10.0,2.0,3.0,1.0,50261443,3.660977292488239,True,True,0.0,15842,4,4,False,4,0,0,1.0,0.7387917952110178,0.7387917952110178,8,6,False,False,False
718,1.1,11.0,2.2,3.0,1.0,50261443,3.660977292488239,True,True,0.0,15842,4,4,False,4,0,0,1.0,0.7387917952110178,0.7387917952110178,8,6,False,False,False
718,1.2,12.0,2.4,3.0,1.0,50261443,3.660977292488239,True,True,0.0,15842,4,4,False,4,0,0,1.0,0.7387917952110178,0.7387917952110178,8,6,False,False,False
719,0.8,8.0,1.6,3.0,1.0,50261444,4.937899581229213,True,True,0.0,16031,12,12,False,12,0,0,1.0,0.7418375166274633,0.7418375166274633,8,6,False,False,False
719,0.9,9.0,1.8,3.0,1.0,50261444,4.937899581229213,True,True,0.0,16031,12,12,False,12,0,0,1.0,0.7418375166274633,0.7418375166274633,8,6,False,False,False
719,1.0,10.0,2.0,3.0,1.0,50261444,4.937899581229213,True,True,0.0,16031,12,12,False,12,0,0,1.0,0.7418375166274633,0.7418375166274633,8,6,False,False,False
719,1.1,11.0,2.2,3.0,1.0,50261444,4.937899581229213,True,True,0.0,16031,12,12,False,12,0,0,1.0,0.7418375166274633,0.7418375166274633,8,6,False,False,False
719,1.2,12.0,2.4,3.0,1.0,50261444,4.937899581229213,True,True,0.0,16031,12,12,False,12,0,0,1.0,0.7418375166274633,0.7418375166274633,8,6,False,False,False
720,0.8,8.0,1.6,3.0,1.0,50261445,4.07093436708282,True,True,0.0,15827,3,3,False,3,1,21,0.983339737021858,0.8754113505473038,0.8592873814955112,8,8,True,True,True
720,0.9,9.0,1.8,3.0,1.0,50261445,4.07093436708282,True,True,0.0,15827,3,3,False,3,1,21,0.983339737021858,0.8754113505473038,0.8592873814955112,8,8,True,True,True
720,1.0,10.0,2.0,3.0,1.0,50261445,4.07093436708282,True,True,0.0,15827,3,3,False,3,1,21,0.983339737021858,0.8754113505473038,0.8592873814955112,8,8,True,True,True
720,1.1,11.0,2.2,3.0,1.0,50261445,4.07093436708282,True,True,0.0,15827,3,3,False,3,1,21,0.983339737021858,0.8754113505473038,0.8592873814955112,8,8,True,True,True
720,1.2,12.0,2.4,3.0,1.0,50261445,4.07093436708282,True,True,0.0,15827,3,3,False,3,1,21,0.983339737021858,0.8754113505473038,0.8592873814955112,8,8,True,True,True
721,0.8,8.0,1.6,3.0,1.0,50261446,5.158398363979771,True,True,0.0,15800,3,3,False,3,1,38,0.9817067964480874,0.8553219391176494,0.8378364222616277,8,7,True,True,True
721,0.9,9.0,1.8,3.0,1.0,50261446,5.158398363979771,True,True,0.0,15800,3,3,False,3,1,38,0.9817067964480874,0.8553219391176494,0.8378364222616277,8,7,True,True,True
721,1.0,10.0,2.0,3.0,1.0,50261446,5.158398363979771,True,True,0.0,15800,3,3,False,3,1,38,0.9817067964480874,0.8553219391176494,0.8378364222616277,8,7,True,True,True
721,1.1,11.0,2.2,3.0,1.0,50261446,5.158398363979771,True,True,0.0,15800,3,3,False,3,1,38,0.9817067964480874,0.8553219391176494,0.8378364222616277,8,7,True,True,True
721,1.2,12.0,2.4,3.0,1.0,50261446,5.158398363979771,True,True,0.0,15800,3,3,False,3,1,38,0.9817067964480874,0.8553219391176494,0.8378364222616277,8,7,True,True,True
722,0.8,8.0,1.6,3.0,1.0,50261447,5.830729772054301,True,True,0.0,15492,3,3,False,3,0,0,0.9953195382882882,0.7859467356558796,0.7824904603781537,8,6,False,False,False
722,0.9,9.0,1.8,3.0,1.0,50261447,5.830729772054301,True,True,0.0,15492,3,3,False,3,0,0,0.9953195382882882,0.7859467356558796,0.7824904603781537,8,6,False,False,False
722,1.0,10.0,2.0,3.0,1.0,50261447,5.830729772054301,True,True,0.0,15492,3,3,False,3,0,0,0.9953195382882882,0.7859467356558796,0.7824904603781537,8,6,False,False,False
722,1.1,11.0,2.2,3.0,1.0,50261447,5.830729772054301,True,True,0.0,15492,3,3,False,3,0,0,0.9953195382882882,0.7859467356558796,0.7824904603781537,8,6,False,False,False
722,1.2,12.0,2.4,3.0,1.0,50261447,5.830729772054301,True,True,0.0,15492,3,3,False,3,0,0,0.9953195382882882,0.7859467356558796,0.7824904603781537,8,6,False,False,False
723,0.8,8.0,1.6,3.0,1.0,50261448,3.560811907363486,True,True,0.0,15759,7,7,False,7,1,25,0.983275700136612,0.8930537332092707,0.8774470530208838,8,8,True,True,True
723,0.9,9.0,1.8,3.0,1.0,50261448,3.560811907363486,True,True,0.0,15759,7,7,False,7,1,25,0.983275700136612,0.8930537332092707,0.8774470530208838,8,8,True,True,True
723,1.0,10.0,2.0,3.0,1.0,50261448,3.560811907363486,True,True,0.0,15759,7,7,False,7,1,25,0.983275700136612,0.8930537332092707,0.8774470530208838,8,8,True,True,True
723,1.1,11.0,2.2,3.0,1.0,50261448,3.560811907363486,True,True,0.0,15759,7,7,False,7,1,25,0.983275700136612,0.8930537332092707,0.8774470530208838,8,8,True,True,True
723,1.2,12.0,2.4,3.0,1.0,50261448,3.560811907363486,True,True,0.0,15759,7,7,False,7,0,0,1.0,0.7730843178654658,0.7730843178654658,8,6,False,False,False
724,0.8,8.0,1.6,3.0,1.0,50261449,5.135234871337804,True,True,0.0,16117,9,9,False,9,1,23,0.9811945013661202,0.8014402000908951,0.78341978248634,8,7,True,True,True
724,0.9,9.0,1.8,3.0,1.0,50261449,5.135234871337804,True,True,0.0,16117,9,9,False,9,1,23,0.9811945013661202,0.8014402000908951,0.78341978248634,8,7,True,True,True
724,1.0,10.0,2.0,3.0,1.0,50261449,5.135234871337804,True,True,0.0,16117,9,9,False,9,1,23,0.9811945013661202,0.8014402000908951,0.78341978248634,8,7,True,True,True
724,1.1,11.0,2.2,3.0,1.0,50261449,5.135234871337804,True,True,0.0,16117,9,9,False,9,1,23,0.9811945013661202,0.8014402000908951,0.78341978248634,8,7,True,True,True
724,1.2,12.0,2.4,3.0,1.0,50261449,5.135234871337804,True,True,0.0,16117,9,9,False,9,1,23,0.9811945013661202,0.8014402000908951,0.78341978248634,8,7,True,True,True
725,0.8,8.0,1.6,3.0,1.0,50261450,5.236440050036457,True,True,0.0,16055,2,2,False,2,1,24,0.985228825136612,0.852397888741263,0.8391423143907363,8,7,True,True,True
725,0.9,9.0,1.8,3.0,1.0,50261450,5.236440050036457,True,True,0.0,16055,2,2,False,2,1,24,0.985228825136612,0.852397888741263,0.8391423143907363,8,7,True,True,True
725,1.0,10.0,2.0,3.0,1.0,50261450,5.236440050036457,True,True,0.0,16055,2,2,False,2,1,24,0.985228825136612,0.852397888741263,0.8391423143907363,8,7,True,True,True
725,1.1,11.0,2.2,3.0,1.0,50261450,5.236440050036457,True,True,0.0,16055,2,2,False,2,1,24,0.985228825136612,0.852397888741263,0.8391423143907363,8,7,True,True,True
725,1.2,12.0,2.4,3.0,1.0,50261450,5.236440050036457,True,True,0.0,16055,2,2,False,2,1,24,0.985228825136612,0.852397888741263,0.8391423143907363,8,7,True,True,True
726,0.8,8.0,1.6,3.0,1.0,50261451,0.8692347596649772,True,True,0.0,15838,10,10,False,10,0,0,1.0,0.837606659098225,0.837606659098225,8,6,False,False,False
726,0.9,9.0,1.8,3.0,1.0,50261451,0.8692347596649772,True,True,0.0,15838,10,10,False,10,0,0,1.0,0.837606659098225,0.837606659098225,8,6,False,False,False
726,1.0,10.0,2.0,3.0,1.0,50261451,0.8692347596649772,True,True,0.0,15838,10,10,False,10,0,0,1.0,0.837606659098225,0.837606659098225,8,6,False,False,False
726,1.1,11.0,2.2,3.0,1.0,50261451,0.8692347596649772,True,True,0.0,15838,10,10,False,10,0,0,1.0,0.837606659098225,0.837606659098225,8,6,False,False,False
726,1.2,12.0,2.4,3.0,1.0,50261451,0.8692347596649772,True,True,0.0,15838,10,10,False,10,0,0,1.0,0.837606659098225,0.837606659098225,8,6,False,False,False
727,0.8,8.0,1.6,3.0,1.0,50261452,4.422724166872143,True,True,0.0,15689,14,14,False,14,1,35,0.9761142418032787,0.8944503874873211,0.8708771168035863,8,8,True,True,True
727,0.9,9.0,1.8,3.0,1.0,50261452,4.422724166872143,True,True,0.0,15689,14,14,False,14,1,35,0.9761142418032787,0.8944503874873211,0.8708771168035863,8,8,True,True,True
727,1.0,10.0,2.0,3.0,1.0,50261452,4.422724166872143,True,True,0.0,15689,14,14,False,14,1,35,0.9761142418032787,0.8944503874873211,0.8708771168035863,8,8,True,True,True
727,1.1,11.0,2.2,3.0,1.0,50261452,4.422724166872143,True,True,0.0,15689,14,14,False,14,1,35,0.9761142418032787,0.8944503874873211,0.8708771168035863,8,8,True,True,True
727,1.2,12.0,2.4,3.0,1.0,50261452,4.422724166872143,True,True,0.0,15689,14,14,False,14,1,35,0.9761142418032787,0.8944503874873211,0.8708771168035863,8,8,True,True,True
728,0.8,8.0,1.6,3.0,1.0,50261453,5.530012538889997,True,True,0.0,16080,1,1,False,1,0,0,1.0,0.7089585771723296,0.7089585771723296,8,6,False,False,False
728,0.9,9.0,1.8,3.0,1.0,50261453,5.530012538889997,True,True,0.0,16080,1,1,False,1,0,0,1.0,0.7089585771723296,0.7089585771723296,8,6,False,False,False
728,1.0,10.0,2.0,3.0,1.0,50261453,5.530012538889997,True,True,0.0,16080,1,1,False,1,0,0,1.0,0.7089585771723296,0.7089585771723296,8,6,False,False,False
728,1.1,11.0,2.2,3.0,1.0,50261453,5.530012538889997,True,True,0.0,16080,1,1,False,1,0,0,1.0,0.7089585771723296,0.7089585771723296,8,6,False,False,False
728,1.2,12.0,2.4,3.0,1.0,50261453,5.530012538889997,True,True,0.0,16080,1,1,False,1,0,0,1.0,0.7089585771723296,0.7089585771723296,8,6,False,False,False
729,0.8,8.0,1.6,3.0,1.0,50261454,5.292153132108696,True,True,0.0,16138,1,1,False,1,0,0,1.0,0.7675978830504906,0.7675978830504906,8,6,False,False,False
729,0.9,9.0,1.8,3.0,1.0,50261454,5.292153132108696,True,True,0.0,16138,1,1,False,1,0,0,1.0,0.7675978830504906,0.7675978830504906,8,6,False,False,False
729,1.0,10.0,2.0,3.0,1.0,50261454,5.292153132108696,True,True,0.0,16138,1,1,False,1,0,0,1.0,0.7675978830504906,0.7675978830504906,8,6,False,False,False
729,1.1,11.0,2.2,3.0,1.0,50261454,5.292153132108696,True,True,0.0,16138,1,1,False,1,0,0,1.0,0.7675978830504906,0.7675978830504906,8,6,False,False,False
729,1.2,12.0,2.4,3.0,1.0,50261454,5.292153132108696,True,True,0.0,16138,1,1,False,1,0,0,1.0,0.7675978830504906,0.7675978830504906,8,6,False,False,False
730,0.8,8.0,1.6,3.0,1.0,50261455,1.400431177017525,True,True,0.0,15888,3,3,False,3,1,48,0.9794655054644809,0.8513147413109643,0.8330623724030181,8,8,True,True,True
730,0.9,9.0,1.8,3.0,1.0,50261455,1.400431177017525,True,True,0.0,15888,3,3,False,3,1,48,0.9794655054644809,0.8513147413109643,0.8330623724030181,8,8,True,True,True
730,1.0,10.0,2.0,3.0,1.0,50261455,1.400431177017525,True,True,0.0,15888,3,3,False,3,1,48,0.9794655054644809,0.8513147413109643,0.8330623724030181,8,8,True,True,True
730,1.1,11.0,2.2,3.0,1.0,50261455,1.400431177017525,True,True,0.0,15888,3,3,False,3,0,0,1.0,0.7287110984522296,0.7287110984522296,8,6,False,False,False
730,1.2,12.0,2.4,3.0,1.0,50261455,1.400431177017525,True,True,0.0,15888,3,3,False,3,0,0,1.0,0.7287110984522296,0.7287110984522296,8,6,False,False,False
731,0.8,8.0,1.6,3.0,1.0,50261456,0.35563682699551047,True,True,0.0,15998,7,7,False,7,0,0,1.0,0.8023132270235317,0.8023132270235317,8,6,False,False,False
731,0.9,9.0,1.8,3.0,1.0,50261456,0.35563682699551047,True,True,0.0,15998,7,7,False,7,0,0,1.0,0.8023132270235317,0.8023132270235317,8,6,False,False,False
731,1.0,10.0,2.0,3.0,1.0,50261456,0.35563682699551047,True,True,0.0,15998,7,7,False,7,0,0,1.0,0.8023132270235317,0.8023132270235317,8,6,False,False,False
731,1.1,11.0,2.2,3.0,1.0,50261456,0.35563682699551047,True,True,0.0,15998,7,7,False,7,0,0,1.0,0.8023132270235317,0.8023132270235317,8,6,False,False,False
731,1.2,12.0,2.4,3.0,1.0,50261456,0.35563682699551047,True,True,0.0,15998,7,7,False,7,0,0,1.0,0.8023132270235317,0.8023132270235317,8,6,False,False,False
732,0.8,8.0,1.6,3.0,1.0,50261457,4.069723811064056,True,True,0.0,15939,11,11,False,11,0,0,1.0,0.6775687131773283,0.6775687131773283,8,5,False,False,False
732,0.9,9.0,1.8,3.0,1.0,50261457,4.069723811064056,True,True,0.0,15939,11,11,False,11,0,0,1.0,0.6775687131773283,0.6775687131773283,8,5,False,False,False
732,1.0,10.0,2.0,3.0,1.0,50261457,4.069723811064056,True,True,0.0,15939,11,11,False,11,0,0,1.0,0.6775687131773283,0.6775687131773283,8,5,False,False,False
732,1.1,11.0,2.2,3.0,1.0,50261457,4.069723811064056,True,True,0.0,15939,11,11,False,11,0,0,1.0,0.6775687131773283,0.6775687131773283,8,5,False,False,False
732,1.2,12.0,2.4,3.0,1.0,50261457,4.069723811064056,True,True,0.0,15939,11,11,False,11,0,0,1.0,0.6775687131773283,0.6775687131773283,8,5,False,False,False
733,0.8,8.0,1.6,3.0,1.0,50261458,0.8760838204965381,True,True,0.0,16142,9,9,False,9,0,0,1.0,0.7357002400398864,0.7357002400398864,8,6,False,False,False
733,0.9,9.0,1.8,3.0,1.0,50261458,0.8760838204965381,True,True,0.0,16142,9,9,False,9,0,0,1.0,0.7357002400398864,0.7357002400398864,8,6,False,False,False
733,1.0,10.0,2.0,3.0,1.0,50261458,0.8760838204965381,True,True,0.0,16142,9,9,False,9,0,0,1.0,0.7357002400398864,0.7357002400398864,8,6,False,False,False
733,1.1,11.0,2.2,3.0,1.0,50261458,0.8760838204965381,True,True,0.0,16142,9,9,False,9,0,0,1.0,0.7357002400398864,0.7357002400398864,8,6,False,False,False
733,1.2,12.0,2.4,3.0,1.0,50261458,0.8760838204965381,True,True,0.0,16142,9,9,False,9,0,0,1.0,0.7357002400398864,0.7357002400398864,8,6,False,False,False
734,0.8,8.0,1.6,3.0,1.0,50261459,2.046105566523428,True,True,0.0,15895,1,1,False,1,0,0,1.0,0.7694509766708042,0.7694509766708042,8,6,False,False,False
734,0.9,9.0,1.8,3.0,1.0,50261459,2.046105566523428,True,True,0.0,15895,1,1,False,1,0,0,1.0,0.7694509766708042,0.7694509766708042,8,6,False,False,False
734,1.0,10.0,2.0,3.0,1.0,50261459,2.046105566523428,True,True,0.0,15895,1,1,False,1,0,0,1.0,0.7694509766708042,0.7694509766708042,8,6,False,False,False
734,1.1,11.0,2.2,3.0,1.0,50261459,2.046105566523428,True,True,0.0,15895,1,1,False,1,0,0,1.0,0.7694509766708042,0.7694509766708042,8,6,False,False,False
734,1.2,12.0,2.4,3.0,1.0,50261459,2.046105566523428,True,True,0.0,15895,1,1,False,1,0,0,1.0,0.7694509766708042,0.7694509766708042,8,6,False,False,False
735,0.8,8.0,1.6,3.0,1.0,50261460,3.0816860885178894,True,True,0.0,16124,7,7,False,7,1,48,0.9803726946721312,0.80589308456796,0.7877633909030686,8,8,True,True,True
735,0.9,9.0,1.8,3.0,1.0,50261460,3.0816860885178894,True,True,0.0,16124,7,7,False,7,1,48,0.9803726946721312,0.80589308456796,0.7877633909030686,8,8,True,True,True
735,1.0,10.0,2.0,3.0,1.0,50261460,3.0816860885178894,True,True,0.0,16124,7,7,False,7,1,48,0.9803726946721312,0.80589308456796,0.7877633909030686,8,8,True,True,True
735,1.1,11.0,2.2,3.0,1.0,50261460,3.0816860885178894,True,True,0.0,16124,7,7,False,7,1,48,0.9803726946721312,0.80589308456796,0.7877633909030686,8,8,True,True,True
735,1.2,12.0,2.4,3.0,1.0,50261460,3.0816860885178894,True,True,0.0,16124,7,7,False,7,1,48,0.9803726946721312,0.80589308456796,0.7877633909030686,8,8,True,True,True
736,0.8,8.0,1.6,3.0,1.0,50261461,1.9564813393380014,True,True,0.0,16254,5,5,False,5,0,0,1.0,0.7486069277703035,0.7486069277703035,8,6,False,False,False
736,0.9,9.0,1.8,3.0,1.0,50261461,1.9564813393380014,True,True,0.0,16254,5,5,False,5,0,0,1.0,0.7486069277703035,0.7486069277703035,8,6,False,False,False
736,1.0,10.0,2.0,3.0,1.0,50261461,1.9564813393380014,True,True,0.0,16254,5,5,False,5,0,0,1.0,0.7486069277703035,0.7486069277703035,8,6,False,False,False
736,1.1,11.0,2.2,3.0,1.0,50261461,1.9564813393380014,True,True,0.0,16254,5,5,False,5,0,0,1.0,0.7486069277703035,0.7486069277703035,8,6,False,False,False
736,1.2,12.0,2.4,3.0,1.0,50261461,1.9564813393380014,True,True,0.0,16254,5,5,False,5,0,0,1.0,0.7486069277703035,0.7486069277703035,8,6,False,False,False
737,0.8,8.0,1.6,3.0,1.0,50261462,5.326290976352943,True,True,0.0,16004,2,2,False,2,1,30,0.9838627049180328,0.8538110498622018,0.8390589279119106,8,8,True,True,True
737,0.9,9.0,1.8,3.0,1.0,50261462,5.326290976352943,True,True,0.0,16004,2,2,False,2,1,30,0.9838627049180328,0.8538110498622018,0.8390589279119106,8,8,True,True,True
737,1.0,10.0,2.0,3.0,1.0,50261462,5.326290976352943,True,True,0.0,16004,2,2,False,2,1,30,0.9838627049180328,0.8538110498622018,0.8390589279119106,8,8,True,True,True
737,1.1,11.0,2.2,3.0,1.0,50261462,5.326290976352943,True,True,0.0,16004,2,2,False,2,1,30,0.9838627049180328,0.8538110498622018,0.8390589279119106,8,8,True,True,True
737,1.2,12.0,2.4,3.0,1.0,50261462,5.326290976352943,True,True,0.0,16004,2,2,False,2,1,30,0.9838627049180328,0.8538110498622018,0.8390589279119106,8,8,True,True,True
738,0.8,8.0,1.6,3.0,1.0,50261463,1.9083855968838133,True,True,0.0,15963,5,5,False,5,1,28,0.9820056352459017,0.7828328429976008,0.7661288284885429,8,7,True,True,True
738,0.9,9.0,1.8,3.0,1.0,50261463,1.9083855968838133,True,True,0.0,15963,5,5,False,5,1,28,0.9820056352459017,0.7828328429976008,0.7661288284885429,8,7,True,True,True
738,1.0,10.0,2.0,3.0,1.0,50261463,1.9083855968838133,True,True,0.0,15963,5,5,False,5,1,28,0.9820056352459017,0.7828328429976008,0.7661288284885429,8,7,True,True,True
738,1.1,11.0,2.2,3.0,1.0,50261463,1.9083855968838133,True,True,0.0,15963,5,5,False,5,1,28,0.9820056352459017,0.7828328429976008,0.7661288284885429,8,7,True,True,True
738,1.2,12.0,2.4,3.0,1.0,50261463,1.9083855968838133,True,True,0.0,15963,5,5,False,5,1,28,0.9820056352459017,0.7828328429976008,0.7661288284885429,8,7,True,True,True
739,0.8,8.0,1.6,3.0,1.0,50261464,0.7984983070091675,True,True,0.0,16113,1,1,False,1,0,0,1.0,0.7337083880275346,0.7337083880275346,8,6,False,False,False
739,0.9,9.0,1.8,3.0,1.0,50261464,0.7984983070091675,True,True,0.0,16113,1,1,False,1,0,0,1.0,0.7337083880275346,0.7337083880275346,8,6,False,False,False
739,1.0,10.0,2.0,3.0,1.0,50261464,0.7984983070091675,True,True,0.0,16113,1,1,False,1,0,0,1.0,0.7337083880275346,0.7337083880275346,8,6,False,False,False
739,1.1,11.0,2.2,3.0,1.0,50261464,0.7984983070091675,True,True,0.0,16113,1,1,False,1,0,0,1.0,0.7337083880275346,0.7337083880275346,8,6,False,False,False
739,1.2,12.0,2.4,3.0,1.0,50261464,0.7984983070091675,True,True,0.0,16113,1,1,False,1,0,0,1.0,0.7337083880275346,0.7337083880275346,8,6,False,False,False
740,0.8,8.0,1.6,3.0,1.0,50261465,1.0838948580686123,True,True,0.0,15877,12,12,False,12,1,19,0.9853248804644809,0.8810175399344655,0.8668154794306868,8,8,True,True,True
740,0.9,9.0,1.8,3.0,1.0,50261465,1.0838948580686123,True,True,0.0,15877,12,12,False,12,1,19,0.9853248804644809,0.8810175399344655,0.8668154794306868,8,8,True,True,True
740,1.0,10.0,2.0,3.0,1.0,50261465,1.0838948580686123,True,True,0.0,15877,12,12,False,12,1,19,0.9853248804644809,0.8810175399344655,0.8668154794306868,8,8,True,True,True
740,1.1,11.0,2.2,3.0,1.0,50261465,1.0838948580686123,True,True,0.0,15877,12,12,False,12,1,19,0.9853248804644809,0.8810175399344655,0.8668154794306868,8,8,True,True,True
740,1.2,12.0,2.4,3.0,1.0,50261465,1.0838948580686123,True,True,0.0,15877,12,12,False,12,1,19,0.9853248804644809,0.8810175399344655,0.8668154794306868,8,8,True,True,True
741,0.8,8.0,1.6,3.0,1.0,50261466,5.549400357988106,True,True,0.0,16022,6,6,False,6,1,70,0.9779713114754098,0.8761452224480204,0.8588308807456981,8,8,True,True,True
741,0.9,9.0,1.8,3.0,1.0,50261466,5.549400357988106,True,True,0.0,16022,6,6,False,6,1,70,0.9779713114754098,0.8761452224480204,0.8588308807456981,8,8,True,True,True
741,1.0,10.0,2.0,3.0,1.0,50261466,5.549400357988106,True,True,0.0,16022,6,6,False,6,1,70,0.9779713114754098,0.8761452224480204,0.8588308807456981,8,8,True,True,True
741,1.1,11.0,2.2,3.0,1.0,50261466,5.549400357988106,True,True,0.0,16022,6,6,False,6,1,70,0.9779713114754098,0.8761452224480204,0.8588308807456981,8,8,True,True,True
741,1.2,12.0,2.4,3.0,1.0,50261466,5.549400357988106,True,True,0.0,16022,6,6,False,6,0,0,1.0,0.7528237782912506,0.7528237782912506,8,6,False,False,False
742,0.8,8.0,1.6,3.0,1.0,50261467,2.896616712178493,True,True,0.0,15950,2,2,False,2,0,0,1.0,0.7654770816692629,0.7654770816692629,8,6,False,False,False
742,0.9,9.0,1.8,3.0,1.0,50261467,2.896616712178493,True,True,0.0,15950,2,2,False,2,0,0,1.0,0.7654770816692629,0.7654770816692629,8,6,False,False,False
742,1.0,10.0,2.0,3.0,1.0,50261467,2.896616712178493,True,True,0.0,15950,2,2,False,2,0,0,1.0,0.7654770816692629,0.7654770816692629,8,6,False,False,False
742,1.1,11.0,2.2,3.0,1.0,50261467,2.896616712178493,True,True,0.0,15950,2,2,False,2,0,0,1.0,0.7654770816692629,0.7654770816692629,8,6,False,False,False
742,1.2,12.0,2.4,3.0,1.0,50261467,2.896616712178493,True,True,0.0,15950,2,2,False,2,0,0,1.0,0.7654770816692629,0.7654770816692629,8,6,False,False,False
743,0.8,8.0,1.6,3.0,1.0,50261468,1.9098553734592916,True,True,0.0,15707,4,4,False,4,1,30,0.9855810280054644,0.9214714345977384,0.9081601456666422,8,8,True,True,True
743,0.9,9.0,1.8,3.0,1.0,50261468,1.9098553734592916,True,True,0.0,15707,4,4,False,4,1,30,0.9855810280054644,0.9214714345977384,0.9081601456666422,8,8,True,True,True
743,1.0,10.0,2.0,3.0,1.0,50261468,1.9098553734592916,True,True,0.0,15707,4,4,False,4,1,30,0.9855810280054644,0.9214714345977384,0.9081601456666422,8,8,True,True,True
743,1.1,11.0,2.2,3.0,1.0,50261468,1.9098553734592916,True,True,0.0,15707,4,4,False,4,0,0,1.0,0.8000989930772706,0.8000989930772706,8,6,False,False,False
743,1.2,12.0,2.4,3.0,1.0,50261468,1.9098553734592916,True,True,0.0,15707,4,4,False,4,0,0,1.0,0.8000989930772706,0.8000989930772706,8,6,False,False,False
744,0.8,8.0,1.6,3.0,1.0,50261469,3.6663627639561986,True,True,0.0,15950,3,3,False,3,0,0,1.0,0.7262737235907584,0.7262737235907584,8,6,False,False,False
744,0.9,9.0,1.8,3.0,1.0,50261469,3.6663627639561986,True,True,0.0,15950,3,3,False,3,0,0,1.0,0.7262737235907584,0.7262737235907584,8,6,False,False,False
744,1.0,10.0,2.0,3.0,1.0,50261469,3.6663627639561986,True,True,0.0,15950,3,3,False,3,0,0,1.0,0.7262737235907584,0.7262737235907584,8,6,False,False,False
744,1.1,11.0,2.2,3.0,1.0,50261469,3.6663627639561986,True,True,0.0,15950,3,3,False,3,0,0,1.0,0.7262737235907584,0.7262737235907584,8,6,False,False,False
744,1.2,12.0,2.4,3.0,1.0,50261469,3.6663627639561986,True,True,0.0,15950,3,3,False,3,0,0,1.0,0.7262737235907584,0.7262737235907584,8,6,False,False,False
745,0.8,8.0,1.6,3.0,1.0,50261470,1.485817520909739,True,True,0.0,15756,8,8,False,8,1,19,0.9659537226775956,0.8476890398262484,0.813642762503844,8,6,True,True,False
745,0.9,9.0,1.8,3.0,1.0,50261470,1.485817520909739,True,True,0.0,15756,8,8,False,8,1,19,0.9659537226775956,0.8476890398262484,0.813642762503844,8,6,True,True,False
745,1.0,10.0,2.0,3.0,1.0,50261470,1.485817520909739,True,True,0.0,15756,8,8,False,8,1,19,0.9659537226775956,0.8476890398262484,0.813642762503844,8,6,True,True,False
745,1.1,11.0,2.2,3.0,1.0,50261470,1.485817520909739,True,True,0.0,15756,8,8,False,8,1,19,0.9659537226775956,0.8476890398262484,0.813642762503844,8,6,True,True,False
745,1.2,12.0,2.4,3.0,1.0,50261470,1.485817520909739,True,True,0.0,15756,8,8,False,8,1,19,0.9659537226775956,0.8476890398262484,0.813642762503844,8,6,True,True,False
746,0.8,8.0,1.6,3.0,1.0,50261471,2.365300645389623,True,True,0.0,15720,4,4,False,4,1,35,0.9859118852459017,0.8500355313400116,0.8370780156685871,8,8,True,True,True
746,0.9,9.0,1.8,3.0,1.0,50261471,2.365300645389623,True,True,0.0,15720,4,4,False,4,1,35,0.9859118852459017,0.8500355313400116,0.8370780156685871,8,8,True,True,True
746,1.0,10.0,2.0,3.0,1.0,50261471,2.365300645389623,True,True,0.0,15720,4,4,False,4,1,35,0.9859118852459017,0.8500355313400116,0.8370780156685871,8,8,True,True,True
746,1.1,11.0,2.2,3.0,1.0,50261471,2.365300645389623,True,True,0.0,15720,4,4,False,4,1,35,0.9859118852459017,0.8500355313400116,0.8370780156685871,8,8,True,True,True
746,1.2,12.0,2.4,3.0,1.0,50261471,2.365300645389623,True,True,0.0,15720,4,4,False,4,1,35,0.9859118852459017,0.8500355313400116,0.8370780156685871,8,8,True,True,True
747,0.8,8.0,1.6,3.0,1.0,50261472,5.540334603760015,True,True,0.0,16058,1,1,False,1,0,0,1.0,0.7544767241006075,0.7544767241006075,8,6,False,False,False
747,0.9,9.0,1.8,3.0,1.0,50261472,5.540334603760015,True,True,0.0,16058,1,1,False,1,0,0,1.0,0.7544767241006075,0.7544767241006075,8,6,False,False,False
747,1.0,10.0,2.0,3.0,1.0,50261472,5.540334603760015,True,True,0.0,16058,1,1,False,1,0,0,1.0,0.7544767241006075,0.7544767241006075,8,6,False,False,False
747,1.1,11.0,2.2,3.0,1.0,50261472,5.540334603760015,True,True,0.0,16058,1,1,False,1,0,0,1.0,0.7544767241006075,0.7544767241006075,8,6,False,False,False
747,1.2,12.0,2.4,3.0,1.0,50261472,5.540334603760015,True,True,0.0,16058,1,1,False,1,0,0,1.0,0.7544767241006075,0.7544767241006075,8,6,False,False,False
748,0.8,8.0,1.6,3.0,1.0,50261473,1.659427243360527,True,True,0.0,16058,4,4,False,4,0,0,1.0,0.6774567033681327,0.6774567033681327,8,6,False,False,False
748,0.9,9.0,1.8,3.0,1.0,50261473,1.659427243360527,True,True,0.0,16058,4,4,False,4,0,0,1.0,0.6774567033681327,0.6774567033681327,8,6,False,False,False
748,1.0,10.0,2.0,3.0,1.0,50261473,1.659427243360527,True,True,0.0,16058,4,4,False,4,0,0,1.0,0.6774567033681327,0.6774567033681327,8,6,False,False,False
748,1.1,11.0,2.2,3.0,1.0,50261473,1.659427243360527,True,True,0.0,16058,4,4,False,4,0,0,1.0,0.6774567033681327,0.6774567033681327,8,6,False,False,False
748,1.2,12.0,2.4,3.0,1.0,50261473,1.659427243360527,True,True,0.0,16058,4,4,False,4,0,0,1.0,0.6774567033681327,0.6774567033681327,8,6,False,False,False
749,0.8,8.0,1.6,3.0,1.0,50261474,4.6235765508776305,True,True,0.0,15808,4,4,False,4,1,32,0.9785903346994536,0.887913153187144,0.8677776892668361,8,8,True,True,True
749,0.9,9.0,1.8,3.0,1.0,50261474,4.6235765508776305,True,True,0.0,15808,4,4,False,4,1,32,0.9785903346994536,0.887913153187144,0.8677776892668361,8,8,True,True,True
749,1.0,10.0,2.0,3.0,1.0,50261474,4.6235765508776305,True,True,0.0,15808,4,4,False,4,1,32,0.9785903346994536,0.887913153187144,0.8677776892668361,8,8,True,True,True
749,1.1,11.0,2.2,3.0,1.0,50261474,4.6235765508776305,True,True,0.0,15808,4,4,False,4,1,32,0.9785903346994536,0.887913153187144,0.8677776892668361,8,8,True,True,True
749,1.2,12.0,2.4,3.0,1.0,50261474,4.6235765508776305,True,True,0.0,15808,4,4,False,4,1,32,0.9785903346994536,0.887913153187144,0.8677776892668361,8,8,True,True,True
750,0.8,8.0,1.6,3.0,1.0,50261475,6.2816975794086005,True,True,0.0,16086,8,8,False,8,0,0,1.0,0.7138178899549046,0.7138178899549046,8,6,False,False,False
750,0.9,9.0,1.8,3.0,1.0,50261475,6.2816975794086005,True,True,0.0,16086,8,8,False,8,0,0,1.0,0.7138178899549046,0.7138178899549046,8,6,False,False,False
750,1.0,10.0,2.0,3.0,1.0,50261475,6.2816975794086005,True,True,0.0,16086,8,8,False,8,0,0,1.0,0.7138178899549046,0.7138178899549046,8,6,False,False,False
750,1.1,11.0,2.2,3.0,1.0,50261475,6.2816975794086005,True,True,0.0,16086,8,8,False,8,0,0,1.0,0.7138178899549046,0.7138178899549046,8,6,False,False,False
750,1.2,12.0,2.4,3.0,1.0,50261475,6.2816975794086005,True,True,0.0,16086,8,8,False,8,0,0,1.0,0.7138178899549046,0.7138178899549046,8,6,False,False,False
751,0.8,8.0,1.6,3.0,1.0,50261476,4.628591421352521,True,True,0.0,16223,1,1,False,1,1,29,0.9743532274590163,0.8957958316001475,0.8715468574481484,8,8,True,True,True
751,0.9,9.0,1.8,3.0,1.0,50261476,4.628591421352521,True,True,0.0,16223,1,1,False,1,1,29,0.9743532274590163,0.8957958316001475,0.8715468574481484,8,8,True,True,True
751,1.0,10.0,2.0,3.0,1.0,50261476,4.628591421352521,True,True,0.0,16223,1,1,False,1,1,29,0.9743532274590163,0.8957958316001475,0.8715468574481484,8,8,True,True,True
751,1.1,11.0,2.2,3.0,1.0,50261476,4.628591421352521,True,True,0.0,16223,1,1,False,1,1,29,0.9743532274590163,0.8957958316001475,0.8715468574481484,8,8,True,True,True
751,1.2,12.0,2.4,3.0,1.0,50261476,4.628591421352521,True,True,0.0,16223,1,1,False,1,1,29,0.9743532274590163,0.8957958316001475,0.8715468574481484,8,8,True,True,True
752,0.8,8.0,1.6,3.0,1.0,50261477,4.052978684403899,True,True,0.0,15841,7,7,False,7,0,0,1.0,0.7309435763543766,0.7309435763543766,8,6,False,False,False
752,0.9,9.0,1.8,3.0,1.0,50261477,4.052978684403899,True,True,0.0,15841,7,7,False,7,0,0,1.0,0.7309435763543766,0.7309435763543766,8,6,False,False,False
752,1.0,10.0,2.0,3.0,1.0,50261477,4.052978684403899,True,True,0.0,15841,7,7,False,7,0,0,1.0,0.7309435763543766,0.7309435763543766,8,6,False,False,False
752,1.1,11.0,2.2,3.0,1.0,50261477,4.052978684403899,True,True,0.0,15841,7,7,False,7,0,0,1.0,0.7309435763543766,0.7309435763543766,8,6,False,False,False
752,1.2,12.0,2.4,3.0,1.0,50261477,4.052978684403899,True,True,0.0,15841,7,7,False,7,0,0,1.0,0.7309435763543766,0.7309435763543766,8,6,False,False,False
753,0.8,8.0,1.6,3.0,1.0,50261478,5.258285737636138,True,True,0.0,15916,2,2,False,2,0,0,1.0,0.7427614432502627,0.7427614432502627,8,6,False,False,False
753,0.9,9.0,1.8,3.0,1.0,50261478,5.258285737636138,True,True,0.0,15916,2,2,False,2,0,0,1.0,0.7427614432502627,0.7427614432502627,8,6,False,False,False
753,1.0,10.0,2.0,3.0,1.0,50261478,5.258285737636138,True,True,0.0,15916,2,2,False,2,0,0,1.0,0.7427614432502627,0.7427614432502627,8,6,False,False,False
753,1.1,11.0,2.2,3.0,1.0,50261478,5.258285737636138,True,True,0.0,15916,2,2,False,2,0,0,1.0,0.7427614432502627,0.7427614432502627,8,6,False,False,False
753,1.2,12.0,2.4,3.0,1.0,50261478,5.258285737636138,True,True,0.0,15916,2,2,False,2,0,0,1.0,0.7427614432502627,0.7427614432502627,8,6,False,False,False
754,0.8,8.0,1.6,3.0,1.0,50261479,5.10002412391648,True,True,0.0,15388,5,5,False,5,0,0,0.9953195382882882,0.743594901015068,0.7410490094066764,8,6,False,False,False
754,0.9,9.0,1.8,3.0,1.0,50261479,5.10002412391648,True,True,0.0,15388,5,5,False,5,0,0,0.9953195382882882,0.743594901015068,0.7410490094066764,8,6,False,False,False
754,1.0,10.0,2.0,3.0,1.0,50261479,5.10002412391648,True,True,0.0,15388,5,5,False,5,0,0,0.9953195382882882,0.743594901015068,0.7410490094066764,8,6,False,False,False
754,1.1,11.0,2.2,3.0,1.0,50261479,5.10002412391648,True,True,0.0,15388,5,5,False,5,0,0,0.9953195382882882,0.743594901015068,0.7410490094066764,8,6,False,False,False
754,1.2,12.0,2.4,3.0,1.0,50261479,5.10002412391648,True,True,0.0,15388,5,5,False,5,0,0,0.9953195382882882,0.743594901015068,0.7410490094066764,8,6,False,False,False
755,0.8,8.0,1.6,3.0,1.0,50261480,0.9916748542555938,True,True,0.0,15932,6,6,False,6,0,0,1.0,0.7038426497592585,0.7038426497592585,8,6,False,False,False
755,0.9,9.0,1.8,3.0,1.0,50261480,0.9916748542555938,True,True,0.0,15932,6,6,False,6,0,0,1.0,0.7038426497592585,0.7038426497592585,8,6,False,False,False
755,1.0,10.0,2.0,3.0,1.0,50261480,0.9916748542555938,True,True,0.0,15932,6,6,False,6,0,0,1.0,0.7038426497592585,0.7038426497592585,8,6,False,False,False
755,1.1,11.0,2.2,3.0,1.0,50261480,0.9916748542555938,True,True,0.0,15932,6,6,False,6,0,0,1.0,0.7038426497592585,0.7038426497592585,8,6,False,False,False
755,1.2,12.0,2.4,3.0,1.0,50261480,0.9916748542555938,True,True,0.0,15932,6,6,False,6,0,0,1.0,0.7038426497592585,0.7038426497592585,8,6,False,False,False
756,0.8,8.0,1.6,3.0,1.0,50261481,5.600009065852162,True,True,0.0,16431,3,3,False,3,0,0,1.0,0.7254581144114141,0.7254581144114141,8,5,False,False,False
756,0.9,9.0,1.8,3.0,1.0,50261481,5.600009065852162,True,True,0.0,16431,3,3,False,3,0,0,1.0,0.7254581144114141,0.7254581144114141,8,5,False,False,False
756,1.0,10.0,2.0,3.0,1.0,50261481,5.600009065852162,True,True,0.0,16431,3,3,False,3,0,0,1.0,0.7254581144114141,0.7254581144114141,8,5,False,False,False
756,1.1,11.0,2.2,3.0,1.0,50261481,5.600009065852162,True,True,0.0,16431,3,3,False,3,0,0,1.0,0.7254581144114141,0.7254581144114141,8,5,False,False,False
756,1.2,12.0,2.4,3.0,1.0,50261481,5.600009065852162,True,True,0.0,16431,3,3,False,3,0,0,1.0,0.7254581144114141,0.7254581144114141,8,5,False,False,False
757,0.8,8.0,1.6,3.0,1.0,50261482,1.3445414187498657,True,True,0.0,16426,4,4,False,4,0,0,1.0,0.6977927850686061,0.6977927850686061,8,5,False,False,False
757,0.9,9.0,1.8,3.0,1.0,50261482,1.3445414187498657,True,True,0.0,16426,4,4,False,4,0,0,1.0,0.6977927850686061,0.6977927850686061,8,5,False,False,False
757,1.0,10.0,2.0,3.0,1.0,50261482,1.3445414187498657,True,True,0.0,16426,4,4,False,4,0,0,1.0,0.6977927850686061,0.6977927850686061,8,5,False,False,False
757,1.1,11.0,2.2,3.0,1.0,50261482,1.3445414187498657,True,True,0.0,16426,4,4,False,4,0,0,1.0,0.6977927850686061,0.6977927850686061,8,5,False,False,False
757,1.2,12.0,2.4,3.0,1.0,50261482,1.3445414187498657,True,True,0.0,16426,4,4,False,4,0,0,1.0,0.6977927850686061,0.6977927850686061,8,5,False,False,False
758,0.8,8.0,1.6,3.0,1.0,50261483,1.0010408708442418,True,True,0.0,15612,1,1,False,1,0,0,1.0,0.8093673874923875,0.8093673874923875,8,6,False,False,False
758,0.9,9.0,1.8,3.0,1.0,50261483,1.0010408708442418,True,True,0.0,15612,1,1,False,1,0,0,1.0,0.8093673874923875,0.8093673874923875,8,6,False,False,False
758,1.0,10.0,2.0,3.0,1.0,50261483,1.0010408708442418,True,True,0.0,15612,1,1,False,1,0,0,1.0,0.8093673874923875,0.8093673874923875,8,6,False,False,False
758,1.1,11.0,2.2,3.0,1.0,50261483,1.0010408708442418,True,True,0.0,15612,1,1,False,1,0,0,1.0,0.8093673874923875,0.8093673874923875,8,6,False,False,False
758,1.2,12.0,2.4,3.0,1.0,50261483,1.0010408708442418,True,True,0.0,15612,1,1,False,1,0,0,1.0,0.8093673874923875,0.8093673874923875,8,6,False,False,False
759,0.8,8.0,1.6,3.0,1.0,50261484,4.511795717282308,True,True,0.0,15696,7,7,False,7,0,0,1.0,0.7222105478312449,0.7222105478312449,8,6,False,False,False
759,0.9,9.0,1.8,3.0,1.0,50261484,4.511795717282308,True,True,0.0,15696,7,7,False,7,0,0,1.0,0.7222105478312449,0.7222105478312449,8,6,False,False,False
759,1.0,10.0,2.0,3.0,1.0,50261484,4.511795717282308,True,True,0.0,15696,7,7,False,7,0,0,1.0,0.7222105478312449,0.7222105478312449,8,6,False,False,False
759,1.1,11.0,2.2,3.0,1.0,50261484,4.511795717282308,True,True,0.0,15696,7,7,False,7,0,0,1.0,0.7222105478312449,0.7222105478312449,8,6,False,False,False
759,1.2,12.0,2.4,3.0,1.0,50261484,4.511795717282308,True,True,0.0,15696,7,7,False,7,0,0,1.0,0.7222105478312449,0.7222105478312449,8,6,False,False,False
760,0.8,8.0,1.6,3.0,1.0,50261485,5.096251278895668,True,True,0.0,15999,2,2,False,2,0,0,1.0,0.7196050321126728,0.7196050321126728,8,6,False,False,False
760,0.9,9.0,1.8,3.0,1.0,50261485,5.096251278895668,True,True,0.0,15999,2,2,False,2,0,0,1.0,0.7196050321126728,0.7196050321126728,8,6,False,False,False
760,1.0,10.0,2.0,3.0,1.0,50261485,5.096251278895668,True,True,0.0,15999,2,2,False,2,0,0,1.0,0.7196050321126728,0.7196050321126728,8,6,False,False,False
760,1.1,11.0,2.2,3.0,1.0,50261485,5.096251278895668,True,True,0.0,15999,2,2,False,2,0,0,1.0,0.7196050321126728,0.7196050321126728,8,6,False,False,False
760,1.2,12.0,2.4,3.0,1.0,50261485,5.096251278895668,True,True,0.0,15999,2,2,False,2,0,0,1.0,0.7196050321126728,0.7196050321126728,8,6,False,False,False
761,0.8,8.0,1.6,3.0,1.0,50261486,3.3487363993108494,True,True,0.0,16229,7,7,False,7,1,19,0.9854209357923498,0.8849545718281007,0.871265252499015,8,8,True,True,True
761,0.9,9.0,1.8,3.0,1.0,50261486,3.3487363993108494,True,True,0.0,16229,7,7,False,7,1,19,0.9854209357923498,0.8849545718281007,0.871265252499015,8,8,True,True,True
761,1.0,10.0,2.0,3.0,1.0,50261486,3.3487363993108494,True,True,0.0,16229,7,7,False,7,1,19,0.9854209357923498,0.8849545718281007,0.871265252499015,8,8,True,True,True
761,1.1,11.0,2.2,3.0,1.0,50261486,3.3487363993108494,True,True,0.0,16229,7,7,False,7,1,19,0.9854209357923498,0.8849545718281007,0.871265252499015,8,8,True,True,True
761,1.2,12.0,2.4,3.0,1.0,50261486,3.3487363993108494,True,True,0.0,16229,7,7,False,7,1,19,0.9854209357923498,0.8849545718281007,0.871265252499015,8,8,True,True,True
762,0.8,8.0,1.6,3.0,1.0,50261487,4.483762389303985,True,True,0.0,15934,12,12,False,12,0,0,1.0,0.7843544633440781,0.7843544633440781,8,6,False,False,False
762,0.9,9.0,1.8,3.0,1.0,50261487,4.483762389303985,True,True,0.0,15934,12,12,False,12,0,0,1.0,0.7843544633440781,0.7843544633440781,8,6,False,False,False
762,1.0,10.0,2.0,3.0,1.0,50261487,4.483762389303985,True,True,0.0,15934,12,12,False,12,0,0,1.0,0.7843544633440781,0.7843544633440781,8,6,False,False,False
762,1.1,11.0,2.2,3.0,1.0,50261487,4.483762389303985,True,True,0.0,15934,12,12,False,12,0,0,1.0,0.7843544633440781,0.7843544633440781,8,6,False,False,False
762,1.2,12.0,2.4,3.0,1.0,50261487,4.483762389303985,True,True,0.0,15934,12,12,False,12,0,0,1.0,0.7843544633440781,0.7843544633440781,8,6,False,False,False
763,0.8,8.0,1.6,3.0,1.0,50261488,2.2409268648586638,True,True,0.0,15939,1,1,False,1,0,0,1.0,0.7497179613955718,0.7497179613955718,8,6,False,False,False
763,0.9,9.0,1.8,3.0,1.0,50261488,2.2409268648586638,True,True,0.0,15939,1,1,False,1,0,0,1.0,0.7497179613955718,0.7497179613955718,8,6,False,False,False
763,1.0,10.0,2.0,3.0,1.0,50261488,2.2409268648586638,True,True,0.0,15939,1,1,False,1,0,0,1.0,0.7497179613955718,0.7497179613955718,8,6,False,False,False
763,1.1,11.0,2.2,3.0,1.0,50261488,2.2409268648586638,True,True,0.0,15939,1,1,False,1,0,0,1.0,0.7497179613955718,0.7497179613955718,8,6,False,False,False
763,1.2,12.0,2.4,3.0,1.0,50261488,2.2409268648586638,True,True,0.0,15939,1,1,False,1,0,0,1.0,0.7497179613955718,0.7497179613955718,8,6,False,False,False
764,0.8,8.0,1.6,3.0,1.0,50261489,4.072076341389899,True,True,0.0,15762,3,3,False,3,1,28,0.977416325136612,0.8943799339046803,0.8724995456308242,8,8,True,True,True
764,0.9,9.0,1.8,3.0,1.0,50261489,4.072076341389899,True,True,0.0,15762,3,3,False,3,1,28,0.977416325136612,0.8943799339046803,0.8724995456308242,8,8,True,True,True
764,1.0,10.0,2.0,3.0,1.0,50261489,4.072076341389899,True,True,0.0,15762,3,3,False,3,1,28,0.977416325136612,0.8943799339046803,0.8724995456308242,8,8,True,True,True
764,1.1,11.0,2.2,3.0,1.0,50261489,4.072076341389899,True,True,0.0,15762,3,3,False,3,1,28,0.977416325136612,0.8943799339046803,0.8724995456308242,8,8,True,True,True
764,1.2,12.0,2.4,3.0,1.0,50261489,4.072076341389899,True,True,0.0,15762,3,3,False,3,1,28,0.977416325136612,0.8943799339046803,0.8724995456308242,8,8,True,True,True
765,0.8,8.0,1.6,3.0,1.0,50261490,0.45544696480593944,True,True,0.0,16238,6,6,False,6,0,0,1.0,0.7304000110384357,0.7304000110384357,8,6,False,False,False
765,0.9,9.0,1.8,3.0,1.0,50261490,0.45544696480593944,True,True,0.0,16238,6,6,False,6,0,0,1.0,0.7304000110384357,0.7304000110384357,8,6,False,False,False
765,1.0,10.0,2.0,3.0,1.0,50261490,0.45544696480593944,True,True,0.0,16238,6,6,False,6,0,0,1.0,0.7304000110384357,0.7304000110384357,8,6,False,False,False
765,1.1,11.0,2.2,3.0,1.0,50261490,0.45544696480593944,True,True,0.0,16238,6,6,False,6,0,0,1.0,0.7304000110384357,0.7304000110384357,8,6,False,False,False
765,1.2,12.0,2.4,3.0,1.0,50261490,0.45544696480593944,True,True,0.0,16238,6,6,False,6,0,0,1.0,0.7304000110384357,0.7304000110384357,8,6,False,False,False
766,0.8,8.0,1.6,3.0,1.0,50261491,5.96327813632935,True,True,0.0,16132,5,5,False,5,1,29,0.9789211919398907,0.888037606093205,0.8686687257418537,8,8,True,True,True
766,0.9,9.0,1.8,3.0,1.0,50261491,5.96327813632935,True,True,0.0,16132,5,5,False,5,1,29,0.9789211919398907,0.888037606093205,0.8686687257418537,8,8,True,True,True
766,1.0,10.0,2.0,3.0,1.0,50261491,5.96327813632935,True,True,0.0,16132,5,5,False,5,1,29,0.9789211919398907,0.888037606093205,0.8686687257418537,8,8,True,True,True
766,1.1,11.0,2.2,3.0,1.0,50261491,5.96327813632935,True,True,0.0,16132,5,5,False,5,1,29,0.9789211919398907,0.888037606093205,0.8686687257418537,8,8,True,True,True
766,1.2,12.0,2.4,3.0,1.0,50261491,5.96327813632935,True,True,0.0,16132,5,5,False,5,1,29,0.9789211919398907,0.888037606093205,0.8686687257418537,8,8,True,True,True
767,0.8,8.0,1.6,3.0,1.0,50261492,4.057807365327151,True,True,0.0,16009,2,2,False,2,0,0,1.0,0.7394391683135535,0.7394391683135535,8,6,False,False,False
767,0.9,9.0,1.8,3.0,1.0,50261492,4.057807365327151,True,True,0.0,16009,2,2,False,2,0,0,1.0,0.7394391683135535,0.7394391683135535,8,6,False,False,False
767,1.0,10.0,2.0,3.0,1.0,50261492,4.057807365327151,True,True,0.0,16009,2,2,False,2,0,0,1.0,0.7394391683135535,0.7394391683135535,8,6,False,False,False
767,1.1,11.0,2.2,3.0,1.0,50261492,4.057807365327151,True,True,0.0,16009,2,2,False,2,0,0,1.0,0.7394391683135535,0.7394391683135535,8,6,False,False,False
767,1.2,12.0,2.4,3.0,1.0,50261492,4.057807365327151,True,True,0.0,16009,2,2,False,2,0,0,1.0,0.7394391683135535,0.7394391683135535,8,6,False,False,False
768,0.8,8.0,1.6,3.0,1.0,50261493,1.229575742604067,True,True,0.0,15868,3,3,False,3,1,40,0.9790065744535519,0.8658796615891279,0.8466073879165248,8,8,True,True,True
768,0.9,9.0,1.8,3.0,1.0,50261493,1.229575742604067,True,True,0.0,15868,3,3,False,3,1,40,0.9790065744535519,0.8658796615891279,0.8466073879165248,8,8,True,True,True
768,1.0,10.0,2.0,3.0,1.0,50261493,1.229575742604067,True,True,0.0,15868,3,3,False,3,1,40,0.9790065744535519,0.8658796615891279,0.8466073879165248,8,8,True,True,True
768,1.1,11.0,2.2,3.0,1.0,50261493,1.229575742604067,True,True,0.0,15868,3,3,False,3,1,40,0.9790065744535519,0.8658796615891279,0.8466073879165248,8,8,True,True,True
768,1.2,12.0,2.4,3.0,1.0,50261493,1.229575742604067,True,True,0.0,15868,3,3,False,3,1,40,0.9790065744535519,0.8658796615891279,0.8466073879165248,8,8,True,True,True
769,0.8,8.0,1.6,3.0,1.0,50261494,1.384868478902335,True,True,0.0,16092,1,1,False,1,1,19,0.9805754781420766,0.8203596473941583,0.8023135087704938,8,8,True,True,True
769,0.9,9.0,1.8,3.0,1.0,50261494,1.384868478902335,True,True,0.0,16092,1,1,False,1,1,19,0.9805754781420766,0.8203596473941583,0.8023135087704938,8,8,True,True,True
769,1.0,10.0,2.0,3.0,1.0,50261494,1.384868478902335,True,True,0.0,16092,1,1,False,1,1,19,0.9805754781420766,0.8203596473941583,0.8023135087704938,8,8,True,True,True
769,1.1,11.0,2.2,3.0,1.0,50261494,1.384868478902335,True,True,0.0,16092,1,1,False,1,1,19,0.9805754781420766,0.8203596473941583,0.8023135087704938,8,8,True,True,True
769,1.2,12.0,2.4,3.0,1.0,50261494,1.384868478902335,True,True,0.0,16092,1,1,False,1,0,0,1.0,0.7040297674875642,0.7040297674875642,8,7,False,False,False
770,0.8,8.0,1.6,3.0,1.0,50261495,3.3253378653904475,True,True,0.0,15729,1,1,False,1,1,39,0.9784302424863388,0.8500667952310474,0.8292041900697421,8,8,True,True,True
770,0.9,9.0,1.8,3.0,1.0,50261495,3.3253378653904475,True,True,0.0,15729,1,1,False,1,1,39,0.9784302424863388,0.8500667952310474,0.8292041900697421,8,8,True,True,True
770,1.0,10.0,2.0,3.0,1.0,50261495,3.3253378653904475,True,True,0.0,15729,1,1,False,1,1,39,0.9784302424863388,0.8500667952310474,0.8292041900697421,8,8,True,True,True
770,1.1,11.0,2.2,3.0,1.0,50261495,3.3253378653904475,True,True,0.0,15729,1,1,False,1,1,39,0.9784302424863388,0.8500667952310474,0.8292041900697421,8,8,True,True,True
770,1.2,12.0,2.4,3.0,1.0,50261495,3.3253378653904475,True,True,0.0,15729,1,1,False,1,1,39,0.9784302424863388,0.8500667952310474,0.8292041900697421,8,8,True,True,True
771,0.8,8.0,1.6,3.0,1.0,50261496,4.748491862618484,True,True,0.0,15809,5,5,False,5,0,0,1.0,0.772413896295894,0.772413896295894,8,6,False,False,False
771,0.9,9.0,1.8,3.0,1.0,50261496,4.748491862618484,True,True,0.0,15809,5,5,False,5,0,0,1.0,0.772413896295894,0.772413896295894,8,6,False,False,False
771,1.0,10.0,2.0,3.0,1.0,50261496,4.748491862618484,True,True,0.0,15809,5,5,False,5,0,0,1.0,0.772413896295894,0.772413896295894,8,6,False,False,False
771,1.1,11.0,2.2,3.0,1.0,50261496,4.748491862618484,True,True,0.0,15809,5,5,False,5,0,0,1.0,0.772413896295894,0.772413896295894,8,6,False,False,False
771,1.2,12.0,2.4,3.0,1.0,50261496,4.748491862618484,True,True,0.0,15809,5,5,False,5,0,0,1.0,0.772413896295894,0.772413896295894,8,6,False,False,False
772,0.8,8.0,1.6,3.0,1.0,50261497,5.439218266672316,True,True,0.0,15944,8,8,False,8,0,0,1.0,0.7661024533560121,0.7661024533560121,8,6,False,False,False
772,0.9,9.0,1.8,3.0,1.0,50261497,5.439218266672316,True,True,0.0,15944,8,8,False,8,0,0,1.0,0.7661024533560121,0.7661024533560121,8,6,False,False,False
772,1.0,10.0,2.0,3.0,1.0,50261497,5.439218266672316,True,True,0.0,15944,8,8,False,8,0,0,1.0,0.7661024533560121,0.7661024533560121,8,6,False,False,False
772,1.1,11.0,2.2,3.0,1.0,50261497,5.439218266672316,True,True,0.0,15944,8,8,False,8,0,0,1.0,0.7661024533560121,0.7661024533560121,8,6,False,False,False
772,1.2,12.0,2.4,3.0,1.0,50261497,5.439218266672316,True,True,0.0,15944,8,8,False,8,0,0,1.0,0.7661024533560121,0.7661024533560121,8,6,False,False,False
773,0.8,8.0,1.6,3.0,1.0,50261498,0.6797758604833078,True,True,0.0,15908,2,2,False,2,1,55,0.9834037739071038,0.8452795884609369,0.8306563317618696,8,7,True,True,True
773,0.9,9.0,1.8,3.0,1.0,50261498,0.6797758604833078,True,True,0.0,15908,2,2,False,2,1,55,0.9834037739071038,0.8452795884609369,0.8306563317618696,8,7,True,True,True
773,1.0,10.0,2.0,3.0,1.0,50261498,0.6797758604833078,True,True,0.0,15908,2,2,False,2,1,55,0.9834037739071038,0.8452795884609369,0.8306563317618696,8,7,True,True,True
773,1.1,11.0,2.2,3.0,1.0,50261498,0.6797758604833078,True,True,0.0,15908,2,2,False,2,1,55,0.9834037739071038,0.8452795884609369,0.8306563317618696,8,7,True,True,True
773,1.2,12.0,2.4,3.0,1.0,50261498,0.6797758604833078,True,True,0.0,15908,2,2,False,2,1,55,0.9834037739071038,0.8452795884609369,0.8306563317618696,8,7,True,True,True
774,0.8,8.0,1.6,3.0,1.0,50261499,0.3677505767483116,True,True,0.0,15958,4,4,False,4,0,0,1.0,0.7407996183594021,0.7407996183594021,8,6,False,False,False
774,0.9,9.0,1.8,3.0,1.0,50261499,0.3677505767483116,True,True,0.0,15958,4,4,False,4,0,0,1.0,0.7407996183594021,0.7407996183594021,8,6,False,False,False
774,1.0,10.0,2.0,3.0,1.0,50261499,0.3677505767483116,True,True,0.0,15958,4,4,False,4,0,0,1.0,0.7407996183594021,0.7407996183594021,8,6,False,False,False
774,1.1,11.0,2.2,3.0,1.0,50261499,0.3677505767483116,True,True,0.0,15958,4,4,False,4,0,0,1.0,0.7407996183594021,0.7407996183594021,8,6,False,False,False
774,1.2,12.0,2.4,3.0,1.0,50261499,0.3677505767483116,True,True,0.0,15958,4,4,False,4,0,0,1.0,0.7407996183594021,0.7407996183594021,8,6,False,False,False
775,0.8,8.0,1.6,3.0,1.0,50261500,2.161778588905377,True,True,0.0,15834,1,1,False,1,0,0,1.0,0.7074181420956174,0.7074181420956174,8,6,False,False,False
775,0.9,9.0,1.8,3.0,1.0,50261500,2.161778588905377,True,True,0.0,15834,1,1,False,1,0,0,1.0,0.7074181420956174,0.7074181420956174,8,6,False,False,False
775,1.0,10.0,2.0,3.0,1.0,50261500,2.161778588905377,True,True,0.0,15834,1,1,False,1,0,0,1.0,0.7074181420956174,0.7074181420956174,8,6,False,False,False
775,1.1,11.0,2.2,3.0,1.0,50261500,2.161778588905377,True,True,0.0,15834,1,1,False,1,0,0,1.0,0.7074181420956174,0.7074181420956174,8,6,False,False,False
775,1.2,12.0,2.4,3.0,1.0,50261500,2.161778588905377,True,True,0.0,15834,1,1,False,1,0,0,1.0,0.7074181420956174,0.7074181420956174,8,6,False,False,False
776,0.8,8.0,1.6,3.0,1.0,50261501,2.4472694625141034,True,True,0.0,15808,4,4,False,4,0,0,1.0,0.7066468169738196,0.7066468169738196,8,6,False,False,False
776,0.9,9.0,1.8,3.0,1.0,50261501,2.4472694625141034,True,True,0.0,15808,4,4,False,4,0,0,1.0,0.7066468169738196,0.7066468169738196,8,6,False,False,False
776,1.0,10.0,2.0,3.0,1.0,50261501,2.4472694625141034,True,True,0.0,15808,4,4,False,4,0,0,1.0,0.7066468169738196,0.7066468169738196,8,6,False,False,False
776,1.1,11.0,2.2,3.0,1.0,50261501,2.4472694625141034,True,True,0.0,15808,4,4,False,4,0,0,1.0,0.7066468169738196,0.7066468169738196,8,6,False,False,False
776,1.2,12.0,2.4,3.0,1.0,50261501,2.4472694625141034,True,True,0.0,15808,4,4,False,4,0,0,1.0,0.7066468169738196,0.7066468169738196,8,6,False,False,False
777,0.8,8.0,1.6,3.0,1.0,50261502,5.65529755348224,True,True,0.0,16143,1,1,False,1,1,45,0.9727629781420766,0.8609994021357887,0.8386717359906606,8,8,True,True,True
777,0.9,9.0,1.8,3.0,1.0,50261502,5.65529755348224,True,True,0.0,16143,1,1,False,1,0,0,1.0,0.7480817776761495,0.7480817776761495,8,6,False,False,False
777,1.0,10.0,2.0,3.0,1.0,50261502,5.65529755348224,True,True,0.0,16143,1,1,False,1,0,0,1.0,0.7480817776761495,0.7480817776761495,8,6,False,False,False
777,1.1,11.0,2.2,3.0,1.0,50261502,5.65529755348224,True,True,0.0,16143,1,1,False,1,0,0,1.0,0.7480817776761495,0.7480817776761495,8,6,False,False,False
777,1.2,12.0,2.4,3.0,1.0,50261502,5.65529755348224,True,True,0.0,16143,1,1,False,1,0,0,1.0,0.7480817776761495,0.7480817776761495,8,6,False,False,False
778,0.8,8.0,1.6,3.0,1.0,50261503,1.9069913767251534,True,True,0.0,15963,3,3,False,3,1,40,0.9804794228142076,0.8294502365144021,0.812280473872943,8,8,True,True,True
778,0.9,9.0,1.8,3.0,1.0,50261503,1.9069913767251534,True,True,0.0,15963,3,3,False,3,1,40,0.9804794228142076,0.8294502365144021,0.812280473872943,8,8,True,True,True
778,1.0,10.0,2.0,3.0,1.0,50261503,1.9069913767251534,True,True,0.0,15963,3,3,False,3,1,40,0.9804794228142076,0.8294502365144021,0.812280473872943,8,8,True,True,True
778,1.1,11.0,2.2,3.0,1.0,50261503,1.9069913767251534,True,True,0.0,15963,3,3,False,3,0,0,1.0,0.7109729976125543,0.7109729976125543,8,6,False,False,False
778,1.2,12.0,2.4,3.0,1.0,50261503,1.9069913767251534,True,True,0.0,15963,3,3,False,3,0,0,1.0,0.7109729976125543,0.7109729976125543,8,6,False,False,False
779,0.8,8.0,1.6,3.0,1.0,50261504,3.997415877688918,True,True,0.0,16216,6,6,False,6,0,0,1.0,0.7120318622026853,0.7120318622026853,8,6,False,False,False
779,0.9,9.0,1.8,3.0,1.0,50261504,3.997415877688918,True,True,0.0,16216,6,6,False,6,0,0,1.0,0.7120318622026853,0.7120318622026853,8,6,False,False,False
779,1.0,10.0,2.0,3.0,1.0,50261504,3.997415877688918,True,True,0.0,16216,6,6,False,6,0,0,1.0,0.7120318622026853,0.7120318622026853,8,6,False,False,False
779,1.1,11.0,2.2,3.0,1.0,50261504,3.997415877688918,True,True,0.0,16216,6,6,False,6,0,0,1.0,0.7120318622026853,0.7120318622026853,8,6,False,False,False
779,1.2,12.0,2.4,3.0,1.0,50261504,3.997415877688918,True,True,0.0,16216,6,6,False,6,0,0,1.0,0.7120318622026853,0.7120318622026853,8,6,False,False,False
780,0.8,8.0,1.6,3.0,1.0,50261505,2.789432119815473,True,True,0.0,15467,1,1,False,1,0,0,0.9966216216216216,0.7519998886891182,0.7487993196990754,8,6,False,False,False
780,0.9,9.0,1.8,3.0,1.0,50261505,2.789432119815473,True,True,0.0,15467,1,1,False,1,0,0,0.9966216216216216,0.7519998886891182,0.7487993196990754,8,6,False,False,False
780,1.0,10.0,2.0,3.0,1.0,50261505,2.789432119815473,True,True,0.0,15467,1,1,False,1,0,0,0.9966216216216216,0.7519998886891182,0.7487993196990754,8,6,False,False,False
780,1.1,11.0,2.2,3.0,1.0,50261505,2.789432119815473,True,True,0.0,15467,1,1,False,1,0,0,0.9966216216216216,0.7519998886891182,0.7487993196990754,8,6,False,False,False
780,1.2,12.0,2.4,3.0,1.0,50261505,2.789432119815473,True,True,0.0,15467,1,1,False,1,0,0,0.9966216216216216,0.7519998886891182,0.7487993196990754,8,6,False,False,False
781,0.8,8.0,1.6,3.0,1.0,50261506,2.9598634106761845,True,True,0.0,15938,6,6,False,6,1,35,0.9802446209016393,0.8243874074583155,0.8064171280045807,8,8,True,True,True
781,0.9,9.0,1.8,3.0,1.0,50261506,2.9598634106761845,True,True,0.0,15938,6,6,False,6,1,35,0.9802446209016393,0.8243874074583155,0.8064171280045807,8,8,True,True,True
781,1.0,10.0,2.0,3.0,1.0,50261506,2.9598634106761845,True,True,0.0,15938,6,6,False,6,1,35,0.9802446209016393,0.8243874074583155,0.8064171280045807,8,8,True,True,True
781,1.1,11.0,2.2,3.0,1.0,50261506,2.9598634106761845,True,True,0.0,15938,6,6,False,6,1,35,0.9802446209016393,0.8243874074583155,0.8064171280045807,8,8,True,True,True
781,1.2,12.0,2.4,3.0,1.0,50261506,2.9598634106761845,True,True,0.0,15938,6,6,False,6,1,35,0.9802446209016393,0.8243874074583155,0.8064171280045807,8,8,True,True,True
782,0.8,8.0,1.6,3.0,1.0,50261507,3.293139383531366,True,True,0.0,15795,13,13,False,13,0,0,1.0,0.7577361207406151,0.7577361207406151,8,6,False,False,False
782,0.9,9.0,1.8,3.0,1.0,50261507,3.293139383531366,True,True,0.0,15795,13,13,False,13,0,0,1.0,0.7577361207406151,0.7577361207406151,8,6,False,False,False
782,1.0,10.0,2.0,3.0,1.0,50261507,3.293139383531366,True,True,0.0,15795,13,13,False,13,0,0,1.0,0.7577361207406151,0.7577361207406151,8,6,False,False,False
782,1.1,11.0,2.2,3.0,1.0,50261507,3.293139383531366,True,True,0.0,15795,13,13,False,13,0,0,1.0,0.7577361207406151,0.7577361207406151,8,6,False,False,False
782,1.2,12.0,2.4,3.0,1.0,50261507,3.293139383531366,True,True,0.0,15795,13,13,False,13,0,0,1.0,0.7577361207406151,0.7577361207406151,8,6,False,False,False
783,0.8,8.0,1.6,3.0,1.0,50261508,5.243025504865478,True,True,0.0,15715,8,8,False,8,0,0,0.9966216216216216,0.6950959748319675,0.692482734413849,8,6,False,False,False
783,0.9,9.0,1.8,3.0,1.0,50261508,5.243025504865478,True,True,0.0,15715,8,8,False,8,0,0,0.9966216216216216,0.6950959748319675,0.692482734413849,8,6,False,False,False
783,1.0,10.0,2.0,3.0,1.0,50261508,5.243025504865478,True,True,0.0,15715,8,8,False,8,0,0,0.9966216216216216,0.6950959748319675,0.692482734413849,8,6,False,False,False
783,1.1,11.0,2.2,3.0,1.0,50261508,5.243025504865478,True,True,0.0,15715,8,8,False,8,0,0,0.9966216216216216,0.6950959748319675,0.692482734413849,8,6,False,False,False
783,1.2,12.0,2.4,3.0,1.0,50261508,5.243025504865478,True,True,0.0,15715,8,8,False,8,0,0,0.9966216216216216,0.6950959748319675,0.692482734413849,8,6,False,False,False
784,0.8,8.0,1.6,3.0,1.0,50261509,1.4509911580315993,True,True,0.0,15704,3,3,False,3,1,29,0.9834037739071038,0.8880172447825154,0.8726042270348715,8,8,True,True,True
784,0.9,9.0,1.8,3.0,1.0,50261509,1.4509911580315993,True,True,0.0,15704,3,3,False,3,1,29,0.9834037739071038,0.8880172447825154,0.8726042270348715,8,8,True,True,True
784,1.0,10.0,2.0,3.0,1.0,50261509,1.4509911580315993,True,True,0.0,15704,3,3,False,3,1,29,0.9834037739071038,0.8880172447825154,0.8726042270348715,8,8,True,True,True
784,1.1,11.0,2.2,3.0,1.0,50261509,1.4509911580315993,True,True,0.0,15704,3,3,False,3,1,29,0.9834037739071038,0.8880172447825154,0.8726042270348715,8,8,True,True,True
784,1.2,12.0,2.4,3.0,1.0,50261509,1.4509911580315993,True,True,0.0,15704,3,3,False,3,1,29,0.9834037739071038,0.8880172447825154,0.8726042270348715,8,8,True,True,True
785,0.8,8.0,1.6,3.0,1.0,50261510,0.24754536225898166,True,True,0.0,15954,5,5,False,5,0,0,1.0,0.7854219067186499,0.7854219067186499,8,6,False,False,False
785,0.9,9.0,1.8,3.0,1.0,50261510,0.24754536225898166,True,True,0.0,15954,5,5,False,5,0,0,1.0,0.7854219067186499,0.7854219067186499,8,6,False,False,False
785,1.0,10.0,2.0,3.0,1.0,50261510,0.24754536225898166,True,True,0.0,15954,5,5,False,5,0,0,1.0,0.7854219067186499,0.7854219067186499,8,6,False,False,False
785,1.1,11.0,2.2,3.0,1.0,50261510,0.24754536225898166,True,True,0.0,15954,5,5,False,5,0,0,1.0,0.7854219067186499,0.7854219067186499,8,6,False,False,False
785,1.2,12.0,2.4,3.0,1.0,50261510,0.24754536225898166,True,True,0.0,15954,5,5,False,5,0,0,1.0,0.7854219067186499,0.7854219067186499,8,6,False,False,False
786,0.8,8.0,1.6,3.0,1.0,50261511,0.5041221680158844,True,True,0.0,16196,1,1,False,1,0,0,1.0,0.7161097469756472,0.7161097469756472,8,6,False,False,False
786,0.9,9.0,1.8,3.0,1.0,50261511,0.5041221680158844,True,True,0.0,16196,1,1,False,1,0,0,1.0,0.7161097469756472,0.7161097469756472,8,6,False,False,False
786,1.0,10.0,2.0,3.0,1.0,50261511,0.5041221680158844,True,True,0.0,16196,1,1,False,1,0,0,1.0,0.7161097469756472,0.7161097469756472,8,6,False,False,False
786,1.1,11.0,2.2,3.0,1.0,50261511,0.5041221680158844,True,True,0.0,16196,1,1,False,1,0,0,1.0,0.7161097469756472,0.7161097469756472,8,6,False,False,False
786,1.2,12.0,2.4,3.0,1.0,50261511,0.5041221680158844,True,True,0.0,16196,1,1,False,1,0,0,1.0,0.7161097469756472,0.7161097469756472,8,6,False,False,False
787,0.8,8.0,1.6,3.0,1.0,50261512,1.7107091937995738,True,True,0.0,15679,4,5,True,0,0,0,1.0,0.8980516259534117,0.8980516259534117,8,8,True,True,True
787,0.9,9.0,1.8,3.0,1.0,50261512,1.7107091937995738,True,True,0.0,15679,4,5,True,0,0,0,1.0,0.8980516259534117,0.8980516259534117,8,8,True,True,True
787,1.0,10.0,2.0,3.0,1.0,50261512,1.7107091937995738,True,True,0.0,15679,4,5,True,0,0,0,1.0,0.8980516259534117,0.8980516259534117,8,8,True,True,True
787,1.1,11.0,2.2,3.0,1.0,50261512,1.7107091937995738,True,True,0.0,15679,4,5,True,0,0,0,1.0,0.8980516259534117,0.8980516259534117,8,8,True,True,True
787,1.2,12.0,2.4,3.0,1.0,50261512,1.7107091937995738,True,True,0.0,15679,4,5,True,0,0,0,1.0,0.8980516259534117,0.8980516259534117,8,8,True,True,True
788,0.8,8.0,1.6,3.0,1.0,50261513,5.392126116584712,True,True,0.0,16376,2,2,False,2,0,0,1.0,0.7797428139550089,0.7797428139550089,8,6,False,False,False
788,0.9,9.0,1.8,3.0,1.0,50261513,5.392126116584712,True,True,0.0,16376,2,2,False,2,0,0,1.0,0.7797428139550089,0.7797428139550089,8,6,False,False,False
788,1.0,10.0,2.0,3.0,1.0,50261513,5.392126116584712,True,True,0.0,16376,2,2,False,2,0,0,1.0,0.7797428139550089,0.7797428139550089,8,6,False,False,False
788,1.1,11.0,2.2,3.0,1.0,50261513,5.392126116584712,True,True,0.0,16376,2,2,False,2,0,0,1.0,0.7797428139550089,0.7797428139550089,8,6,False,False,False
788,1.2,12.0,2.4,3.0,1.0,50261513,5.392126116584712,True,True,0.0,16376,2,2,False,2,0,0,1.0,0.7797428139550089,0.7797428139550089,8,6,False,False,False
789,0.8,8.0,1.6,3.0,1.0,50261514,0.5714418348303147,True,True,0.0,15897,5,5,False,5,0,0,1.0,0.7414991757278202,0.7414991757278202,8,6,False,False,False
789,0.9,9.0,1.8,3.0,1.0,50261514,0.5714418348303147,True,True,0.0,15897,5,5,False,5,0,0,1.0,0.7414991757278202,0.7414991757278202,8,6,False,False,False
789,1.0,10.0,2.0,3.0,1.0,50261514,0.5714418348303147,True,True,0.0,15897,5,5,False,5,0,0,1.0,0.7414991757278202,0.7414991757278202,8,6,False,False,False
789,1.1,11.0,2.2,3.0,1.0,50261514,0.5714418348303147,True,True,0.0,15897,5,5,False,5,0,0,1.0,0.7414991757278202,0.7414991757278202,8,6,False,False,False
789,1.2,12.0,2.4,3.0,1.0,50261514,0.5714418348303147,True,True,0.0,15897,5,5,False,5,0,0,1.0,0.7414991757278202,0.7414991757278202,8,6,False,False,False
790,0.8,8.0,1.6,3.0,1.0,50261515,4.039680041378801,True,True,0.0,15649,3,3,False,3,1,26,0.9848019125683061,0.9090684715424677,0.8942025356649924,8,8,True,True,True
790,0.9,9.0,1.8,3.0,1.0,50261515,4.039680041378801,True,True,0.0,15649,3,3,False,3,1,26,0.9848019125683061,0.9090684715424677,0.8942025356649924,8,8,True,True,True
790,1.0,10.0,2.0,3.0,1.0,50261515,4.039680041378801,True,True,0.0,15649,3,3,False,3,1,26,0.9848019125683061,0.9090684715424677,0.8942025356649924,8,8,True,True,True
790,1.1,11.0,2.2,3.0,1.0,50261515,4.039680041378801,True,True,0.0,15649,3,3,False,3,1,26,0.9848019125683061,0.9090684715424677,0.8942025356649924,8,8,True,True,True
790,1.2,12.0,2.4,3.0,1.0,50261515,4.039680041378801,True,True,0.0,15649,3,3,False,3,1,26,0.9848019125683061,0.9090684715424677,0.8942025356649924,8,8,True,True,True
791,0.8,8.0,1.6,3.0,1.0,50261516,3.277940957202039,True,True,0.0,15806,7,7,False,7,0,0,0.9953195382882882,0.6817012901122083,0.6787494947446071,8,5,False,False,False
791,0.9,9.0,1.8,3.0,1.0,50261516,3.277940957202039,True,True,0.0,15806,7,7,False,7,0,0,0.9953195382882882,0.6817012901122083,0.6787494947446071,8,5,False,False,False
791,1.0,10.0,2.0,3.0,1.0,50261516,3.277940957202039,True,True,0.0,15806,7,7,False,7,0,0,0.9953195382882882,0.6817012901122083,0.6787494947446071,8,5,False,False,False
791,1.1,11.0,2.2,3.0,1.0,50261516,3.277940957202039,True,True,0.0,15806,7,7,False,7,0,0,0.9953195382882882,0.6817012901122083,0.6787494947446071,8,5,False,False,False
791,1.2,12.0,2.4,3.0,1.0,50261516,3.277940957202039,True,True,0.0,15806,7,7,False,7,0,0,0.9953195382882882,0.6817012901122083,0.6787494947446071,8,5,False,False,False
792,0.8,8.0,1.6,3.0,1.0,50261517,0.6908933134708983,True,True,0.0,15975,1,1,False,1,0,0,1.0,0.7340623180509175,0.7340623180509175,8,6,False,False,False
792,0.9,9.0,1.8,3.0,1.0,50261517,0.6908933134708983,True,True,0.0,15975,1,1,False,1,0,0,1.0,0.7340623180509175,0.7340623180509175,8,6,False,False,False
792,1.0,10.0,2.0,3.0,1.0,50261517,0.6908933134708983,True,True,0.0,15975,1,1,False,1,0,0,1.0,0.7340623180509175,0.7340623180509175,8,6,False,False,False
792,1.1,11.0,2.2,3.0,1.0,50261517,0.6908933134708983,True,True,0.0,15975,1,1,False,1,0,0,1.0,0.7340623180509175,0.7340623180509175,8,6,False,False,False
792,1.2,12.0,2.4,3.0,1.0,50261517,0.6908933134708983,True,True,0.0,15975,1,1,False,1,0,0,1.0,0.7340623180509175,0.7340623180509175,8,6,False,False,False
793,0.8,8.0,1.6,3.0,1.0,50261518,4.696658095727115,True,True,0.0,15797,1,1,False,1,0,0,1.0,0.7495272011761018,0.7495272011761018,8,6,False,False,False
793,0.9,9.0,1.8,3.0,1.0,50261518,4.696658095727115,True,True,0.0,15797,1,1,False,1,0,0,1.0,0.7495272011761018,0.7495272011761018,8,6,False,False,False
793,1.0,10.0,2.0,3.0,1.0,50261518,4.696658095727115,True,True,0.0,15797,1,1,False,1,0,0,1.0,0.7495272011761018,0.7495272011761018,8,6,False,False,False
793,1.1,11.0,2.2,3.0,1.0,50261518,4.696658095727115,True,True,0.0,15797,1,1,False,1,0,0,1.0,0.7495272011761018,0.7495272011761018,8,6,False,False,False
793,1.2,12.0,2.4,3.0,1.0,50261518,4.696658095727115,True,True,0.0,15797,1,1,False,1,0,0,1.0,0.7495272011761018,0.7495272011761018,8,6,False,False,False
794,0.8,8.0,1.6,3.0,1.0,50261519,4.468999822558509,True,True,0.0,15916,2,2,False,2,0,0,1.0,0.7436326289312032,0.7436326289312032,8,6,False,False,False
794,0.9,9.0,1.8,3.0,1.0,50261519,4.468999822558509,True,True,0.0,15916,2,2,False,2,0,0,1.0,0.7436326289312032,0.7436326289312032,8,6,False,False,False
794,1.0,10.0,2.0,3.0,1.0,50261519,4.468999822558509,True,True,0.0,15916,2,2,False,2,0,0,1.0,0.7436326289312032,0.7436326289312032,8,6,False,False,False
794,1.1,11.0,2.2,3.0,1.0,50261519,4.468999822558509,True,True,0.0,15916,2,2,False,2,0,0,1.0,0.7436326289312032,0.7436326289312032,8,6,False,False,False
794,1.2,12.0,2.4,3.0,1.0,50261519,4.468999822558509,True,True,0.0,15916,2,2,False,2,0,0,1.0,0.7436326289312032,0.7436326289312032,8,6,False,False,False
795,0.8,8.0,1.6,3.0,1.0,50261520,0.6451003950267311,True,True,0.0,15548,4,4,False,4,0,0,0.9986979166666667,0.764650992955989,0.7643496123154124,8,6,False,False,False
795,0.9,9.0,1.8,3.0,1.0,50261520,0.6451003950267311,True,True,0.0,15548,4,4,False,4,0,0,0.9986979166666667,0.764650992955989,0.7643496123154124,8,6,False,False,False
795,1.0,10.0,2.0,3.0,1.0,50261520,0.6451003950267311,True,True,0.0,15548,4,4,False,4,0,0,0.9986979166666667,0.764650992955989,0.7643496123154124,8,6,False,False,False
795,1.1,11.0,2.2,3.0,1.0,50261520,0.6451003950267311,True,True,0.0,15548,4,4,False,4,0,0,0.9986979166666667,0.764650992955989,0.7643496123154124,8,6,False,False,False
795,1.2,12.0,2.4,3.0,1.0,50261520,0.6451003950267311,True,True,0.0,15548,4,4,False,4,0,0,0.9986979166666667,0.764650992955989,0.7643496123154124,8,6,False,False,False
796,0.8,8.0,1.6,3.0,1.0,50261521,1.2091136170732288,True,True,0.0,16028,1,1,False,1,0,0,1.0,0.6830441348535119,0.6830441348535119,8,6,False,False,False
796,0.9,9.0,1.8,3.0,1.0,50261521,1.2091136170732288,True,True,0.0,16028,1,1,False,1,0,0,1.0,0.6830441348535119,0.6830441348535119,8,6,False,False,False
796,1.0,10.0,2.0,3.0,1.0,50261521,1.2091136170732288,True,True,0.0,16028,1,1,False,1,0,0,1.0,0.6830441348535119,0.6830441348535119,8,6,False,False,False
796,1.1,11.0,2.2,3.0,1.0,50261521,1.2091136170732288,True,True,0.0,16028,1,1,False,1,0,0,1.0,0.6830441348535119,0.6830441348535119,8,6,False,False,False
796,1.2,12.0,2.4,3.0,1.0,50261521,1.2091136170732288,True,True,0.0,16028,1,1,False,1,0,0,1.0,0.6830441348535119,0.6830441348535119,8,6,False,False,False
797,0.8,8.0,1.6,3.0,1.0,50261522,5.952963413998422,True,True,0.0,15543,4,4,False,4,0,0,0.9966216216216216,0.7493109709095362,0.7462745336625727,8,6,False,False,False
797,0.9,9.0,1.8,3.0,1.0,50261522,5.952963413998422,True,True,0.0,15543,4,4,False,4,0,0,0.9966216216216216,0.7493109709095362,0.7462745336625727,8,6,False,False,False
797,1.0,10.0,2.0,3.0,1.0,50261522,5.952963413998422,True,True,0.0,15543,4,4,False,4,0,0,0.9966216216216216,0.7493109709095362,0.7462745336625727,8,6,False,False,False
797,1.1,11.0,2.2,3.0,1.0,50261522,5.952963413998422,True,True,0.0,15543,4,4,False,4,0,0,0.9966216216216216,0.7493109709095362,0.7462745336625727,8,6,False,False,False
797,1.2,12.0,2.4,3.0,1.0,50261522,5.952963413998422,True,True,0.0,15543,4,4,False,4,0,0,0.9966216216216216,0.7493109709095362,0.7462745336625727,8,6,False,False,False
798,0.8,8.0,1.6,3.0,1.0,50261523,4.690043123085433,True,True,0.0,16196,10,10,False,10,0,0,1.0,0.7275158424447032,0.7275158424447032,8,6,False,False,False
798,0.9,9.0,1.8,3.0,1.0,50261523,4.690043123085433,True,True,0.0,16196,10,10,False,10,0,0,1.0,0.7275158424447032,0.7275158424447032,8,6,False,False,False
798,1.0,10.0,2.0,3.0,1.0,50261523,4.690043123085433,True,True,0.0,16196,10,10,False,10,0,0,1.0,0.7275158424447032,0.7275158424447032,8,6,False,False,False
798,1.1,11.0,2.2,3.0,1.0,50261523,4.690043123085433,True,True,0.0,16196,10,10,False,10,0,0,1.0,0.7275158424447032,0.7275158424447032,8,6,False,False,False
798,1.2,12.0,2.4,3.0,1.0,50261523,4.690043123085433,True,True,0.0,16196,10,10,False,10,0,0,1.0,0.7275158424447032,0.7275158424447032,8,6,False,False,False
799,0.8,8.0,1.6,3.0,1.0,50261524,4.605725541357785,True,True,0.0,16108,5,5,False,5,0,0,1.0,0.67207208112022,0.67207208112022,8,6,False,False,False
799,0.9,9.0,1.8,3.0,1.0,50261524,4.605725541357785,True,True,0.0,16108,5,5,False,5,0,0,1.0,0.67207208112022,0.67207208112022,8,6,False,False,False
799,1.0,10.0,2.0,3.0,1.0,50261524,4.605725541357785,True,True,0.0,16108,5,5,False,5,0,0,1.0,0.67207208112022,0.67207208112022,8,6,False,False,False
799,1.1,11.0,2.2,3.0,1.0,50261524,4.605725541357785,True,True,0.0,16108,5,5,False,5,0,0,1.0,0.67207208112022,0.67207208112022,8,6,False,False,False
799,1.2,12.0,2.4,3.0,1.0,50261524,4.605725541357785,True,True,0.0,16108,5,5,False,5,0,0,1.0,0.67207208112022,0.67207208112022,8,6,False,False,False
800,0.8,8.0,1.6,3.0,1.0,50261525,3.730422070931645,True,True,0.0,15973,11,11,False,11,0,0,1.0,0.7509398276917983,0.7509398276917983,8,6,False,False,False
800,0.9,9.0,1.8,3.0,1.0,50261525,3.730422070931645,True,True,0.0,15973,11,11,False,11,0,0,1.0,0.7509398276917983,0.7509398276917983,8,6,False,False,False
800,1.0,10.0,2.0,3.0,1.0,50261525,3.730422070931645,True,True,0.0,15973,11,11,False,11,0,0,1.0,0.7509398276917983,0.7509398276917983,8,6,False,False,False
800,1.1,11.0,2.2,3.0,1.0,50261525,3.730422070931645,True,True,0.0,15973,11,11,False,11,0,0,1.0,0.7509398276917983,0.7509398276917983,8,6,False,False,False
800,1.2,12.0,2.4,3.0,1.0,50261525,3.730422070931645,True,True,0.0,15973,11,11,False,11,0,0,1.0,0.7509398276917983,0.7509398276917983,8,6,False,False,False
801,0.8,8.0,1.6,3.0,1.0,50261526,1.7050857903335646,True,True,0.0,16138,1,1,False,1,1,27,0.9788144637978142,0.8209481288823759,0.801662413046199,8,8,True,True,True
801,0.9,9.0,1.8,3.0,1.0,50261526,1.7050857903335646,True,True,0.0,16138,1,1,False,1,1,27,0.9788144637978142,0.8209481288823759,0.801662413046199,8,8,True,True,True
801,1.0,10.0,2.0,3.0,1.0,50261526,1.7050857903335646,True,True,0.0,16138,1,1,False,1,1,27,0.9788144637978142,0.8209481288823759,0.801662413046199,8,8,True,True,True
801,1.1,11.0,2.2,3.0,1.0,50261526,1.7050857903335646,True,True,0.0,16138,1,1,False,1,1,27,0.9788144637978142,0.8209481288823759,0.801662413046199,8,8,True,True,True
801,1.2,12.0,2.4,3.0,1.0,50261526,1.7050857903335646,True,True,0.0,16138,1,1,False,1,1,27,0.9788144637978142,0.8209481288823759,0.801662413046199,8,8,True,True,True
802,0.8,8.0,1.6,3.0,1.0,50261527,2.8355132294155077,True,True,0.0,15835,22,22,False,22,0,0,1.0,0.740998426459182,0.740998426459182,8,6,False,False,False
802,0.9,9.0,1.8,3.0,1.0,50261527,2.8355132294155077,True,True,0.0,15835,22,22,False,22,0,0,1.0,0.740998426459182,0.740998426459182,8,6,False,False,False
802,1.0,10.0,2.0,3.0,1.0,50261527,2.8355132294155077,True,True,0.0,15835,22,22,False,22,0,0,1.0,0.740998426459182,0.740998426459182,8,6,False,False,False
802,1.1,11.0,2.2,3.0,1.0,50261527,2.8355132294155077,True,True,0.0,15835,22,22,False,22,0,0,1.0,0.740998426459182,0.740998426459182,8,6,False,False,False
802,1.2,12.0,2.4,3.0,1.0,50261527,2.8355132294155077,True,True,0.0,15835,22,22,False,22,0,0,1.0,0.740998426459182,0.740998426459182,8,6,False,False,False
803,0.8,8.0,1.6,3.0,1.0,50261528,4.913670634888084,True,True,0.0,15699,1,1,False,1,0,0,1.0,0.8169269854969867,0.8169269854969867,8,7,False,False,False
803,0.9,9.0,1.8,3.0,1.0,50261528,4.913670634888084,True,True,0.0,15699,1,1,False,1,0,0,1.0,0.8169269854969867,0.8169269854969867,8,7,False,False,False
803,1.0,10.0,2.0,3.0,1.0,50261528,4.913670634888084,True,True,0.0,15699,1,1,False,1,0,0,1.0,0.8169269854969867,0.8169269854969867,8,7,False,False,False
803,1.1,11.0,2.2,3.0,1.0,50261528,4.913670634888084,True,True,0.0,15699,1,1,False,1,0,0,1.0,0.8169269854969867,0.8169269854969867,8,7,False,False,False
803,1.2,12.0,2.4,3.0,1.0,50261528,4.913670634888084,True,True,0.0,15699,1,1,False,1,0,0,1.0,0.8169269854969867,0.8169269854969867,8,7,False,False,False
804,0.8,8.0,1.6,3.0,1.0,50261529,2.412967204733558,True,True,0.0,15926,1,1,False,1,0,0,1.0,0.6973463584637984,0.6973463584637984,8,6,False,False,False
804,0.9,9.0,1.8,3.0,1.0,50261529,2.412967204733558,True,True,0.0,15926,1,1,False,1,0,0,1.0,0.6973463584637984,0.6973463584637984,8,6,False,False,False
804,1.0,10.0,2.0,3.0,1.0,50261529,2.412967204733558,True,True,0.0,15926,1,1,False,1,0,0,1.0,0.6973463584637984,0.6973463584637984,8,6,False,False,False
804,1.1,11.0,2.2,3.0,1.0,50261529,2.412967204733558,True,True,0.0,15926,1,1,False,1,0,0,1.0,0.6973463584637984,0.6973463584637984,8,6,False,False,False
804,1.2,12.0,2.4,3.0,1.0,50261529,2.412967204733558,True,True,0.0,15926,1,1,False,1,0,0,1.0,0.6973463584637984,0.6973463584637984,8,6,False,False,False
805,0.8,8.0,1.6,3.0,1.0,50261530,2.6591241766522518,True,True,0.0,15505,14,14,False,14,0,0,0.9966216216216216,0.7534956584737554,0.7502950894837128,8,6,False,False,False
805,0.9,9.0,1.8,3.0,1.0,50261530,2.6591241766522518,True,True,0.0,15505,14,14,False,14,0,0,0.9966216216216216,0.7534956584737554,0.7502950894837128,8,6,False,False,False
805,1.0,10.0,2.0,3.0,1.0,50261530,2.6591241766522518,True,True,0.0,15505,14,14,False,14,0,0,0.9966216216216216,0.7534956584737554,0.7502950894837128,8,6,False,False,False
805,1.1,11.0,2.2,3.0,1.0,50261530,2.6591241766522518,True,True,0.0,15505,14,14,False,14,0,0,0.9966216216216216,0.7534956584737554,0.7502950894837128,8,6,False,False,False
805,1.2,12.0,2.4,3.0,1.0,50261530,2.6591241766522518,True,True,0.0,15505,14,14,False,14,0,0,0.9966216216216216,0.7534956584737554,0.7502950894837128,8,6,False,False,False
806,0.8,8.0,1.6,3.0,1.0,50261531,0.9115780668360539,True,True,0.0,15821,3,3,False,3,0,0,1.0,0.7530885445199962,0.7530885445199962,8,6,False,False,False
806,0.9,9.0,1.8,3.0,1.0,50261531,0.9115780668360539,True,True,0.0,15821,3,3,False,3,0,0,1.0,0.7530885445199962,0.7530885445199962,8,6,False,False,False
806,1.0,10.0,2.0,3.0,1.0,50261531,0.9115780668360539,True,True,0.0,15821,3,3,False,3,0,0,1.0,0.7530885445199962,0.7530885445199962,8,6,False,False,False
806,1.1,11.0,2.2,3.0,1.0,50261531,0.9115780668360539,True,True,0.0,15821,3,3,False,3,0,0,1.0,0.7530885445199962,0.7530885445199962,8,6,False,False,False
806,1.2,12.0,2.4,3.0,1.0,50261531,0.9115780668360539,True,True,0.0,15821,3,3,False,3,0,0,1.0,0.7530885445199962,0.7530885445199962,8,6,False,False,False
807,0.8,8.0,1.6,3.0,1.0,50261532,3.6391168854060427,True,True,0.0,15792,8,8,False,8,0,0,1.0,0.7687160354011433,0.7687160354011433,8,6,False,False,False
807,0.9,9.0,1.8,3.0,1.0,50261532,3.6391168854060427,True,True,0.0,15792,8,8,False,8,0,0,1.0,0.7687160354011433,0.7687160354011433,8,6,False,False,False
807,1.0,10.0,2.0,3.0,1.0,50261532,3.6391168854060427,True,True,0.0,15792,8,8,False,8,0,0,1.0,0.7687160354011433,0.7687160354011433,8,6,False,False,False
807,1.1,11.0,2.2,3.0,1.0,50261532,3.6391168854060427,True,True,0.0,15792,8,8,False,8,0,0,1.0,0.7687160354011433,0.7687160354011433,8,6,False,False,False
807,1.2,12.0,2.4,3.0,1.0,50261532,3.6391168854060427,True,True,0.0,15792,8,8,False,8,0,0,1.0,0.7687160354011433,0.7687160354011433,8,6,False,False,False
808,0.8,8.0,1.6,3.0,1.0,50261533,3.9235321817172006,True,True,0.0,15802,4,4,False,4,0,0,1.0,0.7642530916230585,0.7642530916230585,8,6,False,False,False
808,0.9,9.0,1.8,3.0,1.0,50261533,3.9235321817172006,True,True,0.0,15802,4,4,False,4,0,0,1.0,0.7642530916230585,0.7642530916230585,8,6,False,False,False
808,1.0,10.0,2.0,3.0,1.0,50261533,3.9235321817172006,True,True,0.0,15802,4,4,False,4,0,0,1.0,0.7642530916230585,0.7642530916230585,8,6,False,False,False
808,1.1,11.0,2.2,3.0,1.0,50261533,3.9235321817172006,True,True,0.0,15802,4,4,False,4,0,0,1.0,0.7642530916230585,0.7642530916230585,8,6,False,False,False
808,1.2,12.0,2.4,3.0,1.0,50261533,3.9235321817172006,True,True,0.0,15802,4,4,False,4,0,0,1.0,0.7642530916230585,0.7642530916230585,8,6,False,False,False
809,0.8,8.0,1.6,3.0,1.0,50261534,2.7995737961813565,True,True,0.0,16066,6,6,False,6,0,0,1.0,0.7236606458107138,0.7236606458107138,8,6,False,False,False
809,0.9,9.0,1.8,3.0,1.0,50261534,2.7995737961813565,True,True,0.0,16066,6,6,False,6,0,0,1.0,0.7236606458107138,0.7236606458107138,8,6,False,False,False
809,1.0,10.0,2.0,3.0,1.0,50261534,2.7995737961813565,True,True,0.0,16066,6,6,False,6,0,0,1.0,0.7236606458107138,0.7236606458107138,8,6,False,False,False
809,1.1,11.0,2.2,3.0,1.0,50261534,2.7995737961813565,True,True,0.0,16066,6,6,False,6,0,0,1.0,0.7236606458107138,0.7236606458107138,8,6,False,False,False
809,1.2,12.0,2.4,3.0,1.0,50261534,2.7995737961813565,True,True,0.0,16066,6,6,False,6,0,0,1.0,0.7236606458107138,0.7236606458107138,8,6,False,False,False
810,0.8,8.0,1.6,3.0,1.0,50261535,2.4436882108260383,True,True,0.0,16070,2,2,False,2,0,0,1.0,0.6693300503492172,0.6693300503492172,8,6,False,False,False
810,0.9,9.0,1.8,3.0,1.0,50261535,2.4436882108260383,True,True,0.0,16070,2,2,False,2,0,0,1.0,0.6693300503492172,0.6693300503492172,8,6,False,False,False
810,1.0,10.0,2.0,3.0,1.0,50261535,2.4436882108260383,True,True,0.0,16070,2,2,False,2,0,0,1.0,0.6693300503492172,0.6693300503492172,8,6,False,False,False
810,1.1,11.0,2.2,3.0,1.0,50261535,2.4436882108260383,True,True,0.0,16070,2,2,False,2,0,0,1.0,0.6693300503492172,0.6693300503492172,8,6,False,False,False
810,1.2,12.0,2.4,3.0,1.0,50261535,2.4436882108260383,True,True,0.0,16070,2,2,False,2,0,0,1.0,0.6693300503492172,0.6693300503492172,8,6,False,False,False
811,0.8,8.0,1.6,3.0,1.0,50261536,4.441760673335151,True,True,0.0,15827,5,5,False,5,1,26,0.9747210068675233,0.8349178929265524,0.8114208128859356,8,8,True,True,True
811,0.9,9.0,1.8,3.0,1.0,50261536,4.441760673335151,True,True,0.0,15827,5,5,False,5,1,26,0.9747210068675233,0.8349178929265524,0.8114208128859356,8,8,True,True,True
811,1.0,10.0,2.0,3.0,1.0,50261536,4.441760673335151,True,True,0.0,15827,5,5,False,5,1,26,0.9747210068675233,0.8349178929265524,0.8114208128859356,8,8,True,True,True
811,1.1,11.0,2.2,3.0,1.0,50261536,4.441760673335151,True,True,0.0,15827,5,5,False,5,1,26,0.9747210068675233,0.8349178929265524,0.8114208128859356,8,8,True,True,True
811,1.2,12.0,2.4,3.0,1.0,50261536,4.441760673335151,True,True,0.0,15827,5,5,False,5,1,26,0.9747210068675233,0.8349178929265524,0.8114208128859356,8,8,True,True,True
812,0.8,8.0,1.6,3.0,1.0,50261537,5.111082807418814,True,True,0.0,16115,9,9,False,9,0,0,1.0,0.7151615352749964,0.7151615352749964,8,6,False,False,False
812,0.9,9.0,1.8,3.0,1.0,50261537,5.111082807418814,True,True,0.0,16115,9,9,False,9,0,0,1.0,0.7151615352749964,0.7151615352749964,8,6,False,False,False
812,1.0,10.0,2.0,3.0,1.0,50261537,5.111082807418814,True,True,0.0,16115,9,9,False,9,0,0,1.0,0.7151615352749964,0.7151615352749964,8,6,False,False,False
812,1.1,11.0,2.2,3.0,1.0,50261537,5.111082807418814,True,True,0.0,16115,9,9,False,9,0,0,1.0,0.7151615352749964,0.7151615352749964,8,6,False,False,False
812,1.2,12.0,2.4,3.0,1.0,50261537,5.111082807418814,True,True,0.0,16115,9,9,False,9,0,0,1.0,0.7151615352749964,0.7151615352749964,8,6,False,False,False
813,0.8,8.0,1.6,3.0,1.0,50261538,0.34723556964502195,True,True,0.0,15926,4,4,False,4,0,0,1.0,0.7779119405775068,0.7779119405775068,8,6,False,False,False
813,0.9,9.0,1.8,3.0,1.0,50261538,0.34723556964502195,True,True,0.0,15926,4,4,False,4,0,0,1.0,0.7779119405775068,0.7779119405775068,8,6,False,False,False
813,1.0,10.0,2.0,3.0,1.0,50261538,0.34723556964502195,True,True,0.0,15926,4,4,False,4,0,0,1.0,0.7779119405775068,0.7779119405775068,8,6,False,False,False
813,1.1,11.0,2.2,3.0,1.0,50261538,0.34723556964502195,True,True,0.0,15926,4,4,False,4,0,0,1.0,0.7779119405775068,0.7779119405775068,8,6,False,False,False
813,1.2,12.0,2.4,3.0,1.0,50261538,0.34723556964502195,True,True,0.0,15926,4,4,False,4,0,0,1.0,0.7779119405775068,0.7779119405775068,8,6,False,False,False
814,0.8,8.0,1.6,3.0,1.0,50261539,6.200214007535344,True,True,0.0,16022,3,3,False,3,0,0,1.0,0.6839764584545036,0.6839764584545036,8,6,False,False,False
814,0.9,9.0,1.8,3.0,1.0,50261539,6.200214007535344,True,True,0.0,16022,3,3,False,3,0,0,1.0,0.6839764584545036,0.6839764584545036,8,6,False,False,False
814,1.0,10.0,2.0,3.0,1.0,50261539,6.200214007535344,True,True,0.0,16022,3,3,False,3,0,0,1.0,0.6839764584545036,0.6839764584545036,8,6,False,False,False
814,1.1,11.0,2.2,3.0,1.0,50261539,6.200214007535344,True,True,0.0,16022,3,3,False,3,0,0,1.0,0.6839764584545036,0.6839764584545036,8,6,False,False,False
814,1.2,12.0,2.4,3.0,1.0,50261539,6.200214007535344,True,True,0.0,16022,3,3,False,3,0,0,1.0,0.6839764584545036,0.6839764584545036,8,6,False,False,False
815,0.8,8.0,1.6,3.0,1.0,50261540,4.235219395814131,True,True,0.0,15970,9,9,False,9,0,0,1.0,0.7327934403434562,0.7327934403434562,8,6,False,False,False
815,0.9,9.0,1.8,3.0,1.0,50261540,4.235219395814131,True,True,0.0,15970,9,9,False,9,0,0,1.0,0.7327934403434562,0.7327934403434562,8,6,False,False,False
815,1.0,10.0,2.0,3.0,1.0,50261540,4.235219395814131,True,True,0.0,15970,9,9,False,9,0,0,1.0,0.7327934403434562,0.7327934403434562,8,6,False,False,False
815,1.1,11.0,2.2,3.0,1.0,50261540,4.235219395814131,True,True,0.0,15970,9,9,False,9,0,0,1.0,0.7327934403434562,0.7327934403434562,8,6,False,False,False
815,1.2,12.0,2.4,3.0,1.0,50261540,4.235219395814131,True,True,0.0,15970,9,9,False,9,0,0,1.0,0.7327934403434562,0.7327934403434562,8,6,False,False,False
816,0.8,8.0,1.6,3.0,1.0,50261541,5.356217371559153,True,True,0.0,15876,5,5,False,5,1,61,0.9794975239071038,0.8563377669777663,0.8385044760264384,8,8,True,True,True
816,0.9,9.0,1.8,3.0,1.0,50261541,5.356217371559153,True,True,0.0,15876,5,5,False,5,1,61,0.9794975239071038,0.8563377669777663,0.8385044760264384,8,8,True,True,True
816,1.0,10.0,2.0,3.0,1.0,50261541,5.356217371559153,True,True,0.0,15876,5,5,False,5,0,0,1.0,0.7330148369890053,0.7330148369890053,8,6,False,False,False
816,1.1,11.0,2.2,3.0,1.0,50261541,5.356217371559153,True,True,0.0,15876,5,5,False,5,0,0,1.0,0.7330148369890053,0.7330148369890053,8,6,False,False,False
816,1.2,12.0,2.4,3.0,1.0,50261541,5.356217371559153,True,True,0.0,15876,5,5,False,5,0,0,1.0,0.7330148369890053,0.7330148369890053,8,6,False,False,False
817,0.8,8.0,1.6,3.0,1.0,50261542,2.2578375908530353,True,True,0.0,16189,12,12,False,12,0,0,1.0,0.7733454857885067,0.7733454857885067,8,6,False,False,False
817,0.9,9.0,1.8,3.0,1.0,50261542,2.2578375908530353,True,True,0.0,16189,12,12,False,12,0,0,1.0,0.7733454857885067,0.7733454857885067,8,6,False,False,False
817,1.0,10.0,2.0,3.0,1.0,50261542,2.2578375908530353,True,True,0.0,16189,12,12,False,12,0,0,1.0,0.7733454857885067,0.7733454857885067,8,6,False,False,False
817,1.1,11.0,2.2,3.0,1.0,50261542,2.2578375908530353,True,True,0.0,16189,12,12,False,12,0,0,1.0,0.7733454857885067,0.7733454857885067,8,6,False,False,False
817,1.2,12.0,2.4,3.0,1.0,50261542,2.2578375908530353,True,True,0.0,16189,12,12,False,12,0,0,1.0,0.7733454857885067,0.7733454857885067,8,6,False,False,False
818,0.8,8.0,1.6,3.0,1.0,50261543,5.096848928615786,True,True,0.0,15957,1,1,False,1,1,53,0.9819095799180328,0.9388379010177186,0.9234708163155273,8,8,True,True,True
818,0.9,9.0,1.8,3.0,1.0,50261543,5.096848928615786,True,True,0.0,15957,1,1,False,1,1,53,0.9819095799180328,0.9388379010177186,0.9234708163155273,8,8,True,True,True
818,1.0,10.0,2.0,3.0,1.0,50261543,5.096848928615786,True,True,0.0,15957,1,1,False,1,0,0,1.0,0.8124469739531008,0.8124469739531008,8,6,False,False,False
818,1.1,11.0,2.2,3.0,1.0,50261543,5.096848928615786,True,True,0.0,15957,1,1,False,1,0,0,1.0,0.8124469739531008,0.8124469739531008,8,6,False,False,False
818,1.2,12.0,2.4,3.0,1.0,50261543,5.096848928615786,True,True,0.0,15957,1,1,False,1,0,0,1.0,0.8124469739531008,0.8124469739531008,8,6,False,False,False
819,0.8,8.0,1.6,3.0,1.0,50261544,1.9848593654859579,True,True,0.0,15536,6,6,False,6,1,66,0.971556950136612,0.8743383382833446,0.8505894311017992,8,8,True,True,True
819,0.9,9.0,1.8,3.0,1.0,50261544,1.9848593654859579,True,True,0.0,15536,6,6,False,6,1,66,0.971556950136612,0.8743383382833446,0.8505894311017992,8,8,True,True,True
819,1.0,10.0,2.0,3.0,1.0,50261544,1.9848593654859579,True,True,0.0,15536,6,6,False,6,1,66,0.971556950136612,0.8743383382833446,0.8505894311017992,8,8,True,True,True
819,1.1,11.0,2.2,3.0,1.0,50261544,1.9848593654859579,True,True,0.0,15536,6,6,False,6,0,0,0.9986979166666667,0.7522980281308277,0.752053787077763,8,6,False,False,False
819,1.2,12.0,2.4,3.0,1.0,50261544,1.9848593654859579,True,True,0.0,15536,6,6,False,6,0,0,0.9986979166666667,0.7522980281308277,0.752053787077763,8,6,False,False,False
820,0.8,8.0,1.6,3.0,1.0,50261545,0.4488523594009197,True,True,0.0,15881,1,1,False,1,0,0,1.0,0.7273913484391425,0.7273913484391425,8,5,False,False,False
820,0.9,9.0,1.8,3.0,1.0,50261545,0.4488523594009197,True,True,0.0,15881,1,1,False,1,0,0,1.0,0.7273913484391425,0.7273913484391425,8,5,False,False,False
820,1.0,10.0,2.0,3.0,1.0,50261545,0.4488523594009197,True,True,0.0,15881,1,1,False,1,0,0,1.0,0.7273913484391425,0.7273913484391425,8,5,False,False,False
820,1.1,11.0,2.2,3.0,1.0,50261545,0.4488523594009197,True,True,0.0,15881,1,1,False,1,0,0,1.0,0.7273913484391425,0.7273913484391425,8,5,False,False,False
820,1.2,12.0,2.4,3.0,1.0,50261545,0.4488523594009197,True,True,0.0,15881,1,1,False,1,0,0,1.0,0.7273913484391425,0.7273913484391425,8,5,False,False,False
821,0.8,8.0,1.6,3.0,1.0,50261546,3.998950093223445,True,True,0.0,16588,4,4,False,4,0,0,1.0,0.6973792937744411,0.6973792937744411,8,6,False,False,False
821,0.9,9.0,1.8,3.0,1.0,50261546,3.998950093223445,True,True,0.0,16588,4,4,False,4,0,0,1.0,0.6973792937744411,0.6973792937744411,8,6,False,False,False
821,1.0,10.0,2.0,3.0,1.0,50261546,3.998950093223445,True,True,0.0,16588,4,4,False,4,0,0,1.0,0.6973792937744411,0.6973792937744411,8,6,False,False,False
821,1.1,11.0,2.2,3.0,1.0,50261546,3.998950093223445,True,True,0.0,16588,4,4,False,4,0,0,1.0,0.6973792937744411,0.6973792937744411,8,6,False,False,False
821,1.2,12.0,2.4,3.0,1.0,50261546,3.998950093223445,True,True,0.0,16588,4,4,False,4,0,0,1.0,0.6973792937744411,0.6973792937744411,8,6,False,False,False
822,0.8,8.0,1.6,3.0,1.0,50261547,2.977991291285774,True,True,0.0,16050,3,3,False,3,0,0,1.0,0.7274778006348572,0.7274778006348572,8,6,False,False,False
822,0.9,9.0,1.8,3.0,1.0,50261547,2.977991291285774,True,True,0.0,16050,3,3,False,3,0,0,1.0,0.7274778006348572,0.7274778006348572,8,6,False,False,False
822,1.0,10.0,2.0,3.0,1.0,50261547,2.977991291285774,True,True,0.0,16050,3,3,False,3,0,0,1.0,0.7274778006348572,0.7274778006348572,8,6,False,False,False
822,1.1,11.0,2.2,3.0,1.0,50261547,2.977991291285774,True,True,0.0,16050,3,3,False,3,0,0,1.0,0.7274778006348572,0.7274778006348572,8,6,False,False,False
822,1.2,12.0,2.4,3.0,1.0,50261547,2.977991291285774,True,True,0.0,16050,3,3,False,3,0,0,1.0,0.7274778006348572,0.7274778006348572,8,6,False,False,False
823,0.8,8.0,1.6,3.0,1.0,50261548,2.2281092492187544,True,True,0.0,16010,3,3,False,3,0,0,1.0,0.739777067530349,0.739777067530349,8,6,False,False,False
823,0.9,9.0,1.8,3.0,1.0,50261548,2.2281092492187544,True,True,0.0,16010,3,3,False,3,0,0,1.0,0.739777067530349,0.739777067530349,8,6,False,False,False
823,1.0,10.0,2.0,3.0,1.0,50261548,2.2281092492187544,True,True,0.0,16010,3,3,False,3,0,0,1.0,0.739777067530349,0.739777067530349,8,6,False,False,False
823,1.1,11.0,2.2,3.0,1.0,50261548,2.2281092492187544,True,True,0.0,16010,3,3,False,3,0,0,1.0,0.739777067530349,0.739777067530349,8,6,False,False,False
823,1.2,12.0,2.4,3.0,1.0,50261548,2.2281092492187544,True,True,0.0,16010,3,3,False,3,0,0,1.0,0.739777067530349,0.739777067530349,8,6,False,False,False
824,0.8,8.0,1.6,3.0,1.0,50261549,1.7916649359940993,True,True,0.0,15925,2,2,False,2,0,0,1.0,0.7580413776968764,0.7580413776968764,8,6,False,False,False
824,0.9,9.0,1.8,3.0,1.0,50261549,1.7916649359940993,True,True,0.0,15925,2,2,False,2,0,0,1.0,0.7580413776968764,0.7580413776968764,8,6,False,False,False
824,1.0,10.0,2.0,3.0,1.0,50261549,1.7916649359940993,True,True,0.0,15925,2,2,False,2,0,0,1.0,0.7580413776968764,0.7580413776968764,8,6,False,False,False
824,1.1,11.0,2.2,3.0,1.0,50261549,1.7916649359940993,True,True,0.0,15925,2,2,False,2,0,0,1.0,0.7580413776968764,0.7580413776968764,8,6,False,False,False
824,1.2,12.0,2.4,3.0,1.0,50261549,1.7916649359940993,True,True,0.0,15925,2,2,False,2,0,0,1.0,0.7580413776968764,0.7580413776968764,8,6,False,False,False
825,0.8,8.0,1.6,3.0,1.0,50261550,0.4597587008965844,True,True,0.0,16271,24,24,False,24,0,0,1.0,0.7119169318794489,0.7119169318794489,8,6,False,False,False
825,0.9,9.0,1.8,3.0,1.0,50261550,0.4597587008965844,True,True,0.0,16271,24,24,False,24,0,0,1.0,0.7119169318794489,0.7119169318794489,8,6,False,False,False
825,1.0,10.0,2.0,3.0,1.0,50261550,0.4597587008965844,True,True,0.0,16271,24,24,False,24,0,0,1.0,0.7119169318794489,0.7119169318794489,8,6,False,False,False
825,1.1,11.0,2.2,3.0,1.0,50261550,0.4597587008965844,True,True,0.0,16271,24,24,False,24,0,0,1.0,0.7119169318794489,0.7119169318794489,8,6,False,False,False
825,1.2,12.0,2.4,3.0,1.0,50261550,0.4597587008965844,True,True,0.0,16271,24,24,False,24,0,0,1.0,0.7119169318794489,0.7119169318794489,8,6,False,False,False
826,0.8,8.0,1.6,3.0,1.0,50261551,0.9244462375223773,True,True,0.0,15835,8,8,False,8,0,0,1.0,0.7586360296228041,0.7586360296228041,8,6,False,False,False
826,0.9,9.0,1.8,3.0,1.0,50261551,0.9244462375223773,True,True,0.0,15835,8,8,False,8,0,0,1.0,0.7586360296228041,0.7586360296228041,8,6,False,False,False
826,1.0,10.0,2.0,3.0,1.0,50261551,0.9244462375223773,True,True,0.0,15835,8,8,False,8,0,0,1.0,0.7586360296228041,0.7586360296228041,8,6,False,False,False
826,1.1,11.0,2.2,3.0,1.0,50261551,0.9244462375223773,True,True,0.0,15835,8,8,False,8,0,0,1.0,0.7586360296228041,0.7586360296228041,8,6,False,False,False
826,1.2,12.0,2.4,3.0,1.0,50261551,0.9244462375223773,True,True,0.0,15835,8,8,False,8,0,0,1.0,0.7586360296228041,0.7586360296228041,8,6,False,False,False
827,0.8,8.0,1.6,3.0,1.0,50261552,5.136314482573051,True,True,0.0,15747,5,5,False,5,1,44,0.9816427595628415,0.8956747942858049,0.8788484701927588,8,8,True,True,True
827,0.9,9.0,1.8,3.0,1.0,50261552,5.136314482573051,True,True,0.0,15747,5,5,False,5,1,44,0.9816427595628415,0.8956747942858049,0.8788484701927588,8,8,True,True,True
827,1.0,10.0,2.0,3.0,1.0,50261552,5.136314482573051,True,True,0.0,15747,5,5,False,5,1,44,0.9816427595628415,0.8956747942858049,0.8788484701927588,8,8,True,True,True
827,1.1,11.0,2.2,3.0,1.0,50261552,5.136314482573051,True,True,0.0,15747,5,5,False,5,1,44,0.9816427595628415,0.8956747942858049,0.8788484701927588,8,8,True,True,True
827,1.2,12.0,2.4,3.0,1.0,50261552,5.136314482573051,True,True,0.0,15747,5,5,False,5,1,44,0.9816427595628415,0.8956747942858049,0.8788484701927588,8,8,True,True,True
828,0.8,8.0,1.6,3.0,1.0,50261553,5.962714728953168,True,True,0.0,15910,2,2,False,2,0,0,1.0,0.72239310793084,0.72239310793084,8,6,False,False,False
828,0.9,9.0,1.8,3.0,1.0,50261553,5.962714728953168,True,True,0.0,15910,2,2,False,2,0,0,1.0,0.72239310793084,0.72239310793084,8,6,False,False,False
828,1.0,10.0,2.0,3.0,1.0,50261553,5.962714728953168,True,True,0.0,15910,2,2,False,2,0,0,1.0,0.72239310793084,0.72239310793084,8,6,False,False,False
828,1.1,11.0,2.2,3.0,1.0,50261553,5.962714728953168,True,True,0.0,15910,2,2,False,2,0,0,1.0,0.72239310793084,0.72239310793084,8,6,False,False,False
828,1.2,12.0,2.4,3.0,1.0,50261553,5.962714728953168,True,True,0.0,15910,2,2,False,2,0,0,1.0,0.72239310793084,0.72239310793084,8,6,False,False,False
829,0.8,8.0,1.6,3.0,1.0,50261554,0.7724594230635612,True,True,0.0,15924,7,7,False,7,0,0,1.0,0.7606177535319978,0.7606177535319978,8,6,False,False,False
829,0.9,9.0,1.8,3.0,1.0,50261554,0.7724594230635612,True,True,0.0,15924,7,7,False,7,0,0,1.0,0.7606177535319978,0.7606177535319978,8,6,False,False,False
829,1.0,10.0,2.0,3.0,1.0,50261554,0.7724594230635612,True,True,0.0,15924,7,7,False,7,0,0,1.0,0.7606177535319978,0.7606177535319978,8,6,False,False,False
829,1.1,11.0,2.2,3.0,1.0,50261554,0.7724594230635612,True,True,0.0,15924,7,7,False,7,0,0,1.0,0.7606177535319978,0.7606177535319978,8,6,False,False,False
829,1.2,12.0,2.4,3.0,1.0,50261554,0.7724594230635612,True,True,0.0,15924,7,7,False,7,0,0,1.0,0.7606177535319978,0.7606177535319978,8,6,False,False,False
830,0.8,8.0,1.6,3.0,1.0,50261555,0.6628119537159263,True,True,0.0,15902,3,3,False,3,1,64,0.9809917178961749,0.8210862901589446,0.8041185459537241,8,8,True,True,True
830,0.9,9.0,1.8,3.0,1.0,50261555,0.6628119537159263,True,True,0.0,15902,3,3,False,3,1,64,0.9809917178961749,0.8210862901589446,0.8041185459537241,8,8,True,True,True
830,1.0,10.0,2.0,3.0,1.0,50261555,0.6628119537159263,True,True,0.0,15902,3,3,False,3,1,64,0.9809917178961749,0.8210862901589446,0.8041185459537241,8,8,True,True,True
830,1.1,11.0,2.2,3.0,1.0,50261555,0.6628119537159263,True,True,0.0,15902,3,3,False,3,1,64,0.9809917178961749,0.8210862901589446,0.8041185459537241,8,8,True,True,True
830,1.2,12.0,2.4,3.0,1.0,50261555,0.6628119537159263,True,True,0.0,15902,3,3,False,3,1,64,0.9809917178961749,0.8210862901589446,0.8041185459537241,8,8,True,True,True
831,0.8,8.0,1.6,3.0,1.0,50261556,5.57740305815889,True,True,0.0,15753,3,3,False,3,1,32,0.9783982240437159,0.9131379886064808,0.8919420561979021,8,8,True,True,True
831,0.9,9.0,1.8,3.0,1.0,50261556,5.57740305815889,True,True,0.0,15753,3,3,False,3,1,32,0.9783982240437159,0.9131379886064808,0.8919420561979021,8,8,True,True,True
831,1.0,10.0,2.0,3.0,1.0,50261556,5.57740305815889,True,True,0.0,15753,3,3,False,3,1,32,0.9783982240437159,0.9131379886064808,0.8919420561979021,8,8,True,True,True
831,1.1,11.0,2.2,3.0,1.0,50261556,5.57740305815889,True,True,0.0,15753,3,3,False,3,1,32,0.9783982240437159,0.9131379886064808,0.8919420561979021,8,8,True,True,True
831,1.2,12.0,2.4,3.0,1.0,50261556,5.57740305815889,True,True,0.0,15753,3,3,False,3,1,32,0.9783982240437159,0.9131379886064808,0.8919420561979021,8,8,True,True,True
832,0.8,8.0,1.6,3.0,1.0,50261557,0.9568460768977916,True,True,0.0,16086,13,13,False,13,1,29,0.9873420423497268,0.8765771063639696,0.865653007459205,8,8,True,True,True
832,0.9,9.0,1.8,3.0,1.0,50261557,0.9568460768977916,True,True,0.0,16086,13,13,False,13,1,29,0.9873420423497268,0.8765771063639696,0.865653007459205,8,8,True,True,True
832,1.0,10.0,2.0,3.0,1.0,50261557,0.9568460768977916,True,True,0.0,16086,13,13,False,13,1,29,0.9873420423497268,0.8765771063639696,0.865653007459205,8,8,True,True,True
832,1.1,11.0,2.2,3.0,1.0,50261557,0.9568460768977916,True,True,0.0,16086,13,13,False,13,1,29,0.9873420423497268,0.8765771063639696,0.865653007459205,8,8,True,True,True
832,1.2,12.0,2.4,3.0,1.0,50261557,0.9568460768977916,True,True,0.0,16086,13,13,False,13,1,29,0.9873420423497268,0.8765771063639696,0.865653007459205,8,8,True,True,True
833,0.8,8.0,1.6,3.0,1.0,50261558,2.898745438441988,True,True,0.0,15920,3,3,False,3,0,0,1.0,0.7955744970274121,0.7955744970274121,8,6,False,False,False
833,0.9,9.0,1.8,3.0,1.0,50261558,2.898745438441988,True,True,0.0,15920,3,3,False,3,0,0,1.0,0.7955744970274121,0.7955744970274121,8,6,False,False,False
833,1.0,10.0,2.0,3.0,1.0,50261558,2.898745438441988,True,True,0.0,15920,3,3,False,3,0,0,1.0,0.7955744970274121,0.7955744970274121,8,6,False,False,False
833,1.1,11.0,2.2,3.0,1.0,50261558,2.898745438441988,True,True,0.0,15920,3,3,False,3,0,0,1.0,0.7955744970274121,0.7955744970274121,8,6,False,False,False
833,1.2,12.0,2.4,3.0,1.0,50261558,2.898745438441988,True,True,0.0,15920,3,3,False,3,0,0,1.0,0.7955744970274121,0.7955744970274121,8,6,False,False,False
834,0.8,8.0,1.6,3.0,1.0,50261559,0.5756963104617037,True,True,0.0,15903,3,3,False,3,0,0,0.9966216216216216,0.7573990404075672,0.7546551379685429,8,6,False,False,False
834,0.9,9.0,1.8,3.0,1.0,50261559,0.5756963104617037,True,True,0.0,15903,3,3,False,3,0,0,0.9966216216216216,0.7573990404075672,0.7546551379685429,8,6,False,False,False
834,1.0,10.0,2.0,3.0,1.0,50261559,0.5756963104617037,True,True,0.0,15903,3,3,False,3,0,0,0.9966216216216216,0.7573990404075672,0.7546551379685429,8,6,False,False,False
834,1.1,11.0,2.2,3.0,1.0,50261559,0.5756963104617037,True,True,0.0,15903,3,3,False,3,0,0,0.9966216216216216,0.7573990404075672,0.7546551379685429,8,6,False,False,False
834,1.2,12.0,2.4,3.0,1.0,50261559,0.5756963104617037,True,True,0.0,15903,3,3,False,3,0,0,0.9966216216216216,0.7573990404075672,0.7546551379685429,8,6,False,False,False
835,0.8,8.0,1.6,3.0,1.0,50261560,1.5606228255267922,True,True,0.0,15935,10,10,False,10,0,0,1.0,0.6976463947510859,0.6976463947510859,8,6,False,False,False
835,0.9,9.0,1.8,3.0,1.0,50261560,1.5606228255267922,True,True,0.0,15935,10,10,False,10,0,0,1.0,0.6976463947510859,0.6976463947510859,8,6,False,False,False
835,1.0,10.0,2.0,3.0,1.0,50261560,1.5606228255267922,True,True,0.0,15935,10,10,False,10,0,0,1.0,0.6976463947510859,0.6976463947510859,8,6,False,False,False
835,1.1,11.0,2.2,3.0,1.0,50261560,1.5606228255267922,True,True,0.0,15935,10,10,False,10,0,0,1.0,0.6976463947510859,0.6976463947510859,8,6,False,False,False
835,1.2,12.0,2.4,3.0,1.0,50261560,1.5606228255267922,True,True,0.0,15935,10,10,False,10,0,0,1.0,0.6976463947510859,0.6976463947510859,8,6,False,False,False
836,0.8,8.0,1.6,3.0,1.0,50261561,5.238218442123804,True,True,0.0,16024,17,17,False,17,1,43,0.98473787568306,0.8622365779011589,0.8479371602078649,8,8,True,True,True
836,0.9,9.0,1.8,3.0,1.0,50261561,5.238218442123804,True,True,0.0,16024,17,17,False,17,1,43,0.98473787568306,0.8622365779011589,0.8479371602078649,8,8,True,True,True
836,1.0,10.0,2.0,3.0,1.0,50261561,5.238218442123804,True,True,0.0,16024,17,17,False,17,1,43,0.98473787568306,0.8622365779011589,0.8479371602078649,8,8,True,True,True
836,1.1,11.0,2.2,3.0,1.0,50261561,5.238218442123804,True,True,0.0,16024,17,17,False,17,1,43,0.98473787568306,0.8622365779011589,0.8479371602078649,8,8,True,True,True
836,1.2,12.0,2.4,3.0,1.0,50261561,5.238218442123804,True,True,0.0,16024,17,17,False,17,1,43,0.98473787568306,0.8622365779011589,0.8479371602078649,8,8,True,True,True
837,0.8,8.0,1.6,3.0,1.0,50261562,4.383582202011276,True,True,0.0,15970,1,1,False,1,0,0,1.0,0.7281640106358006,0.7281640106358006,8,6,False,False,False
837,0.9,9.0,1.8,3.0,1.0,50261562,4.383582202011276,True,True,0.0,15970,1,1,False,1,0,0,1.0,0.7281640106358006,0.7281640106358006,8,6,False,False,False
837,1.0,10.0,2.0,3.0,1.0,50261562,4.383582202011276,True,True,0.0,15970,1,1,False,1,0,0,1.0,0.7281640106358006,0.7281640106358006,8,6,False,False,False
837,1.1,11.0,2.2,3.0,1.0,50261562,4.383582202011276,True,True,0.0,15970,1,1,False,1,0,0,1.0,0.7281640106358006,0.7281640106358006,8,6,False,False,False
837,1.2,12.0,2.4,3.0,1.0,50261562,4.383582202011276,True,True,0.0,15970,1,1,False,1,0,0,1.0,0.7281640106358006,0.7281640106358006,8,6,False,False,False
838,0.8,8.0,1.6,3.0,1.0,50261563,4.9376937418220415,True,True,0.0,15902,4,4,False,4,1,31,0.9695718066939891,0.8477216982676377,0.8186969015310954,8,8,True,True,True
838,0.9,9.0,1.8,3.0,1.0,50261563,4.9376937418220415,True,True,0.0,15902,4,4,False,4,1,31,0.9695718066939891,0.8477216982676377,0.8186969015310954,8,8,True,True,True
838,1.0,10.0,2.0,3.0,1.0,50261563,4.9376937418220415,True,True,0.0,15902,4,4,False,4,1,31,0.9695718066939891,0.8477216982676377,0.8186969015310954,8,8,True,True,True
838,1.1,11.0,2.2,3.0,1.0,50261563,4.9376937418220415,True,True,0.0,15902,4,4,False,4,1,31,0.9695718066939891,0.8477216982676377,0.8186969015310954,8,8,True,True,True
838,1.2,12.0,2.4,3.0,1.0,50261563,4.9376937418220415,True,True,0.0,15902,4,4,False,4,1,31,0.9695718066939891,0.8477216982676377,0.8186969015310954,8,8,True,True,True
839,0.8,8.0,1.6,3.0,1.0,50261564,0.9550346893087807,True,True,0.0,15683,2,2,False,2,0,0,0.9953195382882882,0.7338774868739729,0.7305120999805437,8,7,False,False,False
839,0.9,9.0,1.8,3.0,1.0,50261564,0.9550346893087807,True,True,0.0,15683,2,2,False,2,0,0,0.9953195382882882,0.7338774868739729,0.7305120999805437,8,7,False,False,False
839,1.0,10.0,2.0,3.0,1.0,50261564,0.9550346893087807,True,True,0.0,15683,2,2,False,2,0,0,0.9953195382882882,0.7338774868739729,0.7305120999805437,8,7,False,False,False
839,1.1,11.0,2.2,3.0,1.0,50261564,0.9550346893087807,True,True,0.0,15683,2,2,False,2,0,0,0.9953195382882882,0.7338774868739729,0.7305120999805437,8,7,False,False,False
839,1.2,12.0,2.4,3.0,1.0,50261564,0.9550346893087807,True,True,0.0,15683,2,2,False,2,0,0,0.9953195382882882,0.7338774868739729,0.7305120999805437,8,7,False,False,False
840,0.8,8.0,1.6,3.0,1.0,50261565,4.552508050116285,True,True,0.0,16175,10,10,False,10,1,39,0.9650465334699454,0.8891318463962558,0.8562269619311002,8,7,True,True,False
840,0.9,9.0,1.8,3.0,1.0,50261565,4.552508050116285,True,True,0.0,16175,10,10,False,10,1,39,0.9650465334699454,0.8891318463962558,0.8562269619311002,8,7,True,True,False
840,1.0,10.0,2.0,3.0,1.0,50261565,4.552508050116285,True,True,0.0,16175,10,10,False,10,1,39,0.9650465334699454,0.8891318463962558,0.8562269619311002,8,7,True,True,False
840,1.1,11.0,2.2,3.0,1.0,50261565,4.552508050116285,True,True,0.0,16175,10,10,False,10,1,39,0.9650465334699454,0.8891318463962558,0.8562269619311002,8,7,True,True,False
840,1.2,12.0,2.4,3.0,1.0,50261565,4.552508050116285,True,True,0.0,16175,10,10,False,10,1,39,0.9650465334699454,0.8891318463962558,0.8562269619311002,8,7,True,True,False
841,0.8,8.0,1.6,3.0,1.0,50261566,1.773297947503343,True,True,0.0,15764,1,1,False,1,1,40,0.9787824453551912,0.886216150430563,0.8678813288080457,8,8,True,True,True
841,0.9,9.0,1.8,3.0,1.0,50261566,1.773297947503343,True,True,0.0,15764,1,1,False,1,0,0,1.0,0.7660634171773739,0.7660634171773739,8,6,False,False,False
841,1.0,10.0,2.0,3.0,1.0,50261566,1.773297947503343,True,True,0.0,15764,1,1,False,1,0,0,1.0,0.7660634171773739,0.7660634171773739,8,6,False,False,False
841,1.1,11.0,2.2,3.0,1.0,50261566,1.773297947503343,True,True,0.0,15764,1,1,False,1,0,0,1.0,0.7660634171773739,0.7660634171773739,8,6,False,False,False
841,1.2,12.0,2.4,3.0,1.0,50261566,1.773297947503343,True,True,0.0,15764,1,1,False,1,0,0,1.0,0.7660634171773739,0.7660634171773739,8,6,False,False,False
842,0.8,8.0,1.6,3.0,1.0,50261567,5.715440769191775,True,True,0.0,15742,4,4,False,4,1,28,0.9846418203551912,0.8980464605035269,0.8835023361676055,8,8,True,True,True
842,0.9,9.0,1.8,3.0,1.0,50261567,5.715440769191775,True,True,0.0,15742,4,4,False,4,1,28,0.9846418203551912,0.8980464605035269,0.8835023361676055,8,8,True,True,True
842,1.0,10.0,2.0,3.0,1.0,50261567,5.715440769191775,True,True,0.0,15742,4,4,False,4,1,28,0.9846418203551912,0.8980464605035269,0.8835023361676055,8,8,True,True,True
842,1.1,11.0,2.2,3.0,1.0,50261567,5.715440769191775,True,True,0.0,15742,4,4,False,4,1,28,0.9846418203551912,0.8980464605035269,0.8835023361676055,8,8,True,True,True
842,1.2,12.0,2.4,3.0,1.0,50261567,5.715440769191775,True,True,0.0,15742,4,4,False,4,1,28,0.9846418203551912,0.8980464605035269,0.8835023361676055,8,8,True,True,True
843,0.8,8.0,1.6,3.0,1.0,50261568,6.223467905268155,True,True,0.0,16697,4,4,False,4,0,0,1.0,0.7310982259424808,0.7310982259424808,8,6,False,False,False
843,0.9,9.0,1.8,3.0,1.0,50261568,6.223467905268155,True,True,0.0,16697,4,4,False,4,0,0,1.0,0.7310982259424808,0.7310982259424808,8,6,False,False,False
843,1.0,10.0,2.0,3.0,1.0,50261568,6.223467905268155,True,True,0.0,16697,4,4,False,4,0,0,1.0,0.7310982259424808,0.7310982259424808,8,6,False,False,False
843,1.1,11.0,2.2,3.0,1.0,50261568,6.223467905268155,True,True,0.0,16697,4,4,False,4,0,0,1.0,0.7310982259424808,0.7310982259424808,8,6,False,False,False
843,1.2,12.0,2.4,3.0,1.0,50261568,6.223467905268155,True,True,0.0,16697,4,4,False,4,0,0,1.0,0.7310982259424808,0.7310982259424808,8,6,False,False,False
844,0.8,8.0,1.6,3.0,1.0,50261569,1.1834571761491806,True,True,0.0,15817,5,5,False,5,1,26,0.9770961407103825,0.8697972901917919,0.8474170054635779,8,8,True,True,True
844,0.9,9.0,1.8,3.0,1.0,50261569,1.1834571761491806,True,True,0.0,15817,5,5,False,5,1,26,0.9770961407103825,0.8697972901917919,0.8474170054635779,8,8,True,True,True
844,1.0,10.0,2.0,3.0,1.0,50261569,1.1834571761491806,True,True,0.0,15817,5,5,False,5,1,26,0.9770961407103825,0.8697972901917919,0.8474170054635779,8,8,True,True,True
844,1.1,11.0,2.2,3.0,1.0,50261569,1.1834571761491806,True,True,0.0,15817,5,5,False,5,1,26,0.9770961407103825,0.8697972901917919,0.8474170054635779,8,8,True,True,True
844,1.2,12.0,2.4,3.0,1.0,50261569,1.1834571761491806,True,True,0.0,15817,5,5,False,5,1,26,0.9770961407103825,0.8697972901917919,0.8474170054635779,8,8,True,True,True
845,0.8,8.0,1.6,3.0,1.0,50261570,2.966732682443894,True,True,0.0,15968,2,2,False,2,1,33,0.9799244364754098,0.8656719396669492,0.8469622515765052,8,8,True,True,True
845,0.9,9.0,1.8,3.0,1.0,50261570,2.966732682443894,True,True,0.0,15968,2,2,False,2,1,33,0.9799244364754098,0.8656719396669492,0.8469622515765052,8,8,True,True,True
845,1.0,10.0,2.0,3.0,1.0,50261570,2.966732682443894,True,True,0.0,15968,2,2,False,2,1,33,0.9799244364754098,0.8656719396669492,0.8469622515765052,8,8,True,True,True
845,1.1,11.0,2.2,3.0,1.0,50261570,2.966732682443894,True,True,0.0,15968,2,2,False,2,1,33,0.9799244364754098,0.8656719396669492,0.8469622515765052,8,8,True,True,True
845,1.2,12.0,2.4,3.0,1.0,50261570,2.966732682443894,True,True,0.0,15968,2,2,False,2,1,33,0.9799244364754098,0.8656719396669492,0.8469622515765052,8,8,True,True,True
846,0.8,8.0,1.6,3.0,1.0,50261571,1.7254689239161245,True,True,0.0,16124,11,11,False,11,0,0,1.0,0.7491347657519312,0.7491347657519312,8,6,False,False,False
846,0.9,9.0,1.8,3.0,1.0,50261571,1.7254689239161245,True,True,0.0,16124,11,11,False,11,0,0,1.0,0.7491347657519312,0.7491347657519312,8,6,False,False,False
846,1.0,10.0,2.0,3.0,1.0,50261571,1.7254689239161245,True,True,0.0,16124,11,11,False,11,0,0,1.0,0.7491347657519312,0.7491347657519312,8,6,False,False,False
846,1.1,11.0,2.2,3.0,1.0,50261571,1.7254689239161245,True,True,0.0,16124,11,11,False,11,0,0,1.0,0.7491347657519312,0.7491347657519312,8,6,False,False,False
846,1.2,12.0,2.4,3.0,1.0,50261571,1.7254689239161245,True,True,0.0,16124,11,11,False,11,0,0,1.0,0.7491347657519312,0.7491347657519312,8,6,False,False,False
847,0.8,8.0,1.6,3.0,1.0,50261572,0.9249912803246721,True,True,0.0,15720,3,3,False,3,0,0,1.0,0.7594551095909098,0.7594551095909098,8,6,False,False,False
847,0.9,9.0,1.8,3.0,1.0,50261572,0.9249912803246721,True,True,0.0,15720,3,3,False,3,0,0,1.0,0.7594551095909098,0.7594551095909098,8,6,False,False,False
847,1.0,10.0,2.0,3.0,1.0,50261572,0.9249912803246721,True,True,0.0,15720,3,3,False,3,0,0,1.0,0.7594551095909098,0.7594551095909098,8,6,False,False,False
847,1.1,11.0,2.2,3.0,1.0,50261572,0.9249912803246721,True,True,0.0,15720,3,3,False,3,0,0,1.0,0.7594551095909098,0.7594551095909098,8,6,False,False,False
847,1.2,12.0,2.4,3.0,1.0,50261572,0.9249912803246721,True,True,0.0,15720,3,3,False,3,0,0,1.0,0.7594551095909098,0.7594551095909098,8,6,False,False,False
848,0.8,8.0,1.6,3.0,1.0,50261573,3.30269169729121,True,True,0.0,15809,7,7,False,7,0,0,1.0,0.802338400634014,0.802338400634014,8,6,False,False,False
848,0.9,9.0,1.8,3.0,1.0,50261573,3.30269169729121,True,True,0.0,15809,7,7,False,7,0,0,1.0,0.802338400634014,0.802338400634014,8,6,False,False,False
848,1.0,10.0,2.0,3.0,1.0,50261573,3.30269169729121,True,True,0.0,15809,7,7,False,7,0,0,1.0,0.802338400634014,0.802338400634014,8,6,False,False,False
848,1.1,11.0,2.2,3.0,1.0,50261573,3.30269169729121,True,True,0.0,15809,7,7,False,7,0,0,1.0,0.802338400634014,0.802338400634014,8,6,False,False,False
848,1.2,12.0,2.4,3.0,1.0,50261573,3.30269169729121,True,True,0.0,15809,7,7,False,7,0,0,1.0,0.802338400634014,0.802338400634014,8,6,False,False,False
849,0.8,8.0,1.6,3.0,1.0,50261574,2.5545836613783894,True,True,0.0,15878,9,9,False,9,0,0,1.0,0.7702089357967808,0.7702089357967808,8,6,False,False,False
849,0.9,9.0,1.8,3.0,1.0,50261574,2.5545836613783894,True,True,0.0,15878,9,9,False,9,0,0,1.0,0.7702089357967808,0.7702089357967808,8,6,False,False,False
849,1.0,10.0,2.0,3.0,1.0,50261574,2.5545836613783894,True,True,0.0,15878,9,9,False,9,0,0,1.0,0.7702089357967808,0.7702089357967808,8,6,False,False,False
849,1.1,11.0,2.2,3.0,1.0,50261574,2.5545836613783894,True,True,0.0,15878,9,9,False,9,0,0,1.0,0.7702089357967808,0.7702089357967808,8,6,False,False,False
849,1.2,12.0,2.4,3.0,1.0,50261574,2.5545836613783894,True,True,0.0,15878,9,9,False,9,0,0,1.0,0.7702089357967808,0.7702089357967808,8,6,False,False,False
850,0.8,8.0,1.6,3.0,1.0,50261575,1.8220318327664535,True,True,0.0,15838,11,11,False,11,0,0,1.0,0.728373338868971,0.728373338868971,8,6,False,False,False
850,0.9,9.0,1.8,3.0,1.0,50261575,1.8220318327664535,True,True,0.0,15838,11,11,False,11,0,0,1.0,0.728373338868971,0.728373338868971,8,6,False,False,False
850,1.0,10.0,2.0,3.0,1.0,50261575,1.8220318327664535,True,True,0.0,15838,11,11,False,11,0,0,1.0,0.728373338868971,0.728373338868971,8,6,False,False,False
850,1.1,11.0,2.2,3.0,1.0,50261575,1.8220318327664535,True,True,0.0,15838,11,11,False,11,0,0,1.0,0.728373338868971,0.728373338868971,8,6,False,False,False
850,1.2,12.0,2.4,3.0,1.0,50261575,1.8220318327664535,True,True,0.0,15838,11,11,False,11,0,0,1.0,0.728373338868971,0.728373338868971,8,6,False,False,False
851,0.8,8.0,1.6,3.0,1.0,50261576,3.2074777128642786,True,True,0.0,16266,3,3,False,3,0,0,1.0,0.7455641181642325,0.7455641181642325,8,6,False,False,False
851,0.9,9.0,1.8,3.0,1.0,50261576,3.2074777128642786,True,True,0.0,16266,3,3,False,3,0,0,1.0,0.7455641181642325,0.7455641181642325,8,6,False,False,False
851,1.0,10.0,2.0,3.0,1.0,50261576,3.2074777128642786,True,True,0.0,16266,3,3,False,3,0,0,1.0,0.7455641181642325,0.7455641181642325,8,6,False,False,False
851,1.1,11.0,2.2,3.0,1.0,50261576,3.2074777128642786,True,True,0.0,16266,3,3,False,3,0,0,1.0,0.7455641181642325,0.7455641181642325,8,6,False,False,False
851,1.2,12.0,2.4,3.0,1.0,50261576,3.2074777128642786,True,True,0.0,16266,3,3,False,3,0,0,1.0,0.7455641181642325,0.7455641181642325,8,6,False,False,False
852,0.8,8.0,1.6,3.0,1.0,50261577,2.573516055999164,True,True,0.0,15748,1,1,False,1,1,66,0.9826886953551912,0.8901679753284513,0.8743743697888138,8,8,True,True,True
852,0.9,9.0,1.8,3.0,1.0,50261577,2.573516055999164,True,True,0.0,15748,1,1,False,1,1,66,0.9826886953551912,0.8901679753284513,0.8743743697888138,8,8,True,True,True
852,1.0,10.0,2.0,3.0,1.0,50261577,2.573516055999164,True,True,0.0,15748,1,1,False,1,1,66,0.9826886953551912,0.8901679753284513,0.8743743697888138,8,8,True,True,True
852,1.1,11.0,2.2,3.0,1.0,50261577,2.573516055999164,True,True,0.0,15748,1,1,False,1,0,0,1.0,0.7600399160331799,0.7600399160331799,8,6,False,False,False
852,1.2,12.0,2.4,3.0,1.0,50261577,2.573516055999164,True,True,0.0,15748,1,1,False,1,0,0,1.0,0.7600399160331799,0.7600399160331799,8,6,False,False,False
853,0.8,8.0,1.6,3.0,1.0,50261578,4.222262947917891,True,True,0.0,15906,5,5,False,5,0,0,1.0,0.6829641178220731,0.6829641178220731,8,5,False,False,False
853,0.9,9.0,1.8,3.0,1.0,50261578,4.222262947917891,True,True,0.0,15906,5,5,False,5,0,0,1.0,0.6829641178220731,0.6829641178220731,8,5,False,False,False
853,1.0,10.0,2.0,3.0,1.0,50261578,4.222262947917891,True,True,0.0,15906,5,5,False,5,0,0,1.0,0.6829641178220731,0.6829641178220731,8,5,False,False,False
853,1.1,11.0,2.2,3.0,1.0,50261578,4.222262947917891,True,True,0.0,15906,5,5,False,5,0,0,1.0,0.6829641178220731,0.6829641178220731,8,5,False,False,False
853,1.2,12.0,2.4,3.0,1.0,50261578,4.222262947917891,True,True,0.0,15906,5,5,False,5,0,0,1.0,0.6829641178220731,0.6829641178220731,8,5,False,False,False
854,0.8,8.0,1.6,3.0,1.0,50261579,4.644540282820602,True,True,0.0,15856,1,1,False,1,0,0,1.0,0.7455497383303147,0.7455497383303147,8,6,False,False,False
854,0.9,9.0,1.8,3.0,1.0,50261579,4.644540282820602,True,True,0.0,15856,1,1,False,1,0,0,1.0,0.7455497383303147,0.7455497383303147,8,6,False,False,False
854,1.0,10.0,2.0,3.0,1.0,50261579,4.644540282820602,True,True,0.0,15856,1,1,False,1,0,0,1.0,0.7455497383303147,0.7455497383303147,8,6,False,False,False
854,1.1,11.0,2.2,3.0,1.0,50261579,4.644540282820602,True,True,0.0,15856,1,1,False,1,0,0,1.0,0.7455497383303147,0.7455497383303147,8,6,False,False,False
854,1.2,12.0,2.4,3.0,1.0,50261579,4.644540282820602,True,True,0.0,15856,1,1,False,1,0,0,1.0,0.7455497383303147,0.7455497383303147,8,6,False,False,False
855,0.8,8.0,1.6,3.0,1.0,50261580,4.497706164014896,True,True,0.0,15903,15,15,False,15,0,0,1.0,0.7998508593741069,0.7998508593741069,8,6,False,False,False
855,0.9,9.0,1.8,3.0,1.0,50261580,4.497706164014896,True,True,0.0,15903,15,15,False,15,0,0,1.0,0.7998508593741069,0.7998508593741069,8,6,False,False,False
855,1.0,10.0,2.0,3.0,1.0,50261580,4.497706164014896,True,True,0.0,15903,15,15,False,15,0,0,1.0,0.7998508593741069,0.7998508593741069,8,6,False,False,False
855,1.1,11.0,2.2,3.0,1.0,50261580,4.497706164014896,True,True,0.0,15903,15,15,False,15,0,0,1.0,0.7998508593741069,0.7998508593741069,8,6,False,False,False
855,1.2,12.0,2.4,3.0,1.0,50261580,4.497706164014896,True,True,0.0,15903,15,15,False,15,0,0,1.0,0.7998508593741069,0.7998508593741069,8,6,False,False,False
856,0.8,8.0,1.6,3.0,1.0,50261581,1.3732786095366176,True,True,0.0,16459,5,5,False,5,0,0,1.0,0.7430821913078702,0.7430821913078702,8,6,False,False,False
856,0.9,9.0,1.8,3.0,1.0,50261581,1.3732786095366176,True,True,0.0,16459,5,5,False,5,0,0,1.0,0.7430821913078702,0.7430821913078702,8,6,False,False,False
856,1.0,10.0,2.0,3.0,1.0,50261581,1.3732786095366176,True,True,0.0,16459,5,5,False,5,0,0,1.0,0.7430821913078702,0.7430821913078702,8,6,False,False,False
856,1.1,11.0,2.2,3.0,1.0,50261581,1.3732786095366176,True,True,0.0,16459,5,5,False,5,0,0,1.0,0.7430821913078702,0.7430821913078702,8,6,False,False,False
856,1.2,12.0,2.4,3.0,1.0,50261581,1.3732786095366176,True,True,0.0,16459,5,5,False,5,0,0,1.0,0.7430821913078702,0.7430821913078702,8,6,False,False,False
857,0.8,8.0,1.6,3.0,1.0,50261582,1.9385848400452983,True,True,0.0,15892,3,3,False,3,0,0,1.0,0.7329279743030189,0.7329279743030189,8,6,False,False,False
857,0.9,9.0,1.8,3.0,1.0,50261582,1.9385848400452983,True,True,0.0,15892,3,3,False,3,0,0,1.0,0.7329279743030189,0.7329279743030189,8,6,False,False,False
857,1.0,10.0,2.0,3.0,1.0,50261582,1.9385848400452983,True,True,0.0,15892,3,3,False,3,0,0,1.0,0.7329279743030189,0.7329279743030189,8,6,False,False,False
857,1.1,11.0,2.2,3.0,1.0,50261582,1.9385848400452983,True,True,0.0,15892,3,3,False,3,0,0,1.0,0.7329279743030189,0.7329279743030189,8,6,False,False,False
857,1.2,12.0,2.4,3.0,1.0,50261582,1.9385848400452983,True,True,0.0,15892,3,3,False,3,0,0,1.0,0.7329279743030189,0.7329279743030189,8,6,False,False,False
858,0.8,8.0,1.6,3.0,1.0,50261583,0.38178110084798805,True,True,0.0,15909,2,2,False,2,0,0,1.0,0.7541236806883429,0.7541236806883429,8,6,False,False,False
858,0.9,9.0,1.8,3.0,1.0,50261583,0.38178110084798805,True,True,0.0,15909,2,2,False,2,0,0,1.0,0.7541236806883429,0.7541236806883429,8,6,False,False,False
858,1.0,10.0,2.0,3.0,1.0,50261583,0.38178110084798805,True,True,0.0,15909,2,2,False,2,0,0,1.0,0.7541236806883429,0.7541236806883429,8,6,False,False,False
858,1.1,11.0,2.2,3.0,1.0,50261583,0.38178110084798805,True,True,0.0,15909,2,2,False,2,0,0,1.0,0.7541236806883429,0.7541236806883429,8,6,False,False,False
858,1.2,12.0,2.4,3.0,1.0,50261583,0.38178110084798805,True,True,0.0,15909,2,2,False,2,0,0,1.0,0.7541236806883429,0.7541236806883429,8,6,False,False,False
859,0.8,8.0,1.6,3.0,1.0,50261584,3.504567146792809,True,True,0.0,15866,12,12,False,12,0,0,1.0,0.7797603995138398,0.7797603995138398,8,6,False,False,False
859,0.9,9.0,1.8,3.0,1.0,50261584,3.504567146792809,True,True,0.0,15866,12,12,False,12,0,0,1.0,0.7797603995138398,0.7797603995138398,8,6,False,False,False
859,1.0,10.0,2.0,3.0,1.0,50261584,3.504567146792809,True,True,0.0,15866,12,12,False,12,0,0,1.0,0.7797603995138398,0.7797603995138398,8,6,False,False,False
859,1.1,11.0,2.2,3.0,1.0,50261584,3.504567146792809,True,True,0.0,15866,12,12,False,12,0,0,1.0,0.7797603995138398,0.7797603995138398,8,6,False,False,False
859,1.2,12.0,2.4,3.0,1.0,50261584,3.504567146792809,True,True,0.0,15866,12,12,False,12,0,0,1.0,0.7797603995138398,0.7797603995138398,8,6,False,False,False
860,0.8,8.0,1.6,3.0,1.0,50261585,5.1174264428971314,True,True,0.0,15889,7,7,False,7,0,0,1.0,0.7618112624570165,0.7618112624570165,8,7,False,False,False
860,0.9,9.0,1.8,3.0,1.0,50261585,5.1174264428971314,True,True,0.0,15889,7,7,False,7,0,0,1.0,0.7618112624570165,0.7618112624570165,8,7,False,False,False
860,1.0,10.0,2.0,3.0,1.0,50261585,5.1174264428971314,True,True,0.0,15889,7,7,False,7,0,0,1.0,0.7618112624570165,0.7618112624570165,8,7,False,False,False
860,1.1,11.0,2.2,3.0,1.0,50261585,5.1174264428971314,True,True,0.0,15889,7,7,False,7,0,0,1.0,0.7618112624570165,0.7618112624570165,8,7,False,False,False
860,1.2,12.0,2.4,3.0,1.0,50261585,5.1174264428971314,True,True,0.0,15889,7,7,False,7,0,0,1.0,0.7618112624570165,0.7618112624570165,8,7,False,False,False
861,0.8,8.0,1.6,3.0,1.0,50261586,5.548026627019893,True,True,0.0,16455,7,7,False,7,0,0,1.0,0.703935378014156,0.703935378014156,8,6,False,False,False
861,0.9,9.0,1.8,3.0,1.0,50261586,5.548026627019893,True,True,0.0,16455,7,7,False,7,0,0,1.0,0.703935378014156,0.703935378014156,8,6,False,False,False
861,1.0,10.0,2.0,3.0,1.0,50261586,5.548026627019893,True,True,0.0,16455,7,7,False,7,0,0,1.0,0.703935378014156,0.703935378014156,8,6,False,False,False
861,1.1,11.0,2.2,3.0,1.0,50261586,5.548026627019893,True,True,0.0,16455,7,7,False,7,0,0,1.0,0.703935378014156,0.703935378014156,8,6,False,False,False
861,1.2,12.0,2.4,3.0,1.0,50261586,5.548026627019893,True,True,0.0,16455,7,7,False,7,0,0,1.0,0.703935378014156,0.703935378014156,8,6,False,False,False
862,0.8,8.0,1.6,3.0,1.0,50261587,5.738412375807971,True,True,0.0,15708,13,13,False,13,1,35,0.9776724726775956,0.8710845879373075,0.8505187775725115,8,8,True,True,True
862,0.9,9.0,1.8,3.0,1.0,50261587,5.738412375807971,True,True,0.0,15708,13,13,False,13,1,35,0.9776724726775956,0.8710845879373075,0.8505187775725115,8,8,True,True,True
862,1.0,10.0,2.0,3.0,1.0,50261587,5.738412375807971,True,True,0.0,15708,13,13,False,13,1,35,0.9776724726775956,0.8710845879373075,0.8505187775725115,8,8,True,True,True
862,1.1,11.0,2.2,3.0,1.0,50261587,5.738412375807971,True,True,0.0,15708,13,13,False,13,1,35,0.9776724726775956,0.8710845879373075,0.8505187775725115,8,8,True,True,True
862,1.2,12.0,2.4,3.0,1.0,50261587,5.738412375807971,True,True,0.0,15708,13,13,False,13,1,35,0.9776724726775956,0.8710845879373075,0.8505187775725115,8,8,True,True,True
863,0.8,8.0,1.6,3.0,1.0,50261588,4.2488017672680725,True,True,0.0,15876,9,9,False,9,0,0,1.0,0.7617107287064425,0.7617107287064425,8,6,False,False,False
863,0.9,9.0,1.8,3.0,1.0,50261588,4.2488017672680725,True,True,0.0,15876,9,9,False,9,0,0,1.0,0.7617107287064425,0.7617107287064425,8,6,False,False,False
863,1.0,10.0,2.0,3.0,1.0,50261588,4.2488017672680725,True,True,0.0,15876,9,9,False,9,0,0,1.0,0.7617107287064425,0.7617107287064425,8,6,False,False,False
863,1.1,11.0,2.2,3.0,1.0,50261588,4.2488017672680725,True,True,0.0,15876,9,9,False,9,0,0,1.0,0.7617107287064425,0.7617107287064425,8,6,False,False,False
863,1.2,12.0,2.4,3.0,1.0,50261588,4.2488017672680725,True,True,0.0,15876,9,9,False,9,0,0,1.0,0.7617107287064425,0.7617107287064425,8,6,False,False,False
864,0.8,8.0,1.6,3.0,1.0,50261589,3.0600259555234963,True,True,0.0,16379,2,2,False,2,1,32,0.9751003244535519,0.8423858131975721,0.8201671911988629,8,8,True,True,True
864,0.9,9.0,1.8,3.0,1.0,50261589,3.0600259555234963,True,True,0.0,16379,2,2,False,2,1,32,0.9751003244535519,0.8423858131975721,0.8201671911988629,8,8,True,True,True
864,1.0,10.0,2.0,3.0,1.0,50261589,3.0600259555234963,True,True,0.0,16379,2,2,False,2,1,32,0.9751003244535519,0.8423858131975721,0.8201671911988629,8,8,True,True,True
864,1.1,11.0,2.2,3.0,1.0,50261589,3.0600259555234963,True,True,0.0,16379,2,2,False,2,1,32,0.9751003244535519,0.8423858131975721,0.8201671911988629,8,8,True,True,True
864,1.2,12.0,2.4,3.0,1.0,50261589,3.0600259555234963,True,True,0.0,16379,2,2,False,2,1,32,0.9751003244535519,0.8423858131975721,0.8201671911988629,8,8,True,True,True
865,0.8,8.0,1.6,3.0,1.0,50261590,0.938151752795487,True,True,0.0,15637,11,11,False,11,1,41,0.972378756830601,0.8914069344918277,0.8641038699377579,8,8,True,True,True
865,0.9,9.0,1.8,3.0,1.0,50261590,0.938151752795487,True,True,0.0,15637,11,11,False,11,1,41,0.972378756830601,0.8914069344918277,0.8641038699377579,8,8,True,True,True
865,1.0,10.0,2.0,3.0,1.0,50261590,0.938151752795487,True,True,0.0,15637,11,11,False,11,1,41,0.972378756830601,0.8914069344918277,0.8641038699377579,8,8,True,True,True
865,1.1,11.0,2.2,3.0,1.0,50261590,0.938151752795487,True,True,0.0,15637,11,11,False,11,1,41,0.972378756830601,0.8914069344918277,0.8641038699377579,8,8,True,True,True
865,1.2,12.0,2.4,3.0,1.0,50261590,0.938151752795487,True,True,0.0,15637,11,11,False,11,1,41,0.972378756830601,0.8914069344918277,0.8641038699377579,8,8,True,True,True
866,0.8,8.0,1.6,3.0,1.0,50261591,1.4623317030336371,True,True,0.0,16225,4,4,False,4,1,48,0.9780993852459017,0.8195343480415175,0.8015586698460818,8,8,True,True,True
866,0.9,9.0,1.8,3.0,1.0,50261591,1.4623317030336371,True,True,0.0,16225,4,4,False,4,1,48,0.9780993852459017,0.8195343480415175,0.8015586698460818,8,8,True,True,True
866,1.0,10.0,2.0,3.0,1.0,50261591,1.4623317030336371,True,True,0.0,16225,4,4,False,4,1,48,0.9780993852459017,0.8195343480415175,0.8015586698460818,8,8,True,True,True
866,1.1,11.0,2.2,3.0,1.0,50261591,1.4623317030336371,True,True,0.0,16225,4,4,False,4,1,48,0.9780993852459017,0.8195343480415175,0.8015586698460818,8,8,True,True,True
866,1.2,12.0,2.4,3.0,1.0,50261591,1.4623317030336371,True,True,0.0,16225,4,4,False,4,1,48,0.9780993852459017,0.8195343480415175,0.8015586698460818,8,8,True,True,True
867,0.8,8.0,1.6,3.0,1.0,50261592,3.558386297671144,True,True,0.0,15651,3,3,False,3,1,23,0.9845777834699454,0.8751014691719985,0.8596792526419439,8,8,True,True,True
867,0.9,9.0,1.8,3.0,1.0,50261592,3.558386297671144,True,True,0.0,15651,3,3,False,3,1,23,0.9845777834699454,0.8751014691719985,0.8596792526419439,8,8,True,True,True
867,1.0,10.0,2.0,3.0,1.0,50261592,3.558386297671144,True,True,0.0,15651,3,3,False,3,1,23,0.9845777834699454,0.8751014691719985,0.8596792526419439,8,8,True,True,True
867,1.1,11.0,2.2,3.0,1.0,50261592,3.558386297671144,True,True,0.0,15651,3,3,False,3,1,23,0.9845777834699454,0.8751014691719985,0.8596792526419439,8,8,True,True,True
867,1.2,12.0,2.4,3.0,1.0,50261592,3.558386297671144,True,True,0.0,15651,3,3,False,3,1,23,0.9845777834699454,0.8751014691719985,0.8596792526419439,8,8,True,True,True
868,0.8,8.0,1.6,3.0,1.0,50261593,2.870780188550111,True,True,0.0,16054,15,15,False,15,0,0,1.0,0.7487063597554087,0.7487063597554087,8,6,False,False,False
868,0.9,9.0,1.8,3.0,1.0,50261593,2.870780188550111,True,True,0.0,16054,15,15,False,15,0,0,1.0,0.7487063597554087,0.7487063597554087,8,6,False,False,False
868,1.0,10.0,2.0,3.0,1.0,50261593,2.870780188550111,True,True,0.0,16054,15,15,False,15,0,0,1.0,0.7487063597554087,0.7487063597554087,8,6,False,False,False
868,1.1,11.0,2.2,3.0,1.0,50261593,2.870780188550111,True,True,0.0,16054,15,15,False,15,0,0,1.0,0.7487063597554087,0.7487063597554087,8,6,False,False,False
868,1.2,12.0,2.4,3.0,1.0,50261593,2.870780188550111,True,True,0.0,16054,15,15,False,15,0,0,1.0,0.7487063597554087,0.7487063597554087,8,6,False,False,False
869,0.8,8.0,1.6,3.0,1.0,50261594,5.244165714338943,True,True,0.0,16165,4,4,False,4,1,41,0.9681416495901639,0.9291449263051789,0.9011522146034423,8,8,True,True,True
869,0.9,9.0,1.8,3.0,1.0,50261594,5.244165714338943,True,True,0.0,16165,4,4,False,4,1,41,0.9681416495901639,0.9291449263051789,0.9011522146034423,8,8,True,True,True
869,1.0,10.0,2.0,3.0,1.0,50261594,5.244165714338943,True,True,0.0,16165,4,4,False,4,1,41,0.9681416495901639,0.9291449263051789,0.9011522146034423,8,8,True,True,True
869,1.1,11.0,2.2,3.0,1.0,50261594,5.244165714338943,True,True,0.0,16165,4,4,False,4,1,41,0.9681416495901639,0.9291449263051789,0.9011522146034423,8,8,True,True,True
869,1.2,12.0,2.4,3.0,1.0,50261594,5.244165714338943,True,True,0.0,16165,4,4,False,4,1,41,0.9681416495901639,0.9291449263051789,0.9011522146034423,8,8,True,True,True
870,0.8,8.0,1.6,3.0,1.0,50261595,4.208786158910255,True,True,0.0,15854,1,1,False,1,0,0,1.0,0.7396027082048596,0.7396027082048596,8,6,False,False,False
870,0.9,9.0,1.8,3.0,1.0,50261595,4.208786158910255,True,True,0.0,15854,1,1,False,1,0,0,1.0,0.7396027082048596,0.7396027082048596,8,6,False,False,False
870,1.0,10.0,2.0,3.0,1.0,50261595,4.208786158910255,True,True,0.0,15854,1,1,False,1,0,0,1.0,0.7396027082048596,0.7396027082048596,8,6,False,False,False
870,1.1,11.0,2.2,3.0,1.0,50261595,4.208786158910255,True,True,0.0,15854,1,1,False,1,0,0,1.0,0.7396027082048596,0.7396027082048596,8,6,False,False,False
870,1.2,12.0,2.4,3.0,1.0,50261595,4.208786158910255,True,True,0.0,15854,1,1,False,1,0,0,1.0,0.7396027082048596,0.7396027082048596,8,6,False,False,False
871,0.8,8.0,1.6,3.0,1.0,50261596,5.019418013103898,True,True,0.0,16395,2,2,False,2,0,0,1.0,0.811406963152392,0.811406963152392,8,6,False,False,False
871,0.9,9.0,1.8,3.0,1.0,50261596,5.019418013103898,True,True,0.0,16395,2,2,False,2,0,0,1.0,0.811406963152392,0.811406963152392,8,6,False,False,False
871,1.0,10.0,2.0,3.0,1.0,50261596,5.019418013103898,True,True,0.0,16395,2,2,False,2,0,0,1.0,0.811406963152392,0.811406963152392,8,6,False,False,False
871,1.1,11.0,2.2,3.0,1.0,50261596,5.019418013103898,True,True,0.0,16395,2,2,False,2,0,0,1.0,0.811406963152392,0.811406963152392,8,6,False,False,False
871,1.2,12.0,2.4,3.0,1.0,50261596,5.019418013103898,True,True,0.0,16395,2,2,False,2,0,0,1.0,0.811406963152392,0.811406963152392,8,6,False,False,False
872,0.8,8.0,1.6,3.0,1.0,50261597,0.5373482653857193,True,True,0.0,15765,2,2,False,2,0,0,1.0,0.7885461906321849,0.7885461906321849,8,6,False,False,False
872,0.9,9.0,1.8,3.0,1.0,50261597,0.5373482653857193,True,True,0.0,15765,2,2,False,2,0,0,1.0,0.7885461906321849,0.7885461906321849,8,6,False,False,False
872,1.0,10.0,2.0,3.0,1.0,50261597,0.5373482653857193,True,True,0.0,15765,2,2,False,2,0,0,1.0,0.7885461906321849,0.7885461906321849,8,6,False,False,False
872,1.1,11.0,2.2,3.0,1.0,50261597,0.5373482653857193,True,True,0.0,15765,2,2,False,2,0,0,1.0,0.7885461906321849,0.7885461906321849,8,6,False,False,False
872,1.2,12.0,2.4,3.0,1.0,50261597,0.5373482653857193,True,True,0.0,15765,2,2,False,2,0,0,1.0,0.7885461906321849,0.7885461906321849,8,6,False,False,False
873,0.8,8.0,1.6,3.0,1.0,50261598,1.801274922903719,True,True,0.0,15790,2,2,False,2,0,0,1.0,0.7200327584636079,0.7200327584636079,8,6,False,False,False
873,0.9,9.0,1.8,3.0,1.0,50261598,1.801274922903719,True,True,0.0,15790,2,2,False,2,0,0,1.0,0.7200327584636079,0.7200327584636079,8,6,False,False,False
873,1.0,10.0,2.0,3.0,1.0,50261598,1.801274922903719,True,True,0.0,15790,2,2,False,2,0,0,1.0,0.7200327584636079,0.7200327584636079,8,6,False,False,False
873,1.1,11.0,2.2,3.0,1.0,50261598,1.801274922903719,True,True,0.0,15790,2,2,False,2,0,0,1.0,0.7200327584636079,0.7200327584636079,8,6,False,False,False
873,1.2,12.0,2.4,3.0,1.0,50261598,1.801274922903719,True,True,0.0,15790,2,2,False,2,0,0,1.0,0.7200327584636079,0.7200327584636079,8,6,False,False,False
874,0.8,8.0,1.6,3.0,1.0,50261599,4.533792314218171,True,True,0.0,15989,7,7,False,7,1,19,0.975798961102496,0.8466336039825746,0.826144914047702,8,8,True,True,True
874,0.9,9.0,1.8,3.0,1.0,50261599,4.533792314218171,True,True,0.0,15989,7,7,False,7,1,19,0.975798961102496,0.8466336039825746,0.826144914047702,8,8,True,True,True
874,1.0,10.0,2.0,3.0,1.0,50261599,4.533792314218171,True,True,0.0,15989,7,7,False,7,1,19,0.975798961102496,0.8466336039825746,0.826144914047702,8,8,True,True,True
874,1.1,11.0,2.2,3.0,1.0,50261599,4.533792314218171,True,True,0.0,15989,7,7,False,7,1,19,0.975798961102496,0.8466336039825746,0.826144914047702,8,8,True,True,True
874,1.2,12.0,2.4,3.0,1.0,50261599,4.533792314218171,True,True,0.0,15989,7,7,False,7,1,19,0.975798961102496,0.8466336039825746,0.826144914047702,8,8,True,True,True
875,0.8,8.0,1.6,3.0,1.0,50261600,4.559774122628557,True,True,0.0,15470,13,13,False,13,0,0,0.9946684966216216,0.6871245896355508,0.6852660736508241,8,7,False,False,False
875,0.9,9.0,1.8,3.0,1.0,50261600,4.559774122628557,True,True,0.0,15470,13,13,False,13,0,0,0.9946684966216216,0.6871245896355508,0.6852660736508241,8,7,False,False,False
875,1.0,10.0,2.0,3.0,1.0,50261600,4.559774122628557,True,True,0.0,15470,13,13,False,13,0,0,0.9946684966216216,0.6871245896355508,0.6852660736508241,8,7,False,False,False
875,1.1,11.0,2.2,3.0,1.0,50261600,4.559774122628557,True,True,0.0,15470,13,13,False,13,0,0,0.9946684966216216,0.6871245896355508,0.6852660736508241,8,7,False,False,False
875,1.2,12.0,2.4,3.0,1.0,50261600,4.559774122628557,True,True,0.0,15470,13,13,False,13,0,0,0.9946684966216216,0.6871245896355508,0.6852660736508241,8,7,False,False,False
876,0.8,8.0,1.6,3.0,1.0,50261601,5.672397149176296,True,True,0.0,16067,3,3,False,3,1,17,0.9790172472677596,0.8419827542509277,0.8224278447450379,8,8,True,True,True
876,0.9,9.0,1.8,3.0,1.0,50261601,5.672397149176296,True,True,0.0,16067,3,3,False,3,1,17,0.9790172472677596,0.8419827542509277,0.8224278447450379,8,8,True,True,True
876,1.0,10.0,2.0,3.0,1.0,50261601,5.672397149176296,True,True,0.0,16067,3,3,False,3,1,17,0.9790172472677596,0.8419827542509277,0.8224278447450379,8,8,True,True,True
876,1.1,11.0,2.2,3.0,1.0,50261601,5.672397149176296,True,True,0.0,16067,3,3,False,3,1,17,0.9790172472677596,0.8419827542509277,0.8224278447450379,8,8,True,True,True
876,1.2,12.0,2.4,3.0,1.0,50261601,5.672397149176296,True,True,0.0,16067,3,3,False,3,1,17,0.9790172472677596,0.8419827542509277,0.8224278447450379,8,8,True,True,True
877,0.8,8.0,1.6,3.0,1.0,50261602,4.232259564001164,True,True,0.0,15913,3,3,False,3,0,0,1.0,0.7526994299070171,0.7526994299070171,8,6,False,False,False
877,0.9,9.0,1.8,3.0,1.0,50261602,4.232259564001164,True,True,0.0,15913,3,3,False,3,0,0,1.0,0.7526994299070171,0.7526994299070171,8,6,False,False,False
877,1.0,10.0,2.0,3.0,1.0,50261602,4.232259564001164,True,True,0.0,15913,3,3,False,3,0,0,1.0,0.7526994299070171,0.7526994299070171,8,6,False,False,False
877,1.1,11.0,2.2,3.0,1.0,50261602,4.232259564001164,True,True,0.0,15913,3,3,False,3,0,0,1.0,0.7526994299070171,0.7526994299070171,8,6,False,False,False
877,1.2,12.0,2.4,3.0,1.0,50261602,4.232259564001164,True,True,0.0,15913,3,3,False,3,0,0,1.0,0.7526994299070171,0.7526994299070171,8,6,False,False,False
878,0.8,8.0,1.6,3.0,1.0,50261603,4.321074103283927,True,True,0.0,15876,7,7,False,7,0,0,1.0,0.7283913876370587,0.7283913876370587,8,6,False,False,False
878,0.9,9.0,1.8,3.0,1.0,50261603,4.321074103283927,True,True,0.0,15876,7,7,False,7,0,0,1.0,0.7283913876370587,0.7283913876370587,8,6,False,False,False
878,1.0,10.0,2.0,3.0,1.0,50261603,4.321074103283927,True,True,0.0,15876,7,7,False,7,0,0,1.0,0.7283913876370587,0.7283913876370587,8,6,False,False,False
878,1.1,11.0,2.2,3.0,1.0,50261603,4.321074103283927,True,True,0.0,15876,7,7,False,7,0,0,1.0,0.7283913876370587,0.7283913876370587,8,6,False,False,False
878,1.2,12.0,2.4,3.0,1.0,50261603,4.321074103283927,True,True,0.0,15876,7,7,False,7,0,0,1.0,0.7283913876370587,0.7283913876370587,8,6,False,False,False
879,0.8,8.0,1.6,3.0,1.0,50261604,4.106544856637946,True,True,0.0,16213,9,9,False,9,0,0,1.0,0.6389822326353263,0.6389822326353263,8,5,False,False,False
879,0.9,9.0,1.8,3.0,1.0,50261604,4.106544856637946,True,True,0.0,16213,9,9,False,9,0,0,1.0,0.6389822326353263,0.6389822326353263,8,5,False,False,False
879,1.0,10.0,2.0,3.0,1.0,50261604,4.106544856637946,True,True,0.0,16213,9,9,False,9,0,0,1.0,0.6389822326353263,0.6389822326353263,8,5,False,False,False
879,1.1,11.0,2.2,3.0,1.0,50261604,4.106544856637946,True,True,0.0,16213,9,9,False,9,0,0,1.0,0.6389822326353263,0.6389822326353263,8,5,False,False,False
879,1.2,12.0,2.4,3.0,1.0,50261604,4.106544856637946,True,True,0.0,16213,9,9,False,9,0,0,1.0,0.6389822326353263,0.6389822326353263,8,5,False,False,False
880,0.8,8.0,1.6,3.0,1.0,50261605,6.243571955382775,True,True,0.0,15580,3,15,True,0,0,0,1.0,0.9504328952871914,0.9504328952871914,8,8,True,True,True
880,0.9,9.0,1.8,3.0,1.0,50261605,6.243571955382775,True,True,0.0,15580,3,15,True,0,0,0,1.0,0.9504328952871914,0.9504328952871914,8,8,True,True,True
880,1.0,10.0,2.0,3.0,1.0,50261605,6.243571955382775,True,True,0.0,15580,3,15,True,0,0,0,1.0,0.9504328952871914,0.9504328952871914,8,8,True,True,True
880,1.1,11.0,2.2,3.0,1.0,50261605,6.243571955382775,True,True,0.0,15580,3,15,True,0,0,0,1.0,0.9504328952871914,0.9504328952871914,8,8,True,True,True
880,1.2,12.0,2.4,3.0,1.0,50261605,6.243571955382775,True,True,0.0,15580,3,15,True,0,0,0,1.0,0.9504328952871914,0.9504328952871914,8,8,True,True,True
881,0.8,8.0,1.6,3.0,1.0,50261606,5.915868149099465,True,True,0.0,16400,4,4,False,4,0,0,1.0,0.7203089347078582,0.7203089347078582,8,6,False,False,False
881,0.9,9.0,1.8,3.0,1.0,50261606,5.915868149099465,True,True,0.0,16400,4,4,False,4,0,0,1.0,0.7203089347078582,0.7203089347078582,8,6,False,False,False
881,1.0,10.0,2.0,3.0,1.0,50261606,5.915868149099465,True,True,0.0,16400,4,4,False,4,0,0,1.0,0.7203089347078582,0.7203089347078582,8,6,False,False,False
881,1.1,11.0,2.2,3.0,1.0,50261606,5.915868149099465,True,True,0.0,16400,4,4,False,4,0,0,1.0,0.7203089347078582,0.7203089347078582,8,6,False,False,False
881,1.2,12.0,2.4,3.0,1.0,50261606,5.915868149099465,True,True,0.0,16400,4,4,False,4,0,0,1.0,0.7203089347078582,0.7203089347078582,8,6,False,False,False
882,0.8,8.0,1.6,3.0,1.0,50261607,2.209991071184239,True,True,0.0,16126,4,4,False,4,0,0,1.0,0.7175872059753421,0.7175872059753421,8,6,False,False,False
882,0.9,9.0,1.8,3.0,1.0,50261607,2.209991071184239,True,True,0.0,16126,4,4,False,4,0,0,1.0,0.7175872059753421,0.7175872059753421,8,6,False,False,False
882,1.0,10.0,2.0,3.0,1.0,50261607,2.209991071184239,True,True,0.0,16126,4,4,False,4,0,0,1.0,0.7175872059753421,0.7175872059753421,8,6,False,False,False
882,1.1,11.0,2.2,3.0,1.0,50261607,2.209991071184239,True,True,0.0,16126,4,4,False,4,0,0,1.0,0.7175872059753421,0.7175872059753421,8,6,False,False,False
882,1.2,12.0,2.4,3.0,1.0,50261607,2.209991071184239,True,True,0.0,16126,4,4,False,4,0,0,1.0,0.7175872059753421,0.7175872059753421,8,6,False,False,False
883,0.8,8.0,1.6,3.0,1.0,50261608,1.3245012803722487,True,True,0.0,16310,3,3,False,3,1,24,0.9797643442622951,0.903226777460509,0.8847065728424494,8,8,True,True,True
883,0.9,9.0,1.8,3.0,1.0,50261608,1.3245012803722487,True,True,0.0,16310,3,3,False,3,1,24,0.9797643442622951,0.903226777460509,0.8847065728424494,8,8,True,True,True
883,1.0,10.0,2.0,3.0,1.0,50261608,1.3245012803722487,True,True,0.0,16310,3,3,False,3,1,24,0.9797643442622951,0.903226777460509,0.8847065728424494,8,8,True,True,True
883,1.1,11.0,2.2,3.0,1.0,50261608,1.3245012803722487,True,True,0.0,16310,3,3,False,3,1,24,0.9797643442622951,0.903226777460509,0.8847065728424494,8,8,True,True,True
883,1.2,12.0,2.4,3.0,1.0,50261608,1.3245012803722487,True,True,0.0,16310,3,3,False,3,1,24,0.9797643442622951,0.903226777460509,0.8847065728424494,8,8,True,True,True
884,0.8,8.0,1.6,3.0,1.0,50261609,4.8036817275084225,True,True,0.0,16269,5,5,False,5,0,0,1.0,0.740333285279577,0.740333285279577,8,6,False,False,False
884,0.9,9.0,1.8,3.0,1.0,50261609,4.8036817275084225,True,True,0.0,16269,5,5,False,5,0,0,1.0,0.740333285279577,0.740333285279577,8,6,False,False,False
884,1.0,10.0,2.0,3.0,1.0,50261609,4.8036817275084225,True,True,0.0,16269,5,5,False,5,0,0,1.0,0.740333285279577,0.740333285279577,8,6,False,False,False
884,1.1,11.0,2.2,3.0,1.0,50261609,4.8036817275084225,True,True,0.0,16269,5,5,False,5,0,0,1.0,0.740333285279577,0.740333285279577,8,6,False,False,False
884,1.2,12.0,2.4,3.0,1.0,50261609,4.8036817275084225,True,True,0.0,16269,5,5,False,5,0,0,1.0,0.740333285279577,0.740333285279577,8,6,False,False,False
885,0.8,8.0,1.6,3.0,1.0,50261610,1.8947509070109152,True,True,0.0,15716,9,9,False,9,1,38,0.9811945013661202,0.8779932205535189,0.8604392359310822,8,8,True,True,True
885,0.9,9.0,1.8,3.0,1.0,50261610,1.8947509070109152,True,True,0.0,15716,9,9,False,9,0,0,1.0,0.755263652766782,0.755263652766782,8,6,False,False,False
885,1.0,10.0,2.0,3.0,1.0,50261610,1.8947509070109152,True,True,0.0,15716,9,9,False,9,0,0,1.0,0.755263652766782,0.755263652766782,8,6,False,False,False
885,1.1,11.0,2.2,3.0,1.0,50261610,1.8947509070109152,True,True,0.0,15716,9,9,False,9,0,0,1.0,0.755263652766782,0.755263652766782,8,6,False,False,False
885,1.2,12.0,2.4,3.0,1.0,50261610,1.8947509070109152,True,True,0.0,15716,9,9,False,9,0,0,1.0,0.755263652766782,0.755263652766782,8,6,False,False,False
886,0.8,8.0,1.6,3.0,1.0,50261611,0.597635079481787,True,True,0.0,15893,3,3,False,3,0,0,1.0,0.7530384643065776,0.7530384643065776,8,6,False,False,False
886,0.9,9.0,1.8,3.0,1.0,50261611,0.597635079481787,True,True,0.0,15893,3,3,False,3,0,0,1.0,0.7530384643065776,0.7530384643065776,8,6,False,False,False
886,1.0,10.0,2.0,3.0,1.0,50261611,0.597635079481787,True,True,0.0,15893,3,3,False,3,0,0,1.0,0.7530384643065776,0.7530384643065776,8,6,False,False,False
886,1.1,11.0,2.2,3.0,1.0,50261611,0.597635079481787,True,True,0.0,15893,3,3,False,3,0,0,1.0,0.7530384643065776,0.7530384643065776,8,6,False,False,False
886,1.2,12.0,2.4,3.0,1.0,50261611,0.597635079481787,True,True,0.0,15893,3,3,False,3,0,0,1.0,0.7530384643065776,0.7530384643065776,8,6,False,False,False
887,0.8,8.0,1.6,3.0,1.0,50261612,4.574111547170802,True,True,0.0,15693,3,11,True,0,0,0,1.0,0.8497840954809224,0.8497840954809224,8,8,True,True,True
887,0.9,9.0,1.8,3.0,1.0,50261612,4.574111547170802,True,True,0.0,15693,3,11,True,0,0,0,1.0,0.8497840954809224,0.8497840954809224,8,8,True,True,True
887,1.0,10.0,2.0,3.0,1.0,50261612,4.574111547170802,True,True,0.0,15693,3,11,True,0,0,0,1.0,0.8497840954809224,0.8497840954809224,8,8,True,True,True
887,1.1,11.0,2.2,3.0,1.0,50261612,4.574111547170802,True,True,0.0,15693,3,11,True,0,0,0,1.0,0.8497840954809224,0.8497840954809224,8,8,True,True,True
887,1.2,12.0,2.4,3.0,1.0,50261612,4.574111547170802,True,True,0.0,15693,3,11,True,0,0,0,1.0,0.8497840954809224,0.8497840954809224,8,8,True,True,True
888,0.8,8.0,1.6,3.0,1.0,50261613,0.3714847194655312,True,True,0.0,15712,5,5,False,5,0,0,1.0,0.7516387530047617,0.7516387530047617,8,6,False,False,False
888,0.9,9.0,1.8,3.0,1.0,50261613,0.3714847194655312,True,True,0.0,15712,5,5,False,5,0,0,1.0,0.7516387530047617,0.7516387530047617,8,6,False,False,False
888,1.0,10.0,2.0,3.0,1.0,50261613,0.3714847194655312,True,True,0.0,15712,5,5,False,5,0,0,1.0,0.7516387530047617,0.7516387530047617,8,6,False,False,False
888,1.1,11.0,2.2,3.0,1.0,50261613,0.3714847194655312,True,True,0.0,15712,5,5,False,5,0,0,1.0,0.7516387530047617,0.7516387530047617,8,6,False,False,False
888,1.2,12.0,2.4,3.0,1.0,50261613,0.3714847194655312,True,True,0.0,15712,5,5,False,5,0,0,1.0,0.7516387530047617,0.7516387530047617,8,6,False,False,False
889,0.8,8.0,1.6,3.0,1.0,50261614,4.321078330266429,True,True,0.0,16067,3,3,False,3,0,0,1.0,0.790660390419234,0.790660390419234,8,6,False,False,False
889,0.9,9.0,1.8,3.0,1.0,50261614,4.321078330266429,True,True,0.0,16067,3,3,False,3,0,0,1.0,0.790660390419234,0.790660390419234,8,6,False,False,False
889,1.0,10.0,2.0,3.0,1.0,50261614,4.321078330266429,True,True,0.0,16067,3,3,False,3,0,0,1.0,0.790660390419234,0.790660390419234,8,6,False,False,False
889,1.1,11.0,2.2,3.0,1.0,50261614,4.321078330266429,True,True,0.0,16067,3,3,False,3,0,0,1.0,0.790660390419234,0.790660390419234,8,6,False,False,False
889,1.2,12.0,2.4,3.0,1.0,50261614,4.321078330266429,True,True,0.0,16067,3,3,False,3,0,0,1.0,0.790660390419234,0.790660390419234,8,6,False,False,False
890,0.8,8.0,1.6,3.0,1.0,50261615,1.6200446834717288,True,True,0.0,15914,10,10,False,10,0,0,1.0,0.7312609506461966,0.7312609506461966,8,6,False,False,False
890,0.9,9.0,1.8,3.0,1.0,50261615,1.6200446834717288,True,True,0.0,15914,10,10,False,10,0,0,1.0,0.7312609506461966,0.7312609506461966,8,6,False,False,False
890,1.0,10.0,2.0,3.0,1.0,50261615,1.6200446834717288,True,True,0.0,15914,10,10,False,10,0,0,1.0,0.7312609506461966,0.7312609506461966,8,6,False,False,False
890,1.1,11.0,2.2,3.0,1.0,50261615,1.6200446834717288,True,True,0.0,15914,10,10,False,10,0,0,1.0,0.7312609506461966,0.7312609506461966,8,6,False,False,False
890,1.2,12.0,2.4,3.0,1.0,50261615,1.6200446834717288,True,True,0.0,15914,10,10,False,10,0,0,1.0,0.7312609506461966,0.7312609506461966,8,6,False,False,False
891,0.8,8.0,1.6,3.0,1.0,50261616,1.519649468042451,True,True,0.0,15827,8,8,False,8,0,0,1.0,0.7811762149661086,0.7811762149661086,8,6,False,False,False
891,0.9,9.0,1.8,3.0,1.0,50261616,1.519649468042451,True,True,0.0,15827,8,8,False,8,0,0,1.0,0.7811762149661086,0.7811762149661086,8,6,False,False,False
891,1.0,10.0,2.0,3.0,1.0,50261616,1.519649468042451,True,True,0.0,15827,8,8,False,8,0,0,1.0,0.7811762149661086,0.7811762149661086,8,6,False,False,False
891,1.1,11.0,2.2,3.0,1.0,50261616,1.519649468042451,True,True,0.0,15827,8,8,False,8,0,0,1.0,0.7811762149661086,0.7811762149661086,8,6,False,False,False
891,1.2,12.0,2.4,3.0,1.0,50261616,1.519649468042451,True,True,0.0,15827,8,8,False,8,0,0,1.0,0.7811762149661086,0.7811762149661086,8,6,False,False,False
892,0.8,8.0,1.6,3.0,1.0,50261617,2.9834477987851993,True,True,0.0,15929,12,12,False,12,0,0,1.0,0.6746963887755245,0.6746963887755245,8,6,False,False,False
892,0.9,9.0,1.8,3.0,1.0,50261617,2.9834477987851993,True,True,0.0,15929,12,12,False,12,0,0,1.0,0.6746963887755245,0.6746963887755245,8,6,False,False,False
892,1.0,10.0,2.0,3.0,1.0,50261617,2.9834477987851993,True,True,0.0,15929,12,12,False,12,0,0,1.0,0.6746963887755245,0.6746963887755245,8,6,False,False,False
892,1.1,11.0,2.2,3.0,1.0,50261617,2.9834477987851993,True,True,0.0,15929,12,12,False,12,0,0,1.0,0.6746963887755245,0.6746963887755245,8,6,False,False,False
892,1.2,12.0,2.4,3.0,1.0,50261617,2.9834477987851993,True,True,0.0,15929,12,12,False,12,0,0,1.0,0.6746963887755245,0.6746963887755245,8,6,False,False,False
893,0.8,8.0,1.6,3.0,1.0,50261618,5.3251562237905965,True,True,0.0,15898,5,5,False,5,0,0,1.0,0.746415490621197,0.746415490621197,8,6,False,False,False
893,0.9,9.0,1.8,3.0,1.0,50261618,5.3251562237905965,True,True,0.0,15898,5,5,False,5,0,0,1.0,0.746415490621197,0.746415490621197,8,6,False,False,False
893,1.0,10.0,2.0,3.0,1.0,50261618,5.3251562237905965,True,True,0.0,15898,5,5,False,5,0,0,1.0,0.746415490621197,0.746415490621197,8,6,False,False,False
893,1.1,11.0,2.2,3.0,1.0,50261618,5.3251562237905965,True,True,0.0,15898,5,5,False,5,0,0,1.0,0.746415490621197,0.746415490621197,8,6,False,False,False
893,1.2,12.0,2.4,3.0,1.0,50261618,5.3251562237905965,True,True,0.0,15898,5,5,False,5,0,0,1.0,0.746415490621197,0.746415490621197,8,6,False,False,False
894,0.8,8.0,1.6,3.0,1.0,50261619,2.4210550237302186,True,True,0.0,16016,11,11,False,11,0,0,1.0,0.7384299652508342,0.7384299652508342,8,6,False,False,False
894,0.9,9.0,1.8,3.0,1.0,50261619,2.4210550237302186,True,True,0.0,16016,11,11,False,11,0,0,1.0,0.7384299652508342,0.7384299652508342,8,6,False,False,False
894,1.0,10.0,2.0,3.0,1.0,50261619,2.4210550237302186,True,True,0.0,16016,11,11,False,11,0,0,1.0,0.7384299652508342,0.7384299652508342,8,6,False,False,False
894,1.1,11.0,2.2,3.0,1.0,50261619,2.4210550237302186,True,True,0.0,16016,11,11,False,11,0,0,1.0,0.7384299652508342,0.7384299652508342,8,6,False,False,False
894,1.2,12.0,2.4,3.0,1.0,50261619,2.4210550237302186,True,True,0.0,16016,11,11,False,11,0,0,1.0,0.7384299652508342,0.7384299652508342,8,6,False,False,False
895,0.8,8.0,1.6,3.0,1.0,50261620,0.20875642104305825,True,True,0.0,16592,7,7,False,7,1,44,0.9847058572404371,0.8360686637655643,0.8236420970847858,8,8,True,True,True
895,0.9,9.0,1.8,3.0,1.0,50261620,0.20875642104305825,True,True,0.0,16592,7,7,False,7,1,44,0.9847058572404371,0.8360686637655643,0.8236420970847858,8,8,True,True,True
895,1.0,10.0,2.0,3.0,1.0,50261620,0.20875642104305825,True,True,0.0,16592,7,7,False,7,1,44,0.9847058572404371,0.8360686637655643,0.8236420970847858,8,8,True,True,True
895,1.1,11.0,2.2,3.0,1.0,50261620,0.20875642104305825,True,True,0.0,16592,7,7,False,7,1,44,0.9847058572404371,0.8360686637655643,0.8236420970847858,8,8,True,True,True
895,1.2,12.0,2.4,3.0,1.0,50261620,0.20875642104305825,True,True,0.0,16592,7,7,False,7,1,44,0.9847058572404371,0.8360686637655643,0.8236420970847858,8,8,True,True,True
896,0.8,8.0,1.6,3.0,1.0,50261621,4.337690606926362,True,True,0.0,16195,8,8,False,8,0,0,1.0,0.7251520462950771,0.7251520462950771,8,6,False,False,False
896,0.9,9.0,1.8,3.0,1.0,50261621,4.337690606926362,True,True,0.0,16195,8,8,False,8,0,0,1.0,0.7251520462950771,0.7251520462950771,8,6,False,False,False
896,1.0,10.0,2.0,3.0,1.0,50261621,4.337690606926362,True,True,0.0,16195,8,8,False,8,0,0,1.0,0.7251520462950771,0.7251520462950771,8,6,False,False,False
896,1.1,11.0,2.2,3.0,1.0,50261621,4.337690606926362,True,True,0.0,16195,8,8,False,8,0,0,1.0,0.7251520462950771,0.7251520462950771,8,6,False,False,False
896,1.2,12.0,2.4,3.0,1.0,50261621,4.337690606926362,True,True,0.0,16195,8,8,False,8,0,0,1.0,0.7251520462950771,0.7251520462950771,8,6,False,False,False
897,0.8,8.0,1.6,3.0,1.0,50261622,4.121822211436749,True,True,0.0,15852,1,1,False,1,0,0,1.0,0.7359593346460673,0.7359593346460673,8,6,False,False,False
897,0.9,9.0,1.8,3.0,1.0,50261622,4.121822211436749,True,True,0.0,15852,1,1,False,1,0,0,1.0,0.7359593346460673,0.7359593346460673,8,6,False,False,False
897,1.0,10.0,2.0,3.0,1.0,50261622,4.121822211436749,True,True,0.0,15852,1,1,False,1,0,0,1.0,0.7359593346460673,0.7359593346460673,8,6,False,False,False
897,1.1,11.0,2.2,3.0,1.0,50261622,4.121822211436749,True,True,0.0,15852,1,1,False,1,0,0,1.0,0.7359593346460673,0.7359593346460673,8,6,False,False,False
897,1.2,12.0,2.4,3.0,1.0,50261622,4.121822211436749,True,True,0.0,15852,1,1,False,1,0,0,1.0,0.7359593346460673,0.7359593346460673,8,6,False,False,False
898,0.8,8.0,1.6,3.0,1.0,50261623,1.0655775423895404,True,True,0.0,16083,4,4,False,4,0,0,1.0,0.7338531584587857,0.7338531584587857,8,6,False,False,False
898,0.9,9.0,1.8,3.0,1.0,50261623,1.0655775423895404,True,True,0.0,16083,4,4,False,4,0,0,1.0,0.7338531584587857,0.7338531584587857,8,6,False,False,False
898,1.0,10.0,2.0,3.0,1.0,50261623,1.0655775423895404,True,True,0.0,16083,4,4,False,4,0,0,1.0,0.7338531584587857,0.7338531584587857,8,6,False,False,False
898,1.1,11.0,2.2,3.0,1.0,50261623,1.0655775423895404,True,True,0.0,16083,4,4,False,4,0,0,1.0,0.7338531584587857,0.7338531584587857,8,6,False,False,False
898,1.2,12.0,2.4,3.0,1.0,50261623,1.0655775423895404,True,True,0.0,16083,4,4,False,4,0,0,1.0,0.7338531584587857,0.7338531584587857,8,6,False,False,False
899,0.8,8.0,1.6,3.0,1.0,50261624,4.700942637247734,True,True,0.0,16226,12,12,False,12,0,0,1.0,0.6841181223619666,0.6841181223619666,8,6,False,False,False
899,0.9,9.0,1.8,3.0,1.0,50261624,4.700942637247734,True,True,0.0,16226,12,12,False,12,0,0,1.0,0.6841181223619666,0.6841181223619666,8,6,False,False,False
899,1.0,10.0,2.0,3.0,1.0,50261624,4.700942637247734,True,True,0.0,16226,12,12,False,12,0,0,1.0,0.6841181223619666,0.6841181223619666,8,6,False,False,False
899,1.1,11.0,2.2,3.0,1.0,50261624,4.700942637247734,True,True,0.0,16226,12,12,False,12,0,0,1.0,0.6841181223619666,0.6841181223619666,8,6,False,False,False
899,1.2,12.0,2.4,3.0,1.0,50261624,4.700942637247734,True,True,0.0,16226,12,12,False,12,0,0,1.0,0.6841181223619666,0.6841181223619666,8,6,False,False,False
900,0.8,8.0,1.6,3.0,1.0,50261625,3.174020177543431,True,True,0.0,16129,6,6,False,6,0,0,1.0,0.7186548611929555,0.7186548611929555,8,6,False,False,False
900,0.9,9.0,1.8,3.0,1.0,50261625,3.174020177543431,True,True,0.0,16129,6,6,False,6,0,0,1.0,0.7186548611929555,0.7186548611929555,8,6,False,False,False
900,1.0,10.0,2.0,3.0,1.0,50261625,3.174020177543431,True,True,0.0,16129,6,6,False,6,0,0,1.0,0.7186548611929555,0.7186548611929555,8,6,False,False,False
900,1.1,11.0,2.2,3.0,1.0,50261625,3.174020177543431,True,True,0.0,16129,6,6,False,6,0,0,1.0,0.7186548611929555,0.7186548611929555,8,6,False,False,False
900,1.2,12.0,2.4,3.0,1.0,50261625,3.174020177543431,True,True,0.0,16129,6,6,False,6,0,0,1.0,0.7186548611929555,0.7186548611929555,8,6,False,False,False
901,0.8,8.0,1.6,3.0,1.0,50261626,0.8602336598299725,True,True,0.0,15643,5,5,False,5,1,31,0.9715996413934427,0.9317530577847113,0.9051847035516727,8,8,True,True,True
901,0.9,9.0,1.8,3.0,1.0,50261626,0.8602336598299725,True,True,0.0,15643,5,5,False,5,1,31,0.9715996413934427,0.9317530577847113,0.9051847035516727,8,8,True,True,True
901,1.0,10.0,2.0,3.0,1.0,50261626,0.8602336598299725,True,True,0.0,15643,5,5,False,5,1,31,0.9715996413934427,0.9317530577847113,0.9051847035516727,8,8,True,True,True
901,1.1,11.0,2.2,3.0,1.0,50261626,0.8602336598299725,True,True,0.0,15643,5,5,False,5,1,31,0.9715996413934427,0.9317530577847113,0.9051847035516727,8,8,True,True,True
901,1.2,12.0,2.4,3.0,1.0,50261626,0.8602336598299725,True,True,0.0,15643,5,5,False,5,1,31,0.9715996413934427,0.9317530577847113,0.9051847035516727,8,8,True,True,True
902,0.8,8.0,1.6,3.0,1.0,50261627,3.0447901750156086,True,True,0.0,15538,5,5,False,5,1,46,0.9750518641079604,0.8672449487087162,0.8446214503365653,8,8,True,True,True
902,0.9,9.0,1.8,3.0,1.0,50261627,3.0447901750156086,True,True,0.0,15538,5,5,False,5,1,46,0.9750518641079604,0.8672449487087162,0.8446214503365653,8,8,True,True,True
902,1.0,10.0,2.0,3.0,1.0,50261627,3.0447901750156086,True,True,0.0,15538,5,5,False,5,1,46,0.9750518641079604,0.8672449487087162,0.8446214503365653,8,8,True,True,True
902,1.1,11.0,2.2,3.0,1.0,50261627,3.0447901750156086,True,True,0.0,15538,5,5,False,5,1,46,0.9750518641079604,0.8672449487087162,0.8446214503365653,8,8,True,True,True
902,1.2,12.0,2.4,3.0,1.0,50261627,3.0447901750156086,True,True,0.0,15538,5,5,False,5,1,46,0.9750518641079604,0.8672449487087162,0.8446214503365653,8,8,True,True,True
903,0.8,8.0,1.6,3.0,1.0,50261628,5.142477624420916,True,True,0.0,15852,6,6,False,6,0,0,1.0,0.8131041867252795,0.8131041867252795,8,6,False,False,False
903,0.9,9.0,1.8,3.0,1.0,50261628,5.142477624420916,True,True,0.0,15852,6,6,False,6,0,0,1.0,0.8131041867252795,0.8131041867252795,8,6,False,False,False
903,1.0,10.0,2.0,3.0,1.0,50261628,5.142477624420916,True,True,0.0,15852,6,6,False,6,0,0,1.0,0.8131041867252795,0.8131041867252795,8,6,False,False,False
903,1.1,11.0,2.2,3.0,1.0,50261628,5.142477624420916,True,True,0.0,15852,6,6,False,6,0,0,1.0,0.8131041867252795,0.8131041867252795,8,6,False,False,False
903,1.2,12.0,2.4,3.0,1.0,50261628,5.142477624420916,True,True,0.0,15852,6,6,False,6,0,0,1.0,0.8131041867252795,0.8131041867252795,8,6,False,False,False
904,0.8,8.0,1.6,3.0,1.0,50261629,5.704851563497881,True,True,0.0,15548,12,12,False,12,0,0,0.9953195382882882,0.7967234815398951,0.7939700431458567,8,6,False,False,False
904,0.9,9.0,1.8,3.0,1.0,50261629,5.704851563497881,True,True,0.0,15548,12,12,False,12,0,0,0.9953195382882882,0.7967234815398951,0.7939700431458567,8,6,False,False,False
904,1.0,10.0,2.0,3.0,1.0,50261629,5.704851563497881,True,True,0.0,15548,12,12,False,12,0,0,0.9953195382882882,0.7967234815398951,0.7939700431458567,8,6,False,False,False
904,1.1,11.0,2.2,3.0,1.0,50261629,5.704851563497881,True,True,0.0,15548,12,12,False,12,0,0,0.9953195382882882,0.7967234815398951,0.7939700431458567,8,6,False,False,False
904,1.2,12.0,2.4,3.0,1.0,50261629,5.704851563497881,True,True,0.0,15548,12,12,False,12,0,0,0.9953195382882882,0.7967234815398951,0.7939700431458567,8,6,False,False,False
905,0.8,8.0,1.6,3.0,1.0,50261630,2.7079489928331815,True,True,0.0,16150,2,2,False,2,1,35,0.9788464822404371,0.8334978838465766,0.8144512724699099,8,8,True,True,True
905,0.9,9.0,1.8,3.0,1.0,50261630,2.7079489928331815,True,True,0.0,16150,2,2,False,2,1,35,0.9788464822404371,0.8334978838465766,0.8144512724699099,8,8,True,True,True
905,1.0,10.0,2.0,3.0,1.0,50261630,2.7079489928331815,True,True,0.0,16150,2,2,False,2,1,35,0.9788464822404371,0.8334978838465766,0.8144512724699099,8,8,True,True,True
905,1.1,11.0,2.2,3.0,1.0,50261630,2.7079489928331815,True,True,0.0,16150,2,2,False,2,1,35,0.9788464822404371,0.8334978838465766,0.8144512724699099,8,8,True,True,True
905,1.2,12.0,2.4,3.0,1.0,50261630,2.7079489928331815,True,True,0.0,16150,2,2,False,2,1,35,0.9788464822404371,0.8334978838465766,0.8144512724699099,8,8,True,True,True
906,0.8,8.0,1.6,3.0,1.0,50261631,3.6502382626751957,True,True,0.0,15971,4,4,False,4,0,0,1.0,0.7736613970069852,0.7736613970069852,8,6,False,False,False
906,0.9,9.0,1.8,3.0,1.0,50261631,3.6502382626751957,True,True,0.0,15971,4,4,False,4,0,0,1.0,0.7736613970069852,0.7736613970069852,8,6,False,False,False
906,1.0,10.0,2.0,3.0,1.0,50261631,3.6502382626751957,True,True,0.0,15971,4,4,False,4,0,0,1.0,0.7736613970069852,0.7736613970069852,8,6,False,False,False
906,1.1,11.0,2.2,3.0,1.0,50261631,3.6502382626751957,True,True,0.0,15971,4,4,False,4,0,0,1.0,0.7736613970069852,0.7736613970069852,8,6,False,False,False
906,1.2,12.0,2.4,3.0,1.0,50261631,3.6502382626751957,True,True,0.0,15971,4,4,False,4,0,0,1.0,0.7736613970069852,0.7736613970069852,8,6,False,False,False
907,0.8,8.0,1.6,3.0,1.0,50261632,2.145876514282696,True,True,0.0,16316,6,6,False,6,0,0,1.0,0.6821360508860508,0.6821360508860508,8,6,False,False,False
907,0.9,9.0,1.8,3.0,1.0,50261632,2.145876514282696,True,True,0.0,16316,6,6,False,6,0,0,1.0,0.6821360508860508,0.6821360508860508,8,6,False,False,False
907,1.0,10.0,2.0,3.0,1.0,50261632,2.145876514282696,True,True,0.0,16316,6,6,False,6,0,0,1.0,0.6821360508860508,0.6821360508860508,8,6,False,False,False
907,1.1,11.0,2.2,3.0,1.0,50261632,2.145876514282696,True,True,0.0,16316,6,6,False,6,0,0,1.0,0.6821360508860508,0.6821360508860508,8,6,False,False,False
907,1.2,12.0,2.4,3.0,1.0,50261632,2.145876514282696,True,True,0.0,16316,6,6,False,6,0,0,1.0,0.6821360508860508,0.6821360508860508,8,6,False,False,False
908,0.8,8.0,1.6,3.0,1.0,50261633,1.1723121201776074,True,True,0.0,16024,1,1,False,1,0,0,1.0,0.6275716505250772,0.6275716505250772,8,5,False,False,False
908,0.9,9.0,1.8,3.0,1.0,50261633,1.1723121201776074,True,True,0.0,16024,1,1,False,1,0,0,1.0,0.6275716505250772,0.6275716505250772,8,5,False,False,False
908,1.0,10.0,2.0,3.0,1.0,50261633,1.1723121201776074,True,True,0.0,16024,1,1,False,1,0,0,1.0,0.6275716505250772,0.6275716505250772,8,5,False,False,False
908,1.1,11.0,2.2,3.0,1.0,50261633,1.1723121201776074,True,True,0.0,16024,1,1,False,1,0,0,1.0,0.6275716505250772,0.6275716505250772,8,5,False,False,False
908,1.2,12.0,2.4,3.0,1.0,50261633,1.1723121201776074,True,True,0.0,16024,1,1,False,1,0,0,1.0,0.6275716505250772,0.6275716505250772,8,5,False,False,False
909,0.8,8.0,1.6,3.0,1.0,50261634,4.353660094052881,True,True,0.0,15761,3,3,False,3,0,0,1.0,0.6645864774308369,0.6645864774308369,8,4,False,False,False
909,0.9,9.0,1.8,3.0,1.0,50261634,4.353660094052881,True,True,0.0,15761,3,3,False,3,0,0,1.0,0.6645864774308369,0.6645864774308369,8,4,False,False,False
909,1.0,10.0,2.0,3.0,1.0,50261634,4.353660094052881,True,True,0.0,15761,3,3,False,3,0,0,1.0,0.6645864774308369,0.6645864774308369,8,4,False,False,False
909,1.1,11.0,2.2,3.0,1.0,50261634,4.353660094052881,True,True,0.0,15761,3,3,False,3,0,0,1.0,0.6645864774308369,0.6645864774308369,8,4,False,False,False
909,1.2,12.0,2.4,3.0,1.0,50261634,4.353660094052881,True,True,0.0,15761,3,3,False,3,0,0,1.0,0.6645864774308369,0.6645864774308369,8,4,False,False,False
910,0.8,8.0,1.6,3.0,1.0,50261635,4.72875276379953,True,True,0.0,15847,6,6,False,6,1,52,0.9781314036885246,0.8521110938668557,0.8330680466747243,8,8,True,True,True
910,0.9,9.0,1.8,3.0,1.0,50261635,4.72875276379953,True,True,0.0,15847,6,6,False,6,1,52,0.9781314036885246,0.8521110938668557,0.8330680466747243,8,8,True,True,True
910,1.0,10.0,2.0,3.0,1.0,50261635,4.72875276379953,True,True,0.0,15847,6,6,False,6,1,52,0.9781314036885246,0.8521110938668557,0.8330680466747243,8,8,True,True,True
910,1.1,11.0,2.2,3.0,1.0,50261635,4.72875276379953,True,True,0.0,15847,6,6,False,6,1,52,0.9781314036885246,0.8521110938668557,0.8330680466747243,8,8,True,True,True
910,1.2,12.0,2.4,3.0,1.0,50261635,4.72875276379953,True,True,0.0,15847,6,6,False,6,1,52,0.9781314036885246,0.8521110938668557,0.8330680466747243,8,8,True,True,True
911,0.8,8.0,1.6,3.0,1.0,50261636,3.7354610528892676,True,True,0.0,16412,17,17,False,17,1,17,0.9820696721311475,0.823856162247164,0.807945118505023,8,8,True,True,True
911,0.9,9.0,1.8,3.0,1.0,50261636,3.7354610528892676,True,True,0.0,16412,17,17,False,17,1,17,0.9820696721311475,0.823856162247164,0.807945118505023,8,8,True,True,True
911,1.0,10.0,2.0,3.0,1.0,50261636,3.7354610528892676,True,True,0.0,16412,17,17,False,17,1,17,0.9820696721311475,0.823856162247164,0.807945118505023,8,8,True,True,True
911,1.1,11.0,2.2,3.0,1.0,50261636,3.7354610528892676,True,True,0.0,16412,17,17,False,17,1,17,0.9820696721311475,0.823856162247164,0.807945118505023,8,8,True,True,True
911,1.2,12.0,2.4,3.0,1.0,50261636,3.7354610528892676,True,True,0.0,16412,17,17,False,17,1,17,0.9820696721311475,0.823856162247164,0.807945118505023,8,8,True,True,True
912,0.8,8.0,1.6,3.0,1.0,50261637,2.802939526904276,True,True,0.0,15894,13,13,False,13,1,41,0.9787184084699454,0.8080338510657603,0.788416399376429,8,8,True,True,True
912,0.9,9.0,1.8,3.0,1.0,50261637,2.802939526904276,True,True,0.0,15894,13,13,False,13,1,41,0.9787184084699454,0.8080338510657603,0.788416399376429,8,8,True,True,True
912,1.0,10.0,2.0,3.0,1.0,50261637,2.802939526904276,True,True,0.0,15894,13,13,False,13,1,41,0.9787184084699454,0.8080338510657603,0.788416399376429,8,8,True,True,True
912,1.1,11.0,2.2,3.0,1.0,50261637,2.802939526904276,True,True,0.0,15894,13,13,False,13,1,41,0.9787184084699454,0.8080338510657603,0.788416399376429,8,8,True,True,True
912,1.2,12.0,2.4,3.0,1.0,50261637,2.802939526904276,True,True,0.0,15894,13,13,False,13,1,41,0.9787184084699454,0.8080338510657603,0.788416399376429,8,8,True,True,True
913,0.8,8.0,1.6,3.0,1.0,50261638,4.104172644151632,True,True,0.0,16030,2,2,False,2,1,35,0.9788464822404371,0.8446479451976395,0.8268144471986973,8,8,True,True,True
913,0.9,9.0,1.8,3.0,1.0,50261638,4.104172644151632,True,True,0.0,16030,2,2,False,2,1,35,0.9788464822404371,0.8446479451976395,0.8268144471986973,8,8,True,True,True
913,1.0,10.0,2.0,3.0,1.0,50261638,4.104172644151632,True,True,0.0,16030,2,2,False,2,1,35,0.9788464822404371,0.8446479451976395,0.8268144471986973,8,8,True,True,True
913,1.1,11.0,2.2,3.0,1.0,50261638,4.104172644151632,True,True,0.0,16030,2,2,False,2,1,35,0.9788464822404371,0.8446479451976395,0.8268144471986973,8,8,True,True,True
913,1.2,12.0,2.4,3.0,1.0,50261638,4.104172644151632,True,True,0.0,16030,2,2,False,2,1,35,0.9788464822404371,0.8446479451976395,0.8268144471986973,8,8,True,True,True
914,0.8,8.0,1.6,3.0,1.0,50261639,2.656636936064828,True,True,0.0,15934,1,1,False,1,0,0,1.0,0.752373247385409,0.752373247385409,8,6,False,False,False
914,0.9,9.0,1.8,3.0,1.0,50261639,2.656636936064828,True,True,0.0,15934,1,1,False,1,0,0,1.0,0.752373247385409,0.752373247385409,8,6,False,False,False
914,1.0,10.0,2.0,3.0,1.0,50261639,2.656636936064828,True,True,0.0,15934,1,1,False,1,0,0,1.0,0.752373247385409,0.752373247385409,8,6,False,False,False
914,1.1,11.0,2.2,3.0,1.0,50261639,2.656636936064828,True,True,0.0,15934,1,1,False,1,0,0,1.0,0.752373247385409,0.752373247385409,8,6,False,False,False
914,1.2,12.0,2.4,3.0,1.0,50261639,2.656636936064828,True,True,0.0,15934,1,1,False,1,0,0,1.0,0.752373247385409,0.752373247385409,8,6,False,False,False
915,0.8,8.0,1.6,3.0,1.0,50261640,1.0522854545594826,True,True,0.0,16272,2,2,False,2,0,0,1.0,0.6527821663657953,0.6527821663657953,8,5,False,False,False
915,0.9,9.0,1.8,3.0,1.0,50261640,1.0522854545594826,True,True,0.0,16272,2,2,False,2,0,0,1.0,0.6527821663657953,0.6527821663657953,8,5,False,False,False
915,1.0,10.0,2.0,3.0,1.0,50261640,1.0522854545594826,True,True,0.0,16272,2,2,False,2,0,0,1.0,0.6527821663657953,0.6527821663657953,8,5,False,False,False
915,1.1,11.0,2.2,3.0,1.0,50261640,1.0522854545594826,True,True,0.0,16272,2,2,False,2,0,0,1.0,0.6527821663657953,0.6527821663657953,8,5,False,False,False
915,1.2,12.0,2.4,3.0,1.0,50261640,1.0522854545594826,True,True,0.0,16272,2,2,False,2,0,0,1.0,0.6527821663657953,0.6527821663657953,8,5,False,False,False
916,0.8,8.0,1.6,3.0,1.0,50261641,3.0644843706913005,True,True,0.0,15844,6,6,False,6,0,0,1.0,0.7419013101951306,0.7419013101951306,8,6,False,False,False
916,0.9,9.0,1.8,3.0,1.0,50261641,3.0644843706913005,True,True,0.0,15844,6,6,False,6,0,0,1.0,0.7419013101951306,0.7419013101951306,8,6,False,False,False
916,1.0,10.0,2.0,3.0,1.0,50261641,3.0644843706913005,True,True,0.0,15844,6,6,False,6,0,0,1.0,0.7419013101951306,0.7419013101951306,8,6,False,False,False
916,1.1,11.0,2.2,3.0,1.0,50261641,3.0644843706913005,True,True,0.0,15844,6,6,False,6,0,0,1.0,0.7419013101951306,0.7419013101951306,8,6,False,False,False
916,1.2,12.0,2.4,3.0,1.0,50261641,3.0644843706913005,True,True,0.0,15844,6,6,False,6,0,0,1.0,0.7419013101951306,0.7419013101951306,8,6,False,False,False
917,0.8,8.0,1.6,3.0,1.0,50261642,5.251871737176688,True,True,0.0,16227,1,1,False,1,0,0,1.0,0.7723582781570175,0.7723582781570175,8,6,False,False,False
917,0.9,9.0,1.8,3.0,1.0,50261642,5.251871737176688,True,True,0.0,16227,1,1,False,1,0,0,1.0,0.7723582781570175,0.7723582781570175,8,6,False,False,False
917,1.0,10.0,2.0,3.0,1.0,50261642,5.251871737176688,True,True,0.0,16227,1,1,False,1,0,0,1.0,0.7723582781570175,0.7723582781570175,8,6,False,False,False
917,1.1,11.0,2.2,3.0,1.0,50261642,5.251871737176688,True,True,0.0,16227,1,1,False,1,0,0,1.0,0.7723582781570175,0.7723582781570175,8,6,False,False,False
917,1.2,12.0,2.4,3.0,1.0,50261642,5.251871737176688,True,True,0.0,16227,1,1,False,1,0,0,1.0,0.7723582781570175,0.7723582781570175,8,6,False,False,False
918,0.8,8.0,1.6,3.0,1.0,50261643,2.2865245835936494,True,True,0.0,15945,13,13,False,13,0,0,1.0,0.7031104611190868,0.7031104611190868,8,6,False,False,False
918,0.9,9.0,1.8,3.0,1.0,50261643,2.2865245835936494,True,True,0.0,15945,13,13,False,13,0,0,1.0,0.7031104611190868,0.7031104611190868,8,6,False,False,False
918,1.0,10.0,2.0,3.0,1.0,50261643,2.2865245835936494,True,True,0.0,15945,13,13,False,13,0,0,1.0,0.7031104611190868,0.7031104611190868,8,6,False,False,False
918,1.1,11.0,2.2,3.0,1.0,50261643,2.2865245835936494,True,True,0.0,15945,13,13,False,13,0,0,1.0,0.7031104611190868,0.7031104611190868,8,6,False,False,False
918,1.2,12.0,2.4,3.0,1.0,50261643,2.2865245835936494,True,True,0.0,15945,13,13,False,13,0,0,1.0,0.7031104611190868,0.7031104611190868,8,6,False,False,False
919,0.8,8.0,1.6,3.0,1.0,50261644,1.8151566951557103,True,True,0.0,16160,7,7,False,7,0,0,1.0,0.7236813297285198,0.7236813297285198,8,6,False,False,False
919,0.9,9.0,1.8,3.0,1.0,50261644,1.8151566951557103,True,True,0.0,16160,7,7,False,7,0,0,1.0,0.7236813297285198,0.7236813297285198,8,6,False,False,False
919,1.0,10.0,2.0,3.0,1.0,50261644,1.8151566951557103,True,True,0.0,16160,7,7,False,7,0,0,1.0,0.7236813297285198,0.7236813297285198,8,6,False,False,False
919,1.1,11.0,2.2,3.0,1.0,50261644,1.8151566951557103,True,True,0.0,16160,7,7,False,7,0,0,1.0,0.7236813297285198,0.7236813297285198,8,6,False,False,False
919,1.2,12.0,2.4,3.0,1.0,50261644,1.8151566951557103,True,True,0.0,16160,7,7,False,7,0,0,1.0,0.7236813297285198,0.7236813297285198,8,6,False,False,False
920,0.8,8.0,1.6,3.0,1.0,50261645,1.9965532002433464,True,True,0.0,15881,3,3,False,3,1,44,0.9839587602459017,0.8351637318786123,0.8211407420609786,8,8,True,True,True
920,0.9,9.0,1.8,3.0,1.0,50261645,1.9965532002433464,True,True,0.0,15881,3,3,False,3,1,44,0.9839587602459017,0.8351637318786123,0.8211407420609786,8,8,True,True,True
920,1.0,10.0,2.0,3.0,1.0,50261645,1.9965532002433464,True,True,0.0,15881,3,3,False,3,1,44,0.9839587602459017,0.8351637318786123,0.8211407420609786,8,8,True,True,True
920,1.1,11.0,2.2,3.0,1.0,50261645,1.9965532002433464,True,True,0.0,15881,3,3,False,3,1,44,0.9839587602459017,0.8351637318786123,0.8211407420609786,8,8,True,True,True
920,1.2,12.0,2.4,3.0,1.0,50261645,1.9965532002433464,True,True,0.0,15881,3,3,False,3,0,0,1.0,0.7137349084588349,0.7137349084588349,8,6,False,False,False
921,0.8,8.0,1.6,3.0,1.0,50261646,6.014609107940496,True,True,0.0,16009,8,8,False,8,1,51,0.9537275813210752,0.8944277734040391,0.8550197547912006,8,7,True,True,False
921,0.9,9.0,1.8,3.0,1.0,50261646,6.014609107940496,True,True,0.0,16009,8,8,False,8,0,0,0.9966216216216216,0.7837143644999798,0.780513795509937,8,6,False,False,False
921,1.0,10.0,2.0,3.0,1.0,50261646,6.014609107940496,True,True,0.0,16009,8,8,False,8,0,0,0.9966216216216216,0.7837143644999798,0.780513795509937,8,6,False,False,False
921,1.1,11.0,2.2,3.0,1.0,50261646,6.014609107940496,True,True,0.0,16009,8,8,False,8,0,0,0.9966216216216216,0.7837143644999798,0.780513795509937,8,6,False,False,False
921,1.2,12.0,2.4,3.0,1.0,50261646,6.014609107940496,True,True,0.0,16009,8,8,False,8,0,0,0.9966216216216216,0.7837143644999798,0.780513795509937,8,6,False,False,False
922,0.8,8.0,1.6,3.0,1.0,50261647,0.5769867176412987,True,True,0.0,15129,1,1,False,1,1,61,0.9827207137978142,0.8837906551645228,0.8696686669133585,8,8,True,True,True
922,0.9,9.0,1.8,3.0,1.0,50261647,0.5769867176412987,True,True,0.0,15129,1,1,False,1,1,61,0.9827207137978142,0.8837906551645228,0.8696686669133585,8,8,True,True,True
922,1.0,10.0,2.0,3.0,1.0,50261647,0.5769867176412987,True,True,0.0,15129,1,1,False,1,1,61,0.9827207137978142,0.8837906551645228,0.8696686669133585,8,8,True,True,True
922,1.1,11.0,2.2,3.0,1.0,50261647,0.5769867176412987,True,True,0.0,15129,1,1,False,1,1,61,0.9827207137978142,0.8837906551645228,0.8696686669133585,8,8,True,True,True
922,1.2,12.0,2.4,3.0,1.0,50261647,0.5769867176412987,True,True,0.0,15129,1,1,False,1,1,61,0.9827207137978142,0.8837906551645228,0.8696686669133585,8,8,True,True,True
923,0.8,8.0,1.6,3.0,1.0,50261648,4.210635351773471,True,True,0.0,15792,3,3,False,3,1,42,0.9742251536885246,0.8383747163662947,0.8151875313322605,8,8,True,True,True
923,0.9,9.0,1.8,3.0,1.0,50261648,4.210635351773471,True,True,0.0,15792,3,3,False,3,1,42,0.9742251536885246,0.8383747163662947,0.8151875313322605,8,8,True,True,True
923,1.0,10.0,2.0,3.0,1.0,50261648,4.210635351773471,True,True,0.0,15792,3,3,False,3,1,42,0.9742251536885246,0.8383747163662947,0.8151875313322605,8,8,True,True,True
923,1.1,11.0,2.2,3.0,1.0,50261648,4.210635351773471,True,True,0.0,15792,3,3,False,3,1,42,0.9742251536885246,0.8383747163662947,0.8151875313322605,8,8,True,True,True
923,1.2,12.0,2.4,3.0,1.0,50261648,4.210635351773471,True,True,0.0,15792,3,3,False,3,1,42,0.9742251536885246,0.8383747163662947,0.8151875313322605,8,8,True,True,True
924,0.8,8.0,1.6,3.0,1.0,50261649,4.925912145668591,True,True,0.0,15778,2,2,False,2,0,0,1.0,0.7693371827987769,0.7693371827987769,8,6,False,False,False
924,0.9,9.0,1.8,3.0,1.0,50261649,4.925912145668591,True,True,0.0,15778,2,2,False,2,0,0,1.0,0.7693371827987769,0.7693371827987769,8,6,False,False,False
924,1.0,10.0,2.0,3.0,1.0,50261649,4.925912145668591,True,True,0.0,15778,2,2,False,2,0,0,1.0,0.7693371827987769,0.7693371827987769,8,6,False,False,False
924,1.1,11.0,2.2,3.0,1.0,50261649,4.925912145668591,True,True,0.0,15778,2,2,False,2,0,0,1.0,0.7693371827987769,0.7693371827987769,8,6,False,False,False
924,1.2,12.0,2.4,3.0,1.0,50261649,4.925912145668591,True,True,0.0,15778,2,2,False,2,0,0,1.0,0.7693371827987769,0.7693371827987769,8,6,False,False,False
925,0.8,8.0,1.6,3.0,1.0,50261650,3.2849017175879993,True,True,0.0,16270,1,1,False,1,0,0,1.0,0.7235594687108953,0.7235594687108953,8,6,False,False,False
925,0.9,9.0,1.8,3.0,1.0,50261650,3.2849017175879993,True,True,0.0,16270,1,1,False,1,0,0,1.0,0.7235594687108953,0.7235594687108953,8,6,False,False,False
925,1.0,10.0,2.0,3.0,1.0,50261650,3.2849017175879993,True,True,0.0,16270,1,1,False,1,0,0,1.0,0.7235594687108953,0.7235594687108953,8,6,False,False,False
925,1.1,11.0,2.2,3.0,1.0,50261650,3.2849017175879993,True,True,0.0,16270,1,1,False,1,0,0,1.0,0.7235594687108953,0.7235594687108953,8,6,False,False,False
925,1.2,12.0,2.4,3.0,1.0,50261650,3.2849017175879993,True,True,0.0,16270,1,1,False,1,0,0,1.0,0.7235594687108953,0.7235594687108953,8,6,False,False,False
926,0.8,8.0,1.6,3.0,1.0,50261651,2.070204216590354,True,True,0.0,15991,9,9,False,9,0,0,1.0,0.6487926036089476,0.6487926036089476,8,5,False,False,False
926,0.9,9.0,1.8,3.0,1.0,50261651,2.070204216590354,True,True,0.0,15991,9,9,False,9,0,0,1.0,0.6487926036089476,0.6487926036089476,8,5,False,False,False
926,1.0,10.0,2.0,3.0,1.0,50261651,2.070204216590354,True,True,0.0,15991,9,9,False,9,0,0,1.0,0.6487926036089476,0.6487926036089476,8,5,False,False,False
926,1.1,11.0,2.2,3.0,1.0,50261651,2.070204216590354,True,True,0.0,15991,9,9,False,9,0,0,1.0,0.6487926036089476,0.6487926036089476,8,5,False,False,False
926,1.2,12.0,2.4,3.0,1.0,50261651,2.070204216590354,True,True,0.0,15991,9,9,False,9,0,0,1.0,0.6487926036089476,0.6487926036089476,8,5,False,False,False
927,0.8,8.0,1.6,3.0,1.0,50261652,4.811990587030856,True,True,0.0,16070,1,1,False,1,0,0,1.0,0.7599734383000512,0.7599734383000512,8,6,False,False,False
927,0.9,9.0,1.8,3.0,1.0,50261652,4.811990587030856,True,True,0.0,16070,1,1,False,1,0,0,1.0,0.7599734383000512,0.7599734383000512,8,6,False,False,False
927,1.0,10.0,2.0,3.0,1.0,50261652,4.811990587030856,True,True,0.0,16070,1,1,False,1,0,0,1.0,0.7599734383000512,0.7599734383000512,8,6,False,False,False
927,1.1,11.0,2.2,3.0,1.0,50261652,4.811990587030856,True,True,0.0,16070,1,1,False,1,0,0,1.0,0.7599734383000512,0.7599734383000512,8,6,False,False,False
927,1.2,12.0,2.4,3.0,1.0,50261652,4.811990587030856,True,True,0.0,16070,1,1,False,1,0,0,1.0,0.7599734383000512,0.7599734383000512,8,6,False,False,False
928,0.8,8.0,1.6,3.0,1.0,50261653,4.036161496139327,True,True,0.0,15923,3,3,False,3,1,56,0.9830195525956285,0.8148742562568525,0.8001653976509411,8,8,True,True,True
928,0.9,9.0,1.8,3.0,1.0,50261653,4.036161496139327,True,True,0.0,15923,3,3,False,3,1,56,0.9830195525956285,0.8148742562568525,0.8001653976509411,8,8,True,True,True
928,1.0,10.0,2.0,3.0,1.0,50261653,4.036161496139327,True,True,0.0,15923,3,3,False,3,1,56,0.9830195525956285,0.8148742562568525,0.8001653976509411,8,8,True,True,True
928,1.1,11.0,2.2,3.0,1.0,50261653,4.036161496139327,True,True,0.0,15923,3,3,False,3,1,56,0.9830195525956285,0.8148742562568525,0.8001653976509411,8,8,True,True,True
928,1.2,12.0,2.4,3.0,1.0,50261653,4.036161496139327,True,True,0.0,15923,3,3,False,3,1,56,0.9830195525956285,0.8148742562568525,0.8001653976509411,8,8,True,True,True
929,0.8,8.0,1.6,3.0,1.0,50261654,2.02403238085711,True,True,0.0,15682,3,3,False,3,0,0,1.0,0.785904587368283,0.785904587368283,8,6,False,False,False
929,0.9,9.0,1.8,3.0,1.0,50261654,2.02403238085711,True,True,0.0,15682,3,3,False,3,0,0,1.0,0.785904587368283,0.785904587368283,8,6,False,False,False
929,1.0,10.0,2.0,3.0,1.0,50261654,2.02403238085711,True,True,0.0,15682,3,3,False,3,0,0,1.0,0.785904587368283,0.785904587368283,8,6,False,False,False
929,1.1,11.0,2.2,3.0,1.0,50261654,2.02403238085711,True,True,0.0,15682,3,3,False,3,0,0,1.0,0.785904587368283,0.785904587368283,8,6,False,False,False
929,1.2,12.0,2.4,3.0,1.0,50261654,2.02403238085711,True,True,0.0,15682,3,3,False,3,0,0,1.0,0.785904587368283,0.785904587368283,8,6,False,False,False
930,0.8,8.0,1.6,3.0,1.0,50261655,1.884281430215555,True,True,0.0,15764,7,7,False,7,0,0,1.0,0.8209479444052947,0.8209479444052947,8,6,False,False,False
930,0.9,9.0,1.8,3.0,1.0,50261655,1.884281430215555,True,True,0.0,15764,7,7,False,7,0,0,1.0,0.8209479444052947,0.8209479444052947,8,6,False,False,False
930,1.0,10.0,2.0,3.0,1.0,50261655,1.884281430215555,True,True,0.0,15764,7,7,False,7,0,0,1.0,0.8209479444052947,0.8209479444052947,8,6,False,False,False
930,1.1,11.0,2.2,3.0,1.0,50261655,1.884281430215555,True,True,0.0,15764,7,7,False,7,0,0,1.0,0.8209479444052947,0.8209479444052947,8,6,False,False,False
930,1.2,12.0,2.4,3.0,1.0,50261655,1.884281430215555,True,True,0.0,15764,7,7,False,7,0,0,1.0,0.8209479444052947,0.8209479444052947,8,6,False,False,False
931,0.8,8.0,1.6,3.0,1.0,50261656,3.0655521929633314,True,True,0.0,15733,4,4,False,4,0,0,0.9953195382882882,0.7260917553128757,0.7238290762672734,8,6,False,False,False
931,0.9,9.0,1.8,3.0,1.0,50261656,3.0655521929633314,True,True,0.0,15733,4,4,False,4,0,0,0.9953195382882882,0.7260917553128757,0.7238290762672734,8,6,False,False,False
931,1.0,10.0,2.0,3.0,1.0,50261656,3.0655521929633314,True,True,0.0,15733,4,4,False,4,0,0,0.9953195382882882,0.7260917553128757,0.7238290762672734,8,6,False,False,False
931,1.1,11.0,2.2,3.0,1.0,50261656,3.0655521929633314,True,True,0.0,15733,4,4,False,4,0,0,0.9953195382882882,0.7260917553128757,0.7238290762672734,8,6,False,False,False
931,1.2,12.0,2.4,3.0,1.0,50261656,3.0655521929633314,True,True,0.0,15733,4,4,False,4,0,0,0.9953195382882882,0.7260917553128757,0.7238290762672734,8,6,False,False,False
932,0.8,8.0,1.6,3.0,1.0,50261657,0.9825957645001089,True,True,0.0,15630,3,3,False,3,1,49,0.9710019637978142,0.9148331205024485,0.8871964419635022,8,8,True,True,True
932,0.9,9.0,1.8,3.0,1.0,50261657,0.9825957645001089,True,True,0.0,15630,3,3,False,3,1,49,0.9710019637978142,0.9148331205024485,0.8871964419635022,8,8,True,True,True
932,1.0,10.0,2.0,3.0,1.0,50261657,0.9825957645001089,True,True,0.0,15630,3,3,False,3,1,49,0.9710019637978142,0.9148331205024485,0.8871964419635022,8,8,True,True,True
932,1.1,11.0,2.2,3.0,1.0,50261657,0.9825957645001089,True,True,0.0,15630,3,3,False,3,1,49,0.9710019637978142,0.9148331205024485,0.8871964419635022,8,8,True,True,True
932,1.2,12.0,2.4,3.0,1.0,50261657,0.9825957645001089,True,True,0.0,15630,3,3,False,3,1,49,0.9710019637978142,0.9148331205024485,0.8871964419635022,8,8,True,True,True
933,0.8,8.0,1.6,3.0,1.0,50261658,0.33903282438936694,True,True,0.0,15744,4,4,False,4,0,0,1.0,0.729531069211152,0.729531069211152,8,6,False,False,False
933,0.9,9.0,1.8,3.0,1.0,50261658,0.33903282438936694,True,True,0.0,15744,4,4,False,4,0,0,1.0,0.729531069211152,0.729531069211152,8,6,False,False,False
933,1.0,10.0,2.0,3.0,1.0,50261658,0.33903282438936694,True,True,0.0,15744,4,4,False,4,0,0,1.0,0.729531069211152,0.729531069211152,8,6,False,False,False
933,1.1,11.0,2.2,3.0,1.0,50261658,0.33903282438936694,True,True,0.0,15744,4,4,False,4,0,0,1.0,0.729531069211152,0.729531069211152,8,6,False,False,False
933,1.2,12.0,2.4,3.0,1.0,50261658,0.33903282438936694,True,True,0.0,15744,4,4,False,4,0,0,1.0,0.729531069211152,0.729531069211152,8,6,False,False,False
934,0.8,8.0,1.6,3.0,1.0,50261659,2.9972206921928497,True,True,0.0,15687,6,6,False,6,0,0,1.0,0.7735764463411184,0.7735764463411184,8,6,False,False,False
934,0.9,9.0,1.8,3.0,1.0,50261659,2.9972206921928497,True,True,0.0,15687,6,6,False,6,0,0,1.0,0.7735764463411184,0.7735764463411184,8,6,False,False,False
934,1.0,10.0,2.0,3.0,1.0,50261659,2.9972206921928497,True,True,0.0,15687,6,6,False,6,0,0,1.0,0.7735764463411184,0.7735764463411184,8,6,False,False,False
934,1.1,11.0,2.2,3.0,1.0,50261659,2.9972206921928497,True,True,0.0,15687,6,6,False,6,0,0,1.0,0.7735764463411184,0.7735764463411184,8,6,False,False,False
934,1.2,12.0,2.4,3.0,1.0,50261659,2.9972206921928497,True,True,0.0,15687,6,6,False,6,0,0,1.0,0.7735764463411184,0.7735764463411184,8,6,False,False,False
935,0.8,8.0,1.6,3.0,1.0,50261660,2.158289943618178,True,True,0.0,15772,14,14,False,14,1,51,0.9780993852459017,0.8861934202128707,0.8655368312600809,8,8,True,True,True
935,0.9,9.0,1.8,3.0,1.0,50261660,2.158289943618178,True,True,0.0,15772,14,14,False,14,1,51,0.9780993852459017,0.8861934202128707,0.8655368312600809,8,8,True,True,True
935,1.0,10.0,2.0,3.0,1.0,50261660,2.158289943618178,True,True,0.0,15772,14,14,False,14,1,51,0.9780993852459017,0.8861934202128707,0.8655368312600809,8,8,True,True,True
935,1.1,11.0,2.2,3.0,1.0,50261660,2.158289943618178,True,True,0.0,15772,14,14,False,14,1,51,0.9780993852459017,0.8861934202128707,0.8655368312600809,8,8,True,True,True
935,1.2,12.0,2.4,3.0,1.0,50261660,2.158289943618178,True,True,0.0,15772,14,14,False,14,1,51,0.9780993852459017,0.8861934202128707,0.8655368312600809,8,8,True,True,True
936,0.8,8.0,1.6,3.0,1.0,50261661,1.1770198332463175,True,True,0.0,15953,1,1,False,1,0,0,1.0,0.7473416062777953,0.7473416062777953,8,6,False,False,False
936,0.9,9.0,1.8,3.0,1.0,50261661,1.1770198332463175,True,True,0.0,15953,1,1,False,1,0,0,1.0,0.7473416062777953,0.7473416062777953,8,6,False,False,False
936,1.0,10.0,2.0,3.0,1.0,50261661,1.1770198332463175,True,True,0.0,15953,1,1,False,1,0,0,1.0,0.7473416062777953,0.7473416062777953,8,6,False,False,False
936,1.1,11.0,2.2,3.0,1.0,50261661,1.1770198332463175,True,True,0.0,15953,1,1,False,1,0,0,1.0,0.7473416062777953,0.7473416062777953,8,6,False,False,False
936,1.2,12.0,2.4,3.0,1.0,50261661,1.1770198332463175,True,True,0.0,15953,1,1,False,1,0,0,1.0,0.7473416062777953,0.7473416062777953,8,6,False,False,False
937,0.8,8.0,1.6,3.0,1.0,50261662,5.051355484195453,True,True,0.0,15510,4,4,False,4,0,0,1.0,0.6915687183095615,0.6915687183095615,8,6,False,False,False
937,0.9,9.0,1.8,3.0,1.0,50261662,5.051355484195453,True,True,0.0,15510,4,4,False,4,0,0,1.0,0.6915687183095615,0.6915687183095615,8,6,False,False,False
937,1.0,10.0,2.0,3.0,1.0,50261662,5.051355484195453,True,True,0.0,15510,4,4,False,4,0,0,1.0,0.6915687183095615,0.6915687183095615,8,6,False,False,False
937,1.1,11.0,2.2,3.0,1.0,50261662,5.051355484195453,True,True,0.0,15510,4,4,False,4,0,0,1.0,0.6915687183095615,0.6915687183095615,8,6,False,False,False
937,1.2,12.0,2.4,3.0,1.0,50261662,5.051355484195453,True,True,0.0,15510,4,4,False,4,0,0,1.0,0.6915687183095615,0.6915687183095615,8,6,False,False,False
938,0.8,8.0,1.6,3.0,1.0,50261663,2.766094558679422,True,True,0.0,15914,9,9,False,9,0,0,1.0,0.7885528095139855,0.7885528095139855,8,6,False,False,False
938,0.9,9.0,1.8,3.0,1.0,50261663,2.766094558679422,True,True,0.0,15914,9,9,False,9,0,0,1.0,0.7885528095139855,0.7885528095139855,8,6,False,False,False
938,1.0,10.0,2.0,3.0,1.0,50261663,2.766094558679422,True,True,0.0,15914,9,9,False,9,0,0,1.0,0.7885528095139855,0.7885528095139855,8,6,False,False,False
938,1.1,11.0,2.2,3.0,1.0,50261663,2.766094558679422,True,True,0.0,15914,9,9,False,9,0,0,1.0,0.7885528095139855,0.7885528095139855,8,6,False,False,False
938,1.2,12.0,2.4,3.0,1.0,50261663,2.766094558679422,True,True,0.0,15914,9,9,False,9,0,0,1.0,0.7885528095139855,0.7885528095139855,8,6,False,False,False
939,0.8,8.0,1.6,3.0,1.0,50261664,5.492169650211384,True,True,0.0,15863,5,5,False,5,0,0,0.9986979166666667,0.7552012190476699,0.7550033839879653,8,6,False,False,False
939,0.9,9.0,1.8,3.0,1.0,50261664,5.492169650211384,True,True,0.0,15863,5,5,False,5,0,0,0.9986979166666667,0.7552012190476699,0.7550033839879653,8,6,False,False,False
939,1.0,10.0,2.0,3.0,1.0,50261664,5.492169650211384,True,True,0.0,15863,5,5,False,5,0,0,0.9986979166666667,0.7552012190476699,0.7550033839879653,8,6,False,False,False
939,1.1,11.0,2.2,3.0,1.0,50261664,5.492169650211384,True,True,0.0,15863,5,5,False,5,0,0,0.9986979166666667,0.7552012190476699,0.7550033839879653,8,6,False,False,False
939,1.2,12.0,2.4,3.0,1.0,50261664,5.492169650211384,True,True,0.0,15863,5,5,False,5,0,0,0.9986979166666667,0.7552012190476699,0.7550033839879653,8,6,False,False,False
940,0.8,8.0,1.6,3.0,1.0,50261665,1.672290996694243,True,True,0.0,15884,8,8,False,8,0,0,1.0,0.7730403433470007,0.7730403433470007,8,6,False,False,False
940,0.9,9.0,1.8,3.0,1.0,50261665,1.672290996694243,True,True,0.0,15884,8,8,False,8,0,0,1.0,0.7730403433470007,0.7730403433470007,8,6,False,False,False
940,1.0,10.0,2.0,3.0,1.0,50261665,1.672290996694243,True,True,0.0,15884,8,8,False,8,0,0,1.0,0.7730403433470007,0.7730403433470007,8,6,False,False,False
940,1.1,11.0,2.2,3.0,1.0,50261665,1.672290996694243,True,True,0.0,15884,8,8,False,8,0,0,1.0,0.7730403433470007,0.7730403433470007,8,6,False,False,False
940,1.2,12.0,2.4,3.0,1.0,50261665,1.672290996694243,True,True,0.0,15884,8,8,False,8,0,0,1.0,0.7730403433470007,0.7730403433470007,8,6,False,False,False
941,0.8,8.0,1.6,3.0,1.0,50261666,4.445262799384456,True,True,0.0,16367,8,8,False,8,0,0,1.0,0.7110628163707208,0.7110628163707208,8,6,False,False,False
941,0.9,9.0,1.8,3.0,1.0,50261666,4.445262799384456,True,True,0.0,16367,8,8,False,8,0,0,1.0,0.7110628163707208,0.7110628163707208,8,6,False,False,False
941,1.0,10.0,2.0,3.0,1.0,50261666,4.445262799384456,True,True,0.0,16367,8,8,False,8,0,0,1.0,0.7110628163707208,0.7110628163707208,8,6,False,False,False
941,1.1,11.0,2.2,3.0,1.0,50261666,4.445262799384456,True,True,0.0,16367,8,8,False,8,0,0,1.0,0.7110628163707208,0.7110628163707208,8,6,False,False,False
941,1.2,12.0,2.4,3.0,1.0,50261666,4.445262799384456,True,True,0.0,16367,8,8,False,8,0,0,1.0,0.7110628163707208,0.7110628163707208,8,6,False,False,False
942,0.8,8.0,1.6,3.0,1.0,50261667,4.252276949960936,True,True,0.0,15694,3,9,True,0,0,0,1.0,0.9110156687941565,0.9110156687941565,8,8,True,True,True
942,0.9,9.0,1.8,3.0,1.0,50261667,4.252276949960936,True,True,0.0,15694,3,9,True,0,0,0,1.0,0.9110156687941565,0.9110156687941565,8,8,True,True,True
942,1.0,10.0,2.0,3.0,1.0,50261667,4.252276949960936,True,True,0.0,15694,3,9,True,0,0,0,1.0,0.9110156687941565,0.9110156687941565,8,8,True,True,True
942,1.1,11.0,2.2,3.0,1.0,50261667,4.252276949960936,True,True,0.0,15694,3,9,True,0,0,0,1.0,0.9110156687941565,0.9110156687941565,8,8,True,True,True
942,1.2,12.0,2.4,3.0,1.0,50261667,4.252276949960936,True,True,0.0,15694,3,9,True,0,0,0,1.0,0.9110156687941565,0.9110156687941565,8,8,True,True,True
943,0.8,8.0,1.6,3.0,1.0,50261668,1.1607742514205581,True,True,0.0,15903,1,1,False,1,1,35,0.9832436816939891,0.9007981297352985,0.8865042762330755,8,8,True,True,True
943,0.9,9.0,1.8,3.0,1.0,50261668,1.1607742514205581,True,True,0.0,15903,1,1,False,1,1,35,0.9832436816939891,0.9007981297352985,0.8865042762330755,8,8,True,True,True
943,1.0,10.0,2.0,3.0,1.0,50261668,1.1607742514205581,True,True,0.0,15903,1,1,False,1,1,35,0.9832436816939891,0.9007981297352985,0.8865042762330755,8,8,True,True,True
943,1.1,11.0,2.2,3.0,1.0,50261668,1.1607742514205581,True,True,0.0,15903,1,1,False,1,0,0,1.0,0.7832256659671826,0.7832256659671826,8,6,False,False,False
943,1.2,12.0,2.4,3.0,1.0,50261668,1.1607742514205581,True,True,0.0,15903,1,1,False,1,0,0,1.0,0.7832256659671826,0.7832256659671826,8,6,False,False,False
944,0.8,8.0,1.6,3.0,1.0,50261669,0.604504262281683,True,True,0.0,15947,7,7,False,7,1,27,0.9790812841530054,0.8423639497148976,0.8221406845120246,8,8,True,True,True
944,0.9,9.0,1.8,3.0,1.0,50261669,0.604504262281683,True,True,0.0,15947,7,7,False,7,0,0,1.0,0.7222930702832673,0.7222930702832673,8,7,False,False,False
944,1.0,10.0,2.0,3.0,1.0,50261669,0.604504262281683,True,True,0.0,15947,7,7,False,7,0,0,1.0,0.7222930702832673,0.7222930702832673,8,7,False,False,False
944,1.1,11.0,2.2,3.0,1.0,50261669,0.604504262281683,True,True,0.0,15947,7,7,False,7,0,0,1.0,0.7222930702832673,0.7222930702832673,8,7,False,False,False
944,1.2,12.0,2.4,3.0,1.0,50261669,0.604504262281683,True,True,0.0,15947,7,7,False,7,0,0,1.0,0.7222930702832673,0.7222930702832673,8,7,False,False,False
945,0.8,8.0,1.6,3.0,1.0,50261670,5.421030884476001,True,True,0.0,15957,1,1,False,1,1,53,0.9737021857923498,0.8402955413465392,0.817033967152624,8,8,True,True,True
945,0.9,9.0,1.8,3.0,1.0,50261670,5.421030884476001,True,True,0.0,15957,1,1,False,1,1,53,0.9737021857923498,0.8402955413465392,0.817033967152624,8,8,True,True,True
945,1.0,10.0,2.0,3.0,1.0,50261670,5.421030884476001,True,True,0.0,15957,1,1,False,1,1,53,0.9737021857923498,0.8402955413465392,0.817033967152624,8,8,True,True,True
945,1.1,11.0,2.2,3.0,1.0,50261670,5.421030884476001,True,True,0.0,15957,1,1,False,1,1,53,0.9737021857923498,0.8402955413465392,0.817033967152624,8,8,True,True,True
945,1.2,12.0,2.4,3.0,1.0,50261670,5.421030884476001,True,True,0.0,15957,1,1,False,1,1,53,0.9737021857923498,0.8402955413465392,0.817033967152624,8,8,True,True,True
946,0.8,8.0,1.6,3.0,1.0,50261671,1.449128663698018,True,True,0.0,16169,6,6,False,6,0,0,1.0,0.7118588353882471,0.7118588353882471,8,6,False,False,False
946,0.9,9.0,1.8,3.0,1.0,50261671,1.449128663698018,True,True,0.0,16169,6,6,False,6,0,0,1.0,0.7118588353882471,0.7118588353882471,8,6,False,False,False
946,1.0,10.0,2.0,3.0,1.0,50261671,1.449128663698018,True,True,0.0,16169,6,6,False,6,0,0,1.0,0.7118588353882471,0.7118588353882471,8,6,False,False,False
946,1.1,11.0,2.2,3.0,1.0,50261671,1.449128663698018,True,True,0.0,16169,6,6,False,6,0,0,1.0,0.7118588353882471,0.7118588353882471,8,6,False,False,False
946,1.2,12.0,2.4,3.0,1.0,50261671,1.449128663698018,True,True,0.0,16169,6,6,False,6,0,0,1.0,0.7118588353882471,0.7118588353882471,8,6,False,False,False
947,0.8,8.0,1.6,3.0,1.0,50261672,4.261338489023184,True,True,0.0,15763,6,6,False,6,0,0,1.0,0.7863143496423057,0.7863143496423057,8,6,False,False,False
947,0.9,9.0,1.8,3.0,1.0,50261672,4.261338489023184,True,True,0.0,15763,6,6,False,6,0,0,1.0,0.7863143496423057,0.7863143496423057,8,6,False,False,False
947,1.0,10.0,2.0,3.0,1.0,50261672,4.261338489023184,True,True,0.0,15763,6,6,False,6,0,0,1.0,0.7863143496423057,0.7863143496423057,8,6,False,False,False
947,1.1,11.0,2.2,3.0,1.0,50261672,4.261338489023184,True,True,0.0,15763,6,6,False,6,0,0,1.0,0.7863143496423057,0.7863143496423057,8,6,False,False,False
947,1.2,12.0,2.4,3.0,1.0,50261672,4.261338489023184,True,True,0.0,15763,6,6,False,6,0,0,1.0,0.7863143496423057,0.7863143496423057,8,6,False,False,False
948,0.8,8.0,1.6,3.0,1.0,50261673,4.595903280893865,True,True,0.0,15558,8,8,False,8,1,32,0.9814875710751735,0.9092362648744998,0.8932941224589205,8,8,True,True,True
948,0.9,9.0,1.8,3.0,1.0,50261673,4.595903280893865,True,True,0.0,15558,8,8,False,8,1,32,0.9814875710751735,0.9092362648744998,0.8932941224589205,8,8,True,True,True
948,1.0,10.0,2.0,3.0,1.0,50261673,4.595903280893865,True,True,0.0,15558,8,8,False,8,1,32,0.9814875710751735,0.9092362648744998,0.8932941224589205,8,8,True,True,True
948,1.1,11.0,2.2,3.0,1.0,50261673,4.595903280893865,True,True,0.0,15558,8,8,False,8,1,32,0.9814875710751735,0.9092362648744998,0.8932941224589205,8,8,True,True,True
948,1.2,12.0,2.4,3.0,1.0,50261673,4.595903280893865,True,True,0.0,15558,8,8,False,8,1,32,0.9814875710751735,0.9092362648744998,0.8932941224589205,8,8,True,True,True
949,0.8,8.0,1.6,3.0,1.0,50261674,1.8110104214076979,True,True,0.0,15783,1,1,False,1,0,0,1.0,0.7813838380599447,0.7813838380599447,8,6,False,False,False
949,0.9,9.0,1.8,3.0,1.0,50261674,1.8110104214076979,True,True,0.0,15783,1,1,False,1,0,0,1.0,0.7813838380599447,0.7813838380599447,8,6,False,False,False
949,1.0,10.0,2.0,3.0,1.0,50261674,1.8110104214076979,True,True,0.0,15783,1,1,False,1,0,0,1.0,0.7813838380599447,0.7813838380599447,8,6,False,False,False
949,1.1,11.0,2.2,3.0,1.0,50261674,1.8110104214076979,True,True,0.0,15783,1,1,False,1,0,0,1.0,0.7813838380599447,0.7813838380599447,8,6,False,False,False
949,1.2,12.0,2.4,3.0,1.0,50261674,1.8110104214076979,True,True,0.0,15783,1,1,False,1,0,0,1.0,0.7813838380599447,0.7813838380599447,8,6,False,False,False
950,0.8,8.0,1.6,3.0,1.0,50261675,3.905207434097602,True,True,0.0,15909,8,8,False,8,1,32,0.9811304644808743,0.8467620530787653,0.8290189920281683,8,8,True,True,True
950,0.9,9.0,1.8,3.0,1.0,50261675,3.905207434097602,True,True,0.0,15909,8,8,False,8,0,0,1.0,0.7249483534923976,0.7249483534923976,8,6,False,False,False
950,1.0,10.0,2.0,3.0,1.0,50261675,3.905207434097602,True,True,0.0,15909,8,8,False,8,0,0,1.0,0.7249483534923976,0.7249483534923976,8,6,False,False,False
950,1.1,11.0,2.2,3.0,1.0,50261675,3.905207434097602,True,True,0.0,15909,8,8,False,8,0,0,1.0,0.7249483534923976,0.7249483534923976,8,6,False,False,False
950,1.2,12.0,2.4,3.0,1.0,50261675,3.905207434097602,True,True,0.0,15909,8,8,False,8,0,0,1.0,0.7249483534923976,0.7249483534923976,8,6,False,False,False
951,0.8,8.0,1.6,3.0,1.0,50261676,0.3821667050997597,True,True,0.0,15677,8,8,False,8,1,29,0.9845137465846995,0.858258782321558,0.843415478333808,8,8,True,True,True
951,0.9,9.0,1.8,3.0,1.0,50261676,0.3821667050997597,True,True,0.0,15677,8,8,False,8,1,29,0.9845137465846995,0.858258782321558,0.843415478333808,8,8,True,True,True
951,1.0,10.0,2.0,3.0,1.0,50261676,0.3821667050997597,True,True,0.0,15677,8,8,False,8,1,29,0.9845137465846995,0.858258782321558,0.843415478333808,8,8,True,True,True
951,1.1,11.0,2.2,3.0,1.0,50261676,0.3821667050997597,True,True,0.0,15677,8,8,False,8,1,29,0.9845137465846995,0.858258782321558,0.843415478333808,8,8,True,True,True
951,1.2,12.0,2.4,3.0,1.0,50261676,0.3821667050997597,True,True,0.0,15677,8,8,False,8,1,29,0.9845137465846995,0.858258782321558,0.843415478333808,8,8,True,True,True
952,0.8,8.0,1.6,3.0,1.0,50261677,1.132186775446902,True,True,0.0,16025,2,2,False,2,0,0,1.0,0.725812971610301,0.725812971610301,8,6,False,False,False
952,0.9,9.0,1.8,3.0,1.0,50261677,1.132186775446902,True,True,0.0,16025,2,2,False,2,0,0,1.0,0.725812971610301,0.725812971610301,8,6,False,False,False
952,1.0,10.0,2.0,3.0,1.0,50261677,1.132186775446902,True,True,0.0,16025,2,2,False,2,0,0,1.0,0.725812971610301,0.725812971610301,8,6,False,False,False
952,1.1,11.0,2.2,3.0,1.0,50261677,1.132186775446902,True,True,0.0,16025,2,2,False,2,0,0,1.0,0.725812971610301,0.725812971610301,8,6,False,False,False
952,1.2,12.0,2.4,3.0,1.0,50261677,1.132186775446902,True,True,0.0,16025,2,2,False,2,0,0,1.0,0.725812971610301,0.725812971610301,8,6,False,False,False
953,0.8,8.0,1.6,3.0,1.0,50261678,0.014110967691650367,True,True,0.0,15476,2,2,False,2,0,0,0.9966216216216216,0.7538370887943621,0.7512238483762436,8,6,False,False,False
953,0.9,9.0,1.8,3.0,1.0,50261678,0.014110967691650367,True,True,0.0,15476,2,2,False,2,0,0,0.9966216216216216,0.7538370887943621,0.7512238483762436,8,6,False,False,False
953,1.0,10.0,2.0,3.0,1.0,50261678,0.014110967691650367,True,True,0.0,15476,2,2,False,2,0,0,0.9966216216216216,0.7538370887943621,0.7512238483762436,8,6,False,False,False
953,1.1,11.0,2.2,3.0,1.0,50261678,0.014110967691650367,True,True,0.0,15476,2,2,False,2,0,0,0.9966216216216216,0.7538370887943621,0.7512238483762436,8,6,False,False,False
953,1.2,12.0,2.4,3.0,1.0,50261678,0.014110967691650367,True,True,0.0,15476,2,2,False,2,0,0,0.9966216216216216,0.7538370887943621,0.7512238483762436,8,6,False,False,False
954,0.8,8.0,1.6,3.0,1.0,50261679,0.45382873376283245,True,True,0.0,15347,4,4,False,4,1,24,0.974881099080638,0.8813933864383761,0.8579874616913855,8,8,True,True,True
954,0.9,9.0,1.8,3.0,1.0,50261679,0.45382873376283245,True,True,0.0,15347,4,4,False,4,1,24,0.974881099080638,0.8813933864383761,0.8579874616913855,8,8,True,True,True
954,1.0,10.0,2.0,3.0,1.0,50261679,0.45382873376283245,True,True,0.0,15347,4,4,False,4,1,24,0.974881099080638,0.8813933864383761,0.8579874616913855,8,8,True,True,True
954,1.1,11.0,2.2,3.0,1.0,50261679,0.45382873376283245,True,True,0.0,15347,4,4,False,4,1,24,0.974881099080638,0.8813933864383761,0.8579874616913855,8,8,True,True,True
954,1.2,12.0,2.4,3.0,1.0,50261679,0.45382873376283245,True,True,0.0,15347,4,4,False,4,1,24,0.974881099080638,0.8813933864383761,0.8579874616913855,8,8,True,True,True
955,0.8,8.0,1.6,3.0,1.0,50261680,0.4315135677418583,True,True,0.0,15808,3,3,False,3,0,0,1.0,0.726230898070616,0.726230898070616,8,6,False,False,False
955,0.9,9.0,1.8,3.0,1.0,50261680,0.4315135677418583,True,True,0.0,15808,3,3,False,3,0,0,1.0,0.726230898070616,0.726230898070616,8,6,False,False,False
955,1.0,10.0,2.0,3.0,1.0,50261680,0.4315135677418583,True,True,0.0,15808,3,3,False,3,0,0,1.0,0.726230898070616,0.726230898070616,8,6,False,False,False
955,1.1,11.0,2.2,3.0,1.0,50261680,0.4315135677418583,True,True,0.0,15808,3,3,False,3,0,0,1.0,0.726230898070616,0.726230898070616,8,6,False,False,False
955,1.2,12.0,2.4,3.0,1.0,50261680,0.4315135677418583,True,True,0.0,15808,3,3,False,3,0,0,1.0,0.726230898070616,0.726230898070616,8,6,False,False,False
956,0.8,8.0,1.6,3.0,1.0,50261681,4.417034268373009,True,True,0.0,16150,18,18,False,18,0,0,1.0,0.7183893918117082,0.7183893918117082,8,6,False,False,False
956,0.9,9.0,1.8,3.0,1.0,50261681,4.417034268373009,True,True,0.0,16150,18,18,False,18,0,0,1.0,0.7183893918117082,0.7183893918117082,8,6,False,False,False
956,1.0,10.0,2.0,3.0,1.0,50261681,4.417034268373009,True,True,0.0,16150,18,18,False,18,0,0,1.0,0.7183893918117082,0.7183893918117082,8,6,False,False,False
956,1.1,11.0,2.2,3.0,1.0,50261681,4.417034268373009,True,True,0.0,16150,18,18,False,18,0,0,1.0,0.7183893918117082,0.7183893918117082,8,6,False,False,False
956,1.2,12.0,2.4,3.0,1.0,50261681,4.417034268373009,True,True,0.0,16150,18,18,False,18,0,0,1.0,0.7183893918117082,0.7183893918117082,8,6,False,False,False
957,0.8,8.0,1.6,3.0,1.0,50261682,2.0376373203537943,True,True,0.0,15704,2,2,False,2,0,0,1.0,0.7475822183032059,0.7475822183032059,8,7,False,False,False
957,0.9,9.0,1.8,3.0,1.0,50261682,2.0376373203537943,True,True,0.0,15704,2,2,False,2,0,0,1.0,0.7475822183032059,0.7475822183032059,8,7,False,False,False
957,1.0,10.0,2.0,3.0,1.0,50261682,2.0376373203537943,True,True,0.0,15704,2,2,False,2,0,0,1.0,0.7475822183032059,0.7475822183032059,8,7,False,False,False
957,1.1,11.0,2.2,3.0,1.0,50261682,2.0376373203537943,True,True,0.0,15704,2,2,False,2,0,0,1.0,0.7475822183032059,0.7475822183032059,8,7,False,False,False
957,1.2,12.0,2.4,3.0,1.0,50261682,2.0376373203537943,True,True,0.0,15704,2,2,False,2,0,0,1.0,0.7475822183032059,0.7475822183032059,8,7,False,False,False
958,0.8,8.0,1.6,3.0,1.0,50261683,6.243877042231773,True,True,0.0,15823,8,8,False,8,0,0,1.0,0.742798861748918,0.742798861748918,8,6,False,False,False
958,0.9,9.0,1.8,3.0,1.0,50261683,6.243877042231773,True,True,0.0,15823,8,8,False,8,0,0,1.0,0.742798861748918,0.742798861748918,8,6,False,False,False
958,1.0,10.0,2.0,3.0,1.0,50261683,6.243877042231773,True,True,0.0,15823,8,8,False,8,0,0,1.0,0.742798861748918,0.742798861748918,8,6,False,False,False
958,1.1,11.0,2.2,3.0,1.0,50261683,6.243877042231773,True,True,0.0,15823,8,8,False,8,0,0,1.0,0.742798861748918,0.742798861748918,8,6,False,False,False
958,1.2,12.0,2.4,3.0,1.0,50261683,6.243877042231773,True,True,0.0,15823,8,8,False,8,0,0,1.0,0.742798861748918,0.742798861748918,8,6,False,False,False
959,0.8,8.0,1.6,3.0,1.0,50261684,1.9969988695589063,True,True,0.0,16303,2,2,False,2,1,19,0.9729550887978142,0.8094930973661786,0.7851648657287533,8,8,True,True,True
959,0.9,9.0,1.8,3.0,1.0,50261684,1.9969988695589063,True,True,0.0,16303,2,2,False,2,1,19,0.9729550887978142,0.8094930973661786,0.7851648657287533,8,8,True,True,True
959,1.0,10.0,2.0,3.0,1.0,50261684,1.9969988695589063,True,True,0.0,16303,2,2,False,2,1,19,0.9729550887978142,0.8094930973661786,0.7851648657287533,8,8,True,True,True
959,1.1,11.0,2.2,3.0,1.0,50261684,1.9969988695589063,True,True,0.0,16303,2,2,False,2,1,19,0.9729550887978142,0.8094930973661786,0.7851648657287533,8,8,True,True,True
959,1.2,12.0,2.4,3.0,1.0,50261684,1.9969988695589063,True,True,0.0,16303,2,2,False,2,1,19,0.9729550887978142,0.8094930973661786,0.7851648657287533,8,8,True,True,True
960,0.8,8.0,1.6,3.0,1.0,50261685,2.3529654509545437,True,True,0.0,15822,2,2,False,2,0,0,1.0,0.7406296636739331,0.7406296636739331,8,6,False,False,False
960,0.9,9.0,1.8,3.0,1.0,50261685,2.3529654509545437,True,True,0.0,15822,2,2,False,2,0,0,1.0,0.7406296636739331,0.7406296636739331,8,6,False,False,False
960,1.0,10.0,2.0,3.0,1.0,50261685,2.3529654509545437,True,True,0.0,15822,2,2,False,2,0,0,1.0,0.7406296636739331,0.7406296636739331,8,6,False,False,False
960,1.1,11.0,2.2,3.0,1.0,50261685,2.3529654509545437,True,True,0.0,15822,2,2,False,2,0,0,1.0,0.7406296636739331,0.7406296636739331,8,6,False,False,False
960,1.2,12.0,2.4,3.0,1.0,50261685,2.3529654509545437,True,True,0.0,15822,2,2,False,2,0,0,1.0,0.7406296636739331,0.7406296636739331,8,6,False,False,False
961,0.8,8.0,1.6,3.0,1.0,50261686,3.8487807430335295,True,True,0.0,16114,10,10,False,10,0,0,1.0,0.7496432941656758,0.7496432941656758,8,6,False,False,False
961,0.9,9.0,1.8,3.0,1.0,50261686,3.8487807430335295,True,True,0.0,16114,10,10,False,10,0,0,1.0,0.7496432941656758,0.7496432941656758,8,6,False,False,False
961,1.0,10.0,2.0,3.0,1.0,50261686,3.8487807430335295,True,True,0.0,16114,10,10,False,10,0,0,1.0,0.7496432941656758,0.7496432941656758,8,6,False,False,False
961,1.1,11.0,2.2,3.0,1.0,50261686,3.8487807430335295,True,True,0.0,16114,10,10,False,10,0,0,1.0,0.7496432941656758,0.7496432941656758,8,6,False,False,False
961,1.2,12.0,2.4,3.0,1.0,50261686,3.8487807430335295,True,True,0.0,16114,10,10,False,10,0,0,1.0,0.7496432941656758,0.7496432941656758,8,6,False,False,False
962,0.8,8.0,1.6,3.0,1.0,50261687,0.023043954419697563,True,True,0.0,16224,8,8,False,8,0,0,1.0,0.723658790862649,0.723658790862649,8,6,False,False,False
962,0.9,9.0,1.8,3.0,1.0,50261687,0.023043954419697563,True,True,0.0,16224,8,8,False,8,0,0,1.0,0.723658790862649,0.723658790862649,8,6,False,False,False
962,1.0,10.0,2.0,3.0,1.0,50261687,0.023043954419697563,True,True,0.0,16224,8,8,False,8,0,0,1.0,0.723658790862649,0.723658790862649,8,6,False,False,False
962,1.1,11.0,2.2,3.0,1.0,50261687,0.023043954419697563,True,True,0.0,16224,8,8,False,8,0,0,1.0,0.723658790862649,0.723658790862649,8,6,False,False,False
962,1.2,12.0,2.4,3.0,1.0,50261687,0.023043954419697563,True,True,0.0,16224,8,8,False,8,0,0,1.0,0.723658790862649,0.723658790862649,8,6,False,False,False
963,0.8,8.0,1.6,3.0,1.0,50261688,3.3836527247899872,True,True,0.0,15836,7,7,False,7,0,0,1.0,0.7130880596049243,0.7130880596049243,8,6,False,False,False
963,0.9,9.0,1.8,3.0,1.0,50261688,3.3836527247899872,True,True,0.0,15836,7,7,False,7,0,0,1.0,0.7130880596049243,0.7130880596049243,8,6,False,False,False
963,1.0,10.0,2.0,3.0,1.0,50261688,3.3836527247899872,True,True,0.0,15836,7,7,False,7,0,0,1.0,0.7130880596049243,0.7130880596049243,8,6,False,False,False
963,1.1,11.0,2.2,3.0,1.0,50261688,3.3836527247899872,True,True,0.0,15836,7,7,False,7,0,0,1.0,0.7130880596049243,0.7130880596049243,8,6,False,False,False
963,1.2,12.0,2.4,3.0,1.0,50261688,3.3836527247899872,True,True,0.0,15836,7,7,False,7,0,0,1.0,0.7130880596049243,0.7130880596049243,8,6,False,False,False
964,0.8,8.0,1.6,3.0,1.0,50261689,5.548273555556161,True,True,0.0,16373,3,3,False,3,1,61,0.9842469262295082,0.8708327171745277,0.8568712383918428,8,8,True,True,True
964,0.9,9.0,1.8,3.0,1.0,50261689,5.548273555556161,True,True,0.0,16373,3,3,False,3,1,61,0.9842469262295082,0.8708327171745277,0.8568712383918428,8,8,True,True,True
964,1.0,10.0,2.0,3.0,1.0,50261689,5.548273555556161,True,True,0.0,16373,3,3,False,3,1,61,0.9842469262295082,0.8708327171745277,0.8568712383918428,8,8,True,True,True
964,1.1,11.0,2.2,3.0,1.0,50261689,5.548273555556161,True,True,0.0,16373,3,3,False,3,1,61,0.9842469262295082,0.8708327171745277,0.8568712383918428,8,8,True,True,True
964,1.2,12.0,2.4,3.0,1.0,50261689,5.548273555556161,True,True,0.0,16373,3,3,False,3,1,61,0.9842469262295082,0.8708327171745277,0.8568712383918428,8,8,True,True,True
965,0.8,8.0,1.6,3.0,1.0,50261690,2.2133204193968794,True,True,0.0,15887,4,4,False,4,1,30,0.9866589822404371,0.8765449191370633,0.8649628274899784,8,8,True,True,True
965,0.9,9.0,1.8,3.0,1.0,50261690,2.2133204193968794,True,True,0.0,15887,4,4,False,4,1,30,0.9866589822404371,0.8765449191370633,0.8649628274899784,8,8,True,True,True
965,1.0,10.0,2.0,3.0,1.0,50261690,2.2133204193968794,True,True,0.0,15887,4,4,False,4,1,30,0.9866589822404371,0.8765449191370633,0.8649628274899784,8,8,True,True,True
965,1.1,11.0,2.2,3.0,1.0,50261690,2.2133204193968794,True,True,0.0,15887,4,4,False,4,1,30,0.9866589822404371,0.8765449191370633,0.8649628274899784,8,8,True,True,True
965,1.2,12.0,2.4,3.0,1.0,50261690,2.2133204193968794,True,True,0.0,15887,4,4,False,4,1,30,0.9866589822404371,0.8765449191370633,0.8649628274899784,8,8,True,True,True
966,0.8,8.0,1.6,3.0,1.0,50261691,5.218365937484512,True,True,0.0,16306,5,5,False,5,0,0,1.0,0.7053523723969872,0.7053523723969872,8,6,False,False,False
966,0.9,9.0,1.8,3.0,1.0,50261691,5.218365937484512,True,True,0.0,16306,5,5,False,5,0,0,1.0,0.7053523723969872,0.7053523723969872,8,6,False,False,False
966,1.0,10.0,2.0,3.0,1.0,50261691,5.218365937484512,True,True,0.0,16306,5,5,False,5,0,0,1.0,0.7053523723969872,0.7053523723969872,8,6,False,False,False
966,1.1,11.0,2.2,3.0,1.0,50261691,5.218365937484512,True,True,0.0,16306,5,5,False,5,0,0,1.0,0.7053523723969872,0.7053523723969872,8,6,False,False,False
966,1.2,12.0,2.4,3.0,1.0,50261691,5.218365937484512,True,True,0.0,16306,5,5,False,5,0,0,1.0,0.7053523723969872,0.7053523723969872,8,6,False,False,False
967,0.8,8.0,1.6,3.0,1.0,50261692,6.196955311979166,True,True,0.0,15985,6,6,False,6,0,0,1.0,0.7472079538279551,0.7472079538279551,8,6,False,False,False
967,0.9,9.0,1.8,3.0,1.0,50261692,6.196955311979166,True,True,0.0,15985,6,6,False,6,0,0,1.0,0.7472079538279551,0.7472079538279551,8,6,False,False,False
967,1.0,10.0,2.0,3.0,1.0,50261692,6.196955311979166,True,True,0.0,15985,6,6,False,6,0,0,1.0,0.7472079538279551,0.7472079538279551,8,6,False,False,False
967,1.1,11.0,2.2,3.0,1.0,50261692,6.196955311979166,True,True,0.0,15985,6,6,False,6,0,0,1.0,0.7472079538279551,0.7472079538279551,8,6,False,False,False
967,1.2,12.0,2.4,3.0,1.0,50261692,6.196955311979166,True,True,0.0,15985,6,6,False,6,0,0,1.0,0.7472079538279551,0.7472079538279551,8,6,False,False,False
968,0.8,8.0,1.6,3.0,1.0,50261693,5.718057346805646,True,True,0.0,15838,6,6,False,6,0,0,0.9946684966216216,0.709227095753261,0.7072954098045965,8,6,False,False,False
968,0.9,9.0,1.8,3.0,1.0,50261693,5.718057346805646,True,True,0.0,15838,6,6,False,6,0,0,0.9946684966216216,0.709227095753261,0.7072954098045965,8,6,False,False,False
968,1.0,10.0,2.0,3.0,1.0,50261693,5.718057346805646,True,True,0.0,15838,6,6,False,6,0,0,0.9946684966216216,0.709227095753261,0.7072954098045965,8,6,False,False,False
968,1.1,11.0,2.2,3.0,1.0,50261693,5.718057346805646,True,True,0.0,15838,6,6,False,6,0,0,0.9946684966216216,0.709227095753261,0.7072954098045965,8,6,False,False,False
968,1.2,12.0,2.4,3.0,1.0,50261693,5.718057346805646,True,True,0.0,15838,6,6,False,6,0,0,0.9946684966216216,0.709227095753261,0.7072954098045965,8,6,False,False,False
969,0.8,8.0,1.6,3.0,1.0,50261694,5.0672031637378225,True,True,0.0,15717,14,14,False,14,1,37,0.9836279030054644,0.9013381250957873,0.8860819793046333,8,8,True,True,True
969,0.9,9.0,1.8,3.0,1.0,50261694,5.0672031637378225,True,True,0.0,15717,14,14,False,14,1,37,0.9836279030054644,0.9013381250957873,0.8860819793046333,8,8,True,True,True
969,1.0,10.0,2.0,3.0,1.0,50261694,5.0672031637378225,True,True,0.0,15717,14,14,False,14,1,37,0.9836279030054644,0.9013381250957873,0.8860819793046333,8,8,True,True,True
969,1.1,11.0,2.2,3.0,1.0,50261694,5.0672031637378225,True,True,0.0,15717,14,14,False,14,0,0,1.0,0.7784935725769987,0.7784935725769987,8,6,False,False,False
969,1.2,12.0,2.4,3.0,1.0,50261694,5.0672031637378225,True,True,0.0,15717,14,14,False,14,0,0,1.0,0.7784935725769987,0.7784935725769987,8,6,False,False,False
970,0.8,8.0,1.6,3.0,1.0,50261695,1.0362688555170974,True,True,0.0,15752,6,6,False,6,1,35,0.961791325136612,0.8088884884668257,0.7749146807539391,8,7,True,True,False
970,0.9,9.0,1.8,3.0,1.0,50261695,1.0362688555170974,True,True,0.0,15752,6,6,False,6,1,35,0.961791325136612,0.8088884884668257,0.7749146807539391,8,7,True,True,False
970,1.0,10.0,2.0,3.0,1.0,50261695,1.0362688555170974,True,True,0.0,15752,6,6,False,6,1,35,0.961791325136612,0.8088884884668257,0.7749146807539391,8,7,True,True,False
970,1.1,11.0,2.2,3.0,1.0,50261695,1.0362688555170974,True,True,0.0,15752,6,6,False,6,1,35,0.961791325136612,0.8088884884668257,0.7749146807539391,8,7,True,True,False
970,1.2,12.0,2.4,3.0,1.0,50261695,1.0362688555170974,True,True,0.0,15752,6,6,False,6,0,0,0.9986979166666667,0.695542665864674,0.69522386322029,8,6,False,False,False
971,0.8,8.0,1.6,3.0,1.0,50261696,1.4048449741457667,True,True,0.0,15953,2,2,False,2,0,0,1.0,0.7818917842228538,0.7818917842228538,8,6,False,False,False
971,0.9,9.0,1.8,3.0,1.0,50261696,1.4048449741457667,True,True,0.0,15953,2,2,False,2,0,0,1.0,0.7818917842228538,0.7818917842228538,8,6,False,False,False
971,1.0,10.0,2.0,3.0,1.0,50261696,1.4048449741457667,True,True,0.0,15953,2,2,False,2,0,0,1.0,0.7818917842228538,0.7818917842228538,8,6,False,False,False
971,1.1,11.0,2.2,3.0,1.0,50261696,1.4048449741457667,True,True,0.0,15953,2,2,False,2,0,0,1.0,0.7818917842228538,0.7818917842228538,8,6,False,False,False
971,1.2,12.0,2.4,3.0,1.0,50261696,1.4048449741457667,True,True,0.0,15953,2,2,False,2,0,0,1.0,0.7818917842228538,0.7818917842228538,8,6,False,False,False
972,0.8,8.0,1.6,3.0,1.0,50261697,3.513906965666757,True,True,0.0,15642,3,3,False,3,0,0,1.0,0.7541451399483647,0.7541451399483647,8,7,False,False,False
972,0.9,9.0,1.8,3.0,1.0,50261697,3.513906965666757,True,True,0.0,15642,3,3,False,3,0,0,1.0,0.7541451399483647,0.7541451399483647,8,7,False,False,False
972,1.0,10.0,2.0,3.0,1.0,50261697,3.513906965666757,True,True,0.0,15642,3,3,False,3,0,0,1.0,0.7541451399483647,0.7541451399483647,8,7,False,False,False
972,1.1,11.0,2.2,3.0,1.0,50261697,3.513906965666757,True,True,0.0,15642,3,3,False,3,0,0,1.0,0.7541451399483647,0.7541451399483647,8,7,False,False,False
972,1.2,12.0,2.4,3.0,1.0,50261697,3.513906965666757,True,True,0.0,15642,3,3,False,3,0,0,1.0,0.7541451399483647,0.7541451399483647,8,7,False,False,False
973,0.8,8.0,1.6,3.0,1.0,50261698,2.247012480195253,True,True,0.0,15736,2,2,False,2,0,0,1.0,0.7389563202366011,0.7389563202366011,8,6,False,False,False
973,0.9,9.0,1.8,3.0,1.0,50261698,2.247012480195253,True,True,0.0,15736,2,2,False,2,0,0,1.0,0.7389563202366011,0.7389563202366011,8,6,False,False,False
973,1.0,10.0,2.0,3.0,1.0,50261698,2.247012480195253,True,True,0.0,15736,2,2,False,2,0,0,1.0,0.7389563202366011,0.7389563202366011,8,6,False,False,False
973,1.1,11.0,2.2,3.0,1.0,50261698,2.247012480195253,True,True,0.0,15736,2,2,False,2,0,0,1.0,0.7389563202366011,0.7389563202366011,8,6,False,False,False
973,1.2,12.0,2.4,3.0,1.0,50261698,2.247012480195253,True,True,0.0,15736,2,2,False,2,0,0,1.0,0.7389563202366011,0.7389563202366011,8,6,False,False,False
974,0.8,8.0,1.6,3.0,1.0,50261699,3.6906369748553582,True,True,0.0,15897,2,2,False,2,0,0,1.0,0.6871075746979921,0.6871075746979921,8,6,False,False,False
974,0.9,9.0,1.8,3.0,1.0,50261699,3.6906369748553582,True,True,0.0,15897,2,2,False,2,0,0,1.0,0.6871075746979921,0.6871075746979921,8,6,False,False,False
974,1.0,10.0,2.0,3.0,1.0,50261699,3.6906369748553582,True,True,0.0,15897,2,2,False,2,0,0,1.0,0.6871075746979921,0.6871075746979921,8,6,False,False,False
974,1.1,11.0,2.2,3.0,1.0,50261699,3.6906369748553582,True,True,0.0,15897,2,2,False,2,0,0,1.0,0.6871075746979921,0.6871075746979921,8,6,False,False,False
974,1.2,12.0,2.4,3.0,1.0,50261699,3.6906369748553582,True,True,0.0,15897,2,2,False,2,0,0,1.0,0.6871075746979921,0.6871075746979921,8,6,False,False,False
975,0.8,8.0,1.6,3.0,1.0,50261700,3.3286223763197786,True,True,0.0,15742,1,1,False,1,1,83,0.9753400300915669,0.8342769601245046,0.8148775781614118,8,8,True,True,True
975,0.9,9.0,1.8,3.0,1.0,50261700,3.3286223763197786,True,True,0.0,15742,1,1,False,1,1,83,0.9753400300915669,0.8342769601245046,0.8148775781614118,8,8,True,True,True
975,1.0,10.0,2.0,3.0,1.0,50261700,3.3286223763197786,True,True,0.0,15742,1,1,False,1,1,83,0.9753400300915669,0.8342769601245046,0.8148775781614118,8,8,True,True,True
975,1.1,11.0,2.2,3.0,1.0,50261700,3.3286223763197786,True,True,0.0,15742,1,1,False,1,1,83,0.9753400300915669,0.8342769601245046,0.8148775781614118,8,8,True,True,True
975,1.2,12.0,2.4,3.0,1.0,50261700,3.3286223763197786,True,True,0.0,15742,1,1,False,1,1,83,0.9753400300915669,0.8342769601245046,0.8148775781614118,8,8,True,True,True
976,0.8,8.0,1.6,3.0,1.0,50261701,2.9383904221510098,True,True,0.0,15830,4,4,False,4,0,0,1.0,0.7364655965157729,0.7364655965157729,8,6,False,False,False
976,0.9,9.0,1.8,3.0,1.0,50261701,2.9383904221510098,True,True,0.0,15830,4,4,False,4,0,0,1.0,0.7364655965157729,0.7364655965157729,8,6,False,False,False
976,1.0,10.0,2.0,3.0,1.0,50261701,2.9383904221510098,True,True,0.0,15830,4,4,False,4,0,0,1.0,0.7364655965157729,0.7364655965157729,8,6,False,False,False
976,1.1,11.0,2.2,3.0,1.0,50261701,2.9383904221510098,True,True,0.0,15830,4,4,False,4,0,0,1.0,0.7364655965157729,0.7364655965157729,8,6,False,False,False
976,1.2,12.0,2.4,3.0,1.0,50261701,2.9383904221510098,True,True,0.0,15830,4,4,False,4,0,0,1.0,0.7364655965157729,0.7364655965157729,8,6,False,False,False
977,0.8,8.0,1.6,3.0,1.0,50261702,3.6374827253227195,True,True,0.0,15787,2,2,False,2,0,0,1.0,0.7282229182886581,0.7282229182886581,8,6,False,False,False
977,0.9,9.0,1.8,3.0,1.0,50261702,3.6374827253227195,True,True,0.0,15787,2,2,False,2,0,0,1.0,0.7282229182886581,0.7282229182886581,8,6,False,False,False
977,1.0,10.0,2.0,3.0,1.0,50261702,3.6374827253227195,True,True,0.0,15787,2,2,False,2,0,0,1.0,0.7282229182886581,0.7282229182886581,8,6,False,False,False
977,1.1,11.0,2.2,3.0,1.0,50261702,3.6374827253227195,True,True,0.0,15787,2,2,False,2,0,0,1.0,0.7282229182886581,0.7282229182886581,8,6,False,False,False
977,1.2,12.0,2.4,3.0,1.0,50261702,3.6374827253227195,True,True,0.0,15787,2,2,False,2,0,0,1.0,0.7282229182886581,0.7282229182886581,8,6,False,False,False
978,0.8,8.0,1.6,3.0,1.0,50261703,1.118844337990369,True,True,0.0,15274,1,1,False,1,0,0,0.9953195382882882,0.7179587620336539,0.7148395775894383,8,6,False,False,False
978,0.9,9.0,1.8,3.0,1.0,50261703,1.118844337990369,True,True,0.0,15274,1,1,False,1,0,0,0.9953195382882882,0.7179587620336539,0.7148395775894383,8,6,False,False,False
978,1.0,10.0,2.0,3.0,1.0,50261703,1.118844337990369,True,True,0.0,15274,1,1,False,1,0,0,0.9953195382882882,0.7179587620336539,0.7148395775894383,8,6,False,False,False
978,1.1,11.0,2.2,3.0,1.0,50261703,1.118844337990369,True,True,0.0,15274,1,1,False,1,0,0,0.9953195382882882,0.7179587620336539,0.7148395775894383,8,6,False,False,False
978,1.2,12.0,2.4,3.0,1.0,50261703,1.118844337990369,True,True,0.0,15274,1,1,False,1,0,0,0.9953195382882882,0.7179587620336539,0.7148395775894383,8,6,False,False,False
979,0.8,8.0,1.6,3.0,1.0,50261704,4.983216626707331,True,True,0.0,15992,2,2,False,2,0,0,1.0,0.7531334490660113,0.7531334490660113,8,6,False,False,False
979,0.9,9.0,1.8,3.0,1.0,50261704,4.983216626707331,True,True,0.0,15992,2,2,False,2,0,0,1.0,0.7531334490660113,0.7531334490660113,8,6,False,False,False
979,1.0,10.0,2.0,3.0,1.0,50261704,4.983216626707331,True,True,0.0,15992,2,2,False,2,0,0,1.0,0.7531334490660113,0.7531334490660113,8,6,False,False,False
979,1.1,11.0,2.2,3.0,1.0,50261704,4.983216626707331,True,True,0.0,15992,2,2,False,2,0,0,1.0,0.7531334490660113,0.7531334490660113,8,6,False,False,False
979,1.2,12.0,2.4,3.0,1.0,50261704,4.983216626707331,True,True,0.0,15992,2,2,False,2,0,0,1.0,0.7531334490660113,0.7531334490660113,8,6,False,False,False
980,0.8,8.0,1.6,3.0,1.0,50261705,1.0725076390041604,True,True,0.0,15973,3,3,False,3,0,0,1.0,0.7615729470845001,0.7615729470845001,8,6,False,False,False
980,0.9,9.0,1.8,3.0,1.0,50261705,1.0725076390041604,True,True,0.0,15973,3,3,False,3,0,0,1.0,0.7615729470845001,0.7615729470845001,8,6,False,False,False
980,1.0,10.0,2.0,3.0,1.0,50261705,1.0725076390041604,True,True,0.0,15973,3,3,False,3,0,0,1.0,0.7615729470845001,0.7615729470845001,8,6,False,False,False
980,1.1,11.0,2.2,3.0,1.0,50261705,1.0725076390041604,True,True,0.0,15973,3,3,False,3,0,0,1.0,0.7615729470845001,0.7615729470845001,8,6,False,False,False
980,1.2,12.0,2.4,3.0,1.0,50261705,1.0725076390041604,True,True,0.0,15973,3,3,False,3,0,0,1.0,0.7615729470845001,0.7615729470845001,8,6,False,False,False
981,0.8,8.0,1.6,3.0,1.0,50261706,1.1808074521102458,True,True,0.0,15939,15,15,False,15,1,53,0.9753671448087432,0.8594916199167391,0.8386468494174677,8,8,True,True,True
981,0.9,9.0,1.8,3.0,1.0,50261706,1.1808074521102458,True,True,0.0,15939,15,15,False,15,1,53,0.9753671448087432,0.8594916199167391,0.8386468494174677,8,8,True,True,True
981,1.0,10.0,2.0,3.0,1.0,50261706,1.1808074521102458,True,True,0.0,15939,15,15,False,15,1,53,0.9753671448087432,0.8594916199167391,0.8386468494174677,8,8,True,True,True
981,1.1,11.0,2.2,3.0,1.0,50261706,1.1808074521102458,True,True,0.0,15939,15,15,False,15,1,53,0.9753671448087432,0.8594916199167391,0.8386468494174677,8,8,True,True,True
981,1.2,12.0,2.4,3.0,1.0,50261706,1.1808074521102458,True,True,0.0,15939,15,15,False,15,1,53,0.9753671448087432,0.8594916199167391,0.8386468494174677,8,8,True,True,True
982,0.8,8.0,1.6,3.0,1.0,50261707,1.89271194767002,True,True,0.0,15349,2,2,False,2,0,0,0.9953195382882882,0.753813059956685,0.7503080506241309,8,5,False,False,False
982,0.9,9.0,1.8,3.0,1.0,50261707,1.89271194767002,True,True,0.0,15349,2,2,False,2,0,0,0.9953195382882882,0.753813059956685,0.7503080506241309,8,5,False,False,False
982,1.0,10.0,2.0,3.0,1.0,50261707,1.89271194767002,True,True,0.0,15349,2,2,False,2,0,0,0.9953195382882882,0.753813059956685,0.7503080506241309,8,5,False,False,False
982,1.1,11.0,2.2,3.0,1.0,50261707,1.89271194767002,True,True,0.0,15349,2,2,False,2,0,0,0.9953195382882882,0.753813059956685,0.7503080506241309,8,5,False,False,False
982,1.2,12.0,2.4,3.0,1.0,50261707,1.89271194767002,True,True,0.0,15349,2,2,False,2,0,0,0.9953195382882882,0.753813059956685,0.7503080506241309,8,5,False,False,False
983,0.8,8.0,1.6,3.0,1.0,50261708,5.044844982047647,True,True,0.0,16187,11,11,False,11,0,0,1.0,0.7401437985061576,0.7401437985061576,8,6,False,False,False
983,0.9,9.0,1.8,3.0,1.0,50261708,5.044844982047647,True,True,0.0,16187,11,11,False,11,0,0,1.0,0.7401437985061576,0.7401437985061576,8,6,False,False,False
983,1.0,10.0,2.0,3.0,1.0,50261708,5.044844982047647,True,True,0.0,16187,11,11,False,11,0,0,1.0,0.7401437985061576,0.7401437985061576,8,6,False,False,False
983,1.1,11.0,2.2,3.0,1.0,50261708,5.044844982047647,True,True,0.0,16187,11,11,False,11,0,0,1.0,0.7401437985061576,0.7401437985061576,8,6,False,False,False
983,1.2,12.0,2.4,3.0,1.0,50261708,5.044844982047647,True,True,0.0,16187,11,11,False,11,0,0,1.0,0.7401437985061576,0.7401437985061576,8,6,False,False,False
984,0.8,8.0,1.6,3.0,1.0,50261709,1.2490738248699325,True,True,0.0,16125,5,5,False,5,0,0,1.0,0.7658514841190922,0.7658514841190922,8,6,False,False,False
984,0.9,9.0,1.8,3.0,1.0,50261709,1.2490738248699325,True,True,0.0,16125,5,5,False,5,0,0,1.0,0.7658514841190922,0.7658514841190922,8,6,False,False,False
984,1.0,10.0,2.0,3.0,1.0,50261709,1.2490738248699325,True,True,0.0,16125,5,5,False,5,0,0,1.0,0.7658514841190922,0.7658514841190922,8,6,False,False,False
984,1.1,11.0,2.2,3.0,1.0,50261709,1.2490738248699325,True,True,0.0,16125,5,5,False,5,0,0,1.0,0.7658514841190922,0.7658514841190922,8,6,False,False,False
984,1.2,12.0,2.4,3.0,1.0,50261709,1.2490738248699325,True,True,0.0,16125,5,5,False,5,0,0,1.0,0.7658514841190922,0.7658514841190922,8,6,False,False,False
985,0.8,8.0,1.6,3.0,1.0,50261710,3.2119678643396927,True,True,0.0,15995,3,3,False,3,0,0,1.0,0.7520668194405344,0.7520668194405344,8,6,False,False,False
985,0.9,9.0,1.8,3.0,1.0,50261710,3.2119678643396927,True,True,0.0,15995,3,3,False,3,0,0,1.0,0.7520668194405344,0.7520668194405344,8,6,False,False,False
985,1.0,10.0,2.0,3.0,1.0,50261710,3.2119678643396927,True,True,0.0,15995,3,3,False,3,0,0,1.0,0.7520668194405344,0.7520668194405344,8,6,False,False,False
985,1.1,11.0,2.2,3.0,1.0,50261710,3.2119678643396927,True,True,0.0,15995,3,3,False,3,0,0,1.0,0.7520668194405344,0.7520668194405344,8,6,False,False,False
985,1.2,12.0,2.4,3.0,1.0,50261710,3.2119678643396927,True,True,0.0,15995,3,3,False,3,0,0,1.0,0.7520668194405344,0.7520668194405344,8,6,False,False,False
986,0.8,8.0,1.6,3.0,1.0,50261711,2.8222975040871825,True,True,0.0,15986,4,4,False,4,1,26,0.9706497609289617,0.863497510676382,0.8372265929682761,8,7,True,True,True
986,0.9,9.0,1.8,3.0,1.0,50261711,2.8222975040871825,True,True,0.0,15986,4,4,False,4,1,26,0.9706497609289617,0.863497510676382,0.8372265929682761,8,7,True,True,True
986,1.0,10.0,2.0,3.0,1.0,50261711,2.8222975040871825,True,True,0.0,15986,4,4,False,4,1,26,0.9706497609289617,0.863497510676382,0.8372265929682761,8,7,True,True,True
986,1.1,11.0,2.2,3.0,1.0,50261711,2.8222975040871825,True,True,0.0,15986,4,4,False,4,1,26,0.9706497609289617,0.863497510676382,0.8372265929682761,8,7,True,True,True
986,1.2,12.0,2.4,3.0,1.0,50261711,2.8222975040871825,True,True,0.0,15986,4,4,False,4,1,26,0.9706497609289617,0.863497510676382,0.8372265929682761,8,7,True,True,True
987,0.8,8.0,1.6,3.0,1.0,50261712,0.4054417775210919,True,True,0.0,16036,3,3,False,3,0,0,1.0,0.7067932054793886,0.7067932054793886,8,6,False,False,False
987,0.9,9.0,1.8,3.0,1.0,50261712,0.4054417775210919,True,True,0.0,16036,3,3,False,3,0,0,1.0,0.7067932054793886,0.7067932054793886,8,6,False,False,False
987,1.0,10.0,2.0,3.0,1.0,50261712,0.4054417775210919,True,True,0.0,16036,3,3,False,3,0,0,1.0,0.7067932054793886,0.7067932054793886,8,6,False,False,False
987,1.1,11.0,2.2,3.0,1.0,50261712,0.4054417775210919,True,True,0.0,16036,3,3,False,3,0,0,1.0,0.7067932054793886,0.7067932054793886,8,6,False,False,False
987,1.2,12.0,2.4,3.0,1.0,50261712,0.4054417775210919,True,True,0.0,16036,3,3,False,3,0,0,1.0,0.7067932054793886,0.7067932054793886,8,6,False,False,False
988,0.8,8.0,1.6,3.0,1.0,50261713,5.3943593882122824,True,True,0.0,16082,2,2,False,2,0,0,1.0,0.7424676061154225,0.7424676061154225,8,6,False,False,False
988,0.9,9.0,1.8,3.0,1.0,50261713,5.3943593882122824,True,True,0.0,16082,2,2,False,2,0,0,1.0,0.7424676061154225,0.7424676061154225,8,6,False,False,False
988,1.0,10.0,2.0,3.0,1.0,50261713,5.3943593882122824,True,True,0.0,16082,2,2,False,2,0,0,1.0,0.7424676061154225,0.7424676061154225,8,6,False,False,False
988,1.1,11.0,2.2,3.0,1.0,50261713,5.3943593882122824,True,True,0.0,16082,2,2,False,2,0,0,1.0,0.7424676061154225,0.7424676061154225,8,6,False,False,False
988,1.2,12.0,2.4,3.0,1.0,50261713,5.3943593882122824,True,True,0.0,16082,2,2,False,2,0,0,1.0,0.7424676061154225,0.7424676061154225,8,6,False,False,False
989,0.8,8.0,1.6,3.0,1.0,50261714,4.7475664123404115,True,True,0.0,15944,4,4,False,4,0,0,1.0,0.7224479937661017,0.7224479937661017,8,6,False,False,False
989,0.9,9.0,1.8,3.0,1.0,50261714,4.7475664123404115,True,True,0.0,15944,4,4,False,4,0,0,1.0,0.7224479937661017,0.7224479937661017,8,6,False,False,False
989,1.0,10.0,2.0,3.0,1.0,50261714,4.7475664123404115,True,True,0.0,15944,4,4,False,4,0,0,1.0,0.7224479937661017,0.7224479937661017,8,6,False,False,False
989,1.1,11.0,2.2,3.0,1.0,50261714,4.7475664123404115,True,True,0.0,15944,4,4,False,4,0,0,1.0,0.7224479937661017,0.7224479937661017,8,6,False,False,False
989,1.2,12.0,2.4,3.0,1.0,50261714,4.7475664123404115,True,True,0.0,15944,4,4,False,4,0,0,1.0,0.7224479937661017,0.7224479937661017,8,6,False,False,False
990,0.8,8.0,1.6,3.0,1.0,50261715,4.377279830376132,True,True,0.0,15617,8,8,False,8,1,40,0.9756339651639344,0.9239778411817179,0.9003097198245771,8,8,True,True,True
990,0.9,9.0,1.8,3.0,1.0,50261715,4.377279830376132,True,True,0.0,15617,8,8,False,8,1,40,0.9756339651639344,0.9239778411817179,0.9003097198245771,8,8,True,True,True
990,1.0,10.0,2.0,3.0,1.0,50261715,4.377279830376132,True,True,0.0,15617,8,8,False,8,1,40,0.9756339651639344,0.9239778411817179,0.9003097198245771,8,8,True,True,True
990,1.1,11.0,2.2,3.0,1.0,50261715,4.377279830376132,True,True,0.0,15617,8,8,False,8,1,40,0.9756339651639344,0.9239778411817179,0.9003097198245771,8,8,True,True,True
990,1.2,12.0,2.4,3.0,1.0,50261715,4.377279830376132,True,True,0.0,15617,8,8,False,8,1,40,0.9756339651639344,0.9239778411817179,0.9003097198245771,8,8,True,True,True
991,0.8,8.0,1.6,3.0,1.0,50261716,2.656238627418167,True,True,0.0,16504,1,1,False,1,0,0,1.0,0.6480409185807974,0.6480409185807974,8,6,False,False,False
991,0.9,9.0,1.8,3.0,1.0,50261716,2.656238627418167,True,True,0.0,16504,1,1,False,1,0,0,1.0,0.6480409185807974,0.6480409185807974,8,6,False,False,False
991,1.0,10.0,2.0,3.0,1.0,50261716,2.656238627418167,True,True,0.0,16504,1,1,False,1,0,0,1.0,0.6480409185807974,0.6480409185807974,8,6,False,False,False
991,1.1,11.0,2.2,3.0,1.0,50261716,2.656238627418167,True,True,0.0,16504,1,1,False,1,0,0,1.0,0.6480409185807974,0.6480409185807974,8,6,False,False,False
991,1.2,12.0,2.4,3.0,1.0,50261716,2.656238627418167,True,True,0.0,16504,1,1,False,1,0,0,1.0,0.6480409185807974,0.6480409185807974,8,6,False,False,False
992,0.8,8.0,1.6,3.0,1.0,50261717,0.293658626347409,True,True,0.0,15968,3,3,False,3,1,34,0.979828381147541,0.8393093946870864,0.8211416836630486,8,8,True,True,True
992,0.9,9.0,1.8,3.0,1.0,50261717,0.293658626347409,True,True,0.0,15968,3,3,False,3,1,34,0.979828381147541,0.8393093946870864,0.8211416836630486,8,8,True,True,True
992,1.0,10.0,2.0,3.0,1.0,50261717,0.293658626347409,True,True,0.0,15968,3,3,False,3,1,34,0.979828381147541,0.8393093946870864,0.8211416836630486,8,8,True,True,True
992,1.1,11.0,2.2,3.0,1.0,50261717,0.293658626347409,True,True,0.0,15968,3,3,False,3,0,0,1.0,0.720678181236794,0.720678181236794,8,6,False,False,False
992,1.2,12.0,2.4,3.0,1.0,50261717,0.293658626347409,True,True,0.0,15968,3,3,False,3,0,0,1.0,0.720678181236794,0.720678181236794,8,6,False,False,False
993,0.8,8.0,1.6,3.0,1.0,50261718,4.1106858867793825,True,True,0.0,15858,3,3,False,3,0,0,1.0,0.7150544656444925,0.7150544656444925,8,6,False,False,False
993,0.9,9.0,1.8,3.0,1.0,50261718,4.1106858867793825,True,True,0.0,15858,3,3,False,3,0,0,1.0,0.7150544656444925,0.7150544656444925,8,6,False,False,False
993,1.0,10.0,2.0,3.0,1.0,50261718,4.1106858867793825,True,True,0.0,15858,3,3,False,3,0,0,1.0,0.7150544656444925,0.7150544656444925,8,6,False,False,False
993,1.1,11.0,2.2,3.0,1.0,50261718,4.1106858867793825,True,True,0.0,15858,3,3,False,3,0,0,1.0,0.7150544656444925,0.7150544656444925,8,6,False,False,False
993,1.2,12.0,2.4,3.0,1.0,50261718,4.1106858867793825,True,True,0.0,15858,3,3,False,3,0,0,1.0,0.7150544656444925,0.7150544656444925,8,6,False,False,False
994,0.8,8.0,1.6,3.0,1.0,50261719,1.2296415696270626,True,True,0.0,15911,9,9,False,9,0,0,1.0,0.7078116404676252,0.7078116404676252,8,6,False,False,False
994,0.9,9.0,1.8,3.0,1.0,50261719,1.2296415696270626,True,True,0.0,15911,9,9,False,9,0,0,1.0,0.7078116404676252,0.7078116404676252,8,6,False,False,False
994,1.0,10.0,2.0,3.0,1.0,50261719,1.2296415696270626,True,True,0.0,15911,9,9,False,9,0,0,1.0,0.7078116404676252,0.7078116404676252,8,6,False,False,False
994,1.1,11.0,2.2,3.0,1.0,50261719,1.2296415696270626,True,True,0.0,15911,9,9,False,9,0,0,1.0,0.7078116404676252,0.7078116404676252,8,6,False,False,False
994,1.2,12.0,2.4,3.0,1.0,50261719,1.2296415696270626,True,True,0.0,15911,9,9,False,9,0,0,1.0,0.7078116404676252,0.7078116404676252,8,6,False,False,False
995,0.8,8.0,1.6,3.0,1.0,50261720,6.008679027114502,True,True,0.0,15828,2,2,False,2,0,0,1.0,0.6769655715250072,0.6769655715250072,8,6,False,False,False
995,0.9,9.0,1.8,3.0,1.0,50261720,6.008679027114502,True,True,0.0,15828,2,2,False,2,0,0,1.0,0.6769655715250072,0.6769655715250072,8,6,False,False,False
995,1.0,10.0,2.0,3.0,1.0,50261720,6.008679027114502,True,True,0.0,15828,2,2,False,2,0,0,1.0,0.6769655715250072,0.6769655715250072,8,6,False,False,False
995,1.1,11.0,2.2,3.0,1.0,50261720,6.008679027114502,True,True,0.0,15828,2,2,False,2,0,0,1.0,0.6769655715250072,0.6769655715250072,8,6,False,False,False
995,1.2,12.0,2.4,3.0,1.0,50261720,6.008679027114502,True,True,0.0,15828,2,2,False,2,0,0,1.0,0.6769655715250072,0.6769655715250072,8,6,False,False,False
996,0.8,8.0,1.6,3.0,1.0,50261721,2.8256009049315938,True,True,0.0,16154,4,4,False,4,0,0,1.0,0.7703651658496355,0.7703651658496355,8,6,False,False,False
996,0.9,9.0,1.8,3.0,1.0,50261721,2.8256009049315938,True,True,0.0,16154,4,4,False,4,0,0,1.0,0.7703651658496355,0.7703651658496355,8,6,False,False,False
996,1.0,10.0,2.0,3.0,1.0,50261721,2.8256009049315938,True,True,0.0,16154,4,4,False,4,0,0,1.0,0.7703651658496355,0.7703651658496355,8,6,False,False,False
996,1.1,11.0,2.2,3.0,1.0,50261721,2.8256009049315938,True,True,0.0,16154,4,4,False,4,0,0,1.0,0.7703651658496355,0.7703651658496355,8,6,False,False,False
996,1.2,12.0,2.4,3.0,1.0,50261721,2.8256009049315938,True,True,0.0,16154,4,4,False,4,0,0,1.0,0.7703651658496355,0.7703651658496355,8,6,False,False,False
997,0.8,8.0,1.6,3.0,1.0,50261722,1.9055511026227385,True,True,0.0,16156,2,2,False,2,0,0,1.0,0.7520693384601991,0.7520693384601991,8,6,False,False,False
997,0.9,9.0,1.8,3.0,1.0,50261722,1.9055511026227385,True,True,0.0,16156,2,2,False,2,0,0,1.0,0.7520693384601991,0.7520693384601991,8,6,False,False,False
997,1.0,10.0,2.0,3.0,1.0,50261722,1.9055511026227385,True,True,0.0,16156,2,2,False,2,0,0,1.0,0.7520693384601991,0.7520693384601991,8,6,False,False,False
997,1.1,11.0,2.2,3.0,1.0,50261722,1.9055511026227385,True,True,0.0,16156,2,2,False,2,0,0,1.0,0.7520693384601991,0.7520693384601991,8,6,False,False,False
997,1.2,12.0,2.4,3.0,1.0,50261722,1.9055511026227385,True,True,0.0,16156,2,2,False,2,0,0,1.0,0.7520693384601991,0.7520693384601991,8,6,False,False,False
998,0.8,8.0,1.6,3.0,1.0,50261723,2.4550688766940527,True,True,0.0,15682,13,13,False,13,0,0,0.9986979166666667,0.7439266156428785,0.7436697186342414,8,6,False,False,False
998,0.9,9.0,1.8,3.0,1.0,50261723,2.4550688766940527,True,True,0.0,15682,13,13,False,13,0,0,0.9986979166666667,0.7439266156428785,0.7436697186342414,8,6,False,False,False
998,1.0,10.0,2.0,3.0,1.0,50261723,2.4550688766940527,True,True,0.0,15682,13,13,False,13,0,0,0.9986979166666667,0.7439266156428785,0.7436697186342414,8,6,False,False,False
998,1.1,11.0,2.2,3.0,1.0,50261723,2.4550688766940527,True,True,0.0,15682,13,13,False,13,0,0,0.9986979166666667,0.7439266156428785,0.7436697186342414,8,6,False,False,False
998,1.2,12.0,2.4,3.0,1.0,50261723,2.4550688766940527,True,True,0.0,15682,13,13,False,13,0,0,0.9986979166666667,0.7439266156428785,0.7436697186342414,8,6,False,False,False
999,0.8,8.0,1.6,3.0,1.0,50261724,5.61577646216013,True,True,0.0,15859,3,3,False,3,0,0,1.0,0.7569215751744335,0.7569215751744335,8,6,False,False,False
999,0.9,9.0,1.8,3.0,1.0,50261724,5.61577646216013,True,True,0.0,15859,3,3,False,3,0,0,1.0,0.7569215751744335,0.7569215751744335,8,6,False,False,False
999,1.0,10.0,2.0,3.0,1.0,50261724,5.61577646216013,True,True,0.0,15859,3,3,False,3,0,0,1.0,0.7569215751744335,0.7569215751744335,8,6,False,False,False
999,1.1,11.0,2.2,3.0,1.0,50261724,5.61577646216013,True,True,0.0,15859,3,3,False,3,0,0,1.0,0.7569215751744335,0.7569215751744335,8,6,False,False,False
999,1.2,12.0,2.4,3.0,1.0,50261724,5.61577646216013,True,True,0.0,15859,3,3,False,3,0,0,1.0,0.7569215751744335,0.7569215751744335,8,6,False,False,False
