realisation,run_source,delta_v_kms,velocity_sigma_kms,velocity_direction_angle_rad,velocity_seed,stage1_fracture_scale_pc,archived_stage1_fracture_scale_pc,stage1_fracture_abs_error_pc,exact_spatial_reconstruction,stage1_groups,stage1_grouped_stars,forward_s2_first_significant_flags,forward_s2_first_accepted_splits,forward_s2_first_final_groups,forward_s2_first_orphans,forward_s2_first_grouped_stars,forward_s3_second_significant_flags,forward_s3_second_accepted_splits,forward_s3_second_final_groups,forward_s3_second_orphans,forward_s3_second_grouped_stars,forward_mean_completeness,forward_mean_purity,forward_mean_jaccard,forward_templates_detected_ge50pct,forward_strict_recoveries_of_8,forward_overlap_best_groups_separate,forward_formal_overlap_resolved,forward_strict_overlap_resolved,reverse_s3_first_significant_flags,reverse_s3_first_accepted_splits,reverse_s3_first_final_groups,reverse_s3_first_orphans,reverse_s3_first_grouped_stars,reverse_s2_second_significant_flags,reverse_s2_second_accepted_splits,reverse_s2_second_final_groups,reverse_s2_second_orphans,reverse_s2_second_grouped_stars,reverse_mean_completeness,reverse_mean_purity,reverse_mean_jaccard,reverse_templates_detected_ge50pct,reverse_strict_recoveries_of_8,reverse_overlap_best_groups_separate,reverse_formal_overlap_resolved,reverse_strict_overlap_resolved,delta_completeness_reverse_minus_forward,delta_purity_reverse_minus_forward,delta_jaccard_reverse_minus_forward,delta_strict_recoveries_reverse_minus_forward,delta_formal_overlap_reverse_minus_forward,delta_strict_overlap_reverse_minus_forward,same_retention_fraction,elapsed_seconds
0,mc_0000,5.0,1.0,3.489988484439527,20260825,17.034607659265447,17.034607659265447,0.0,True,100,2452,11,4,105,76,2376,1,0,105,0,2376,0.8779400176091643,0.8344399013117432,0.736383489126814,7,6,True,False,False,2,1,101,30,2422,11,4,108,37,2385,0.8939492389206397,0.8519443772781776,0.7518893749822044,8,6,True,True,False,0.01600922131147542,0.017504475966434452,0.015505885855390478,0,1,0,0.9968023961790659,21.041818141937256
1,mc_0001,5.0,1.0,3.961831083182719,20260826,17.02975793523601,17.02975793523601,0.0,True,101,2427,13,6,110,82,2345,0,0,110,0,2345,0.8720507783125282,0.9080322436594683,0.7840364481504418,7,6,True,False,False,1,1,102,18,2409,12,5,109,43,2366,0.8914432817278287,0.9037812678862078,0.8010134041878316,8,6,True,True,False,0.01939250341530052,-0.004250975773260501,0.0169769560373898,0,1,0,0.9980976281065328,21.66329789161682
2,mc_0002,5.0,1.0,4.833512560881695,20260827,17.04193096544586,17.04193096544586,0.0,True,100,2426,14,5,107,78,2348,1,0,107,0,2348,0.9187585382513661,0.9048944546807407,0.8263836238019975,7,7,True,False,False,2,1,101,28,2398,11,2,103,11,2387,0.9979508196721312,0.9014200531112349,0.899671801362983,8,8,True,True,True,0.07919228142076506,-0.0034744015695058472,0.07328817756098549,1,1,1,0.9973690601473326,20.583765029907227
3,mc_0003,5.0,1.0,2.327526136450255,20260828,17.043204459850088,17.043204459850088,0.0,True,101,2411,11,4,108,54,2357,0,0,108,0,2357,0.9187585382513661,0.9015883988907305,0.8213919026786094,7,7,True,False,False,1,1,102,18,2393,8,1,103,2,2391,0.9993169398907104,0.8907493094670823,0.8901021937542595,8,8,True,True,True,0.08055840163934425,-0.010839089423648196,0.06871029107565008,1,1,1,0.9978952481178661,20.858870029449463
4,mc_0004,5.0,1.0,1.4905496987390803,20260829,17.027820392426293,17.027820392426293,0.0,True,99,2440,7,2,104,27,2413,0,0,104,0,2413,0.9288763661202186,0.7989424862036703,0.7319141499637664,7,6,True,False,False,1,1,100,22,2418,7,2,104,10,2408,0.94140625,0.8123613488943776,0.7537675988943776,8,6,True,True,False,0.012529883879781378,0.013418862690707356,0.021853448930611252,0,1,0,0.9985833400793329,25.142395973205566
5,mc_0005,5.0,1.0,5.354146647333957,20260830,17.027820392426293,17.027820392426293,0.0,True,100,2528,13,4,107,113,2415,0,0,107,0,2415,0.9213627049180328,0.8005100861439707,0.7491170610110697,7,7,True,False,False,1,1,101,63,2465,12,3,106,24,2441,0.9407231898907104,0.7973127326014151,0.7571164787931612,8,7,True,True,False,0.019360484972677505,-0.00319735354255557,0.007999417782091567,0,1,0,0.9980571521087995,25.597521781921387
6,mc_0006,5.0,1.0,2.3338096915687427,20260831,16.845794541725994,16.845794541725994,0.0,True,97,2339,9,3,101,31,2308,0,0,101,0,2308,0.9249243860294244,0.8946905228917423,0.8248945168681198,7,7,True,False,False,1,1,98,20,2319,9,3,101,9,2310,0.9315308580239599,0.8940422645307181,0.8287965411595835,8,7,True,True,False,0.006606471994535457,-0.0006482583610242232,0.0039020242914636905,0,1,0,0.998947624058933,24.49765682220459
7,mc_0007,5.0,1.0,0.4940348716259156,20260832,17.018295368341942,17.018295368341942,0.0,True,98,2469,13,5,108,78,2391,0,0,108,0,2391,0.9213627049180328,0.8942756360667939,0.8210968800613996,7,7,True,False,False,1,1,99,67,2402,11,4,105,29,2373,0.939421106557377,0.886796726267962,0.8379591658814887,8,7,True,True,False,0.018058401639344135,-0.007478909798831923,0.016862285820089085,0,1,0,0.9966809681858658,25.52914595603943
8,mc_0008,5.0,1.0,3.193245037579377,20260833,17.018295368341942,17.018295368341942,0.0,True,100,2439,10,3,104,94,2345,0,0,104,0,2345,0.9226647882513661,0.9041126114164817,0.8299082154246715,7,7,True,False,False,1,1,101,43,2396,11,4,107,48,2348,0.9305093066939891,0.9057176850149784,0.8379762874292824,8,7,True,True,False,0.007844518442623016,0.001605073598496709,0.008068072004610904,0,1,0,0.998826196065733,22.125461101531982
9,mc_0009,5.0,1.0,1.7054631439414238,20260834,17.027820392426293,17.027820392426293,0.0,True,102,2401,10,4,108,54,2347,0,0,108,0,2347,0.9194095799180328,0.9362272804432802,0.8572973128414376,7,7,True,False,False,1,1,103,17,2384,9,3,108,12,2372,0.9407231898907104,0.9351597093203934,0.8816104683021443,8,7,True,True,False,0.021313609972677505,-0.0010675711228868012,0.02431315546070667,0,1,0,0.9980976281065328,22.514335870742798
10,mc_0010,5.0,1.0,5.714785923302727,20260835,17.027820392426293,17.027820392426293,0.0,True,102,2451,11,3,108,30,2421,0,0,108,0,2421,0.9288763661202186,0.8600619612013414,0.8039419324554868,7,7,True,False,False,1,1,103,23,2428,10,3,108,20,2408,0.9387700648907104,0.8796343360182493,0.8252598923155345,8,7,True,True,False,0.009893698770491732,0.019572374816907878,0.021317959860047697,0,1,0,0.9980976281065328,22.482001304626465
11,mc_0011,5.0,1.0,3.540579634198396,20260836,17.038393596540367,17.038393596540367,0.0,True,101,2394,12,4,107,27,2367,0,0,107,0,2367,0.9194095799180328,0.8839503162148656,0.8128501360900278,7,7,True,False,False,1,1,102,1,2393,11,3,107,8,2385,0.9420572916666667,0.8959184013212487,0.8379756929879153,8,7,True,True,False,0.022647711748633892,0.01196808510638303,0.025125556897887535,0,1,0,0.9991095280498664,21.975362062454224
12,mc_0012,5.0,1.0,0.6268795493003532,20260837,17.027820392426293,17.027820392426293,0.0,True,101,2399,11,4,108,35,2364,0,0,108,0,2364,0.9269232411202186,0.9280715572702334,0.8627753413158352,7,7,True,False,False,1,1,102,11,2388,9,2,104,10,2378,0.9986979166666667,0.9377298428529922,0.9364806318283763,8,8,True,True,True,0.07177467554644812,0.00965828558275883,0.07370529051254104,1,1,1,0.998704768072533,23.321182012557983
13,mc_0013,5.0,1.0,3.520276229882516,20260838,17.015217647302862,17.015217647302862,0.0,True,100,2427,11,3,104,39,2388,0,0,104,0,2388,0.9259199965846995,0.865812925031141,0.8028570888470962,7,7,True,False,False,1,1,102,26,2401,11,3,107,8,2393,0.9290044398907104,0.869287622991133,0.7995849744453585,7,7,True,False,False,0.0030844433060108756,0.0034746979599920014,-0.0032721144017376913,0,0,0,0.9984214360883996,22.754639863967896
14,mc_0014,5.0,1.0,0.9886276275548219,20260839,17.018295368341942,17.018295368341942,0.0,True,99,2460,14,6,108,109,2351,1,0,108,0,2351,0.9189458510364967,0.9337285262370152,0.8546636183139303,7,7,True,False,False,2,1,100,17,2443,12,5,107,78,2365,0.9375912574572618,0.9297297405850038,0.877111279323721,8,7,True,True,False,0.018645406420765065,-0.003998785652011394,0.022447661009790676,0,1,0,0.9983000080951996,23.15342092514038
15,mc_0015,5.0,1.0,4.2853403992109635,20260840,17.048388529750305,17.048388529750305,0.0,True,100,2431,10,4,107,70,2361,2,0,107,0,2361,0.9187585382513661,0.8631789529948072,0.7848283320860663,7,6,True,False,False,3,1,101,56,2375,9,3,106,9,2366,0.9380870047814207,0.864357702906059,0.807053298891966,8,6,True,True,False,0.0193284665300546,0.0011787499112517752,0.022224966805899693,0,1,0,0.9971262041609326,23.06312918663025
16,mc_0016,5.0,1.0,4.156599688540642,20260841,17.023194609192984,17.023194609192984,0.0,True,100,2486,12,5,108,120,2366,0,0,108,0,2366,0.9246179132513661,0.9025755642681277,0.8378477235318407,7,7,True,False,False,1,1,101,70,2416,11,4,108,41,2375,0.939421106557377,0.9004350085329188,0.848084594920129,8,7,True,True,False,0.014803193306010876,-0.002140555735208882,0.010236871388288327,0,1,0,0.9980166761110661,21.421735048294067
17,mc_0017,5.0,1.0,1.2400365498747543,20260842,16.897601390104445,16.897601390104445,0.0,True,96,2385,9,3,99,51,2334,0,0,99,0,2334,0.9179843265396543,0.8172586850018881,0.7375896493274177,7,7,True,False,False,1,1,97,12,2373,9,3,101,17,2356,0.937344811512332,0.8129345821723505,0.7557991555572284,8,7,True,True,False,0.019360484972677616,-0.004324102829537657,0.018209506229810768,0,1,0,0.9979762001133328,19.809021949768066
18,mc_0018,5.0,1.0,0.9801992095446961,20260843,16.832616083945528,16.832616083945528,0.0,True,96,2327,9,3,100,51,2276,0,0,100,0,2276,0.9212395348729877,0.8598573969697826,0.7827474806379284,7,6,True,False,False,1,1,97,28,2299,9,3,101,25,2274,0.9367257882882882,0.8499931543530789,0.787353418580721,8,6,True,True,False,0.015486253415300522,-0.009864242616703711,0.004605937942792626,0,1,0,0.9981381041042662,19.948819875717163
19,mc_0019,5.0,1.0,2.3405469589234884,20260844,17.027820392426293,17.027820392426293,0.0,True,102,2457,12,4,108,70,2387,0,0,108,0,2387,0.9187585382513661,0.8640831296568072,0.791124854966168,7,7,True,False,False,1,1,103,35,2422,9,1,104,2,2420,1.0,0.8699801372044966,0.8699801372044966,8,8,True,True,True,0.08124146174863389,0.0058970075476894035,0.0788552822383286,1,1,1,0.9976119161337327,21.161134004592896
20,mc_0020,5.0,1.0,1.3788287780389752,20260845,17.058791019808645,17.058791019808645,0.0,True,100,2403,12,6,108,66,2337,0,0,108,0,2337,0.9047036975650916,0.9230684565572626,0.8304244650467238,7,7,True,False,False,1,1,101,5,2398,11,5,108,37,2361,0.9240001456525233,0.9230684565572626,0.8497209131341557,8,7,True,True,False,0.019296448087431695,0.0,0.019296448087431806,0,1,0,0.9986238160770663,24.209022998809814
21,mc_0021,5.0,1.0,5.525609156846147,20260846,17.040104933363203,17.040104933363203,0.0,True,102,2396,11,4,109,33,2363,2,0,109,0,2363,0.9194095799180328,0.9187792519214606,0.8479251613239227,7,7,True,False,False,3,1,103,11,2385,10,3,108,14,2371,0.9407231898907104,0.9298227808148258,0.8722652163439184,8,7,True,True,False,0.021313609972677505,0.01104352889336524,0.0243400550199957,0,1,0,0.9991095280498664,24.36076807975769
22,mc_0022,5.0,1.0,1.9547055472494776,20260847,17.040104933363203,17.040104933363203,0.0,True,100,2415,11,4,106,43,2372,1,0,106,0,2372,0.9194095799180328,0.7546707595637783,0.6740803394818111,7,6,True,False,False,2,1,101,8,2407,10,3,106,7,2400,0.9406911714480874,0.7534688364868551,0.6950144839047845,8,6,True,True,False,0.0212815915300546,-0.0012019230769231282,0.020934144422973366,0,1,0,0.998704768072533,24.266507863998413
23,mc_0023,5.0,1.0,1.5857552189561728,20260848,16.82746389211387,16.82746389211387,0.0,True,96,2348,9,4,102,50,2298,0,0,102,0,2298,0.9192864098729877,0.9003066231372184,0.8300790363433559,7,7,True,False,False,1,1,97,31,2317,9,4,102,28,2289,0.9360427281789987,0.8929677557223253,0.8374029734104171,8,7,True,True,False,0.016756318306010987,-0.007338867414893091,0.007323937067061248,0,1,0,0.9978547721201327,23.155494928359985
24,mc_0024,5.0,1.0,0.44193108489231314,20260849,17.048388529750305,17.048388529750305,0.0,True,98,2407,15,7,108,76,2331,1,0,108,0,2331,0.9187585382513661,0.9359915088309114,0.8552340014818793,7,7,True,False,False,2,1,99,12,2395,12,4,104,23,2372,0.9993489583333333,0.9319391340877472,0.9313452286151105,8,8,True,True,True,0.08059042008196715,-0.004052374743164222,0.07611122713323115,1,1,1,0.9982595320974662,24.819182872772217
25,mc_0025,5.0,1.0,5.049677872782353,20260850,17.044626788618505,17.044626788618505,0.0,True,102,2401,12,5,110,66,2335,0,0,110,0,2335,0.874684809275831,0.9205023635031213,0.7971340180827832,7,6,True,False,False,1,1,103,34,2367,8,2,106,12,2355,0.9526390442485085,0.9273856800471432,0.8801332233194912,8,7,True,True,True,0.0779542349726775,0.006883316544021856,0.082999205236708,1,1,1,0.9978952481178661,25.78267741203308
26,mc_0026,5.0,1.0,4.7391679302823455,20260851,17.018295368341942,17.018295368341942,0.0,True,99,2446,10,2,101,6,2440,2,1,103,34,2406,0.9968979779411764,0.875762678128785,0.8727571873315744,8,8,True,True,True,2,1,101,34,2412,12,4,107,19,2393,0.9370021446078431,0.876078719485054,0.8198485334854205,8,7,True,True,False,-0.05989583333333326,0.0003160413562689479,-0.05290865384615384,-1,0,-1,0.9994738120294665,24.89089012145996
27,mc_0027,5.0,1.0,4.560044363021102,20260852,17.022899394627675,17.022899394627675,0.0,True,102,2453,14,4,109,63,2390,0,0,109,0,2390,0.9194095799180328,0.8503998498838218,0.7785254479023476,7,7,True,False,False,1,1,103,27,2426,12,3,108,13,2413,0.94140625,0.8499781706409687,0.7963165544793526,8,7,True,True,False,0.02199667008196715,-0.0004216792428530791,0.017791106577005,0,1,0,0.9983404840929329,25.640647888183594
28,mc_0028,5.0,1.0,3.4128214153334104,20260853,17.027820392426293,17.027820392426293,0.0,True,100,2484,10,2,106,65,2419,0,0,106,0,2419,0.9308294911202186,0.8762206765626148,0.825915517770869,7,7,True,False,False,1,1,101,87,2397,12,4,107,43,2354,0.9304772882513661,0.8979756126342368,0.8379506351497451,8,7,True,True,False,-0.0003522028688525136,0.021754936071621933,0.012035117378876081,0,1,0,0.9957500202379989,25.167038917541504
29,mc_0029,5.0,1.0,0.015298608333530759,20260854,17.048388529750305,17.048388529750305,0.0,True,101,2403,11,5,108,55,2348,2,0,108,0,2348,0.916958599525876,0.9398920464154682,0.8572166728386181,7,7,True,False,False,3,1,102,6,2397,10,4,108,20,2377,0.9362230291706847,0.9353205080758944,0.874993667709147,8,7,True,True,False,0.019264429644808678,-0.0045715383395738,0.01777699487052886,0,1,0,0.9985023880838663,24.912003993988037
30,mc_0030,5.0,1.0,3.7599218828947416,20260855,17.040104933363203,17.040104933363203,0.0,True,102,2404,11,4,108,42,2362,0,0,108,0,2362,0.9194095799180328,0.9056523495343041,0.8352661267234422,7,7,True,False,False,1,1,103,9,2395,9,3,108,8,2387,0.9393570696721312,0.9070701618590258,0.8550844321446662,8,7,True,True,False,0.019947489754098324,0.0014178123247217123,0.01981830542122398,0,1,0,0.9985833400793329,25.08841109275818
31,mc_0031,5.0,1.0,4.879422056246835,20260856,17.040104933363203,17.040104933363203,0.0,True,102,2418,11,3,105,53,2365,0,0,105,0,2365,0.9226647882513661,0.9250179557845999,0.8564951507013621,7,7,True,False,False,1,1,103,31,2387,10,3,108,17,2370,0.9393570696721312,0.9337939849370711,0.8774957995675203,8,7,True,True,False,0.016692281420765065,0.00877602915247122,0.021000648866158267,0,1,0,0.9980166761110661,24.72812008857727
32,mc_0032,5.0,1.0,1.5461891265206609,20260857,17.018295368341942,17.018295368341942,0.0,True,100,2462,11,3,103,71,2391,0,0,103,0,2391,0.9233478483606558,0.8343785546826139,0.7690200326076739,7,7,True,False,False,1,1,101,48,2414,10,3,106,12,2402,0.9373719262295082,0.834024542647712,0.7858702697181257,8,7,True,True,False,0.014024077868852403,-0.00035401203490192934,0.01685023711045175,0,1,0,0.9972071561563992,20.422651290893555
33,mc_0033,5.0,1.0,6.188873218858218,20260858,17.038393596540367,17.038393596540367,0.0,True,101,2436,11,4,106,63,2373,0,0,106,0,2373,0.9226647882513661,0.8742662585917897,0.7981251749814,7,7,True,False,False,1,1,102,19,2417,11,4,107,39,2378,0.939421106557377,0.8694009098961297,0.8114971349849002,8,7,True,True,False,0.016756318306010876,-0.004865348695660021,0.01337196000350016,0,1,0,0.9987452440702663,21.572394847869873
34,mc_0034,5.0,1.0,1.5881214935958665,20260859,17.027820392426293,17.027820392426293,0.0,True,101,2435,10,4,105,67,2368,1,0,105,0,2368,0.9291752049180328,0.9399320069974058,0.8849552438086002,8,7,True,True,False,2,1,102,36,2399,10,4,108,17,2382,0.9420572916666667,0.9425277949703438,0.892327365635375,8,7,True,True,False,0.012882086748633892,0.002595787972938024,0.0073721218267747135,0,0,0,0.997409536145066,21.189563989639282
35,mc_0035,5.0,1.0,5.029279401564912,20260860,17.027820392426293,17.027820392426293,0.0,True,101,2477,10,4,108,53,2424,0,0,108,0,2424,0.9239668715846995,0.8332008137866771,0.768067477980728,7,7,True,False,False,1,1,102,30,2447,9,3,107,9,2438,0.941374231557377,0.8314905293691388,0.7792669319468675,8,7,True,True,False,0.017407359972677505,-0.001710284417538288,0.011199453966139417,0,1,0,0.9986238160770663,21.576138973236084
36,mc_0036,5.0,1.0,0.524892684682426,20260861,17.040104933363203,17.040104933363203,0.0,True,100,2458,13,7,109,148,2310,0,0,109,0,2310,0.890625,0.9450543199452166,0.8399448848668374,7,6,True,False,False,1,1,101,47,2411,10,4,106,49,2362,0.939453125,0.9209137360101414,0.868644002156022,8,7,True,True,False,0.048828125,-0.024140583935075233,0.028699117289184617,1,1,0,0.9957904962357322,22.757582902908325
37,mc_0037,5.0,1.0,1.1214408147372361,20260862,17.048388529750305,17.048388529750305,0.0,True,101,2390,11,5,108,43,2347,2,0,108,0,2347,0.8907398551473906,0.8588801511611766,0.768285452033229,7,6,True,False,False,1,1,102,13,2377,10,4,108,16,2361,0.9101003401200682,0.8727229756610179,0.7893983766457376,8,6,True,True,False,0.019360484972677616,0.01384282449984131,0.021112924612508688,0,1,0,0.998947624058933,22.72075390815735
38,mc_0038,5.0,1.0,5.430242135991792,20260863,17.048388529750305,17.048388529750305,0.0,True,102,2396,13,5,109,38,2358,0,0,109,0,2358,0.9071546779572485,0.9014246460612843,0.8180695639756619,7,7,True,False,False,1,1,103,7,2389,12,4,109,17,2372,0.9250209689408551,0.9121908080907442,0.8380662530014411,8,7,True,True,False,0.017866290983606592,0.010766162029459903,0.019996689025779224,0,1,0,0.998947624058933,23.06628704071045
39,mc_0039,5.0,1.0,6.271068615586418,20260864,17.027820392426293,17.027820392426293,0.0,True,102,2398,10,3,105,30,2368,1,1,106,5,2363,0.9226647882513661,0.9168724528291997,0.8446290374337585,7,7,True,False,False,1,1,103,14,2384,10,3,108,8,2376,0.939421106557377,0.9163237240792236,0.8567078229091925,8,7,True,True,False,0.016756318306010876,-0.0005487287499761351,0.01207878547543395,0,1,0,0.9991500040475998,22.780336141586304
40,mc_0040,5.0,1.0,2.2583822105702653,20260865,17.040104933363203,17.040104933363203,0.0,True,102,2423,12,3,106,51,2372,1,0,106,0,2372,0.9226647882513661,0.8961822757646435,0.8216745168147555,7,7,True,False,False,2,1,103,25,2398,11,3,108,15,2383,0.94140625,0.8956759319603247,0.8442439029163554,8,7,True,True,False,0.018741461748633892,-0.0005063438043187984,0.022569386101599975,0,1,0,0.9985833400793329,25.526036024093628
41,mc_0041,5.0,1.0,0.11885830052367337,20260866,16.818424617458945,16.818424617458945,0.0,True,94,2395,11,5,101,104,2291,1,0,101,0,2291,0.9194417042154954,0.8975725229006057,0.8403614761283476,7,7,True,False,False,2,1,95,36,2359,11,5,101,82,2277,0.9361980225215063,0.9038627306078911,0.8540764211890252,8,7,True,True,False,0.016756318306010876,0.006290207707285389,0.013714945060677608,0,1,0,0.9977333441269327,24.47341012954712
42,mc_0042,5.0,1.0,1.9603919540918155,20260867,17.023194609192984,17.023194609192984,0.0,True,102,2456,12,4,108,50,2406,0,0,108,0,2406,0.9187585382513661,0.8393626345329432,0.7607698955464048,7,7,True,False,False,1,1,103,9,2447,9,1,104,2,2445,0.998014856557377,0.8358148829474086,0.8341347050789776,8,8,True,True,True,0.07925631830601088,-0.003547751585534664,0.07336480953257274,1,1,1,0.9980166761110661,25.729856967926025
43,mc_0043,5.0,1.0,5.898033516486495,20260868,17.018653997656454,17.018653997656454,0.0,True,99,2460,12,3,102,83,2377,1,0,102,0,2377,0.9226647882513661,0.8572744742418784,0.7978110625503438,7,7,True,False,False,2,1,100,37,2423,12,3,105,34,2389,0.9406911714480874,0.8714643344098915,0.8147873055828347,8,7,True,True,False,0.01802638319672134,0.014189860168013047,0.0169762430324909,0,1,0,0.9983000080951996,24.975225687026978
44,mc_0044,5.0,1.0,3.249181330320122,20260869,17.00923872699247,17.00923872699247,0.0,True,99,2445,11,5,108,104,2341,0,0,108,0,2341,0.9176096411925426,0.9206566324285504,0.8509928484820881,7,7,True,False,False,1,1,101,54,2391,10,4,107,21,2370,0.9356360243892639,0.9112644912998635,0.8582857037934972,8,7,True,True,False,0.01802638319672123,-0.009392141128686915,0.007292855311409108,0,1,0,0.9976928681291994,22.514630794525146
45,mc_0045,5.0,1.0,0.9940215548393846,20260870,17.015217647302862,17.015217647302862,0.0,True,99,2433,14,6,109,111,2322,1,0,109,0,2322,0.8893549351092896,0.9172755667280947,0.811119121372277,7,6,True,False,False,2,1,101,38,2395,9,3,106,10,2385,0.9407552083333333,0.8833731687983093,0.832842072739196,8,7,True,True,False,0.05140027322404361,-0.033902397929785444,0.02172295136691893,1,1,0,0.9967214441835991,21.854756832122803
46,mc_0046,5.0,1.0,3.0725365675967677,20260871,17.038393596540367,17.038393596540367,0.0,True,101,2419,11,3,107,28,2391,1,0,107,0,2391,0.9262721994535519,0.869159683693661,0.8106922059970945,7,7,True,False,False,2,1,102,22,2397,10,3,107,15,2382,0.9381510416666667,0.8857571677508225,0.8266866549303097,8,7,True,True,False,0.01187884221311486,0.016597484057161438,0.015994448933215222,0,1,0,0.9982595320974662,21.73825716972351
47,mc_0047,5.0,1.0,2.2459574269861866,20260872,17.027820392426293,17.027820392426293,0.0,True,101,2412,11,4,105,60,2352,0,0,105,0,2352,0.9226647882513661,0.931186188525106,0.8617469498299533,7,7,True,False,False,1,1,102,23,2389,11,4,108,14,2375,0.9381190232240437,0.9301439162097671,0.8759763140719127,8,7,True,True,False,0.015454234972677616,-0.0010422723153389324,0.014229364241959419,0,1,0,0.9981785801019996,21.49627113342285
48,mc_0048,5.0,1.0,6.156419189995587,20260873,17.058791019808645,17.058791019808645,0.0,True,101,2400,10,4,108,37,2363,1,0,108,0,2363,0.9269232411202186,0.9035480855747934,0.8316380868719409,7,7,True,False,False,2,1,103,3,2397,10,4,108,20,2377,0.9407231898907104,0.9037879817138768,0.8453806900033999,8,7,True,True,False,0.013799948770491732,0.00023989613908337315,0.01374260313145903,0,1,0,0.9991095280498664,25.758551120758057
49,mc_0049,5.0,1.0,0.4718155738946969,20260874,17.00923872699247,17.00923872699247,0.0,True,100,2417,14,6,108,104,2313,0,0,108,0,2313,0.8893549351092896,0.9250007629967462,0.8238459380631651,7,6,True,False,False,1,1,102,35,2382,9,3,106,20,2362,0.9400721482240437,0.9143141440196609,0.8610694578592267,8,7,True,True,False,0.05071721311475408,-0.010686618977085227,0.037223519796061644,1,1,0,0.9969643001699992,25.800125122070312
50,mc_0050,5.0,1.0,1.6592258621588651,20260875,16.78242439092042,16.78242439092042,0.0,True,96,2355,10,4,101,70,2285,1,0,101,0,2285,0.8919187684356789,0.8818742934225793,0.7933836944373436,7,6,True,False,False,2,1,97,34,2321,10,4,102,54,2267,0.9093261284083565,0.8914410233403529,0.8110970087940323,8,6,True,True,False,0.017407359972677616,0.009566729917773631,0.01771331435668877,0,1,0,0.9980571521087995,24.362852811813354
51,mc_0051,5.0,1.0,5.944635666688441,20260876,17.023194609192984,17.023194609192984,0.0,True,102,2438,11,3,105,56,2382,0,0,105,0,2382,0.9226647882513661,0.9075049710848536,0.8397690786431504,7,7,True,False,False,1,1,103,34,2404,11,3,108,7,2397,0.94140625,0.9093103086044769,0.852435804242859,8,7,True,True,False,0.018741461748633892,0.0018053375196233068,0.012666725599708606,0,1,0,0.9978547721201327,25.635671138763428
52,mc_0052,5.0,1.0,2.3560243385325013,20260877,16.888866448176465,16.888866448176465,0.0,True,95,2362,9,5,102,90,2272,1,0,102,0,2272,0.9179843265396543,0.9480638232995453,0.8697813816974316,7,7,True,False,False,2,1,96,27,2335,9,5,103,49,2286,0.9366617514030424,0.9426193979332449,0.8816454478605513,8,7,True,True,False,0.01867742486338808,-0.005444425366300409,0.011864066163119746,0,1,0,0.9980571521087995,20.09872817993164
53,mc_0053,5.0,1.0,3.542578186235175,20260878,17.040104933363203,17.040104933363203,0.0,True,100,2462,12,5,108,105,2357,0,0,108,0,2357,0.9142263590887174,0.9106056850417752,0.84686572701347,7,7,True,False,False,1,1,101,65,2397,10,4,107,16,2381,0.9383042279411764,0.9130195840596766,0.8645952143117775,8,7,True,True,False,0.024077868852458995,0.0024138990179014552,0.01772948729830759,0,1,0,0.9974904881405326,21.14135503768921
54,mc_0054,5.0,1.0,1.1650672269440343,20260879,17.040104933363203,17.040104933363203,0.0,True,100,2418,12,6,107,63,2355,0,0,107,0,2355,0.8800484369516719,0.9375009120116944,0.8370889397917312,7,6,True,False,False,1,1,101,14,2404,12,6,110,43,2361,0.8955346903669725,0.9363642704678629,0.8523668628367342,8,6,True,True,False,0.015486253415300633,-0.0011366415438315292,0.015277923045003083,0,1,0,0.9986238160770663,21.60622787475586
55,mc_0055,5.0,1.0,2.645355570638942,20260880,17.040104933363203,17.040104933363203,0.0,True,101,2420,13,6,109,73,2347,2,1,110,7,2340,0.9071546779572485,0.9565125938646819,0.8651291133891583,7,7,True,False,False,2,1,102,26,2394,11,5,109,32,2362,0.9271662045965927,0.9490294682156684,0.8821709686048627,8,7,True,True,False,0.020011526639344246,-0.0074831256490135445,0.017041855215704338,0,1,0,0.9988666720634664,21.581830263137817
56,mc_0056,5.0,1.0,5.1772216675057745,20260881,17.040104933363203,17.040104933363203,0.0,True,102,2455,13,4,109,47,2408,0,0,109,0,2408,0.9239668715846995,0.8505306251678386,0.783787258449296,7,7,True,False,False,1,1,103,16,2439,12,3,108,16,2423,0.9400401297814207,0.8459225973123252,0.7925611681542639,8,7,True,True,False,0.01607325819672123,-0.004608027855513397,0.008773909704967942,0,1,0,0.9987452440702663,22.692914962768555
57,mc_0057,5.0,1.0,1.8111265983647078,20260882,16.830611544331223,16.830611544331223,0.0,True,96,2367,11,3,99,58,2309,0,0,99,0,2309,0.9179843265396543,0.8437228727841175,0.7697780272880195,7,7,True,False,False,1,1,97,26,2341,10,3,101,25,2316,0.9360427281789987,0.845287680676311,0.7943363378718069,8,7,True,True,False,0.018058401639344357,0.0015648078921934871,0.024558310583787435,0,1,0,0.9974500121427993,21.202409029006958
58,mc_0058,5.0,1.0,1.4645191527748094,20260883,17.027820392426293,17.027820392426293,0.0,True,102,2418,12,4,108,36,2382,3,1,109,10,2372,0.9226647882513661,0.9003557136410594,0.8271438600122691,7,7,True,False,False,3,1,103,17,2401,11,3,108,10,2391,0.941374231557377,0.8965455795508877,0.8420408308243406,8,7,True,True,False,0.018709443306010876,-0.003810134090171724,0.01489697081207142,0,1,0,0.9991500040475998,22.783873796463013
59,mc_0059,5.0,1.0,0.7278906699991272,20260884,17.048388529750305,17.048388529750305,0.0,True,101,2384,11,3,107,26,2358,1,0,107,0,2358,0.9269232411202186,0.8691616055020954,0.7994948480791905,7,7,True,False,False,2,1,102,10,2374,11,3,107,7,2367,0.9386740095628415,0.8710191229846129,0.8114123781858367,8,7,True,True,False,0.011750768442622905,0.0018575174825175012,0.011917530106646201,0,1,0,0.9989071480611997,22.581342935562134
60,mc_0060,5.0,1.0,2.392477395707919,20260885,16.82746389211387,16.82746389211387,0.0,True,97,2316,9,3,101,47,2269,1,0,101,0,2269,0.9212395348729877,0.9374315588015979,0.8590130348060004,7,7,True,False,False,2,1,98,27,2289,8,2,100,11,2278,0.937344811512332,0.9322286048664605,0.8708276680908078,8,7,True,True,False,0.016105276639344246,-0.005202953935137367,0.011814633284807363,0,1,0,0.999069052052133,23.312010049819946
61,mc_0061,5.0,1.0,2.4072205081194276,20260886,17.048388529750305,17.048388529750305,0.0,True,100,2436,12,5,108,60,2376,0,0,108,0,2376,0.9213627049180328,0.923801590013996,0.8484037637964976,7,7,True,False,False,1,1,101,9,2427,11,4,108,19,2408,0.9407552083333333,0.9170158485815154,0.86505406658242,8,7,True,True,False,0.01939250341530041,-0.006785741432480563,0.01665030278592239,0,1,0,0.9986238160770663,24.645112991333008
62,mc_0062,5.0,1.0,4.713871265583298,20260887,17.040104933363203,17.040104933363203,0.0,True,101,2429,11,5,108,36,2393,0,0,108,0,2393,0.8801041666666667,0.8990835443107041,0.7951794826860543,8,6,True,True,False,0,0,101,0,2429,11,5,108,36,2393,0.8801041666666667,0.8990835443107041,0.7951794826860543,8,6,True,True,False,0.0,0.0,0.0,0,0,0,1.0,23.883940935134888
63,mc_0063,5.0,1.0,4.666564365222547,20260888,17.023194609192984,17.023194609192984,0.0,True,100,2508,11,3,104,111,2397,1,0,104,0,2397,0.9226647882513661,0.853526213189645,0.787574288941685,7,7,True,False,False,2,1,101,97,2411,11,3,106,25,2386,0.9372758709016393,0.8476481730357752,0.7907975121917408,8,7,True,True,False,0.014611082650273222,-0.005878040153869835,0.003223223250055751,0,1,0,0.9970452521654659,23.16071391105652
64,mc_0064,5.0,1.0,3.7336392484535117,20260889,17.023194609192984,17.023194609192984,0.0,True,100,2481,12,3,103,103,2378,0,0,103,0,2378,0.9226647882513661,0.8695853081769056,0.801262158463872,7,7,True,False,False,1,1,101,76,2405,11,3,105,12,2393,0.9387060280054644,0.8670088793595567,0.8132988456122094,8,7,True,True,False,0.016041239754098324,-0.0025764288173488747,0.012036687148337388,0,1,0,0.9980166761110661,23.059972763061523
65,mc_0065,5.0,1.0,3.295893953436404,20260890,16.852157323094623,16.852157323094623,0.0,True,96,2287,10,4,101,44,2243,0,0,101,0,2243,0.8732595558974525,0.8736288271749264,0.7569988920169859,7,6,True,False,False,1,1,97,14,2273,10,4,103,28,2245,0.8854585825367969,0.8736288271749264,0.76919791865633,7,6,True,False,False,0.012199026639344357,0.0,0.012199026639344135,0,0,0,0.9980571521087995,22.512059926986694
66,mc_0066,5.0,1.0,5.083251327480414,20260891,17.04193096544586,17.04193096544586,0.0,True,101,2404,9,3,104,31,2373,0,0,104,0,2373,0.9226647882513661,0.8793301846755784,0.8073328588074373,7,7,True,False,False,1,1,102,5,2399,9,3,107,8,2391,0.9400721482240437,0.885361394957801,0.8254554582751505,8,7,True,True,False,0.017407359972677616,0.006031210282222532,0.01812259946771322,0,1,0,0.9987857200679997,23.931589126586914
67,mc_0067,5.0,1.0,4.157706285419835,20260892,17.044626788618505,17.044626788618505,0.0,True,102,2416,12,4,110,53,2363,1,0,110,0,2363,0.9028406723128791,0.8980847544952157,0.8026167877866585,7,7,True,False,False,2,1,103,14,2402,12,4,110,26,2376,0.9146554776407481,0.8989989431272789,0.8150417804313367,8,7,True,True,False,0.011814805327868938,0.000914188632063162,0.012424992644678223,0,1,0,0.9989881000566664,24.840057134628296
68,mc_0068,5.0,1.0,4.691022916622428,20260893,17.048388529750305,17.048388529750305,0.0,True,102,2376,11,4,108,10,2366,2,0,108,0,2366,0.9420572916666667,0.9310469551183312,0.8731042467849979,8,7,True,True,False,2,0,102,0,2376,11,4,108,10,2366,0.9420572916666667,0.9310469551183312,0.8731042467849979,8,7,True,True,False,0.0,0.0,0.0,0,0,0,1.0,21.7953097820282
69,mc_0069,5.0,1.0,1.5223763747170087,20260894,17.027820392426293,17.027820392426293,0.0,True,102,2471,15,5,110,67,2404,0,0,110,0,2404,0.8563627049180328,0.8804400958908712,0.7510372724893578,6,6,True,False,False,1,1,103,36,2435,13,4,108,23,2412,0.87640625,0.8804275724545225,0.7682971984402831,7,6,True,True,False,0.020043545081967262,-1.252343634872144e-05,0.017259925950925292,0,1,0,0.9980571521087995,22.14931297302246
70,mc_0070,5.0,1.0,6.280221840812446,20260895,17.034607659265447,17.034607659265447,0.0,True,97,2420,10,4,102,62,2358,0,0,102,0,2358,0.9226647882513661,0.8985141315560633,0.8281384516807133,7,7,True,False,False,1,1,99,31,2389,10,4,105,17,2372,0.939421106557377,0.9005517274244303,0.8426479525132007,8,7,True,True,False,0.016756318306010876,0.002037595868367048,0.014509500832487365,0,1,0,0.9977333441269327,20.552819967269897
71,mc_0071,5.0,1.0,2.1854692795937134,20260896,17.03217902952042,17.03217902952042,0.0,True,98,2451,13,6,109,104,2347,0,0,109,0,2347,0.9053076590464731,0.9334433354937748,0.8510872292291525,7,7,True,False,False,1,1,100,38,2413,11,5,109,54,2359,0.924049120795107,0.9410650932807089,0.8711558630223109,8,7,True,True,False,0.018741461748633892,0.00762175778693408,0.020068633793158375,0,1,0,0.9979762001133328,21.49074125289917
72,mc_0072,5.0,1.0,3.630620327155806,20260897,17.006661643324875,17.006661643324875,0.0,True,99,2464,10,4,104,106,2358,0,0,104,0,2358,0.9226647882513661,0.8752691113212642,0.8048934314459143,7,7,True,False,False,1,1,100,26,2438,10,4,106,53,2385,0.9400081113387978,0.8677936113176266,0.8129513460395814,8,7,True,True,False,0.017343323087431695,-0.007475500003637614,0.008057914593667115,0,1,0,0.9980976281065328,24.142547130584717
73,mc_0073,5.0,1.0,0.8867116009444376,20260898,17.040104933363203,17.040104933363203,0.0,True,102,2413,11,4,109,53,2360,0,0,109,0,2360,0.9179474043715847,0.9081540253907602,0.8385574085919352,7,7,True,False,False,1,1,103,25,2388,9,3,108,10,2378,0.9387700648907104,0.9046187819700451,0.8524717666717696,8,7,True,True,False,0.020822660519125624,-0.003535243420715095,0.013914358079834432,0,1,0,0.9981381041042662,25.22425389289856
74,mc_0074,5.0,1.0,0.35742539721671257,20260899,17.027820392426293,17.027820392426293,0.0,True,101,2422,11,4,108,29,2393,2,0,108,0,2393,0.9275742827868853,0.8727724097279674,0.8129507198579896,7,7,True,False,False,2,1,102,23,2399,11,4,108,9,2390,0.9407552083333333,0.8885805242510352,0.834352496308054,8,7,True,True,False,0.013180925546448008,0.01580811452306774,0.021401776450064358,0,1,0,0.9984214360883996,25.51319193840027
75,mc_0075,5.0,1.0,2.362166197255154,20260900,17.002592321749205,17.002592321749205,0.0,True,101,2434,10,3,105,66,2368,0,0,105,0,2368,0.9226647882513661,0.8931520997702624,0.8255403036527624,7,7,True,False,False,1,1,102,28,2406,10,3,107,18,2388,0.9420572916666667,0.8877414632934495,0.8338838302797251,8,7,True,True,False,0.019392503415300633,-0.005410636476812947,0.008343526626962694,0,1,0,0.9976523921314661,24.876134872436523
76,mc_0076,5.0,1.0,0.17259259687085377,20260901,17.027820392426293,17.027820392426293,0.0,True,101,2477,11,4,108,85,2392,0,0,108,0,2392,0.9187585382513661,0.8846563017494745,0.8166994295155503,7,7,True,False,False,1,1,102,55,2422,12,4,107,64,2358,0.9311283299180328,0.8937840975050604,0.8298852185508364,8,7,True,True,False,0.01236979166666674,0.009127795755585866,0.01318578903528611,0,1,0,0.9973285841495992,21.941365003585815
77,mc_0077,5.0,1.0,4.896835815951405,20260902,17.027820392426293,17.027820392426293,0.0,True,101,2491,14,5,109,96,2395,0,0,109,0,2395,0.9213627049180328,0.8940400252928079,0.8187469885350037,7,7,True,False,False,1,1,102,53,2438,12,4,108,23,2415,0.9374359631147541,0.881843616018505,0.8315988832089523,8,7,True,True,False,0.01607325819672123,-0.012196409274302877,0.012851894673948538,0,1,0,0.9972476321541326,21.612245082855225
78,mc_0078,5.0,1.0,4.249008038671926,20260903,17.044626788618505,17.044626788618505,0.0,True,102,2427,13,5,109,88,2339,0,0,109,0,2339,0.8946759694440267,0.9214366087556909,0.8174727102677899,7,7,True,False,False,1,1,103,12,2415,9,2,105,33,2382,0.9752663895259939,0.9165679594622709,0.891908866941998,8,8,True,True,True,0.08059042008196715,-0.004868649293420013,0.07443615667420811,1,1,1,0.9980166761110661,21.3541202545166
79,mc_0079,5.0,1.0,1.3218948117660758,20260904,17.027820392426293,17.027820392426293,0.0,True,100,2453,15,8,113,140,2313,0,0,113,0,2313,0.8072811896839124,0.904423712477327,0.7223394377629093,6,5,True,False,False,1,1,101,25,2428,12,5,109,50,2378,0.890817306487191,0.8813264652246314,0.7931685773328969,8,6,True,True,False,0.08353611680327866,-0.023097247252695574,0.0708291395699876,1,1,0,0.9968023961790659,21.84132695198059
80,mc_0080,5.0,1.0,0.9112735574876248,20260905,16.69252936609326,16.69252936609326,0.0,True,93,2365,10,4,98,93,2272,0,0,98,0,2272,0.9223243352697148,0.8162747724419372,0.7681426985556499,7,7,True,False,False,1,1,94,47,2318,10,4,99,59,2259,0.9248964834937585,0.8398278374894148,0.7773799078314416,8,7,True,True,False,0.0025721482240437243,0.02355306504747756,0.009237209275791747,0,1,0,0.9987452440702663,19.166477918624878
81,mc_0081,5.0,1.0,5.41289697109903,20260906,17.03217902952042,17.03217902952042,0.0,True,101,2445,11,3,107,33,2412,1,0,107,0,2412,0.9288763661202186,0.8484763241408362,0.7860404267049388,7,7,True,False,False,2,1,102,25,2420,11,3,107,9,2411,0.9420572916666667,0.8616474276979874,0.806210804572685,8,7,True,True,False,0.013180925546448119,0.013171103557151231,0.020170377867746225,0,1,0,0.9987452440702663,20.633349895477295
82,mc_0082,5.0,1.0,4.717358603934678,20260907,17.044626788618505,17.044626788618505,0.0,True,102,2378,11,4,108,51,2327,0,0,108,0,2327,0.9187585382513661,0.9642951662521243,0.884714156983615,7,7,True,False,False,1,1,103,16,2362,10,3,107,18,2344,0.9407552083333333,0.9633587753545936,0.9075339454226208,8,7,True,True,False,0.02199667008196715,-0.0009363908975307256,0.022819788439005784,0,1,0,0.9980166761110661,21.084646940231323
83,mc_0083,5.0,1.0,0.8362641652737416,20260908,17.018295368341942,17.018295368341942,0.0,True,100,2437,13,6,108,121,2316,1,0,108,0,2316,0.8811582137978142,0.9032703804381323,0.787838595692823,7,6,True,False,False,2,1,101,39,2398,10,3,106,18,2380,0.9387700648907104,0.8817728155030673,0.8310816773350226,8,7,True,True,False,0.05761185109289613,-0.02149756493506505,0.04324308164219959,1,1,0,0.9968428721767991,20.462121963500977
84,mc_0084,5.0,1.0,0.6241377496278606,20260909,17.027820392426293,17.027820392426293,0.0,True,100,2461,11,4,105,53,2408,2,1,106,6,2402,0.9226647882513661,0.8367543034901521,0.7615324237675155,7,6,True,False,False,2,1,101,24,2437,10,4,107,25,2412,0.9420572916666667,0.8255033319835664,0.772409318453773,8,6,True,True,False,0.019392503415300633,-0.011250971506585716,0.010876894686257521,0,1,0,0.9987857200679997,20.513126134872437
85,mc_0085,5.0,1.0,0.028761329937239496,20260910,17.034607659265447,17.034607659265447,0.0,True,101,2476,12,4,105,68,2408,0,0,105,0,2408,0.9202138078592093,0.8356837470407878,0.7582569764532945,7,7,True,False,False,1,1,102,18,2458,12,4,108,23,2435,0.9383042279411764,0.8352751651280693,0.7735793930692458,8,7,True,True,False,0.01809042008196715,-0.00040858191271853084,0.01532241661595135,0,1,0,0.9983404840929329,20.211244106292725
86,mc_0086,5.0,1.0,1.861708112475579,20260911,16.895413935714373,16.895413935714373,0.0,True,96,2410,9,3,101,91,2319,0,0,101,0,2319,0.9166182063210752,0.8673396260408144,0.792039757946779,7,7,True,False,False,1,1,97,75,2335,9,3,101,26,2309,0.9379958531789987,0.8623594886628803,0.8046462234136385,8,7,True,True,False,0.021377646857923538,-0.004980137377934124,0.012606465466859396,0,1,0,0.9969238241722659,19.38460922241211
87,mc_0087,5.0,1.0,5.169322898466824,20260912,17.04193096544586,17.04193096544586,0.0,True,98,2399,11,4,104,44,2355,0,0,104,0,2355,0.9194095799180328,0.8305208701976778,0.7499304501157107,7,7,True,False,False,1,1,99,6,2393,10,3,104,9,2384,0.9373719262295082,0.8243319624203723,0.7652423263477055,8,7,True,True,False,0.017962346311475308,-0.006188907777305519,0.015311876231994814,0,1,0,0.9985833400793329,20.409581899642944
88,mc_0088,5.0,1.0,3.3807077339626432,20260913,17.048388529750305,17.048388529750305,0.0,True,100,2385,12,5,107,36,2349,1,0,107,0,2349,0.9194095799180328,0.8905130689780731,0.8207070387645454,7,7,True,False,False,2,1,101,5,2380,11,4,107,13,2367,0.9420572916666667,0.904525494716505,0.8465827863831716,8,7,True,True,False,0.022647711748633892,0.014012425738431866,0.02587574761862621,0,1,0,0.998947624058933,23.107486963272095
89,mc_0089,5.0,1.0,6.092693009494673,20260914,17.044626788618505,17.044626788618505,0.0,True,101,2436,12,6,110,105,2331,0,0,110,0,2331,0.8754911452850053,0.9277025057321668,0.8094362633103163,7,6,True,False,False,1,1,102,19,2417,11,5,110,58,2359,0.8961857320336392,0.9261266984000242,0.8271611252372033,8,6,True,True,False,0.020694586748633892,-0.0015758073321426869,0.017724861926887048,0,1,0,0.9985428640815996,24.766961097717285
90,mc_0090,5.0,1.0,1.4106391557552398,20260915,17.038393596540367,17.038393596540367,0.0,True,101,2392,11,5,107,69,2323,1,0,107,0,2323,0.8733528616458615,0.9425742484837185,0.8211430028069759,7,6,True,False,False,2,1,102,4,2388,11,5,110,52,2336,0.8920943233944953,0.9492178956451001,0.8413122190395956,8,6,True,True,False,0.018741461748633892,0.0066436471613815495,0.02016921623261969,0,1,0,0.9993119080385332,24.568078994750977
91,mc_0091,5.0,1.0,0.7747310550988427,20260916,16.823775898177065,16.823775898177065,0.0,True,96,2343,9,4,101,83,2260,0,0,101,0,2260,0.9179843265396543,0.9322115505677978,0.8514813328639934,7,7,True,False,False,1,1,97,28,2315,7,2,99,22,2293,0.9906021544085069,0.9166012551210709,0.9081406414406017,8,8,True,True,True,0.07261782786885251,-0.015610295446726874,0.05665930857660828,1,1,1,0.9979357241155995,23.430685997009277
92,mc_0092,5.0,1.0,3.1715186778644084,20260917,17.027820392426293,17.027820392426293,0.0,True,98,2422,12,6,106,71,2351,2,0,106,0,2351,0.9045013230372989,0.8545930667446628,0.7599205082154111,7,7,True,False,False,3,1,99,9,2413,11,5,106,38,2375,0.9264979931192661,0.856392081111579,0.7837595926296579,8,7,True,True,False,0.02199667008196715,0.0017990143669162073,0.02383908441424676,0,1,0,0.9985428640815996,25.007172107696533
93,mc_0093,5.0,1.0,5.629205471860644,20260918,16.957168580496962,16.957168580496962,0.0,True,98,2358,10,3,101,41,2317,0,0,101,0,2317,0.9213627049180328,0.8771815996000779,0.8028098694397314,7,7,True,False,False,1,1,99,11,2347,10,3,103,17,2330,0.9407552083333333,0.8819370343826866,0.8226922427160199,8,7,True,True,False,0.01939250341530041,0.004755434782608647,0.0198823732762885,0,1,0,0.9981785801019996,23.653005838394165
94,mc_0094,5.0,1.0,3.401237281587146,20260919,17.018295368341942,17.018295368341942,0.0,True,96,2436,15,8,108,104,2332,1,0,108,0,2332,0.8800804553942949,0.9376423795013125,0.8215409521820152,7,6,True,False,False,2,1,97,36,2400,11,5,104,41,2359,0.9515242737003058,0.9358838661978581,0.887978598942754,8,7,True,True,True,0.07144381830601088,-0.0017585133034543343,0.06643764676073882,1,1,1,0.9978547721201327,24.73052477836609
95,mc_0095,5.0,1.0,3.442719391246538,20260920,17.043204459850088,17.043204459850088,0.0,True,101,2422,12,4,108,26,2396,0,0,108,0,2396,0.9269232411202186,0.8744843472046954,0.8037106511137515,7,7,True,False,False,1,1,102,1,2421,12,4,108,8,2413,0.9420572916666667,0.8761559873461631,0.8190677549826717,8,7,True,True,False,0.015134050546448119,0.0016716401414677007,0.015357103868920197,0,1,0,0.9992309560430664,24.98567819595337
96,mc_0096,5.0,1.0,3.026579387578027,20260921,17.023194609192984,17.023194609192984,0.0,True,101,2483,13,5,110,108,2375,1,0,110,0,2375,0.8752718140572517,0.8554892818948245,0.7517288489929785,7,6,True,False,False,2,1,102,61,2422,11,4,108,51,2371,0.8946963359151752,0.8625331043640823,0.7624917931924551,8,6,True,True,False,0.019424521857923427,0.007043822469257721,0.010762944199476543,0,1,0,0.9965190641949324,22.29877996444702
97,mc_0097,5.0,1.0,6.150134482016724,20260922,17.048388529750305,17.048388529750305,0.0,True,102,2419,13,4,108,27,2392,1,0,108,0,2392,0.9194095799180328,0.8391311603930462,0.7685149346678101,7,7,True,False,False,2,1,103,2,2417,12,3,108,8,2409,0.941374231557377,0.8507942720036663,0.7930448946241911,8,7,True,True,False,0.021964651639344135,0.011663111610620058,0.024529959956381076,0,1,0,0.999069052052133,21.28595995903015
98,mc_0098,5.0,1.0,5.2858140548675445,20260923,17.048388529750305,17.048388529750305,0.0,True,102,2426,10,4,108,66,2360,0,0,108,0,2360,0.9187585382513661,0.9026177297445446,0.82220238642936,7,7,True,False,False,1,1,103,20,2406,7,1,104,2,2404,0.9986658982240437,0.8964217079678641,0.8952022776398509,8,8,True,True,True,0.07990735997267762,-0.006196021776680438,0.07299989121049089,1,1,1,0.9978142961223995,21.1011745929718
99,mc_0099,5.0,1.0,2.698468412623314,20260924,17.00923872699247,17.00923872699247,0.0,True,100,2465,10,3,105,71,2394,1,0,105,0,2394,0.9246179132513661,0.8878608920990722,0.8308813610492175,7,7,True,False,False,2,1,101,56,2409,10,3,106,22,2387,0.9367529030054644,0.8802004071338645,0.8301436133780586,8,7,True,True,False,0.012134989754098324,-0.007660484965207659,-0.0007377476711588615,0,1,0,0.9971262041609326,21.23641800880432
100,mc_0100,5.0,1.0,3.0103224538963027,20260925,17.018295368341942,17.018295368341942,0.0,True,99,2479,14,4,107,76,2403,0,0,107,0,2403,0.9266030566939891,0.8206875034461241,0.751746199129204,7,7,True,False,False,1,1,101,34,2445,13,4,108,42,2403,0.9304452698087432,0.8242613162871784,0.7587916614155306,8,7,True,True,False,0.0038422131147540783,0.0035738128410542913,0.00704546228632652,0,1,0,0.9995952400226665,24.81856107711792
101,mc_0101,5.0,1.0,3.900853106899806,20260926,17.027820392426293,17.027820392426293,0.0,True,101,2443,14,5,108,71,2372,1,0,108,0,2372,0.9213627049180328,0.8916836110950791,0.8256836051456728,7,7,True,False,False,2,1,102,33,2410,12,4,108,14,2396,0.94140625,0.8973364643490922,0.8444343390436659,8,7,True,True,False,0.02004354508196715,0.005652853254013102,0.018750733897993088,0,1,0,0.9982190560997328,25.529063940048218
102,mc_0102,5.0,1.0,2.7429504630689805,20260927,17.018295368341942,17.018295368341942,0.0,True,97,2474,11,4,103,108,2366,0,0,103,0,2366,0.9226647882513661,0.8690754475782851,0.8045850593920113,7,6,True,False,False,1,1,98,59,2415,12,5,105,68,2347,0.9297622096994536,0.868194037321875,0.8102101595013923,8,6,True,True,False,0.007097421448087449,-0.0008814102564101978,0.005625100109380998,0,1,0,0.9972071561563992,24.802700996398926
103,mc_0103,5.0,1.0,4.129429492597235,20260928,17.044626788618505,17.044626788618505,0.0,True,101,2420,13,5,109,74,2346,0,0,109,0,2346,0.8740337676091643,0.8603255587391785,0.7381722017253638,7,6,True,False,False,1,1,102,11,2409,10,2,105,23,2386,0.9512409055873063,0.8538744977430509,0.8084240926864267,8,7,True,True,True,0.07720713797814205,-0.006451060996127578,0.07025189096106288,1,1,1,0.9978952481178661,25.48069190979004
104,mc_0104,5.0,1.0,1.5219445090101416,20260929,17.00923872699247,17.00923872699247,0.0,True,101,2422,12,4,108,46,2376,2,0,108,0,2376,0.9220137465846995,0.8861090320196143,0.8221116570822455,7,7,True,False,False,3,1,102,27,2395,10,3,107,14,2381,0.9373399077868853,0.8922039037410427,0.8357762282145778,8,7,True,True,False,0.015326161202185773,0.006094871721428419,0.013664571132332215,0,1,0,0.998826196065733,23.835572957992554
105,mc_0105,5.0,1.0,5.29880832316148,20260930,17.027820392426293,17.027820392426293,0.0,True,101,2452,11,4,110,68,2384,1,0,110,0,2384,0.9148522882513661,0.9086282367997943,0.830870270722156,7,7,True,False,False,2,1,102,53,2399,11,3,107,14,2385,0.941374231557377,0.9016339110321041,0.8464296633405599,8,7,True,True,False,0.026521943306010876,-0.006994325767690213,0.015559392618403889,0,1,0,0.9970452521654659,23.781391859054565
106,mc_0106,5.0,1.0,5.76889411829014,20260931,17.056517795515415,17.056517795515415,0.0,True,100,2409,12,5,107,52,2357,0,0,107,0,2357,0.9213627049180328,0.8844424270639732,0.8194344132101385,7,7,True,False,False,1,1,101,27,2382,11,4,107,10,2372,0.9406911714480874,0.896429572263048,0.8404832524850507,8,7,True,True,False,0.0193284665300546,0.011987145199074734,0.02104883927491219,0,1,0,0.9982595320974662,23.81628918647766
107,mc_0107,5.0,1.0,2.59344160929701,20260932,17.018295368341942,17.018295368341942,0.0,True,99,2462,13,5,107,65,2397,1,1,108,0,2397,0.9259520150273224,0.8678082340636293,0.7972150158562015,7,7,True,False,False,2,2,101,49,2413,9,2,103,2,2411,0.9979828381147541,0.8628790227027892,0.8612273149827102,8,8,True,True,True,0.0720308230874317,-0.0049292113608401245,0.06401229912650874,1,1,1,0.9966000161903991,22.929598808288574
108,mc_0108,5.0,1.0,4.367350554400162,20260933,17.027820392426293,17.027820392426293,0.0,True,99,2414,12,5,106,40,2374,0,0,106,0,2374,0.9194095799180328,0.8295818684348697,0.7493574752501765,7,7,True,False,False,1,1,100,8,2406,11,4,105,14,2392,0.941374231557377,0.8280481027546845,0.7711267031422271,8,7,True,True,False,0.021964651639344135,-0.0015337656801851507,0.021769227892050602,0,1,0,0.9983000080951996,22.9123477935791
109,mc_0109,5.0,1.0,0.6051518463966378,20260934,17.023194609192984,17.023194609192984,0.0,True,100,2428,9,3,104,38,2390,0,0,104,0,2390,0.9301784494535519,0.8745746320283707,0.8109081699249038,7,7,True,False,False,1,1,101,26,2402,7,1,102,2,2400,0.9993489583333333,0.8784850229181926,0.8779410493479033,8,8,True,True,True,0.06917050887978138,0.003910390889821924,0.06703287942299951,1,1,1,0.9981381041042662,22.18318009376526
110,mc_0110,5.0,1.0,2.0660094490468612,20260935,17.023194609192984,17.023194609192984,0.0,True,102,2431,9,3,106,60,2371,0,0,106,0,2371,0.9226647882513661,0.899675059861185,0.825470663869375,7,7,True,False,False,1,1,103,28,2403,7,1,104,2,2401,0.9938524590163934,0.8872167075970627,0.8814627393430944,8,8,True,True,True,0.0711876707650273,-0.012458352264122285,0.05599207547371943,1,1,1,0.9977333441269327,23.265440940856934
111,mc_0111,5.0,1.0,4.26589015884554,20260936,17.044626788618505,17.044626788618505,0.0,True,100,2411,11,5,107,51,2360,1,0,107,0,2360,0.9163075578592093,0.8935500628757207,0.812253112887243,7,7,True,False,False,2,1,101,10,2401,8,2,103,6,2395,0.994197755946641,0.8913656245070718,0.8859774031370935,8,8,True,True,True,0.0778901980874317,-0.0021844383686489,0.0737242902498505,1,1,1,0.9982595320974662,23.771431922912598
112,mc_0112,5.0,1.0,3.7143920524208416,20260937,17.018295368341942,17.018295368341942,0.0,True,101,2484,12,4,108,67,2417,0,0,108,0,2417,0.9219176912568305,0.8289747816717894,0.7740702113623945,7,7,True,False,False,1,1,102,41,2443,10,3,107,13,2430,0.9400401297814207,0.8337208824544755,0.7851980496109905,8,7,True,True,False,0.018122438524590168,0.0047461007826861135,0.011127838248595978,0,1,0,0.9980166761110661,23.35571575164795
113,mc_0113,5.0,1.0,3.087138958714435,20260938,17.044626788618505,17.044626788618505,0.0,True,99,2435,11,4,107,49,2386,0,0,107,0,2386,0.9269232411202186,0.8655716415000341,0.7973961036462627,7,7,True,False,False,1,1,100,24,2411,11,4,107,19,2392,0.941374231557377,0.8757421098809244,0.8171522858347682,8,7,True,True,False,0.014450990437158362,0.010170468380890307,0.0197561821885055,0,1,0,0.9987857200679997,22.19882082939148
114,mc_0114,5.0,1.0,4.97414468870953,20260939,17.027820392426293,17.027820392426293,0.0,True,101,2438,13,6,109,69,2369,0,0,109,0,2369,0.9037762995788701,0.9075170850615334,0.8239306235651069,7,7,True,False,False,1,1,102,37,2401,9,3,105,22,2379,0.9809834375570121,0.9259300637429325,0.9073495338506838,8,8,True,True,True,0.07720713797814205,0.018412978681399128,0.08341891028557691,1,1,1,0.9971666801586659,22.603386878967285
115,mc_0115,5.0,1.0,5.959736913511877,20260940,17.027820392426293,17.027820392426293,0.0,True,102,2470,10,3,106,90,2380,0,0,106,0,2380,0.9185664275956285,0.9244003048084621,0.8460975481609144,7,7,True,False,False,1,1,103,63,2407,9,3,108,19,2388,0.9401041666666667,0.9108354754943375,0.8535788162959308,8,7,True,True,False,0.021537739071038287,-0.013564829314124616,0.007481268135016372,0,1,0,0.9976523921314661,21.903069972991943
116,mc_0116,5.0,1.0,2.90875178807555,20260941,17.048388529750305,17.048388529750305,0.0,True,100,2396,10,4,106,37,2359,1,0,106,0,2359,0.9194095799180328,0.8966100806681403,0.816019660586173,7,7,True,False,False,2,1,101,2,2394,9,3,106,7,2387,0.941374231557377,0.8966100806681403,0.8379843122255173,8,7,True,True,False,0.021964651639344135,0.0,0.021964651639344246,0,1,0,0.9987857200679997,20.698039054870605
117,mc_0117,5.0,1.0,0.04049329382233041,20260942,17.027820392426293,17.027820392426293,0.0,True,95,2440,12,6,103,69,2371,0,0,103,0,2371,0.9187585382513661,0.8148994441793906,0.7370022407549197,7,6,True,False,False,1,1,96,23,2417,9,3,99,20,2397,0.998014856557377,0.8184670640010743,0.8167370135145905,8,7,True,True,True,0.07925631830601088,0.003567619821683632,0.07973477275967078,1,1,1,0.9976523921314661,19.932801961898804
118,mc_0118,5.0,1.0,3.4276741555121713,20260943,17.027820392426293,17.027820392426293,0.0,True,99,2445,11,5,106,36,2409,1,0,106,0,2409,0.9092744447828977,0.8338586880502414,0.7542677393847418,7,6,True,False,False,2,1,100,4,2441,10,4,106,13,2428,0.9292859714222419,0.8433061699862687,0.7750346232460347,8,6,True,True,False,0.020011526639344246,0.009447481936027291,0.020766883861292884,0,1,0,0.9991500040475998,21.91563081741333
119,mc_0119,5.0,1.0,1.5237530587592647,20260944,16.832616083945528,16.832616083945528,0.0,True,93,2396,11,5,102,98,2298,0,0,102,0,2298,0.9186353682063211,0.8573195979729763,0.8022430815085798,7,7,True,False,False,1,1,94,73,2323,11,5,100,64,2259,0.9270989098729877,0.8820305877407842,0.8169478542319957,8,7,True,True,False,0.00846354166666663,0.024710989767807945,0.01470477272341586,0,1,0,0.9969643001699992,21.176661014556885
120,mc_0120,5.0,1.0,2.7011285259483904,20260945,17.023194609192984,17.023194609192984,0.0,True,102,2468,14,4,107,73,2395,0,0,107,0,2395,0.9168054132513661,0.8832757712462818,0.807103862789184,7,7,True,False,False,1,1,103,26,2442,14,4,108,28,2414,0.9304772882513661,0.8838689379656745,0.8200378509116144,8,7,True,True,False,0.013671875,0.0005931667193926904,0.012933988122430407,0,1,0,0.9981785801019996,23.931551933288574
121,mc_0121,5.0,1.0,4.537256394594693,20260946,17.018295368341942,17.018295368341942,0.0,True,100,2455,14,6,108,84,2371,0,0,108,0,2371,0.876573897390585,0.8840729491195485,0.782478041010404,7,6,True,False,False,1,1,101,35,2420,13,5,109,40,2380,0.8953473775818419,0.8890264672309613,0.7945113976844846,8,6,True,True,False,0.018773480191256908,0.004953518111412869,0.012033356674080675,0,1,0,0.9980166761110661,24.09167504310608
122,mc_0122,5.0,1.0,4.077884432285366,20260947,17.04193096544586,17.04193096544586,0.0,True,102,2376,11,4,108,29,2347,3,0,108,0,2347,0.9194095799180328,0.9185955717354897,0.8474953916106517,7,7,True,False,False,4,1,103,3,2373,10,3,108,7,2366,0.9393570696721312,0.9274692029532198,0.8685679150220609,8,7,True,True,False,0.019947489754098324,0.008873631217730105,0.021072523411409194,0,1,0,0.9989881000566664,23.088926792144775
123,mc_0123,5.0,1.0,4.845371524129738,20260948,17.04193096544586,17.04193096544586,0.0,True,101,2434,13,5,108,60,2374,0,0,108,0,2374,0.9187585382513661,0.9004738716686023,0.8219630407898589,7,7,True,False,False,1,1,102,30,2404,10,2,104,4,2400,0.9986338797814207,0.9054525928168409,0.9041585525514553,8,8,True,True,True,0.0798753415300546,0.004978721148238607,0.08219551176159634,1,1,1,0.9973285841495992,22.739048957824707
124,mc_0124,5.0,1.0,1.453723778880832,20260949,17.027820392426293,17.027820392426293,0.0,True,100,2498,15,6,108,100,2398,0,0,108,0,2398,0.9348958333333334,0.8755457555599739,0.8124836805435229,7,7,True,False,False,0,0,100,0,2498,15,6,108,100,2398,0.9348958333333334,0.8755457555599739,0.8124836805435229,7,7,True,False,False,0.0,0.0,0.0,0,0,0,1.0,21.308067083358765
125,mc_0125,5.0,1.0,3.011958819550846,20260950,17.018295368341942,17.018295368341942,0.0,True,99,2386,12,5,106,39,2347,0,0,106,0,2347,0.9056182477314885,0.8981334173706044,0.8298167051572615,7,7,True,False,False,1,1,100,21,2365,11,4,106,24,2341,0.9223745660374993,0.9203106279596763,0.8519587538273237,8,7,True,True,False,0.016756318306010876,0.02217721058907196,0.022142048670062198,0,1,0,0.9987857200679997,20.695090770721436
126,mc_0126,5.0,1.0,2.750671939588394,20260951,17.038393596540367,17.038393596540367,0.0,True,100,2519,13,5,108,166,2353,1,0,108,0,2353,0.9103270150273224,0.8784842155711283,0.7985717995416515,7,7,True,False,False,1,1,102,79,2440,12,4,108,56,2384,0.9272540983606558,0.8759589630458757,0.813425479707185,8,7,True,True,False,0.01692708333333337,-0.002525252525252597,0.014853680165533567,0,1,0,0.9973690601473326,22.26698088645935
127,mc_0127,5.0,1.0,1.6864604852644003,20260952,17.04193096544586,17.04193096544586,0.0,True,102,2426,12,4,109,56,2370,0,0,109,0,2370,0.9239668715846995,0.895826648708496,0.828250231169507,7,7,True,False,False,1,1,103,23,2403,11,3,108,14,2389,0.9387380464480874,0.8854426543537255,0.8371196196909245,8,7,True,True,False,0.01477117486338797,-0.010383994354770554,0.008869388521417498,0,1,0,0.9985833400793329,22.199772834777832
128,mc_0128,5.0,1.0,0.45379305290762445,20260953,17.018295368341942,17.018295368341942,0.0,True,100,2445,11,4,106,55,2390,0,0,106,0,2390,0.9226647882513661,0.9097858338754912,0.8503224221839567,7,7,True,False,False,1,1,101,40,2405,11,4,107,21,2384,0.939453125,0.911341592615883,0.8590718587617636,8,7,True,True,False,0.016788336748633892,0.0015557587403918216,0.008749436577806913,0,1,0,0.9976523921314661,23.555894136428833
129,mc_0129,5.0,1.0,4.670957663193119,20260954,17.027820392426293,17.027820392426293,0.0,True,100,2448,12,3,104,69,2379,1,0,104,0,2379,0.9226647882513661,0.8674660797558108,0.7912008998212178,7,7,True,False,False,2,1,101,35,2413,12,3,106,28,2385,0.94140625,0.8570011138964275,0.7992768822952403,8,7,True,True,False,0.018741461748633892,-0.01046496585938328,0.008075982474022525,0,1,0,0.9984619120861329,23.027472972869873
130,mc_0130,5.0,1.0,4.816451078650954,20260955,17.027820392426293,17.027820392426293,0.0,True,101,2443,13,5,108,88,2355,0,0,108,0,2355,0.9202159159272071,0.9159341249831646,0.8488151991250852,7,7,True,False,False,1,1,102,17,2426,11,4,108,56,2370,0.9395764008998847,0.9274650432128184,0.8713318872609701,8,7,True,True,False,0.019360484972677616,0.011530918229653797,0.02251668813588492,0,1,0,0.9987452440702663,23.683504819869995
131,mc_0131,5.0,1.0,1.2768916681148672,20260956,17.021367376690897,17.021367376690897,0.0,True,99,2492,11,5,107,123,2369,1,0,107,0,2369,0.8276289432621446,0.870050112844266,0.7375275056438511,6,5,True,False,False,2,1,100,78,2414,11,5,107,57,2357,0.8477365252293578,0.8556777917259898,0.7497125691529911,7,5,True,True,False,0.020107581967213184,-0.014372321118276243,0.01218506350914006,0,1,0,0.9970047761677325,23.23001194000244
132,mc_0132,5.0,1.0,6.028517285456316,20260957,17.027820392426293,17.027820392426293,0.0,True,100,2495,11,3,105,100,2395,1,0,105,0,2395,0.9226647882513661,0.8862482370417493,0.8193518558910766,7,7,True,False,False,2,1,101,79,2416,11,3,106,32,2384,0.9407231898907104,0.8681202951491993,0.8231876874638402,8,7,True,True,False,0.018058401639344246,-0.01812794189254996,0.0038358315727635706,0,1,0,0.9965595401926658,20.573554754257202
133,mc_0133,5.0,1.0,1.2088385430520314,20260958,17.048388529750305,17.048388529750305,0.0,True,101,2411,13,6,110,68,2343,0,0,110,0,2343,0.8882888747552338,0.9320408729129885,0.8297380610054563,7,6,True,False,False,1,1,102,26,2385,10,3,105,21,2364,0.9655280311759987,0.9329393279062711,0.9044024177275266,8,7,True,True,True,0.07723915642076495,0.0008984549932825603,0.07466435672207028,1,1,1,0.9982595320974662,21.32003688812256
134,mc_0134,5.0,1.0,4.802757413966173,20260959,17.023194609192984,17.023194609192984,0.0,True,101,2439,12,4,107,86,2353,1,0,107,0,2353,0.9187585382513661,0.8759711007742015,0.7967429907720314,7,7,True,False,False,2,1,102,37,2402,10,3,107,13,2389,0.9407552083333333,0.8705735432059631,0.8130780472596115,8,7,True,True,False,0.02199667008196715,-0.0053975575682383425,0.016335056487580157,0,1,0,0.9982190560997328,21.423059940338135
135,mc_0135,5.0,1.0,1.7810735464723118,20260960,17.027820392426293,17.027820392426293,0.0,True,100,2463,10,3,105,56,2407,0,0,105,0,2407,0.9301784494535519,0.909422549785603,0.8415268598286044,7,7,True,False,False,1,1,101,58,2405,11,4,106,37,2368,0.9401041666666667,0.9153548138082428,0.8563592769488573,8,7,True,True,False,0.00992571721311486,0.005932264022639799,0.01483241712025285,0,1,0,0.9973690601473326,21.499501943588257
136,mc_0136,5.0,1.0,2.430287281902883,20260961,17.053643759695195,17.053643759695195,0.0,True,101,2401,11,5,108,55,2346,1,0,108,0,2346,0.916958599525876,0.9227563003583551,0.839714899884231,7,7,True,False,False,2,1,102,7,2394,10,4,107,33,2361,0.9376211678318869,0.9227563003583551,0.860377468190242,8,7,True,True,False,0.020662568306010876,0.0,0.020662568306010987,0,1,0,0.9982595320974662,22.050791025161743
137,mc_0137,5.0,1.0,2.4157091252277976,20260962,17.048388529750305,17.048388529750305,0.0,True,102,2425,14,5,110,80,2345,1,0,110,0,2345,0.8906437998195218,0.9220010198135198,0.8242747215938259,7,6,True,False,False,1,1,103,32,2393,12,4,109,30,2363,0.9113704050107786,0.9241355227374964,0.8405637761034837,8,6,True,True,False,0.020726605191256797,0.0021345029239766555,0.016289054509657785,0,1,0,0.9983809600906662,22.02762794494629
138,mc_0138,5.0,1.0,5.1661046226046174,20260963,17.023194609192984,17.023194609192984,0.0,True,101,2408,10,3,104,50,2358,2,0,104,0,2358,0.9226647882513661,0.8869182504873294,0.8146748350918882,7,7,True,False,False,3,1,102,12,2396,10,3,107,12,2384,0.9407552083333333,0.8882615957615096,0.8290168040948429,8,7,True,True,False,0.01809042008196715,0.0013433452741802299,0.014341969002954702,0,1,0,0.9982190560997328,20.623555898666382
139,mc_0139,5.0,1.0,0.3071953479656722,20260964,16.830611544331223,16.830611544331223,0.0,True,96,2332,10,4,103,55,2277,1,0,103,0,2277,0.8853625272089279,0.8652356035715243,0.7636536442102111,7,6,True,False,False,2,1,97,16,2316,10,4,103,26,2290,0.8933031009794198,0.8603550698147563,0.7653155510669476,8,6,True,True,False,0.007940573770491843,-0.004880533756768002,0.0016619068567365058,0,1,0,0.9992309560430664,20.348378896713257
140,mc_0140,5.0,1.0,0.5851919554139816,20260965,17.012886370901654,17.012886370901654,0.0,True,99,2411,13,6,108,119,2292,0,0,108,0,2292,0.8525017076502732,0.8725645593590639,0.7362150507291302,6,6,True,False,False,1,1,100,36,2375,8,1,101,2,2373,0.9979828381147541,0.863944772280216,0.8622549942613185,8,8,True,True,True,0.14548113046448086,-0.008619787078847807,0.12603994353218828,2,1,1,0.996478588197199,22.22986388206482
141,mc_0141,5.0,1.0,1.3934514901988686,20260966,17.033237458955394,17.033237458955394,0.0,True,100,2434,13,6,109,79,2355,1,0,109,0,2355,0.8545188695355191,0.8781195249945251,0.7326383945300441,6,6,True,False,False,2,1,101,14,2420,10,3,106,14,2406,0.9407231898907104,0.8692849385283596,0.8126140880231194,8,7,True,True,False,0.08620432035519121,-0.008834586466165417,0.07997569349307532,1,1,0,0.9970452521654659,22.821388959884644
142,mc_0142,5.0,1.0,3.874388295356129,20260967,16.729193224964888,16.729193224964888,0.0,True,96,2389,11,3,100,78,2311,0,0,100,0,2311,0.9159351462117855,0.8054792215688669,0.7428676659619551,7,6,True,False,False,1,1,97,41,2348,9,3,101,27,2321,0.9360747466216216,0.8050687153852613,0.7517429286251838,8,6,True,True,False,0.02013960040983609,-0.00041050618360560787,0.008875262663228689,0,1,0,0.9975714401359993,21.43242883682251
143,mc_0143,5.0,1.0,3.710283625979404,20260968,17.044626788618505,17.044626788618505,0.0,True,100,2419,11,4,104,69,2350,0,0,104,0,2350,0.9226647882513661,0.8954781945264975,0.8241712203112532,7,7,True,False,False,1,1,101,13,2406,11,4,107,36,2370,0.9407552083333333,0.9033281141109267,0.845832618164575,8,7,True,True,False,0.01809042008196715,0.007849919584429266,0.021661397853321773,0,1,0,0.9986238160770663,22.22749400138855
144,mc_0144,5.0,1.0,5.655283884759312,20260969,17.027820392426293,17.027820392426293,0.0,True,99,2468,12,4,106,55,2413,1,0,106,0,2413,0.9269232411202186,0.8424243603887197,0.7814778812257792,7,7,True,False,False,2,1,100,36,2432,12,4,105,41,2391,0.9393250512295082,0.8626581588252566,0.8055140219732488,8,7,True,True,False,0.012401810109289535,0.020233798436536943,0.024036140747469625,0,1,0,0.9976523921314661,21.617143154144287
145,mc_0145,5.0,1.0,4.910847799524339,20260970,17.027820392426293,17.027820392426293,0.0,True,101,2441,12,5,108,100,2341,0,0,108,0,2341,0.9044142759562841,0.8929362704124945,0.7976588931572446,7,6,True,False,False,1,1,102,45,2396,8,1,103,2,2394,0.9993169398907104,0.8769467815567016,0.8763065136291996,8,8,True,True,True,0.09490266393442626,-0.015989488855792877,0.07864762047195506,2,1,1,0.9963166842062657,21.703176021575928
146,mc_0146,5.0,1.0,1.995420697472911,20260971,16.914287329772122,16.914287329772122,0.0,True,97,2364,13,4,103,66,2298,0,0,103,0,2298,0.8807732170996383,0.8814702688922231,0.7788704227002465,7,6,True,False,False,1,1,98,18,2346,13,5,105,49,2297,0.8905708605422613,0.8935528339507699,0.7921954904237235,8,6,True,True,False,0.009797643442623016,0.012082565058546768,0.013325067723476969,0,1,0,0.998826196065733,21.368804216384888
147,mc_0147,5.0,1.0,1.676906743766534,20260972,16.830611544331223,16.830611544331223,0.0,True,97,2347,9,3,100,53,2294,0,0,100,0,2294,0.9179843265396543,0.8771586166832646,0.8135206930965846,7,7,True,False,False,1,1,98,14,2333,9,3,102,20,2313,0.9386789132882882,0.8823019681205859,0.8272111035984184,8,7,True,True,False,0.020694586748633892,0.005143351437321364,0.013690410501833838,0,1,0,0.9978547721201327,21.31470775604248
148,mc_0148,5.0,1.0,1.0528132805267483,20260973,17.023194609192984,17.023194609192984,0.0,True,101,2460,10,4,106,76,2384,1,0,106,0,2384,0.9202138078592093,0.9077778451828331,0.8433315568496267,7,7,True,False,False,2,1,102,32,2428,10,4,108,25,2403,0.9389232511652201,0.9010602255186979,0.8517490858791452,8,7,True,True,False,0.018709443306010876,-0.006717619664135199,0.008417529029518533,0,1,0,0.997530964138266,20.638038873672485
149,mc_0149,5.0,1.0,4.319791150221362,20260974,17.048388529750305,17.048388529750305,0.0,True,102,2445,13,5,109,90,2355,0,0,109,0,2355,0.8972801361106933,0.9026829371573227,0.8041895784183131,7,7,True,False,False,1,1,103,29,2416,11,4,109,36,2380,0.9166726395259939,0.9017504893753121,0.8234398926249914,8,7,True,True,False,0.01939250341530052,-0.0009324477820106258,0.01925031420667833,0,1,0,0.9980976281065328,21.051365852355957
150,mc_0150,5.0,1.0,3.2717472785524593,20260975,17.043204459850088,17.043204459850088,0.0,True,101,2421,13,5,108,59,2362,0,0,108,0,2362,0.9187585382513661,0.9104255284734153,0.8314925613163627,7,7,True,False,False,1,1,102,32,2389,10,2,104,3,2386,0.9940125512295082,0.9120473060260439,0.9066600346082447,8,8,True,True,True,0.07525401297814205,0.0016217775526286005,0.075167473291882,1,1,1,0.9972476321541326,20.531718254089355
151,mc_0151,5.0,1.0,2.0524573053727653,20260976,17.018295368341942,17.018295368341942,0.0,True,100,2448,11,5,108,63,2385,1,0,108,0,2385,0.8537585382513662,0.8966779836925569,0.764149579821161,6,6,True,False,False,2,1,101,42,2406,8,2,103,12,2394,0.9343169398907103,0.9133620195329846,0.8477149038201617,7,7,True,True,True,0.08055840163934413,0.016684035840427658,0.08356532399900063,1,1,1,0.9974500121427993,20.752551078796387
152,mc_0152,5.0,1.0,1.7811792503079829,20260977,17.027820392426293,17.027820392426293,0.0,True,98,2454,11,4,103,106,2348,1,1,104,9,2339,0.9226647882513661,0.8833569075386585,0.8171744837019621,7,7,True,False,False,1,1,99,70,2384,10,4,105,27,2357,0.9387380464480874,0.8802723751942502,0.8228196344825809,8,7,True,True,False,0.01607325819672134,-0.0030845323444083084,0.0056451507806187795,0,1,0,0.9977333441269327,20.099283933639526
153,mc_0153,5.0,1.0,1.5658391860024903,20260978,17.04193096544586,17.04193096544586,0.0,True,102,2444,10,3,108,26,2418,0,0,108,0,2418,0.9288763661202186,0.8384207180641061,0.7804005375166749,7,7,True,False,False,1,1,103,21,2423,10,3,108,11,2412,0.9407552083333333,0.8523566144552011,0.7973391352865391,8,7,True,True,False,0.011878842213114638,0.013935896391094937,0.016938597769864172,0,1,0,0.9985428640815996,20.684945821762085
154,mc_0154,5.0,1.0,6.230001387566834,20260979,17.00851762825272,17.00851762825272,0.0,True,100,2437,13,4,104,56,2381,0,0,104,0,2381,0.9193410492162783,0.889314656107825,0.8149963872881536,7,7,True,False,False,1,1,101,20,2417,12,4,107,31,2386,0.934827302631579,0.8898723437748877,0.8318613673624973,8,7,True,True,False,0.015486253415300633,0.0005576876670626563,0.016864980074343672,0,1,0,0.9986642920747997,20.4562509059906
155,mc_0155,5.0,1.0,4.636502159646031,20260980,16.729193224964888,16.729193224964888,0.0,True,97,2323,7,2,100,29,2294,0,0,100,0,2294,0.9254979877418401,0.8898030907754443,0.824332379776997,7,7,True,False,False,1,1,98,20,2303,8,3,102,22,2281,0.9346766079604194,0.9007583590767947,0.8401590630734945,8,7,True,True,False,0.009178620218579292,0.010955268301350407,0.0158266832964975,0,1,0,0.9981785801019996,19.690124034881592
156,mc_0156,5.0,1.0,5.872123652680315,20260981,17.027820392426293,17.027820392426293,0.0,True,101,2442,15,5,108,83,2359,0,0,108,0,2359,0.9125907750934714,0.9036815158072833,0.8258289292974403,7,7,True,False,False,1,1,102,19,2423,13,4,108,31,2392,0.9313002183994823,0.8983478903474107,0.8383594981437986,8,7,True,True,False,0.018709443306010876,-0.005333625459872593,0.012530568846358281,0,1,0,0.9981785801019996,20.565006256103516
157,mc_0157,5.0,1.0,3.2914382669487643,20260982,17.027820392426293,17.027820392426293,0.0,True,98,2452,10,4,104,90,2362,1,0,104,0,2362,0.9187585382513661,0.8527996458785017,0.7733156051145728,7,7,True,False,False,2,1,99,26,2426,7,1,100,2,2424,0.9986338797814207,0.8384221783949432,0.8371553810825131,8,8,True,True,True,0.0798753415300546,-0.014377467483558504,0.06383977596794033,1,1,1,0.9966809681858658,20.223352909088135
158,mc_0158,5.0,1.0,2.415852766926992,20260983,17.027820392426293,17.027820392426293,0.0,True,99,2432,15,7,109,83,2349,0,0,109,0,2349,0.8651956925282145,0.9039725576371878,0.7826924042951375,7,6,True,False,False,1,1,100,23,2409,13,6,109,42,2367,0.8858582608342254,0.9131072414840428,0.806844102805623,8,6,True,True,False,0.020662568306010876,0.009134683846855007,0.024151698510485486,0,1,0,0.9983000080951996,21.321332931518555
159,mc_0159,5.0,1.0,3.4141788759919938,20260984,17.043204459850088,17.043204459850088,0.0,True,102,2398,11,4,108,29,2369,0,0,108,0,2369,0.9194095799180328,0.8799439297590357,0.8093277040337995,7,7,True,False,False,1,1,103,10,2388,10,3,108,8,2380,0.9386419911202186,0.8934471025847169,0.8321635534105427,8,7,True,True,False,0.019232411202185773,0.013503172825681253,0.02283584937674321,0,1,0,0.998826196065733,21.13639807701111
160,mc_0160,5.0,1.0,1.4317544261085913,20260985,16.943170462956896,16.943170462956896,0.0,True,99,2391,11,3,102,69,2322,0,0,102,0,2322,0.9179843265396543,0.9056552656736481,0.8248623671381509,7,7,True,False,False,1,1,100,30,2361,10,3,104,29,2332,0.9366617514030424,0.899596186983521,0.8429424868190019,8,7,True,True,False,0.01867742486338808,-0.006059078690127118,0.018080119680850992,0,1,0,0.9976523921314661,19.783323049545288
161,mc_0161,5.0,1.0,0.8501229110902802,20260986,17.015217647302862,17.015217647302862,0.0,True,99,2470,9,3,104,77,2393,0,0,104,0,2393,0.9226647882513661,0.850426603837535,0.777928707522721,7,7,True,False,False,1,1,100,43,2427,7,1,101,2,2425,0.9966807547814207,0.8284081140289132,0.8258322412035867,8,8,True,True,True,0.0740159665300546,-0.022018489808621755,0.04790353368086564,1,1,1,0.9974904881405326,19.84689998626709
162,mc_0162,5.0,1.0,4.086904646805493,20260987,17.00923872699247,17.00923872699247,0.0,True,101,2427,10,3,105,54,2373,1,0,105,0,2373,0.9226647882513661,0.9049489042353599,0.8363537281040937,7,7,True,False,False,2,1,102,20,2407,10,3,107,14,2393,0.9420572916666667,0.9004752523056778,0.8466176192919534,8,7,True,True,False,0.019392503415300633,-0.0044736519296820765,0.010263891187859753,0,1,0,0.9983809600906662,20.441370010375977
163,mc_0163,5.0,1.0,1.1779033218899755,20260988,17.048388529750305,17.048388529750305,0.0,True,101,2417,12,5,108,61,2356,0,0,108,0,2356,0.9194095799180328,0.8999094336922815,0.8195651031376144,7,7,True,False,False,1,1,102,15,2402,11,4,108,14,2388,0.9393570696721312,0.8930706528150392,0.837404284648671,8,7,True,True,False,0.019947489754098324,-0.006838780877242323,0.017839181511056568,0,1,0,0.9983809600906662,21.030816078186035
164,mc_0164,5.0,1.0,5.306874709394365,20260989,17.044626788618505,17.044626788618505,0.0,True,99,2416,13,6,109,76,2340,0,0,109,0,2340,0.8648808877072035,0.8663854420269405,0.7348530033991353,7,5,True,False,False,1,1,100,20,2396,10,3,104,31,2365,0.944788247679881,0.8594041616458696,0.8072081524323179,8,6,True,True,True,0.0799073599726775,-0.00698128038107082,0.07235514903318263,1,1,1,0.9979357241155995,20.804391860961914
165,mc_0165,5.0,1.0,4.562823264355285,20260990,17.018295368341942,17.018295368341942,0.0,True,101,2445,10,3,104,67,2378,0,0,104,0,2378,0.9226647882513661,0.8734906314771771,0.8074146109050139,7,7,True,False,False,1,1,102,29,2416,10,3,107,21,2395,0.9407231898907104,0.8734268209062198,0.8183995595153974,8,7,True,True,False,0.018058401639344246,-6.381057095727893e-05,0.010984948610383571,0,1,0,0.9973690601473326,20.011893033981323
166,mc_0166,5.0,1.0,4.788133611685821,20260991,17.015217647302862,17.015217647302862,0.0,True,98,2470,16,7,109,138,2332,1,0,109,0,2332,0.8913080601092896,0.9195841888992623,0.810892249008552,7,6,True,False,False,2,1,101,45,2425,13,5,108,55,2370,0.9307974726775956,0.9098185638992623,0.8412224464750199,7,7,True,False,False,0.03948941256830596,-0.009765625,0.030330197466467923,1,0,0,0.9967619201813325,20.86026883125305
167,mc_0167,5.0,1.0,5.975593791434011,20260992,17.044626788618505,17.044626788618505,0.0,True,101,2431,11,5,108,77,2354,1,0,108,0,2354,0.9213627049180328,0.9198696685055787,0.8508649297818983,7,7,True,False,False,2,1,102,35,2396,10,4,108,13,2383,0.9407231898907104,0.9169727945433512,0.8634932873791361,8,7,True,True,False,0.019360484972677505,-0.0028968739622274864,0.012628357597237794,0,1,0,0.9980976281065328,21.000291109085083
168,mc_0168,5.0,1.0,1.9360063115332593,20260993,17.00923872699247,17.00923872699247,0.0,True,99,2470,13,5,108,101,2369,0,0,108,0,2369,0.8900888134807239,0.851108022855912,0.7741120048651167,7,6,True,False,False,1,1,100,53,2417,12,4,106,26,2391,0.9120534651200682,0.8419650265656496,0.7818028713115777,8,6,True,True,False,0.021964651639344357,-0.009142996290262384,0.007690866446460998,0,1,0,0.9976523921314661,20.372583866119385
169,mc_0169,5.0,1.0,3.4784595550775466,20260994,17.006661643324875,17.006661643324875,0.0,True,99,2498,14,5,107,114,2384,2,0,107,0,2384,0.878591059275831,0.8785702848174144,0.7757885968630613,7,6,True,False,False,3,1,100,62,2436,14,6,109,75,2361,0.8864355777184539,0.879926676432366,0.7823033924553366,8,6,True,True,False,0.007844518442622905,0.001356391614951602,0.006514795592275302,0,1,0,0.9972071561563992,21.011502742767334
170,mc_0170,5.0,1.0,3.2284859397226473,20260995,17.03217902952042,17.03217902952042,0.0,True,102,2463,13,4,108,64,2399,1,0,108,0,2399,0.9194095799180328,0.8486254266202966,0.774376500865334,7,7,True,False,False,2,1,103,32,2431,11,3,108,13,2418,0.9393890881147541,0.8523994600490075,0.79769002562934,8,7,True,True,False,0.01997950819672123,0.0037740334287108546,0.023313524764005944,0,1,0,0.9979357241155995,21.473907947540283
171,mc_0171,5.0,1.0,4.841000127477869,20260996,17.058791019808645,17.058791019808645,0.0,True,101,2407,12,5,109,64,2343,0,0,109,0,2343,0.8971067273587507,0.9127015774443825,0.8122221472568172,7,6,True,False,False,1,1,102,2,2405,12,5,109,46,2359,0.9115577177959091,0.9139073158340669,0.8271694024601416,8,6,True,True,False,0.014450990437158362,0.0012057383896844076,0.014947255203324405,0,1,0,0.9991904800453331,21.9112651348114
172,mc_0172,5.0,1.0,4.533455067820078,20260997,16.82746389211387,16.82746389211387,0.0,True,96,2351,10,3,99,45,2306,0,0,99,0,2306,0.9179843265396543,0.8534024722691511,0.774459370810111,7,7,True,False,False,1,1,97,23,2328,10,3,101,20,2308,0.937344811512332,0.8537539249401914,0.7964784896728228,8,7,True,True,False,0.019360484972677616,0.00035145267104030875,0.022019118862711795,0,1,0,0.9981381041042662,22.99475598335266
173,mc_0173,5.0,1.0,4.918687524989886,20260998,17.040104933363203,17.040104933363203,0.0,True,101,2415,11,4,107,52,2363,0,0,107,0,2363,0.9194095799180328,0.8827816283683378,0.8031276494665677,7,7,True,False,False,1,1,102,12,2403,10,3,107,9,2394,0.9407231898907104,0.8786654308851687,0.823587096635735,8,7,True,True,False,0.021313609972677505,-0.0041161974831691595,0.020459447169167366,0,1,0,0.9984214360883996,25.046921968460083
174,mc_0174,5.0,1.0,2.521164587628606,20260999,17.027820392426293,17.027820392426293,0.0,True,101,2398,13,5,108,60,2338,1,0,108,0,2338,0.916958599525876,0.9300445598925438,0.8496317611625767,7,7,True,False,False,2,1,102,22,2376,11,4,107,26,2350,0.9383042279411764,0.9300243364694255,0.8725558769086066,8,7,True,True,False,0.02134562841530041,-2.022342311824854e-05,0.022924115746029927,0,1,0,0.9978952481178661,25.364629983901978
175,mc_0175,5.0,1.0,0.9018122019819603,20261000,17.06087606119076,17.06087606119076,0.0,True,102,2395,10,3,108,27,2368,0,0,108,0,2368,0.9269232411202186,0.8962559384552755,0.8309251321957232,7,7,True,False,False,1,1,103,4,2391,10,3,108,9,2382,0.94140625,0.9013248580393558,0.8468867917174241,8,7,True,True,False,0.014483008879781378,0.005068919584080289,0.01596165952170092,0,1,0,0.9991095280498664,25.37147092819214
176,mc_0176,5.0,1.0,3.2452195861094615,20261001,17.027820392426293,17.027820392426293,0.0,True,100,2436,11,4,107,44,2392,0,0,107,0,2392,0.9213627049180328,0.8664684919163776,0.7964417820512102,7,7,True,False,False,1,1,101,38,2398,9,3,106,8,2390,0.937467981557377,0.8713030958355602,0.816690328793203,8,7,True,True,False,0.016105276639344135,0.004834603919182556,0.020248546741992834,0,1,0,0.9983809600906662,25.115111112594604
177,mc_0177,5.0,1.0,1.0859077703861257,20261002,17.015217647302862,17.015217647302862,0.0,True,95,2437,14,8,107,137,2300,1,0,107,0,2300,0.8637676437955318,0.9171296296296296,0.7916816877656103,7,6,True,False,False,2,1,96,32,2405,13,7,106,95,2310,0.8872264894239471,0.916844063689858,0.808314058805925,8,6,True,True,False,0.02345884562841527,-0.0002855659397715815,0.016632371040314675,0,1,0,0.9982190560997328,25.19679284095764
178,mc_0178,5.0,1.0,3.441002236587249,20261003,17.027820392426293,17.027820392426293,0.0,True,102,2421,10,4,108,58,2363,0,0,108,0,2363,0.9187585382513661,0.9115074408200241,0.8316261111394625,7,7,True,False,False,1,1,103,15,2406,7,1,104,2,2404,0.9993169398907104,0.9080499374678077,0.9074028217549849,8,8,True,True,True,0.08055840163934425,-0.0034575033522163956,0.07577671061552238,1,1,1,0.9979357241155995,24.935220956802368
179,mc_0179,5.0,1.0,2.511830461744461,20261004,17.00923872699247,17.00923872699247,0.0,True,99,2479,10,3,103,102,2377,0,0,103,0,2377,0.9226647882513661,0.8853169881659735,0.8208265999796995,7,7,True,False,False,1,1,100,68,2411,10,3,105,25,2386,0.9400401297814207,0.8692185746455893,0.8189065840539564,8,7,True,True,False,0.0173753415300546,-0.016098413520384214,-0.0019200159257430904,0,1,0,0.9965595401926658,24.502818822860718
180,mc_0180,5.0,1.0,0.4931574875844483,20261005,17.015217647302862,17.015217647302862,0.0,True,99,2461,10,3,103,73,2388,0,0,103,0,2388,0.9226647882513661,0.8626104252090129,0.8038051283468943,7,7,True,False,False,1,1,100,36,2425,8,1,101,2,2423,0.9979508196721312,0.8531460248789193,0.8513052831281694,8,8,True,True,True,0.07528603142076506,-0.009464400330093548,0.04750015478127512,1,1,1,0.9976928681291994,24.29409170150757
181,mc_0181,5.0,1.0,0.8011306424531383,20261006,17.012886370901654,17.012886370901654,0.0,True,100,2445,9,3,105,40,2405,0,0,105,0,2405,0.9265710382513661,0.8660212944208472,0.8042538507657703,8,7,True,True,False,1,1,101,29,2416,9,3,106,12,2404,0.9407552083333333,0.8593414392569911,0.8066407511835967,8,7,True,True,False,0.014184170081967151,-0.006679855163856052,0.0023869004178264097,0,0,0,0.9985023880838663,25.119856119155884
182,mc_0182,5.0,1.0,1.1862919714952491,20261007,17.040104933363203,17.040104933363203,0.0,True,101,2407,9,3,107,25,2382,0,0,107,0,2382,0.9269232411202186,0.8911252044570588,0.8180484455772773,7,7,True,False,False,1,1,102,1,2406,9,3,107,8,2398,0.9407231898907104,0.8911252044570588,0.8318483943477691,8,7,True,True,False,0.013799948770491732,0.0,0.013799948770491843,0,1,0,0.9991904800453331,25.428963899612427
183,mc_0183,5.0,1.0,5.436458181091691,20261008,17.034607659265447,17.034607659265447,0.0,True,100,2427,13,6,109,124,2303,0,0,109,0,2303,0.8913080601092896,0.9306987746157165,0.8282494470181503,7,6,True,False,False,1,1,101,58,2369,8,3,106,18,2351,0.9375,0.9015979558403844,0.8485617236227148,8,7,True,True,False,0.046191939890710354,-0.029100818775332105,0.020312276604564472,1,1,0,0.9965190641949324,25.872626066207886
184,mc_0184,5.0,1.0,0.05648608254604177,20261009,17.040104933363203,17.040104933363203,0.0,True,100,2414,14,5,110,55,2359,1,0,110,0,2359,0.8841515954780168,0.9374500072982046,0.8274306661127422,7,6,True,False,False,2,1,101,20,2394,14,5,110,33,2361,0.8953153591392189,0.9467429745177423,0.8439032938121684,8,6,True,True,False,0.011163763661202086,0.009292967219537651,0.016472627699426257,0,1,0,0.9988666720634664,25.907737016677856
185,mc_0185,5.0,1.0,1.3489761825702182,20261010,17.040104933363203,17.040104933363203,0.0,True,102,2448,13,5,111,77,2371,0,0,111,0,2371,0.8792421009424977,0.8981153776313415,0.7945350024583434,7,6,True,False,False,1,1,103,32,2416,11,4,110,31,2385,0.8953793960244649,0.8997484307749226,0.8064105894302076,8,6,True,True,False,0.016137295081967262,0.0016330531435810869,0.011875586971864194,0,1,0,0.9985428640815996,25.81456995010376
186,mc_0186,5.0,1.0,3.9027067618291365,20261011,17.044626788618505,17.044626788618505,0.0,True,100,2448,13,6,108,104,2344,2,0,108,0,2344,0.8880208333333333,0.8537615496190104,0.7417823829523438,7,6,True,False,False,3,1,102,29,2419,8,1,103,2,2417,0.9979508196721312,0.8402157071257995,0.8382749365680077,8,8,True,True,True,0.10992998633879791,-0.013545842493210891,0.09649255361566389,2,1,1,0.9963166842062657,25.247798919677734
187,mc_0187,5.0,1.0,4.548086678954149,20261012,17.027820392426293,17.027820392426293,0.0,True,102,2464,13,5,109,72,2392,0,0,109,0,2392,0.8586821483180429,0.8397476407177682,0.7501547172445215,7,6,True,True,False,0,0,102,0,2464,13,5,109,72,2392,0.8586821483180429,0.8397476407177682,0.7501547172445215,7,6,True,True,False,0.0,0.0,0.0,0,0,0,1.0,25.59200406074524
188,mc_0188,5.0,1.0,5.75636573953744,20261013,17.027820392426293,17.027820392426293,0.0,True,99,2425,11,6,107,104,2321,0,0,107,0,2321,0.8779400176091643,0.9561424164761894,0.8400003488719957,7,6,True,False,False,1,1,100,15,2410,11,6,110,71,2339,0.8959984192485085,0.958221900991342,0.8560150195562422,8,6,True,True,False,0.018058401639344246,0.0020794845151526076,0.016014670684246446,0,1,0,0.998947624058933,25.546149015426636
189,mc_0189,5.0,1.0,3.425569117689809,20261014,17.027820392426293,17.027820392426293,0.0,True,101,2417,12,5,108,50,2367,0,0,108,0,2367,0.9194095799180328,0.9128833006941421,0.8388208632584182,7,7,True,False,False,1,1,102,19,2398,10,4,108,10,2388,0.94140625,0.9175739231777292,0.8654148322686384,8,7,True,True,False,0.02199667008196715,0.0046906224835870924,0.026593969010220153,0,1,0,0.9985023880838663,25.13435387611389
190,mc_0190,5.0,1.0,1.1924867673481567,20261015,17.023194609192984,17.023194609192984,0.0,True,101,2466,10,3,106,93,2373,0,0,106,0,2373,0.9060958806462125,0.8980043899115591,0.818148725885433,7,7,True,False,False,1,1,102,51,2415,11,4,109,31,2384,0.9173236811926606,0.8994730580731223,0.825150150522452,8,7,True,True,False,0.011227800546448119,0.0014686681615632136,0.007001424637019027,0,1,0,0.9978547721201327,24.96793794631958
191,mc_0191,5.0,1.0,2.502622515376996,20261016,17.043204459850088,17.043204459850088,0.0,True,100,2417,11,5,107,79,2338,0,0,107,0,2338,0.9163075578592093,0.9161405412196779,0.8343949443827181,7,7,True,False,False,1,1,101,31,2386,8,2,103,7,2379,0.9955318577225972,0.9118001068304638,0.9075485948864062,8,8,True,True,True,0.07922429986338797,-0.004340434389214165,0.07315365050368805,1,1,1,0.9972071561563992,25.10530686378479
192,mc_0192,5.0,1.0,4.7155635866786065,20261017,17.027820392426293,17.027820392426293,0.0,True,99,2470,16,8,110,118,2352,0,0,110,0,2352,0.8881976176011166,0.8759692147434033,0.775923244013381,7,7,True,False,False,1,1,100,18,2452,15,7,110,72,2380,0.9101302507978379,0.8813282390669175,0.7948885854213794,8,7,True,True,False,0.02193263319672134,0.0053590243235142054,0.018965341407998437,0,1,0,0.9986238160770663,26.216583728790283
193,mc_0193,5.0,1.0,3.0815137144013662,20261018,17.04193096544586,17.04193096544586,0.0,True,102,2381,12,4,108,27,2354,0,0,108,0,2354,0.9194095799180328,0.9105974144341847,0.839743323836647,7,7,True,False,False,1,1,103,2,2379,11,3,108,8,2371,0.9407231898907104,0.9233617293721066,0.8640923438292223,8,7,True,True,False,0.021313609972677505,0.01276431493792185,0.024349019992575327,0,1,0,0.999069052052133,25.513608932495117
194,mc_0194,5.0,1.0,0.8028544155272664,20261019,17.027820392426293,17.027820392426293,0.0,True,102,2458,13,4,108,66,2392,0,0,108,0,2392,0.8779400176091643,0.8847631535824689,0.7695523885295308,7,6,True,False,False,1,1,103,36,2422,12,4,110,31,2391,0.8940132758058856,0.8846355147804708,0.7854799655267097,8,6,True,True,False,0.01607325819672134,-0.00012763880199817557,0.01592757699717895,0,1,0,0.9985833400793329,25.01013994216919
195,mc_0195,5.0,1.0,5.778600541363857,20261020,17.044626788618505,17.044626788618505,0.0,True,102,2435,10,4,110,59,2376,0,0,110,0,2376,0.8815474288113501,0.86975123510847,0.7686321726045027,7,6,True,False,False,1,1,103,18,2417,8,2,106,21,2396,0.9539411275818419,0.8770304994481337,0.8392330887722561,8,7,True,True,True,0.07239369877049184,0.007279264339663749,0.07060091616775344,1,1,1,0.9983809600906662,24.534397840499878
196,mc_0196,5.0,1.0,5.299482747030459,20261021,17.034607659265447,17.034607659265447,0.0,True,100,2470,11,4,108,77,2393,0,0,108,0,2393,0.9266030566939891,0.875095586131982,0.8157570619889011,7,7,True,False,False,2,1,102,64,2406,10,4,108,51,2355,0.9297942281420766,0.8889673238927834,0.8229172357129282,8,7,True,True,False,0.0031911714480874487,0.013871737760801417,0.007160173724027108,0,1,0,0.9976523921314661,22.19158625602722
197,mc_0197,5.0,1.0,4.221696742020495,20261022,17.015217647302862,17.015217647302862,0.0,True,99,2478,11,4,106,78,2400,0,0,106,0,2400,0.9010138677087305,0.8551750481202989,0.7925547834089381,7,7,True,False,False,1,1,100,56,2422,9,3,105,14,2408,0.9170551074628288,0.8593024137776994,0.8011205003621664,8,7,True,True,False,0.016041239754098324,0.004127365657400572,0.008565716953228275,0,1,0,0.9977333441269327,21.096211910247803
198,mc_0198,5.0,1.0,6.077658456185961,20261023,17.027820392426293,17.027820392426293,0.0,True,99,2485,12,3,104,82,2403,0,0,104,0,2403,0.9194095799180328,0.7835007939479723,0.7125140246749015,7,6,True,False,False,1,1,100,38,2447,10,2,104,12,2435,0.9407552083333333,0.7842783812999099,0.7300503533569287,8,6,True,True,False,0.02134562841530041,0.0007775873519375587,0.017536328682027147,0,1,0,0.9975714401359993,20.697572231292725
199,mc_0199,5.0,1.0,2.334386020064836,20261024,17.018295368341942,17.018295368341942,0.0,True,100,2445,12,4,107,63,2382,0,0,107,0,2382,0.9213627049180328,0.8728487941503997,0.7967809870038661,7,7,True,False,False,1,1,101,31,2414,10,3,106,12,2402,0.9400401297814207,0.8678736182842607,0.812269555260618,8,7,True,True,False,0.01867742486338786,-0.004975175866139048,0.015488568256751822,0,1,0,0.9983000080951996,21.34808087348938
200,mc_0200,5.0,1.0,3.762793838623648,20261025,17.048388529750305,17.048388529750305,0.0,True,102,2415,11,4,108,53,2362,0,0,108,0,2362,0.9194095799180328,0.8958353017784588,0.828317240975569,7,7,True,False,False,1,1,103,23,2392,8,1,104,2,2390,0.9972997780054644,0.9023103805655959,0.8997721037719835,8,8,True,True,True,0.07789019808743158,0.006475078787137045,0.07145486279641444,1,1,1,0.9983809600906662,20.52603316307068
201,mc_0201,5.0,1.0,2.8201597342233855,20261026,17.015217647302862,17.015217647302862,0.0,True,99,2439,12,4,106,38,2401,0,0,106,0,2401,0.9213627049180328,0.8120486959067597,0.7399854603379945,7,7,True,False,False,1,1,100,16,2423,10,3,105,8,2415,0.94140625,0.811989780049041,0.7612693062159435,8,7,True,True,False,0.02004354508196715,-5.8915857718666587e-05,0.02128384587794896,0,1,0,0.998947624058933,20.53698492050171
202,mc_0202,5.0,1.0,2.1712490465011345,20261027,17.012886370901654,17.012886370901654,0.0,True,100,2464,11,2,103,42,2422,0,0,103,0,2422,0.9301784494535519,0.8344281970368194,0.7676001865461819,7,7,True,False,False,1,1,101,32,2432,11,3,106,18,2414,0.9380870047814207,0.8366452731097952,0.7831480211480883,8,7,True,True,False,0.007908555327868827,0.002217076072975832,0.015547834601906452,0,1,0,0.9977333441269327,20.048995971679688
203,mc_0203,5.0,1.0,5.9782942722993315,20261028,17.056517795515415,17.056517795515415,0.0,True,100,2396,12,6,108,60,2336,0,0,108,0,2336,0.9071546779572485,0.8914219550868512,0.7995304343759531,7,6,True,False,False,1,1,101,2,2394,11,5,108,31,2363,0.928500306372549,0.8914219550868512,0.8208760627912537,8,6,True,True,False,0.02134562841530052,0.0,0.021345628415300633,0,1,0,0.9987452440702663,20.870460271835327
204,mc_0204,5.0,1.0,0.066496242255424,20261029,17.015217647302862,17.015217647302862,0.0,True,101,2489,9,3,105,82,2407,0,0,105,0,2407,0.9225687329234973,0.8481563145131144,0.7864783163093265,7,7,True,False,False,1,1,102,48,2441,9,3,107,17,2424,0.9401041666666667,0.8456096587735238,0.7923689180327831,8,7,True,True,False,0.01753543374316946,-0.0025466557395905642,0.005890601723456568,0,1,0,0.9976928681291994,23.38187885284424
205,mc_0205,5.0,1.0,5.822943068589747,20261030,17.040104933363203,17.040104933363203,0.0,True,102,2425,10,4,108,65,2360,0,0,108,0,2360,0.9213627049180328,0.8957069583853238,0.8255606902006305,7,7,True,False,False,1,1,103,18,2407,9,3,108,16,2391,0.9387380464480874,0.8887806616842109,0.8365295734249407,8,7,True,True,False,0.0173753415300546,-0.006926296701112888,0.010968883224310222,0,1,0,0.9981785801019996,24.91977882385254
206,mc_0206,5.0,1.0,1.7727586885998188,20261031,17.044626788618505,17.044626788618505,0.0,True,101,2421,11,4,105,37,2384,0,0,105,0,2384,0.9226647882513661,0.8648625031553495,0.7939792198279806,7,7,True,False,False,1,1,102,10,2411,10,4,107,26,2385,0.94140625,0.8721310626210934,0.8144068310199063,8,7,True,True,False,0.018741461748633892,0.007268559465743896,0.02042761119192571,0,1,0,0.9989071480611997,25.1318678855896
207,mc_0207,5.0,1.0,1.7799523532302823,20261032,17.023194609192984,17.023194609192984,0.0,True,102,2466,11,4,109,49,2417,0,0,109,0,2417,0.8612721994535519,0.8623393130825092,0.7432454843615921,6,6,True,False,False,1,1,103,35,2431,8,2,105,6,2425,0.9302826161202186,0.8809480703706492,0.8117154591412032,7,7,True,True,True,0.06901041666666663,0.018608757288139932,0.06846997477961114,1,1,1,0.9978142961223995,26.675682067871094
208,mc_0208,5.0,1.0,2.301247901276648,20261033,17.027820392426293,17.027820392426293,0.0,True,99,2433,13,6,110,91,2342,1,0,110,0,2342,0.8386204888266406,0.8962755444640127,0.7503085742247977,6,6,True,False,False,2,1,100,9,2424,11,4,106,65,2359,0.9103631459304657,0.9048185331825038,0.821930544813084,7,7,True,True,True,0.0717426571038251,0.008542988718491129,0.07162197058828634,1,1,1,0.9985833400793329,26.605184078216553
209,mc_0209,5.0,1.0,4.207843333611163,20261034,17.048388529750305,17.048388529750305,0.0,True,102,2390,11,3,106,36,2354,0,0,106,0,2354,0.9015087246829097,0.9003726108645462,0.8076055279734031,7,6,True,False,False,1,1,103,1,2389,12,4,109,26,2363,0.9127045067867349,0.9069668221460241,0.8202736119596461,8,6,True,True,False,0.011195782103825214,0.0065942112814778575,0.012668083986242973,0,1,0,0.9993119080385332,25.936580896377563
210,mc_0210,5.0,1.0,5.677315047834505,20261035,17.048388529750305,17.048388529750305,0.0,True,101,2412,12,4,108,39,2373,1,0,108,0,2373,0.9269232411202186,0.9026423954478906,0.8423079698836433,7,7,True,False,False,2,1,102,27,2385,12,4,108,16,2369,0.9386740095628415,0.9178701687535833,0.8608995614016572,8,7,True,True,False,0.011750768442622905,0.015227773305692693,0.018591591518013928,0,1,0,0.9983000080951996,25.816844940185547
211,mc_0211,5.0,1.0,5.465705822630189,20261036,17.040104933363203,17.040104933363203,0.0,True,102,2412,11,4,108,37,2375,0,0,108,0,2375,0.9213627049180328,0.8834939383554841,0.807043785312463,7,7,True,False,False,1,1,103,5,2407,10,3,108,10,2397,0.941374231557377,0.8838907637523095,0.8269546354054155,8,7,True,True,False,0.020011526639344135,0.0003968253968253954,0.01991085009295246,0,1,0,0.9987857200679997,25.498862266540527
212,mc_0212,5.0,1.0,1.7828129281005238,20261037,16.919881688903413,16.919881688903413,0.0,True,98,2359,8,2,101,37,2322,0,0,101,0,2322,0.9254979877418401,0.9020511332890554,0.8294727548468456,7,7,True,False,False,1,1,99,17,2342,9,3,103,20,2322,0.9386789132882882,0.9067108360044112,0.8457316904241143,8,7,True,True,False,0.013180925546448119,0.004659702715355762,0.016258935577268763,0,1,0,0.9983809600906662,23.728248119354248
213,mc_0213,5.0,1.0,4.405308840345369,20261038,17.023194609192984,17.023194609192984,0.0,True,102,2451,12,3,105,45,2406,0,0,105,0,2406,0.9226647882513661,0.8656431822118564,0.7944689986056076,7,7,True,False,False,1,1,103,24,2427,12,3,108,11,2416,0.9360698428961749,0.8527099630531791,0.7989923391823369,8,7,True,True,False,0.01340505464480879,-0.01293321915867729,0.004523340576729318,0,1,0,0.9987857200679997,23.904990911483765
214,mc_0214,5.0,1.0,1.3952144595045248,20261039,16.995455186982912,16.995455186982912,0.0,True,98,2463,10,4,103,76,2387,0,0,103,0,2387,0.91884768764063,0.8673132950981387,0.8053352920102237,7,7,True,False,False,1,1,99,42,2421,10,4,105,25,2396,0.9389552696078431,0.8622483472316707,0.8142616525537995,8,7,True,True,False,0.020107581967213184,-0.00506494786646805,0.008926360543575762,0,1,0,0.9976928681291994,23.036295890808105
215,mc_0215,5.0,1.0,3.449483804533661,20261040,17.040104933363203,17.040104933363203,0.0,True,102,2441,9,3,105,58,2383,0,0,105,0,2383,0.9226647882513661,0.9132953449231088,0.8426138665686704,7,7,True,False,False,1,1,103,28,2413,9,3,108,11,2402,0.9407231898907104,0.9102503066542962,0.8596187235893351,8,7,True,True,False,0.018058401639344246,-0.0030450382688126387,0.017004857020664677,0,1,0,0.9983404840929329,22.898894786834717
216,mc_0216,5.0,1.0,1.9439310169952213,20261041,16.827338515316328,16.827338515316328,0.0,True,96,2344,10,4,101,67,2277,0,0,101,0,2277,0.8529843265396544,0.9174007625516246,0.7817873627496941,6,6,True,False,False,1,1,97,22,2322,10,4,102,32,2290,0.8716617514030425,0.9133210548488397,0.7941849447229561,7,6,True,True,False,0.01867742486338808,-0.004079707702784874,0.012397581973262017,0,1,0,0.9980166761110661,19.59940814971924
217,mc_0217,5.0,1.0,2.080223352259934,20261042,17.040104933363203,17.040104933363203,0.0,True,100,2408,13,6,109,74,2334,1,0,109,0,2334,0.874684809275831,0.9053958892842437,0.7814408306281472,7,6,True,False,False,2,1,101,19,2389,12,5,109,39,2350,0.8939492389206397,0.9079751922681193,0.8037886138415431,8,6,True,True,False,0.019264429644808678,0.002579302983875542,0.022347783213395922,0,1,0,0.9983000080951996,21.093589067459106
218,mc_0218,5.0,1.0,4.442228358673705,20261043,17.027820392426293,17.027820392426293,0.0,True,101,2419,13,5,109,75,2344,0,0,109,0,2344,0.874684809275831,0.9357491113106029,0.8209691260800758,7,6,True,False,False,1,1,102,21,2398,10,2,105,18,2380,0.9526390442485085,0.9392503149520124,0.8922548415996998,8,7,True,True,True,0.0779542349726775,0.0035012036414094894,0.07128571551962404,1,1,1,0.9982190560997328,21.05661702156067
219,mc_0219,5.0,1.0,5.787507243924354,20261044,17.023194609192984,17.023194609192984,0.0,True,100,2455,14,6,110,92,2363,0,0,110,0,2363,0.9079118257131398,0.9208077317079062,0.8394447625635202,7,7,True,False,False,1,1,101,54,2401,12,5,108,43,2358,0.9214129356858174,0.9135703621120649,0.8453455074072718,8,7,True,True,False,0.013501109972677616,-0.007237369595841314,0.005900744843751582,0,1,0,0.9980166761110661,22.71914529800415
220,mc_0220,5.0,1.0,2.778085390359609,20261045,16.975102744849252,16.975102744849252,0.0,True,99,2471,11,3,102,70,2401,3,0,102,0,2401,0.9213627049180328,0.8223861399775122,0.7536848737801558,7,7,True,False,False,4,1,100,33,2438,11,3,104,23,2415,0.939453125,0.8188420948752306,0.7726185026188246,8,7,True,True,False,0.01809042008196715,-0.0035440451022815678,0.01893362883866878,0,1,0,0.9980571521087995,21.472606897354126
221,mc_0221,5.0,1.0,3.5316183880507706,20261046,17.056517795515415,17.056517795515415,0.0,True,100,2396,10,3,104,38,2358,0,0,104,0,2358,0.9301784494535519,0.8800243264954599,0.8112728077630528,7,7,True,False,False,1,1,101,6,2390,11,4,107,18,2372,0.9393250512295082,0.8783225560436896,0.8193671931200949,8,7,True,True,False,0.009146601775956276,-0.0017017704517703347,0.0080943853570421,0,1,0,0.998947624058933,22.151202917099
222,mc_0222,5.0,1.0,0.38085805243176835,20261047,16.845794541725994,16.845794541725994,0.0,True,94,2365,10,2,99,60,2305,0,0,99,0,2305,0.9288763661202186,0.818518765440794,0.7678895648115934,7,7,True,False,False,1,1,95,47,2318,11,3,99,39,2279,0.937958931010929,0.8366150660137301,0.7782198404606798,8,7,True,True,False,0.009082564890710354,0.018096300572936097,0.010330275649086396,0,1,0,0.9973285841495992,20.613085746765137
223,mc_0223,5.0,1.0,0.5059120484247044,20261048,17.018295368341942,17.018295368341942,0.0,True,99,2495,12,4,104,106,2389,0,0,104,0,2389,0.9212986680327868,0.8743934884037821,0.8017290882547508,7,7,True,False,False,1,1,100,70,2425,12,4,106,22,2403,0.9407231898907104,0.8524768791292182,0.8069541367283433,8,7,True,True,False,0.019424521857923538,-0.021916609274563847,0.0052250484735925085,0,1,0,0.9975714401359993,22.077401876449585
224,mc_0224,5.0,1.0,4.791631522912502,20261049,16.82746389211387,16.82746389211387,0.0,True,96,2365,13,6,103,105,2260,1,0,103,0,2260,0.8686723999341498,0.9263757917632227,0.8104419040493551,7,6,True,False,False,2,1,97,46,2319,11,6,105,56,2263,0.8867628200161171,0.9367093307732324,0.8324796169223543,8,6,True,True,False,0.018090420081967262,0.010333539010009662,0.02203771287299916,0,1,0,0.9973690601473326,23.059830904006958
225,mc_0225,5.0,1.0,1.7755976403479343,20261050,17.048388529750305,17.048388529750305,0.0,True,102,2383,8,2,105,19,2364,0,0,105,0,2364,0.9301784494535519,0.9114396809436855,0.8467099267504301,7,7,True,False,False,1,1,103,7,2376,9,3,108,7,2369,0.9386419911202186,0.9180186283121066,0.8566606194323252,8,7,True,True,False,0.00846354166666674,0.006578947368421018,0.00995069268189508,0,1,0,0.9991500040475998,24.27510905265808
226,mc_0226,5.0,1.0,0.2529911273304378,20261051,17.048388529750305,17.048388529750305,0.0,True,99,2443,14,7,110,108,2335,0,0,110,0,2335,0.8775994667117862,0.928471420534253,0.8060708872460393,7,6,True,False,False,1,1,102,14,2429,12,5,110,45,2384,0.9159895794167043,0.9205481670921316,0.8407869741001465,8,7,True,True,False,0.0383901127049181,-0.007923253442121414,0.03471608685410721,1,1,0,0.9979357241155995,24.834062099456787
227,mc_0227,5.0,1.0,2.045015659891393,20261052,16.823775898177065,16.823775898177065,0.0,True,96,2323,9,3,100,56,2267,0,0,100,0,2267,0.9179843265396543,0.9021617187530344,0.8322955143148172,7,7,True,False,False,1,1,97,30,2293,7,1,98,2,2291,0.993985436512332,0.8992906075222331,0.8943995195265865,8,8,True,True,True,0.07600110997267762,-0.0028711112308013043,0.062104005211769286,1,1,1,0.9980571521087995,21.690253973007202
228,mc_0228,5.0,1.0,6.050901819971508,20261053,17.027820392426293,17.027820392426293,0.0,True,101,2437,9,3,104,78,2359,1,0,104,0,2359,0.9226647882513661,0.8726862381616186,0.809711739402825,7,7,True,False,False,2,1,102,35,2402,9,3,107,17,2385,0.9420572916666667,0.8799077506528834,0.826050117639159,8,7,True,True,False,0.019392503415300633,0.007221512491264792,0.016338378236333995,0,1,0,0.9977333441269327,23.541969299316406
229,mc_0229,5.0,1.0,2.1516557360614548,20261054,17.027820392426293,17.027820392426293,0.0,True,100,2407,10,4,107,53,2354,0,0,107,0,2354,0.9187585382513661,0.9019539650401737,0.8238349908085505,7,7,True,False,False,1,1,101,24,2383,7,1,102,2,2381,0.9986979166666667,0.9003434682716438,0.8993158635641325,8,8,True,True,True,0.07993937841530063,-0.0016104967685298677,0.07548087275558202,1,1,1,0.9976928681291994,23.747465133666992
230,mc_0230,5.0,1.0,3.753010125861641,20261055,17.048388529750305,17.048388529750305,0.0,True,102,2386,11,4,108,37,2349,0,0,108,0,2349,0.9194095799180328,0.8977672560641292,0.8171768359821621,7,7,True,False,False,1,1,103,5,2381,10,3,108,7,2374,0.939421106557377,0.8977672560641292,0.8371883626215063,8,7,True,True,False,0.020011526639344135,0.0,0.020011526639344246,0,1,0,0.9987452440702663,24.64953112602234
231,mc_0231,5.0,1.0,1.5892769390402945,20261056,16.85484258107372,16.85484258107372,0.0,True,96,2355,9,4,103,106,2249,1,0,103,0,2249,0.9147291182063211,0.9308920014288775,0.8473229962176614,7,7,True,False,False,2,1,97,51,2304,6,1,98,2,2302,0.990474080638015,0.9032134300003061,0.8945748463617225,8,8,True,True,True,0.07574496243169393,-0.02767857142857144,0.04725185014406108,1,1,1,0.996478588197199,22.947856903076172
232,mc_0232,5.0,1.0,0.9079060623006825,20261057,17.040104933363203,17.040104933363203,0.0,True,102,2462,11,4,108,88,2374,0,0,108,0,2374,0.922728825136612,0.8997739782726231,0.8251555982103178,7,7,True,False,False,1,1,103,53,2409,9,3,108,19,2390,0.9368489583333334,0.8969994166183444,0.837636656362727,7,7,True,False,False,0.01412013319672134,-0.0027745616542786955,0.012481058152409186,0,0,0,0.9982190560997328,22.29088807106018
233,mc_0233,5.0,1.0,2.2182915257830347,20261058,16.84314791384103,16.84314791384103,0.0,True,95,2370,10,5,100,117,2253,0,0,100,0,2253,0.9192864098729877,0.9270268504643504,0.8531087644190772,7,7,True,False,False,1,1,96,21,2349,10,5,102,81,2268,0.937312793069709,0.9218187484780405,0.8675664242195842,8,7,True,True,False,0.01802638319672134,-0.005208101986309943,0.01445765980050695,0,1,0,0.9976928681291994,19.775398015975952
234,mc_0234,5.0,1.0,2.293532904376952,20261059,17.027820392426293,17.027820392426293,0.0,True,102,2394,9,3,105,40,2354,0,0,105,0,2354,0.9226647882513661,0.9037882010522827,0.8275230211176897,7,7,True,False,False,1,1,103,4,2390,9,3,108,9,2381,0.9406911714480874,0.9027808750449567,0.8451616865887732,8,7,True,True,False,0.01802638319672134,-0.0010073260073260037,0.017638665471083503,0,1,0,0.9987452440702663,20.71456003189087
235,mc_0235,5.0,1.0,3.5230896407247236,20261060,17.027820392426293,17.027820392426293,0.0,True,101,2460,16,6,110,109,2351,0,0,110,0,2351,0.874684809275831,0.886637321012321,0.7629825827682766,7,6,True,False,False,1,1,102,28,2432,14,5,110,46,2386,0.8946963359151752,0.8764223093400554,0.7807572992133519,8,6,True,True,False,0.020011526639344135,-0.010215011672265573,0.017774716445075334,0,1,0,0.9976928681291994,21.51712989807129
236,mc_0236,5.0,1.0,5.2347027232772065,20261061,17.043204459850088,17.043204459850088,0.0,True,101,2410,10,4,108,34,2376,1,0,108,0,2376,0.9288763661202186,0.8930577840084372,0.8304083609385808,7,7,True,False,False,2,1,102,19,2391,10,4,108,15,2376,0.94140625,0.9043950726063641,0.8475205682447463,8,7,True,True,False,0.012529883879781378,0.011337288597926931,0.017112207306165472,0,1,0,0.998704768072533,22.365604877471924
237,mc_0237,5.0,1.0,3.251342356095634,20261062,17.027820392426293,17.027820392426293,0.0,True,101,2477,9,3,104,47,2430,1,1,105,34,2396,0.9669261698372009,0.8897662395217213,0.8629539712134269,8,7,True,True,True,1,1,102,34,2443,11,5,108,63,2380,0.9102855448372009,0.8880201236211174,0.8100688774276664,8,6,True,True,False,-0.056640625,-0.0017461159006039173,-0.05288509378576045,-1,0,-1,0.9993523840362665,23.453269004821777
238,mc_0238,5.0,1.0,3.705813913133724,20261063,17.018295368341942,17.018295368341942,0.0,True,100,2406,11,5,108,57,2349,0,0,108,0,2349,0.9213627049180328,0.9204183217524862,0.8428259922070316,7,7,True,False,False,1,1,101,21,2385,10,4,107,29,2356,0.9386740095628415,0.9218577231659898,0.8631409285375929,8,7,True,True,False,0.017311304644808678,0.001439401413503627,0.02031493633056136,0,1,0,0.9987452440702663,24.322048902511597
239,mc_0239,5.0,1.0,0.1259859510864109,20261064,16.880122455459485,16.880122455459485,0.0,True,97,2362,13,6,104,99,2263,0,0,104,0,2263,0.8071127669066269,0.9136520093501843,0.7271279680740592,6,5,True,False,False,1,1,98,17,2345,13,6,106,72,2273,0.8257901917700149,0.9110556289354569,0.7434774371546207,7,5,True,True,False,0.01867742486338797,-0.0025963804147274283,0.016349469080561452,0,1,0,0.9981381041042662,24.63208794593811
240,mc_0240,5.0,1.0,2.331827791345857,20261065,17.043204459850088,17.043204459850088,0.0,True,100,2430,14,7,110,90,2340,0,0,110,0,2340,0.8694466116458615,0.9179370272459815,0.7987891400402456,7,6,True,False,False,1,1,101,14,2416,11,4,106,52,2364,0.9479878513999599,0.9294247087793567,0.8776449530100086,8,7,True,True,True,0.07854123975409844,0.011487681533375205,0.07885581296976296,1,1,1,0.9983809600906662,24.48414897918701
241,mc_0241,5.0,1.0,6.017716938838055,20261066,16.997499186116222,16.997499186116222,0.0,True,98,2440,9,3,102,77,2363,0,0,102,0,2363,0.9226647882513661,0.8900503500568093,0.833138619324004,7,7,True,False,False,1,1,99,55,2385,9,3,103,31,2354,0.9407552083333333,0.8880217586732702,0.8414369318141346,8,7,True,True,False,0.01809042008196715,-0.002028591383539169,0.008298312490130577,0,1,0,0.9970452521654659,23.22677779197693
242,mc_0242,5.0,1.0,1.4233521513372263,20261067,16.914287329772122,16.914287329772122,0.0,True,97,2413,12,5,108,108,2305,1,0,108,0,2305,0.868761397390585,0.91217159953573,0.7883227425973107,7,6,True,False,False,2,1,99,79,2334,9,2,102,24,2310,0.9447945258058856,0.8966444041132773,0.8435572397518063,8,7,True,True,True,0.07603312841530063,-0.015527195422452733,0.055234497154495577,1,1,1,0.9970452521654659,24.01991295814514
243,mc_0243,5.0,1.0,1.4957814879630391,20261068,17.044626788618505,17.044626788618505,0.0,True,101,2442,11,3,104,59,2383,0,0,104,0,2383,0.9226647882513661,0.8725892767349195,0.8014975917424256,7,7,True,False,False,1,1,102,19,2423,11,3,107,20,2403,0.9401041666666667,0.8767302192969668,0.8194735600985601,8,7,True,True,False,0.017439378415300633,0.004140942562047334,0.017975968356134464,0,1,0,0.9985428640815996,23.708636045455933
244,mc_0244,5.0,1.0,0.9723313161436843,20261069,17.048388529750305,17.048388529750305,0.0,True,102,2421,11,4,108,41,2380,1,0,108,0,2380,0.9213627049180328,0.8502473204006887,0.7728417680111304,7,7,True,False,False,2,1,103,10,2411,10,3,107,13,2398,0.941374231557377,0.8473267379777958,0.7904195957938973,8,7,True,True,False,0.020011526639344135,-0.0029205824228929478,0.017577827782766953,0,1,0,0.9983000080951996,25.802068948745728
245,mc_0245,5.0,1.0,5.3174411127207994,20261070,17.027820392426293,17.027820392426293,0.0,True,100,2381,12,5,107,42,2339,1,0,107,0,2339,0.9194095799180328,0.9324058150695889,0.8519394913118249,7,7,True,False,False,2,1,101,1,2380,11,4,107,12,2368,0.9420572916666667,0.9324705148625495,0.8745278065292161,8,7,True,True,False,0.022647711748633892,6.469979296064299e-05,0.02258831521739124,0,1,0,0.998826196065733,24.85837697982788
246,mc_0246,5.0,1.0,3.978434312001129,20261071,17.044626788618505,17.044626788618505,0.0,True,100,2402,12,5,108,59,2343,1,0,108,0,2343,0.8973325210244649,0.9210165178285279,0.8183490388529928,8,6,True,True,False,1,0,100,0,2402,12,5,108,59,2343,0.8973325210244649,0.9210165178285279,0.8183490388529928,8,6,True,True,False,0.0,0.0,0.0,0,0,0,1.0,24.240357160568237
247,mc_0247,5.0,1.0,0.3304712060977067,20261072,17.048388529750305,17.048388529750305,0.0,True,101,2391,11,5,109,47,2344,0,0,109,0,2344,0.9120566387415623,0.9352019836646777,0.8475471993754891,7,7,True,False,False,1,1,102,6,2385,10,4,108,18,2367,0.9326551701623272,0.9289468565112732,0.8644841160980705,8,7,True,True,False,0.020598531420764954,-0.006255127153404483,0.016936916722581463,0,1,0,0.998826196065733,23.80753469467163
248,mc_0248,5.0,1.0,2.3873388713016213,20261073,16.852157323094623,16.852157323094623,0.0,True,97,2314,8,2,100,57,2257,1,0,100,0,2257,0.9254979877418401,0.9345029113736789,0.8656467047518435,7,7,True,False,False,1,1,98,23,2291,9,3,102,12,2279,0.937344811512332,0.9280040902117515,0.8714451633487159,8,7,True,True,False,0.011846823770491843,-0.006498821161927459,0.005798458596872447,0,1,0,0.9983809600906662,19.62111806869507
249,mc_0249,5.0,1.0,4.528348604726679,20261074,17.018295368341942,17.018295368341942,0.0,True,97,2500,12,5,104,126,2374,2,0,104,0,2374,0.9194095799180328,0.8299542464962668,0.7843053313005759,7,7,True,False,False,3,1,98,89,2411,11,4,104,17,2394,0.94140625,0.8439350406932423,0.7989896801511562,8,7,True,True,False,0.02199667008196715,0.01398079419697551,0.014684348850580342,0,1,0,0.9973285841495992,20.566102981567383
250,mc_0250,5.0,1.0,1.2732921084167694,20261075,17.043204459850088,17.043204459850088,0.0,True,101,2428,13,5,108,59,2369,0,0,108,0,2369,0.9194095799180328,0.8853848152097941,0.8060511687610894,7,7,True,False,False,1,1,102,14,2414,9,2,104,17,2397,0.9967127732240437,0.8865165538959476,0.8833591969290013,8,8,True,True,True,0.07730319330601088,0.0011317386861535716,0.07730802816791194,1,1,1,0.9983000080951996,21.145438194274902
251,mc_0251,5.0,1.0,1.1446873648867064,20261076,17.06087606119076,17.06087606119076,0.0,True,102,2372,10,4,108,39,2333,1,0,108,0,2333,0.9194095799180328,0.936831630424322,0.8562412103423549,7,7,True,False,False,1,1,103,5,2367,9,3,107,17,2350,0.9407552083333333,0.9356061402282436,0.8772461381963428,8,7,True,True,False,0.02134562841530041,-0.001225490196078427,0.021004927853987887,0,1,0,0.9982595320974662,21.103568077087402
252,mc_0252,5.0,1.0,0.09762877775042555,20261077,17.048388529750305,17.048388529750305,0.0,True,102,2409,13,5,109,64,2345,0,0,109,0,2345,0.8907398551473906,0.8772463348497879,0.7679861899971784,7,6,True,False,False,1,1,103,8,2401,12,4,109,28,2373,0.9107193633441119,0.8741323371969552,0.7866158861885136,8,6,True,True,False,0.01997950819672123,-0.003113997652832712,0.018629696191335254,0,1,0,0.9985428640815996,21.537292957305908
253,mc_0253,5.0,1.0,5.6406860057050645,20261078,17.018295368341942,17.018295368341942,0.0,True,99,2475,11,3,104,91,2384,1,0,104,0,2384,0.9226647882513661,0.8798505873291926,0.8046287076065561,7,7,True,False,False,2,1,101,49,2426,10,3,106,13,2413,0.94140625,0.8470010290814425,0.8048383306687441,8,7,True,True,False,0.018741461748633892,-0.032849558247750155,0.0002096230621879691,0,1,0,0.9976119161337327,20.397302865982056
254,mc_0254,5.0,1.0,0.9517466761501627,20261079,17.021367376690897,17.021367376690897,0.0,True,101,2524,14,4,106,91,2433,1,0,106,0,2433,0.9023159510420637,0.8743214732542413,0.7931623935150431,7,7,True,False,False,2,1,102,74,2450,13,4,108,25,2425,0.9176421122442495,0.8622172307395277,0.7954597145669973,8,7,True,True,False,0.015326161202185773,-0.012104242514713537,0.0022973210519541265,0,1,0,0.9962762082085324,20.66791319847107
255,mc_0255,5.0,1.0,0.9710841806698762,20261080,16.830611544331223,16.830611544331223,0.0,True,95,2368,10,5,102,63,2305,0,0,102,0,2305,0.907958905898425,0.9104108377453617,0.838793224659615,7,7,True,False,False,1,1,96,38,2330,10,5,102,43,2287,0.9266683492044359,0.9155031334999688,0.8526469096730122,8,7,True,True,False,0.018709443306010876,0.0050922957546071235,0.013853685013397121,0,1,0,0.9968428721767991,20.305711030960083
256,mc_0256,5.0,1.0,2.58746215664821,20261081,17.044626788618505,17.044626788618505,0.0,True,102,2431,9,3,106,43,2388,1,1,107,11,2377,0.9226647882513661,0.920474489161485,0.8456186363361224,7,7,True,False,False,1,1,103,32,2399,9,3,108,9,2390,0.9407231898907104,0.9118246825605604,0.8567852416681818,8,7,True,True,False,0.018058401639344246,-0.008649806600924625,0.011166605332059376,0,1,0,0.9983404840929329,20.544666051864624
257,mc_0257,5.0,1.0,4.074414596475892,20261082,17.043204459850088,17.043204459850088,0.0,True,100,2386,12,5,107,41,2345,0,0,107,0,2345,0.916958599525876,0.9171988644728453,0.8344035535260212,7,7,True,False,False,1,1,101,4,2382,9,2,103,5,2377,0.9955638761652201,0.9167351492323265,0.9123389857070989,8,8,True,True,True,0.07860527663934413,-0.00046371524051880275,0.07793543218107768,1,1,1,0.9983809600906662,20.58486819267273
258,mc_0258,5.0,1.0,4.679380803385436,20261083,17.023194609192984,17.023194609192984,0.0,True,101,2414,10,3,105,49,2365,1,0,105,0,2365,0.9226647882513661,0.8997321744760155,0.8234669945414225,7,7,True,False,False,2,1,102,18,2396,10,3,107,9,2387,0.941374231557377,0.8869854304792715,0.832532559370309,8,7,True,True,False,0.018709443306010876,-0.012746743996744025,0.009065564828886541,0,1,0,0.9986238160770663,20.242618799209595
259,mc_0259,5.0,1.0,1.3819833272713993,20261084,17.027820392426293,17.027820392426293,0.0,True,102,2405,10,2,105,19,2386,0,0,105,0,2386,0.9301784494535519,0.8838636417810831,0.8204916245439342,7,7,True,False,False,1,1,103,11,2394,11,3,108,10,2384,0.9420572916666667,0.8912813266802859,0.8341930943167944,8,7,True,True,False,0.01187884221311486,0.007417684899202803,0.013701469772860242,0,1,0,0.998947624058933,20.31421208381653
260,mc_0260,5.0,1.0,4.984242992576499,20261085,17.018295368341942,17.018295368341942,0.0,True,97,2397,12,6,105,66,2331,1,0,105,0,2331,0.8733528616458615,0.9069468434673059,0.7899243820630539,7,6,True,False,False,1,1,98,16,2381,10,4,103,25,2356,0.9506880733944953,0.9097559486847338,0.8627567435972934,8,7,True,True,True,0.07733521174863389,0.002809105217427832,0.07283236153423944,1,1,1,0.9980166761110661,20.625380039215088
261,mc_0261,5.0,1.0,2.2281106108765547,20261086,17.018295368341942,17.018295368341942,0.0,True,99,2434,13,5,107,73,2361,0,0,107,0,2361,0.9187585382513661,0.9023445629742655,0.8234462893100238,7,7,True,False,False,1,1,100,7,2427,12,4,107,25,2402,0.9407552083333333,0.892382818924059,0.8381547909810778,8,7,True,True,False,0.02199667008196715,-0.009961744050206445,0.014708501671053975,0,1,0,0.9983404840929329,20.749312162399292
262,mc_0262,5.0,1.0,0.5356645525906149,20261087,17.027820392426293,17.027820392426293,0.0,True,102,2405,12,5,110,77,2328,1,0,110,0,2328,0.8740337676091643,0.9351089489076908,0.8105028485849275,7,6,True,False,False,2,1,103,18,2387,9,2,106,21,2366,0.9539091091392189,0.9327756809456133,0.8867568700380258,8,7,True,True,True,0.0798753415300546,-0.0023332679620775565,0.07625402145309834,1,1,1,0.9978952481178661,21.464533805847168
263,mc_0263,5.0,1.0,2.910416721391355,20261088,17.027820392426293,17.027820392426293,0.0,True,99,2498,11,4,106,116,2382,1,0,106,0,2382,0.9194095799180328,0.8505557052959878,0.7830376444930981,7,7,True,False,False,2,1,100,67,2431,11,4,106,43,2388,0.9284601263661202,0.8511669345965085,0.7905161370203871,8,7,True,True,False,0.009050546448087338,0.0006112293005207103,0.007478492527289049,0,1,0,0.9980571521087995,20.867383003234863
264,mc_0264,5.0,1.0,5.588953455717377,20261089,17.027820392426293,17.027820392426293,0.0,True,98,2474,14,5,108,95,2379,2,0,108,0,2379,0.9213627049180328,0.8871644474304541,0.8275212440038432,7,7,True,False,False,3,1,101,62,2412,11,4,107,55,2357,0.94140625,0.9021685525207661,0.8541479633008129,8,7,True,True,False,0.02004354508196715,0.015004105090312025,0.026626719296969692,0,1,0,0.9970047761677325,21.65946078300476
265,mc_0265,5.0,1.0,0.49757819694334154,20261090,17.034607659265447,17.034607659265447,0.0,True,102,2434,10,3,105,85,2349,1,0,105,0,2349,0.9226647882513661,0.9264352075825699,0.8513217580509242,7,7,True,False,False,2,1,104,36,2398,8,1,105,2,2396,0.9869471482240437,0.9178277182420729,0.9069571189690212,8,8,True,True,True,0.06428235997267762,-0.008607489340497043,0.055635360918096954,1,1,1,0.9973690601473326,21.986813068389893
266,mc_0266,5.0,1.0,1.8967695129005364,20261091,17.015217647302862,17.015217647302862,0.0,True,99,2443,13,6,107,80,2363,1,0,107,0,2363,0.9194095799180328,0.9091432618614509,0.8400824448479638,7,7,True,False,False,2,1,100,28,2415,10,3,103,21,2394,0.998014856557377,0.9163534114968674,0.9146233408397869,8,8,True,True,True,0.07860527663934413,0.007210149635416552,0.07454089599182312,1,1,1,0.9982595320974662,22.735543966293335
267,mc_0267,5.0,1.0,4.558535072400729,20261092,17.048388529750305,17.048388529750305,0.0,True,101,2428,14,5,108,63,2365,0,0,108,0,2365,0.9194095799180328,0.9059009760339585,0.8271912734428964,7,7,True,False,False,1,1,102,12,2416,13,4,108,23,2393,0.9407231898907104,0.9054301239072191,0.848732093916969,8,7,True,True,False,0.021313609972677505,-0.00047085212673936283,0.021540820474072575,0,1,0,0.9986238160770663,23.630895853042603
268,mc_0268,5.0,1.0,6.24633848520236,20261093,17.048388529750305,17.048388529750305,0.0,True,102,2409,14,4,109,44,2365,2,0,109,0,2365,0.8982535163495764,0.8769391073636357,0.7820853449995336,7,6,True,False,False,3,1,103,2,2407,14,4,109,26,2381,0.9120854835626911,0.8769391073636357,0.7959173122126484,8,6,True,True,False,0.013831967213114749,0.0,0.013831967213114749,0,1,0,0.9991904800453331,25.469230890274048
269,mc_0269,5.0,1.0,0.5519883765806916,20261094,17.048388529750305,17.048388529750305,0.0,True,99,2383,12,5,107,44,2339,1,0,107,0,2339,0.916958599525876,0.9180579906550725,0.8350165901809485,7,7,True,False,False,2,1,100,2,2381,11,4,107,13,2368,0.9389552696078431,0.9168443984220629,0.8566691864287188,8,7,True,True,False,0.02199667008196715,-0.0012135922330096527,0.021652596247770273,0,1,0,0.9987452440702663,25.861341953277588
270,mc_0270,5.0,1.0,0.3619514122453119,20261095,17.043204459850088,17.043204459850088,0.0,True,102,2424,11,3,105,42,2382,1,0,105,0,2382,0.9226647882513661,0.8592397068514217,0.7832206164441288,7,7,True,False,False,2,1,103,11,2413,9,1,104,2,2411,0.9986979166666667,0.8549772020089503,0.8537655600427743,8,8,True,True,True,0.07603312841530063,-0.004262504842471371,0.0705449435986455,1,1,1,0.9983404840929329,25.300370931625366
271,mc_0271,5.0,1.0,3.0749148035442424,20261096,17.038393596540367,17.038393596540367,0.0,True,101,2397,10,4,105,52,2345,0,0,105,0,2345,0.9202138078592093,0.925436699872593,0.8497738658516459,7,7,True,False,False,1,1,102,6,2391,10,4,108,18,2373,0.9389552696078431,0.9225791570794399,0.864084220643327,8,7,True,True,False,0.018741461748633892,-0.0028575427931530895,0.01431035479168108,0,1,0,0.9984619120861329,25.44737195968628
272,mc_0272,5.0,1.0,2.2166594847942127,20261097,17.044626788618505,17.044626788618505,0.0,True,100,2432,11,4,106,51,2381,0,0,106,0,2381,0.9213627049180328,0.8179876920006137,0.7492091549889631,7,7,True,False,False,1,1,101,16,2416,9,3,106,17,2399,0.9407231898907104,0.8252677550154224,0.7694022282905539,8,7,True,True,False,0.019360484972677505,0.007280063014808658,0.020193073301590814,0,1,0,0.998947624058933,24.780672073364258
273,mc_0273,5.0,1.0,4.552861454941814,20261098,17.015217647302862,17.015217647302862,0.0,True,100,2446,13,6,108,132,2314,0,0,108,0,2314,0.8913080601092896,0.9202784744234074,0.8187817760913675,7,6,True,False,False,1,1,101,42,2404,9,3,105,30,2374,0.9381510416666667,0.885283778567873,0.8394544239088453,8,7,True,True,False,0.046842981557377095,-0.034994695855534386,0.020672647817477796,1,1,0,0.9958714482311989,24.492645978927612
274,mc_0274,5.0,1.0,1.9914909288446903,20261099,17.027820392426293,17.027820392426293,0.0,True,102,2396,10,4,106,34,2362,0,0,106,0,2362,0.8939950634807239,0.9066208781395827,0.8174727049020898,7,6,True,False,False,1,1,103,6,2390,10,4,108,26,2364,0.9100042847921993,0.9077981422021332,0.8340749752144228,8,6,True,True,False,0.01600922131147542,0.001177264062550476,0.016602270312332967,0,1,0,0.9987857200679997,23.35624623298645
275,mc_0275,5.0,1.0,3.6262064430346657,20261100,17.015217647302862,17.015217647302862,0.0,True,100,2440,13,5,108,54,2386,0,0,108,0,2386,0.918911724525876,0.875802775296507,0.8081069198321701,7,7,True,False,False,1,1,101,27,2413,11,4,106,28,2385,0.9375891493892639,0.8824347604488036,0.8279829961197096,8,7,True,True,False,0.01867742486338786,0.006631985152296682,0.019876076287539512,0,1,0,0.9981785801019996,22.86192512512207
276,mc_0276,5.0,1.0,4.35435426628438,20261101,17.048388529750305,17.048388529750305,0.0,True,101,2389,9,2,104,26,2363,1,0,104,0,2363,0.9301784494535519,0.9167479749278529,0.8491862669203543,7,7,True,False,False,2,1,102,5,2384,10,3,107,8,2376,0.9420572916666667,0.9161883704318404,0.8615500431383062,8,7,True,True,False,0.01187884221311486,-0.0005596044960124447,0.012363776217951927,0,1,0,0.9989881000566664,20.046746253967285
277,mc_0277,5.0,1.0,2.7791881454248153,20261102,17.023194609192984,17.023194609192984,0.0,True,99,2483,13,5,108,83,2400,0,0,108,0,2400,0.8946140867047676,0.8299358386303278,0.7493474850778297,7,6,True,False,False,1,1,100,54,2429,11,4,106,31,2398,0.9107513817867349,0.824721762212654,0.7531378239857914,8,6,True,True,False,0.016137295081967262,-0.005214076417673796,0.0037903389079617655,0,1,0,0.9982190560997328,20.664806842803955
278,mc_0278,5.0,1.0,4.556817567575187,20261103,17.023194609192984,17.023194609192984,0.0,True,102,2449,10,3,106,51,2398,0,0,106,0,2398,0.9226647882513661,0.8518452000581667,0.7771072747351319,7,7,True,False,False,1,1,103,19,2430,10,3,108,14,2416,0.9393890881147541,0.8438990801896654,0.7906432579251845,8,7,True,True,False,0.01672429986338797,-0.007946119868501245,0.01353598319005267,0,1,0,0.9984619120861329,20.420647859573364
279,mc_0279,5.0,1.0,0.5185288846848315,20261104,17.043204459850088,17.043204459850088,0.0,True,98,2420,11,3,105,30,2390,0,0,105,0,2390,0.9288763661202186,0.8440328069885583,0.7907270126087069,7,7,True,False,False,1,1,99,35,2385,10,3,104,17,2368,0.9401041666666667,0.8642144275573416,0.8117245832011408,8,7,True,True,False,0.011227800546448119,0.020181620568783254,0.0209975705924339,0,1,0,0.9978952481178661,20.071805953979492
280,mc_0280,5.0,1.0,3.202425163959102,20261105,17.00923872699247,17.00923872699247,0.0,True,99,2492,15,4,106,93,2399,1,0,106,0,2399,0.9172643442622951,0.8046571533499359,0.7403555922411666,7,7,True,False,False,2,1,100,46,2446,13,3,105,22,2424,0.9407231898907104,0.8043318274204332,0.7544238017592655,8,7,True,True,False,0.02345884562841527,-0.00032532592950274,0.01406820951809884,0,1,0,0.9977738201246661,20.372420072555542
281,mc_0281,5.0,1.0,2.6313248110701726,20261106,17.027820392426293,17.027820392426293,0.0,True,100,2446,11,4,106,81,2365,0,0,106,0,2365,0.9202138078592093,0.8954415798518652,0.8187862034678983,7,7,True,False,False,1,1,101,36,2410,11,4,107,22,2388,0.9349209458373513,0.8750556032104455,0.8212811493777556,8,7,True,True,False,0.014707137978142049,-0.020385976641419723,0.0024949459098573268,0,1,0,0.9974500121427993,20.50062394142151
282,mc_0282,5.0,1.0,4.336293897672076,20261107,17.027820392426293,17.027820392426293,0.0,True,102,2454,14,5,109,57,2397,0,0,109,0,2397,0.9318113900273224,0.8929387960447412,0.8351501593626618,8,7,True,True,False,0,0,102,0,2454,14,5,109,57,2397,0.9318113900273224,0.8929387960447412,0.8351501593626618,8,7,True,True,False,0.0,0.0,0.0,0,0,0,1.0,21.09818196296692
283,mc_0283,5.0,1.0,0.05890372623302042,20261108,17.043204459850088,17.043204459850088,0.0,True,102,2455,9,2,105,30,2425,0,0,105,0,2425,0.9301784494535519,0.8704354216909349,0.8027471950483162,7,7,True,False,False,1,1,103,51,2404,10,3,108,14,2390,0.9373719262295082,0.8780773741590873,0.8223571343048713,8,7,True,True,False,0.007193476775956276,0.007641952468152358,0.019609939256555187,0,1,0,0.9974500121427993,20.509898900985718
284,mc_0284,5.0,1.0,5.798953084095778,20261109,17.027820392426293,17.027820392426293,0.0,True,99,2462,11,5,108,113,2349,0,0,108,0,2349,0.9213627049180328,0.9213740216664317,0.8611708212134002,7,7,True,False,False,1,1,100,85,2377,8,2,102,4,2373,0.998046875,0.9179574492851761,0.9164169563274296,8,8,True,True,True,0.07668417008196715,-0.0034165723812555893,0.05524613511402943,1,1,1,0.9968428721767991,20.487645149230957
285,mc_0285,5.0,1.0,4.7194393564493105,20261110,16.818424617458945,16.818424617458945,0.0,True,97,2314,11,5,105,51,2263,0,0,105,0,2263,0.8765147642307859,0.9420017623142624,0.8186943359333839,7,6,True,False,False,1,1,98,8,2306,10,4,104,20,2286,0.8919369807608406,0.9373475069951134,0.8295616200504389,8,6,True,True,False,0.015422216530054711,-0.004654255319148981,0.010867284117054954,0,1,0,0.998826196065733,20.66138768196106
286,mc_0286,5.0,1.0,0.9097428311194617,20261111,17.037207611762,17.037207611762,0.0,True,102,2457,14,4,109,60,2397,0,0,109,0,2397,0.9239668715846995,0.8694137994706161,0.8000448254607294,7,7,True,False,False,1,1,103,31,2426,13,3,108,15,2411,0.9393250512295082,0.8665808623963343,0.8096593718374938,8,7,True,True,False,0.015358179644808678,-0.002832937074281894,0.009614546376764399,0,1,0,0.9986238160770663,21.146146774291992
287,mc_0287,5.0,1.0,5.7185644898425565,20261112,16.819040197479662,16.81904019747966,3.552713678800501e-15,True,96,2337,9,3,100,54,2283,2,0,100,0,2283,0.9186353682063211,0.9057875900994454,0.8365005247857923,7,7,True,False,False,2,1,97,25,2312,7,2,99,23,2289,0.9823734146544085,0.9060362715096426,0.8894710585836583,8,8,True,True,True,0.06373804644808745,0.0002486814101971824,0.05297053379786598,1,1,1,0.998704768072533,19.5861759185791
288,mc_0288,5.0,1.0,2.6130813439913254,20261113,17.027820392426293,17.027820392426293,0.0,True,100,2477,10,4,107,85,2392,0,0,107,0,2392,0.876573897390585,0.8840005948759048,0.7756518434839709,7,6,True,False,False,1,1,101,47,2430,10,4,109,24,2406,0.8973325210244649,0.8643759208540104,0.7826735346878435,8,6,True,True,False,0.020758623633879925,-0.019624674021894384,0.0070216912038726376,0,1,0,0.9975714401359993,21.22139811515808
289,mc_0289,5.0,1.0,4.089929378756352,20261114,17.00923872699247,17.00923872699247,0.0,True,101,2491,12,4,108,95,2396,0,0,108,0,2396,0.8792421009424977,0.8626457497054142,0.7680991436378478,7,6,True,False,False,1,1,102,50,2441,12,4,110,32,2409,0.8940773126911314,0.8622504733563915,0.7716422254683953,8,6,True,True,False,0.014835211748633781,-0.0003952763490226996,0.003543081830547523,0,1,0,0.9976928681291994,21.093069076538086
290,mc_0290,5.0,1.0,1.6713792859545484,20261115,17.027820392426293,17.027820392426293,0.0,True,101,2441,15,7,113,98,2343,0,0,113,0,2343,0.8602444916528802,0.9221818097524839,0.79828080792202,7,5,True,False,False,1,1,102,27,2414,12,5,111,39,2375,0.8953793960244649,0.92371210728514,0.8252249100403025,8,6,True,True,False,0.03513490437158473,0.0015302975326560997,0.026944102118282465,1,1,0,0.9977333441269327,22.195945024490356
291,mc_0291,5.0,1.0,2.1127249354809305,20261116,17.027820392426293,17.027820392426293,0.0,True,100,2453,11,5,106,78,2375,0,0,106,0,2375,0.9104098862905818,0.9119985447014778,0.8324991498047827,7,7,True,False,False,1,1,101,35,2418,11,5,107,31,2387,0.928468287929926,0.9060300762330094,0.8422393066388101,8,7,True,True,False,0.018058401639344135,-0.005968468468468435,0.009740156834027403,0,1,0,0.9968428721767991,21.17093300819397
292,mc_0292,5.0,1.0,0.09715046553774578,20261117,17.048388529750305,17.048388529750305,0.0,True,102,2386,11,4,108,49,2337,0,0,108,0,2337,0.9194095799180328,0.9267703723765779,0.8463040486188138,7,7,True,False,False,1,1,103,12,2374,10,3,108,8,2366,0.9407231898907104,0.9239429914241969,0.8672159752709512,8,7,True,True,False,0.021313609972677505,-0.002827380952380998,0.02091192665213737,0,1,0,0.9986642920747997,20.48147988319397
293,mc_0293,5.0,1.0,4.747140193823421,20261118,16.834318550447,16.834318550447,0.0,True,96,2350,10,4,101,72,2278,2,0,101,0,2278,0.9179843265396543,0.9107587671173701,0.8313163951976732,7,7,True,False,False,3,1,97,35,2315,9,4,102,39,2276,0.9360427281789987,0.91395830142544,0.8537333285158909,8,7,True,True,False,0.018058401639344357,0.0031995343080698513,0.022416933318217702,0,1,0,0.9980571521087995,20.0538809299469
294,mc_0294,5.0,1.0,3.769090729252548,20261119,17.040104933363203,17.040104933363203,0.0,True,100,2398,12,6,109,89,2309,1,0,109,0,2309,0.8396886514889457,0.962187913003169,0.8059333532497273,7,5,True,False,False,2,1,101,28,2370,10,4,108,29,2341,0.8966814793577982,0.940228206043462,0.8398964423448319,8,6,True,True,False,0.056992827868852514,-0.02195970695970695,0.03396308909510459,1,1,0,0.9965190641949324,20.92481517791748
295,mc_0295,5.0,1.0,3.020212331011902,20261120,17.002592321749205,17.002592321749205,0.0,True,100,2474,10,3,105,74,2400,1,0,105,0,2400,0.9226647882513661,0.8697659719750237,0.799293810478021,7,7,True,False,False,2,1,101,40,2434,8,1,102,2,2432,0.9986338797814207,0.8512227104618408,0.8500800336941641,8,8,True,True,True,0.0759690915300546,-0.018543261513182863,0.05078622321614312,1,1,1,0.9970047761677325,20.43900489807129
296,mc_0296,5.0,1.0,1.5009030832617547,20261121,16.90541127542256,16.90541127542256,0.0,True,98,2303,10,4,103,43,2260,0,0,103,0,2260,0.8732595558974525,0.9426218180674887,0.8219034633129286,7,6,True,False,False,1,1,99,3,2300,10,4,105,28,2272,0.8939541426460864,0.9426218180674887,0.8425980500615625,8,6,True,True,False,0.020694586748633892,0.0,0.020694586748633892,0,1,0,0.9988666720634664,20.123791217803955
297,mc_0297,5.0,1.0,3.659890720755082,20261122,17.038393596540367,17.038393596540367,0.0,True,100,2446,12,5,109,88,2358,0,0,109,0,2358,0.876637934275831,0.8716919430249273,0.7661932921715848,7,6,True,False,False,1,1,101,47,2399,9,2,104,26,2373,0.9539731460244649,0.8792084972606301,0.8333195965299544,8,7,True,True,True,0.07733521174863389,0.007516554235702855,0.06712630435836953,1,1,1,0.9969643001699992,20.774935722351074
298,mc_0298,5.0,1.0,5.305988443823924,20261123,16.94234526608382,16.94234526608382,0.0,True,98,2342,10,4,102,56,2286,1,0,102,0,2286,0.9019292806680947,0.898132989295684,0.801464395155632,7,7,True,False,False,2,1,99,17,2325,10,4,104,25,2300,0.9206387239741056,0.8955488034474316,0.8184891709825929,8,7,True,True,False,0.018709443306010876,-0.002584185848252374,0.017024775826960936,0,1,0,0.9983809600906662,20.44541597366333
299,mc_0299,5.0,1.0,5.379721945442824,20261124,17.044626788618505,17.044626788618505,0.0,True,99,2419,12,5,107,59,2360,1,0,107,0,2360,0.9269232411202186,0.917216797870078,0.8539140701767541,7,7,True,False,False,2,1,100,16,2403,12,5,107,33,2370,0.9407231898907104,0.9245066770996757,0.8709434067782658,8,7,True,True,False,0.013799948770491732,0.007289879229597673,0.017029336601511624,0,1,0,0.998704768072533,21.284909963607788
300,mc_0300,5.0,1.0,3.3549467690992802,20261125,17.027820392426293,17.027820392426293,0.0,True,101,2445,12,4,107,44,2401,0,0,107,0,2401,0.9200606215846995,0.8481657490316583,0.779691937631983,7,7,True,False,False,1,1,102,17,2428,11,3,106,21,2407,0.939421106557377,0.85699322666117,0.8031448794891488,8,7,True,True,False,0.019360484972677505,0.008827477629511638,0.023452941857165843,0,1,0,0.9983809600906662,21.306648015975952
301,mc_0301,5.0,1.0,3.8361348442461067,20261126,17.04866116096138,17.04866116096138,0.0,True,100,2399,11,4,106,9,2390,0,0,106,0,2390,0.9420572916666667,0.8672972957557068,0.8110442275181025,8,7,True,True,False,0,0,100,0,2399,11,4,106,9,2390,0.9420572916666667,0.8672972957557068,0.8110442275181025,8,7,True,True,False,0.0,0.0,0.0,0,0,0,1.0,21.6534321308136
302,mc_0302,5.0,1.0,5.724139677149101,20261127,16.830611544331223,16.830611544331223,0.0,True,96,2342,9,4,100,77,2265,1,0,100,0,2265,0.9155333461474975,0.9172018139140212,0.8352075592140575,7,7,True,False,False,2,1,97,27,2315,7,2,99,16,2299,0.9889302894535085,0.9140303938308363,0.903959686852329,8,8,True,True,True,0.07339694330601099,-0.0031714200831849393,0.06875212763827143,1,1,1,0.9976523921314661,21.83808398246765
303,mc_0303,5.0,1.0,2.6937148135531634,20261128,17.00500898166483,17.00500898166483,0.0,True,98,2419,10,4,102,43,2376,1,0,102,0,2376,0.9239668715846995,0.8329070482078325,0.7892481228890711,7,7,True,False,False,2,1,99,18,2401,8,2,101,11,2390,0.994599556010929,0.8491752979319644,0.8446145732683061,8,8,True,True,True,0.0706326844262295,0.01626824972413199,0.055366450379235044,1,1,1,0.9986238160770663,22.724447011947632
304,mc_0304,5.0,1.0,1.3764490014498683,20261129,17.015217647302862,17.015217647302862,0.0,True,100,2419,10,3,104,48,2371,0,0,104,0,2371,0.9226647882513661,0.9127395354247356,0.8364743554901427,7,7,True,False,False,1,1,102,30,2389,10,3,107,11,2378,0.9406911714480874,0.8899522568447475,0.8406115071838259,8,7,True,True,False,0.01802638319672134,-0.02278727857998808,0.0041371516936832275,0,1,0,0.9984214360883996,23.42476201057434
305,mc_0305,5.0,1.0,0.5072078751124551,20261130,17.040104933363203,17.040104933363203,0.0,True,101,2426,14,5,108,45,2381,1,0,108,0,2381,0.911288691760138,0.8601478044774663,0.7819220222582774,7,7,True,False,False,2,1,102,2,2424,13,4,108,26,2398,0.931919241623526,0.8719899097406242,0.8050595683903221,8,7,True,True,False,0.02063054986338797,0.011842105263157876,0.023137546132044662,0,1,0,0.9991500040475998,24.67249584197998
306,mc_0306,5.0,1.0,1.2362941454801513,20261131,17.027820392426293,17.027820392426293,0.0,True,102,2454,16,3,106,63,2391,1,0,106,0,2391,0.9226647882513661,0.8744804571943039,0.8001950186518645,7,7,True,False,False,2,1,103,37,2417,14,3,108,18,2399,0.936005806010929,0.8655001107525269,0.8100276973317493,8,7,True,True,False,0.013341017759562868,-0.008980346441777032,0.009832678679884799,0,1,0,0.9982190560997328,24.964916229248047
307,mc_0307,5.0,1.0,5.380944725964812,20261132,17.018295368341942,17.018295368341942,0.0,True,100,2455,12,5,106,108,2347,1,0,106,0,2347,0.8779400176091643,0.8985395503210069,0.7806029260500148,7,6,True,False,False,2,1,101,17,2438,12,5,109,68,2370,0.8973325210244649,0.8928360601258992,0.7942536564699729,8,6,True,True,False,0.019392503415300633,-0.00570349019510763,0.013650730419958124,0,1,0,0.9985833400793329,24.993882179260254
308,mc_0308,5.0,1.0,0.8665982482025579,20261133,17.027820392426293,17.027820392426293,0.0,True,101,2444,13,5,108,90,2354,0,0,108,0,2354,0.9071546779572485,0.897020569373022,0.8072322500192499,7,7,True,False,False,1,1,102,23,2421,10,2,104,9,2412,0.9850128576020571,0.88259215049224,0.8687585088333148,8,8,True,True,True,0.07785817964480868,-0.014428418880781946,0.06152625881406493,1,1,1,0.997409536145066,24.032881021499634
309,mc_0309,5.0,1.0,4.149599657817176,20261134,17.048388529750305,17.048388529750305,0.0,True,100,2377,12,5,105,36,2341,2,0,105,0,2341,0.9226647882513661,0.9525268449716666,0.8802834295762254,7,7,True,False,False,3,1,101,2,2375,12,5,108,22,2353,0.9406911714480874,0.9591057923400877,0.8997969637881752,8,7,True,True,False,0.01802638319672134,0.006578947368421129,0.01951353421194979,0,1,0,0.9992714320407998,24.658289909362793
310,mc_0310,5.0,1.0,1.6602541077600166,20261135,17.033237458955394,17.033237458955394,0.0,True,99,2502,14,5,109,101,2401,1,0,109,0,2401,0.9239668715846995,0.8938091600934659,0.8257455296229742,7,7,True,False,False,2,1,100,73,2429,12,4,107,30,2399,0.9387700648907104,0.8873476759371667,0.833867807789827,8,7,True,True,False,0.014803193306010876,-0.006461484156299213,0.008122278166852848,0,1,0,0.9979762001133328,24.181607246398926
311,mc_0311,5.0,1.0,2.695706816401257,20261136,17.023194609192984,17.023194609192984,0.0,True,100,2417,10,3,105,48,2369,0,0,105,0,2369,0.9187585382513661,0.8549777569174121,0.7753967476489028,7,7,True,False,False,1,1,101,21,2396,7,0,101,0,2396,0.9939485143442623,0.8550548372132192,0.849404286270412,8,8,True,True,True,0.07518997609289624,7.708029580710818e-05,0.07400753862150922,1,1,1,0.9978547721201327,23.068207025527954
312,mc_0312,5.0,1.0,1.1261380652962036,20261137,17.048388529750305,17.048388529750305,0.0,True,99,2389,14,6,108,61,2328,0,0,108,0,2328,0.8966862658428556,0.9273776818419674,0.8240639476848232,7,6,True,False,False,1,1,100,2,2387,14,6,108,45,2342,0.9092161497226371,0.9273776818419674,0.8365938315646047,8,6,True,True,False,0.01252988387978149,0.0,0.01252988387978149,0,1,0,0.9993523840362665,25.358137845993042
313,mc_0313,5.0,1.0,5.406904098577764,20261138,16.82746389211387,16.82746389211387,0.0,True,96,2321,9,3,99,65,2256,1,1,100,16,2240,0.9179843265396543,0.9334540114368909,0.8517402436890842,7,7,True,False,False,1,1,97,37,2284,9,3,101,21,2263,0.935359668069709,0.9200994363309016,0.8616501020843212,8,7,True,True,False,0.01737534153005471,-0.013354575105989253,0.009909858395237059,0,1,0,0.9980166761110661,22.363243103027344
314,mc_0314,5.0,1.0,5.226866034909616,20261139,17.018295368341942,17.018295368341942,0.0,True,101,2442,11,4,108,55,2387,0,0,108,0,2387,0.9194095799180328,0.8954352566238859,0.8213012357900987,7,7,True,False,False,1,1,102,35,2407,9,3,107,15,2392,0.939453125,0.899380963694593,0.8463647945403641,8,7,True,True,False,0.02004354508196715,0.003945707070707072,0.025063558750265336,0,1,0,0.9981785801019996,24.84948492050171
315,mc_0315,5.0,1.0,0.25877393898129475,20261140,17.053643759695195,17.053643759695195,0.0,True,102,2410,11,4,108,37,2373,0,0,108,0,2373,0.9194095799180328,0.8708690620437065,0.7902786419617394,7,7,True,False,False,1,1,103,2,2408,10,3,108,7,2401,0.9407231898907104,0.8696554698106969,0.8112481781002201,8,7,True,True,False,0.021313609972677505,-0.0012135922330096527,0.020969536138480738,0,1,0,0.998704768072533,25.347501754760742
316,mc_0316,5.0,1.0,1.5333759945358516,20261141,17.034607659265447,17.034607659265447,0.0,True,102,2446,13,5,108,66,2380,0,0,108,0,2380,0.9051767119397603,0.9217292372414553,0.8357027219940658,7,7,True,False,False,1,1,103,30,2416,12,5,110,21,2395,0.9219010118031483,0.9242547474455369,0.8520572367142636,8,7,True,True,False,0.01672429986338797,0.002525510204081649,0.016354514720197777,0,1,0,0.9980976281065328,24.83204984664917
317,mc_0317,5.0,1.0,5.371096926085756,20261142,17.027820392426293,17.027820392426293,0.0,True,101,2436,13,5,107,84,2352,0,0,107,0,2352,0.8779400176091643,0.9041354116578272,0.7898159483822795,7,6,True,False,False,1,1,102,31,2405,13,5,110,29,2376,0.8960304376911314,0.9055117782791612,0.8080863195635649,8,6,True,True,False,0.01809042008196715,0.001376366621334002,0.018270371181285383,0,1,0,0.9980571521087995,24.126920223236084
318,mc_0318,5.0,1.0,2.6686970274185815,20261143,16.88348079839632,16.88348079839632,0.0,True,98,2322,9,4,103,57,2265,1,0,103,0,2265,0.8732595558974525,0.9128318437034636,0.7893249416019081,7,6,True,False,False,2,1,99,12,2310,9,4,105,30,2280,0.8899838557608406,0.9065032331153061,0.8034797457371758,8,6,True,True,False,0.01672429986338808,-0.0063286105881574795,0.014154804135267707,0,1,0,0.9980166761110661,23.3215389251709
319,mc_0319,5.0,1.0,0.3688933479470108,20261144,17.027820392426293,17.027820392426293,0.0,True,101,2496,15,5,109,113,2383,0,0,109,0,2383,0.9266030566939891,0.9082436996397902,0.8481071621723101,7,7,True,False,False,1,1,102,47,2449,14,5,109,70,2379,0.9305093066939891,0.9192523718634156,0.8547784422810902,8,7,True,True,False,0.00390625,0.011008672223625338,0.006671280108780153,0,1,0,0.9988666720634664,24.638996839523315
320,mc_0320,5.0,1.0,5.142275108010306,20261145,17.023194609192984,17.023194609192984,0.0,True,100,2438,14,5,107,62,2376,3,0,107,0,2376,0.9187585382513661,0.8633001902376591,0.7838161494737302,7,7,True,False,False,4,1,101,20,2418,11,2,103,6,2412,0.998014856557377,0.8614740499454767,0.8596608804383261,8,8,True,True,True,0.07925631830601088,-0.001826140292182421,0.07584473096459587,1,1,1,0.9981381041042662,24.747658014297485
321,mc_0321,5.0,1.0,6.280735106567419,20261146,17.027820392426293,17.027820392426293,0.0,True,102,2400,10,3,105,26,2374,1,0,105,0,2374,0.9226647882513661,0.8763435572377847,0.8000783773031918,7,7,True,False,False,2,1,103,5,2395,8,1,104,2,2393,0.9945675375683061,0.8751530810473085,0.8697469873361797,8,8,True,True,True,0.07190274931693996,-0.0011904761904761862,0.06966861003298797,1,1,1,0.998826196065733,24.803745985031128
322,mc_0322,5.0,1.0,3.516239023020669,20261147,17.027820392426293,17.027820392426293,0.0,True,101,2455,13,4,110,49,2406,0,0,110,0,2406,0.8828495121446834,0.8668459723997167,0.7609415888963287,7,6,True,False,False,1,1,102,23,2432,13,4,110,28,2404,0.8940452942485085,0.8787522607538375,0.7796879672784065,8,6,True,True,False,0.011195782103825103,0.011906288354120775,0.018746378382077822,0,1,0,0.9984619120861329,24.55838394165039
323,mc_0323,5.0,1.0,4.14736363553846,20261148,17.033237458955394,17.033237458955394,0.0,True,102,2452,10,4,108,71,2381,0,0,108,0,2381,0.9187585382513661,0.8919842173622485,0.8177896810262371,7,7,True,False,False,1,1,103,32,2420,7,1,104,2,2418,0.9966807547814207,0.8927337062726509,0.8899822890244717,8,8,True,True,True,0.0779222165300546,0.000749488910402385,0.07219260799823468,1,1,1,0.9968023961790659,23.595689058303833
324,mc_0324,5.0,1.0,1.3274025778253236,20261149,17.023194609192984,17.023194609192984,0.0,True,102,2452,12,4,108,60,2392,0,0,108,0,2392,0.9194095799180328,0.8815247183715204,0.813155169116573,7,7,True,False,False,1,1,103,34,2418,10,3,107,26,2392,0.9387700648907104,0.8944195639702686,0.8400327519315116,8,7,True,True,False,0.019360484972677505,0.012894845598748206,0.026877582814938572,0,1,0,0.9978952481178661,21.491002798080444
325,mc_0325,5.0,1.0,3.9147821511209795,20261150,17.038393596540367,17.038393596540367,0.0,True,101,2432,12,5,108,62,2370,2,1,109,9,2361,0.9239668715846995,0.9229311600779094,0.8479317765787602,7,7,True,False,False,2,1,102,39,2393,9,2,104,3,2390,0.998046875,0.9139635018731942,0.9121646440051739,8,8,True,True,True,0.07408000341530052,-0.008967658204715234,0.06423286742641376,1,1,1,0.9985833400793329,20.534269332885742
326,mc_0326,5.0,1.0,5.232631711066271,20261151,17.034607659265447,17.034607659265447,0.0,True,100,2449,12,5,108,84,2365,0,0,108,0,2365,0.9187585382513661,0.8814733971301767,0.8018923878616675,7,7,True,False,False,1,1,101,36,2413,9,2,103,20,2393,0.9986979166666667,0.8785350667297593,0.8773936513747191,8,8,True,True,True,0.07993937841530063,-0.002938330400417355,0.07550126351305164,1,1,1,0.9974904881405326,21.127172231674194
327,mc_0327,5.0,1.0,0.7856025477975551,20261152,17.043204459850088,17.043204459850088,0.0,True,99,2459,13,7,106,109,2350,0,0,106,0,2350,0.9023159510420637,0.9617787686532793,0.8662080517213404,7,7,True,False,False,1,1,100,23,2436,13,7,109,48,2388,0.9203743526814081,0.9407489647444633,0.8736416907706533,8,7,True,True,False,0.018058401639344357,-0.021029803908815925,0.0074336390493129345,0,1,0,0.9976523921314661,21.562342166900635
328,mc_0328,5.0,1.0,3.3466636951769924,20261153,17.04193096544586,17.04193096544586,0.0,True,101,2426,11,4,105,64,2362,0,0,105,0,2362,0.9226647882513661,0.9003668938907459,0.835092679951726,7,7,True,False,False,1,1,102,22,2404,11,4,108,17,2387,0.9400721482240437,0.9053830751205194,0.8472923410789296,8,7,True,True,False,0.017407359972677616,0.005016181229773542,0.01219966112720361,0,1,0,0.9977738201246661,21.31272602081299
329,mc_0329,5.0,1.0,0.3801118840704056,20261154,17.048388529750305,17.048388529750305,0.0,True,100,2433,11,5,106,48,2385,1,0,106,0,2385,0.8972502718140573,0.899834445294351,0.8103451229469392,7,6,True,False,False,2,1,101,27,2406,11,5,108,27,2379,0.9120214466774452,0.9029224016717811,0.8213962802083935,8,6,True,True,False,0.01477117486338797,0.00308795637743009,0.011051157261454336,0,1,0,0.9983000080951996,21.44374394416809
330,mc_0330,5.0,1.0,1.2484409768824691,20261155,17.027820392426293,17.027820392426293,0.0,True,101,2468,10,3,105,65,2403,0,0,105,0,2403,0.9226647882513661,0.8493796568775307,0.7741577771548942,7,7,True,False,False,1,1,102,38,2430,10,3,106,26,2404,0.9420572916666667,0.8414716834668425,0.7860350603415402,8,7,True,True,False,0.019392503415300633,-0.007907973410688163,0.011877283186646048,0,1,0,0.997530964138266,20.118125200271606
331,mc_0331,5.0,1.0,5.78303184900375,20261156,17.027820392426293,17.027820392426293,0.0,True,101,2439,13,4,107,62,2377,1,0,107,0,2377,0.9194095799180328,0.8785032880364074,0.7993747095216682,7,7,True,False,False,2,1,102,27,2412,11,3,107,14,2398,0.9400401297814207,0.8801113819794071,0.8235713910351827,8,7,True,True,False,0.02063054986338786,0.0016080939429996555,0.024196681513514506,0,1,0,0.9981785801019996,20.638349056243896
332,mc_0332,5.0,1.0,5.133290353799537,20261157,17.033237458955394,17.033237458955394,0.0,True,101,2473,12,4,107,88,2385,0,0,107,0,2385,0.9187585382513661,0.8420342371432643,0.7623547124356332,7,7,True,False,False,1,1,102,40,2433,9,1,103,2,2431,0.998046875,0.8345974822726623,0.8330129752304088,8,8,True,True,True,0.07928833674863389,-0.007436754870602025,0.0706582627947756,1,1,1,0.997409536145066,20.35868787765503
333,mc_0333,5.0,1.0,4.555397684370832,20261158,17.027820392426293,17.027820392426293,0.0,True,100,2434,11,5,109,45,2389,1,0,109,0,2389,0.9187412309850834,0.9039408661885922,0.8322774732544267,7,7,True,False,False,2,1,101,19,2415,11,5,109,26,2389,0.9306200731981982,0.9135351707116413,0.8514382535774108,8,7,True,True,False,0.011878842213114749,0.009594304523049102,0.019160780322984072,0,1,0,0.9987857200679997,20.942736864089966
334,mc_0334,5.0,1.0,5.576725412917072,20261159,17.048388529750305,17.048388529750305,0.0,True,102,2415,12,5,109,89,2326,0,0,109,0,2326,0.896473800101519,0.9389253551667132,0.8358831096678339,7,7,True,False,False,1,1,103,19,2396,11,4,109,42,2354,0.9171683868501529,0.9325724827374129,0.8540408605230263,8,7,True,True,False,0.020694586748633892,-0.006352872429300271,0.018157750855192445,0,1,0,0.9981381041042662,20.926764726638794
335,mc_0335,5.0,1.0,3.342721708650574,20261160,17.027820392426293,17.027820392426293,0.0,True,99,2458,13,5,109,76,2382,0,0,109,0,2382,0.9140172974927676,0.885908011404235,0.8169109381456965,7,7,True,False,False,1,1,100,29,2429,10,3,105,43,2386,0.9877450980392157,0.9079817598966011,0.8971163026025725,8,8,True,True,True,0.07372780054644812,0.022073748492366096,0.08020536445687598,1,1,1,0.9981381041042662,20.48259210586548
336,mc_0336,5.0,1.0,3.7120716093931163,20261161,16.872617702181678,16.872617702181678,0.0,True,97,2382,9,3,101,36,2346,0,0,101,0,2346,0.9254979877418401,0.8505499245298727,0.7884532933478301,7,7,True,False,False,1,1,98,23,2359,9,4,103,23,2336,0.9360427281789987,0.8601131458649386,0.8058744524451199,8,7,True,True,False,0.010544740437158584,0.00956322133506593,0.017421159097289807,0,1,0,0.9981381041042662,19.441370725631714
337,mc_0337,5.0,1.0,1.5002331619102802,20261162,17.027547562426925,17.027547562426925,0.0,True,102,2420,12,4,108,47,2373,2,0,108,0,2373,0.9194095799180328,0.8814098663236608,0.8019711766446409,7,7,True,False,False,3,1,103,16,2404,9,1,104,2,2402,0.9986979166666667,0.8838552112435252,0.8825930882197441,8,8,True,True,True,0.07928833674863389,0.0024453449198643673,0.08062191157510323,1,1,1,0.9981785801019996,20.359199047088623
338,mc_0338,5.0,1.0,4.497834314003371,20261163,17.040104933363203,17.040104933363203,0.0,True,101,2382,10,4,108,46,2336,0,0,108,0,2336,0.9194095799180328,0.9292595814147537,0.851338251018898,7,7,True,False,False,1,1,102,11,2371,9,3,107,18,2353,0.9387700648907104,0.9298367524343063,0.8704395147368895,8,7,True,True,False,0.019360484972677505,0.0005771710195525692,0.01910126371799148,0,1,0,0.999069052052133,20.574090242385864
339,mc_0339,5.0,1.0,4.688303868032066,20261164,17.018295368341942,17.018295368341942,0.0,True,101,2402,11,4,107,46,2356,0,0,107,0,2356,0.9194095799180328,0.9019687963534211,0.8217444031687279,7,7,True,False,False,1,1,103,13,2389,8,1,104,2,2387,0.9894552595628415,0.9007442829088802,0.8905052400369237,8,8,True,True,True,0.07004567964480868,-0.0012245134445408867,0.06876083686819578,1,1,1,0.9982595320974662,20.25683307647705
340,mc_0340,5.0,1.0,4.149718022009379,20261165,17.044626788618505,17.044626788618505,0.0,True,102,2438,11,3,106,35,2403,0,0,106,0,2403,0.9226647882513661,0.8867348654216347,0.8146155463503967,7,7,True,False,False,1,1,103,16,2422,11,3,108,10,2412,0.9400721482240437,0.891473674560851,0.8324453411540971,8,7,True,True,False,0.017407359972677616,0.004738809139216316,0.017829794803700394,0,1,0,0.9992309560430664,20.629245042800903
341,mc_0341,5.0,1.0,0.3496876263910858,20261166,17.027820392426293,17.027820392426293,0.0,True,99,2419,9,3,104,40,2379,1,0,104,0,2379,0.9194095799180328,0.7967499181743658,0.717311228495346,7,6,True,False,False,2,1,100,13,2406,8,2,104,5,2401,0.9380870047814207,0.7966825622231198,0.7366796722292568,8,6,True,True,False,0.01867742486338786,-6.735595124596205e-05,0.01936844373391078,0,1,0,0.9984619120861329,19.915942192077637
342,mc_0342,5.0,1.0,2.165616633291556,20261167,17.03217902952042,17.03217902952042,0.0,True,102,2474,9,2,105,34,2440,0,0,105,0,2440,0.9301784494535519,0.8468524003480664,0.7829784749302195,7,7,True,False,False,1,1,103,36,2438,10,3,108,15,2423,0.9407552083333333,0.8556094829604373,0.7997846530284645,8,7,True,True,False,0.010576758879781378,0.008757082612370848,0.016806178098244917,0,1,0,0.9984214360883996,20.30059027671814
343,mc_0343,5.0,1.0,3.809935440493395,20261168,16.852157323094623,16.852157323094623,0.0,True,97,2305,11,3,100,38,2267,1,0,100,0,2267,0.9179843265396543,0.9002564007944339,0.8184185367224239,7,7,True,False,False,2,1,98,5,2300,11,3,102,15,2285,0.937312793069709,0.8990544777175108,0.8373995561453975,8,7,True,True,False,0.01932846653005471,-0.0012019230769231282,0.01898101942297359,0,1,0,0.9983000080951996,19.468920707702637
344,mc_0344,5.0,1.0,0.6782763093682965,20261169,17.038393596540367,17.038393596540367,0.0,True,102,2454,12,4,108,70,2384,1,0,108,0,2384,0.9213627049180328,0.8781719369225456,0.8195812855129873,7,7,True,False,False,2,1,103,33,2421,10,3,108,14,2407,0.9401041666666667,0.8836926373493131,0.8378923267037279,8,7,True,True,False,0.018741461748633892,0.005520700426767555,0.018311041190740673,0,1,0,0.9978547721201327,20.536561012268066
345,mc_0345,5.0,1.0,5.646781394428965,20261170,17.044626788618505,17.044626788618505,0.0,True,101,2439,11,5,108,68,2371,0,0,108,0,2371,0.9187585382513661,0.8969295485860351,0.8165142052708505,7,7,True,False,False,1,1,102,17,2422,10,4,108,21,2401,0.9400721482240437,0.8933738857601139,0.8377023326451578,8,7,True,True,False,0.021313609972677616,-0.0035556628259212353,0.02118812737430731,0,1,0,0.9985428640815996,20.811949968338013
346,mc_0346,5.0,1.0,5.5989449437670515,20261171,17.023194609192984,17.023194609192984,0.0,True,101,2443,13,5,108,73,2370,0,0,108,0,2370,0.9194095799180328,0.9082569038690098,0.8317240848038645,7,7,True,False,False,1,1,102,24,2419,11,4,108,23,2396,0.939453125,0.9050802902002865,0.8535408813332914,8,7,True,True,False,0.02004354508196715,-0.0031766136687233493,0.02181679652942692,0,1,0,0.9977333441269327,20.962177753448486
347,mc_0347,5.0,1.0,2.4373952995622874,20261172,17.04193096544586,17.04193096544586,0.0,True,102,2411,12,5,110,73,2338,1,0,110,0,2338,0.874684809275831,0.9255372451067153,0.8026175465348593,7,6,True,False,False,2,1,103,25,2386,10,4,110,24,2362,0.8953153591392189,0.9233722305856154,0.8260006005729836,8,6,True,True,False,0.02063054986338786,-0.0021650145210999616,0.02338305403812435,0,1,0,0.9980571521087995,21.56097912788391
348,mc_0348,5.0,1.0,1.4443750608946844,20261173,17.00923872699247,17.00923872699247,0.0,True,98,2460,12,4,104,81,2379,0,0,104,0,2379,0.8854536788113501,0.8729589023156938,0.764567669570025,7,6,True,False,False,1,1,99,53,2407,10,3,103,43,2364,0.9525429889206397,0.8791382806798946,0.8318538074779903,8,7,True,True,True,0.06708931010928965,0.006179378364200794,0.06728613790796534,1,1,1,0.9973690601473326,19.87696099281311
349,mc_0349,5.0,1.0,2.080002949296229,20261174,17.027820392426293,17.027820392426293,0.0,True,98,2397,14,7,108,62,2335,2,0,108,0,2335,0.9106376500934714,0.9496214112097973,0.8695807699855193,7,7,True,False,False,3,1,99,28,2369,13,6,106,37,2332,0.9312681999568594,0.9567427142968634,0.89381516184008,8,7,True,True,False,0.02063054986338797,0.007121303087066155,0.024234391854560777,0,1,0,0.9981785801019996,21.061290740966797
350,mc_0350,5.0,1.0,3.0080579429097223,20261175,17.044626788618505,17.044626788618505,0.0,True,102,2382,10,4,106,36,2346,0,0,106,0,2346,0.862664788251366,0.9196953353663879,0.7952820072836468,7,6,True,False,False,1,1,103,2,2380,10,4,109,10,2370,0.881374231557377,0.9198670386630913,0.813947598042162,8,6,True,True,False,0.018709443306010987,0.0001717032967033516,0.01866559075851515,0,1,0,0.9986238160770663,20.56638813018799
351,mc_0351,5.0,1.0,1.4002764150676876,20261176,17.053643759695195,17.053643759695195,0.0,True,100,2413,9,3,106,25,2388,0,0,106,0,2388,0.9269232411202186,0.809751537967667,0.7400847805447621,7,7,True,False,False,1,1,101,2,2411,7,1,102,2,2409,0.9986338797814207,0.8120898246809538,0.8107237044623745,8,8,True,True,True,0.07171063866120209,0.0023382867132868412,0.0706389239176124,1,1,1,0.9989881000566664,20.203943967819214
352,mc_0352,5.0,1.0,3.0808164754740948,20261177,17.047292954742495,17.047292954742495,0.0,True,100,2422,12,6,109,79,2343,0,0,109,0,2343,0.8926929801473906,0.921949495014821,0.8266938695542256,7,6,True,False,False,1,1,101,15,2407,11,5,108,43,2364,0.9127045067867349,0.919570121442935,0.8430284523741838,8,6,True,True,False,0.020011526639344246,-0.002379373571886001,0.016334582819958143,0,1,0,0.9983404840929329,20.837399005889893
353,mc_0353,5.0,1.0,3.2669129382820836,20261178,17.058791019808645,17.058791019808645,0.0,True,100,2434,14,6,110,47,2387,1,0,110,0,2387,0.8952971468140573,0.8579490338377084,0.7629188306169192,7,6,True,False,False,2,1,101,17,2417,13,5,108,35,2382,0.9127365252293578,0.8594695528840006,0.7795054218810507,8,6,True,True,False,0.01743937841530052,0.0015205190462922458,0.016586591264131423,0,1,0,0.9986642920747997,21.055060863494873
354,mc_0354,5.0,1.0,5.778724609028313,20261179,16.869481202939316,16.869481202939316,0.0,True,94,2432,12,7,105,164,2268,0,0,105,0,2268,0.8091869538836741,0.9225662258077028,0.7446285694666199,6,5,True,False,False,1,1,95,52,2380,13,8,107,117,2263,0.818984597326297,0.9237492291877124,0.7541055994251558,7,5,True,True,False,0.009797643442622905,0.0011830033800096507,0.009477029958535832,0,1,0,0.9979357241155995,20.53745198249817
355,mc_0355,5.0,1.0,0.05538038673482857,20261180,16.818424617458945,16.818424617458945,0.0,True,97,2320,10,3,100,68,2252,1,0,100,0,2252,0.9179843265396543,0.9477644280905151,0.8711285701203231,7,7,True,False,False,2,1,98,17,2303,9,3,102,27,2276,0.937344811512332,0.9401534320012581,0.8876448914799364,8,7,True,True,False,0.019360484972677616,-0.007610996089256972,0.01651632135961334,0,1,0,0.9978952481178661,19.54489803314209
356,mc_0356,5.0,1.0,0.5868216128398694,20261181,17.00500898166483,17.00500898166483,0.0,True,100,2440,14,4,105,75,2365,1,0,105,0,2365,0.9118436780989359,0.9194296855626642,0.8355454830937832,7,7,True,False,False,2,1,101,29,2411,13,4,107,31,2380,0.9313002183994823,0.9035667570353499,0.8429844804318489,8,7,True,True,False,0.019456540300546443,-0.0158629285273143,0.007438997338065745,0,1,0,0.997530964138266,20.273093938827515
357,mc_0357,5.0,1.0,3.74635878492684,20261182,17.033237458955394,17.033237458955394,0.0,True,101,2411,10,4,109,48,2363,0,0,109,0,2363,0.8821984704780168,0.8797875680400953,0.7699308706326828,7,6,True,False,False,1,1,102,24,2387,8,2,105,12,2375,0.951923965696596,0.8880947558685597,0.84122350707615,8,7,True,True,True,0.06972549521857918,0.008307187828464402,0.07129263644346717,1,1,1,0.9984619120861329,22.031189918518066
358,mc_0358,5.0,1.0,0.20216016537557216,20261183,17.044626788618505,17.044626788618505,0.0,True,101,2435,10,4,106,60,2375,0,0,106,0,2375,0.9226647882513661,0.9009944504647894,0.8333826543472895,7,7,True,False,False,1,1,102,26,2409,10,4,108,19,2390,0.941374231557377,0.9065261583402473,0.8488239903118163,8,7,True,True,False,0.018709443306010876,0.00553170787545787,0.015441335964526792,0,1,0,0.9983404840929329,23.415653705596924
359,mc_0359,5.0,1.0,1.8856357369109773,20261184,16.832616083945528,16.832616083945528,0.0,True,97,2344,8,3,101,42,2302,0,0,101,0,2302,0.9239668715846995,0.8843297165976505,0.8132196883358553,7,7,True,False,False,1,1,98,17,2327,7,2,100,19,2308,0.941374231557377,0.8805500356324637,0.8268089063898476,8,7,True,True,False,0.017407359972677505,-0.0037796809651867713,0.013589218053992269,0,1,0,0.9991904800453331,22.196421146392822
360,mc_0360,5.0,1.0,0.09665395384717652,20261185,17.038393596540367,17.038393596540367,0.0,True,101,2426,12,4,108,38,2388,0,0,108,0,2388,0.9239668715846995,0.8467527508650479,0.7803754110437793,7,7,True,False,False,1,1,102,19,2407,11,3,107,8,2399,0.94140625,0.8482057377201673,0.7929737392604062,8,7,True,True,False,0.01743937841530052,0.0014529868551194092,0.012598328216626875,0,1,0,0.9987452440702663,25.291669845581055
361,mc_0361,5.0,1.0,1.8791815832235208,20261186,17.027820392426293,17.027820392426293,0.0,True,102,2431,11,3,105,46,2385,0,0,105,0,2385,0.9226647882513661,0.9013093865585802,0.8262116031601467,7,7,True,False,False,1,1,103,17,2414,11,3,108,12,2402,0.94140625,0.8965941337526523,0.8405501777086963,8,7,True,True,False,0.018741461748633892,-0.004715252805927883,0.014338574548549587,0,1,0,0.9989071480611997,24.767794132232666
362,mc_0362,5.0,1.0,5.581471162206136,20261187,17.048388529750305,17.048388529750305,0.0,True,101,2396,11,3,107,25,2371,1,0,107,0,2371,0.9269232411202186,0.8604256949592574,0.7873489360794759,7,7,True,False,False,2,1,102,0,2396,11,3,107,7,2389,0.9420572916666667,0.8604256949592574,0.802482986625924,8,7,True,True,False,0.015134050546448119,0.0,0.015134050546448119,0,1,0,0.9992714320407998,24.649219036102295
363,mc_0363,5.0,1.0,1.764128376955965,20261188,17.040104933363203,17.040104933363203,0.0,True,102,2446,12,4,108,58,2388,1,0,108,0,2388,0.9213627049180328,0.8674383119530843,0.8043151718851815,7,7,True,False,False,2,1,103,30,2416,11,3,108,11,2405,0.936005806010929,0.8713802068188887,0.8200005020721616,8,7,True,True,False,0.014643101092896127,0.0039418948658044295,0.01568533018698004,0,1,0,0.9982595320974662,25.242682933807373
364,mc_0364,5.0,1.0,2.4206115765195375,20261189,17.04193096544586,17.04193096544586,0.0,True,102,2415,13,4,108,29,2386,2,0,108,0,2386,0.9194095799180328,0.8333934629709858,0.762293282846148,7,7,True,False,False,3,1,103,6,2409,12,3,108,9,2400,0.9406911714480874,0.8453615480773689,0.7860527195254563,8,7,True,True,False,0.0212815915300546,0.01196808510638303,0.023759436679308354,0,1,0,0.998947624058933,25.285358905792236
365,mc_0365,5.0,1.0,5.528571251974669,20261190,17.040104933363203,17.040104933363203,0.0,True,102,2463,10,2,106,51,2412,0,0,106,0,2412,0.9301784494535519,0.8512275116027295,0.7896788941800519,7,7,True,False,False,1,1,103,38,2425,11,3,108,14,2411,0.9407231898907104,0.8546499268701568,0.8003869361380939,8,7,True,True,False,0.010544740437158473,0.00342241526742737,0.01070804195804198,0,1,0,0.9978547721201327,25.01879906654358
366,mc_0366,5.0,1.0,3.4370052851568595,20261191,17.048388529750305,17.048388529750305,0.0,True,102,2422,11,3,108,29,2393,1,0,108,0,2393,0.9269232411202186,0.8725478021152473,0.8092115766266677,7,7,True,False,False,2,1,103,12,2410,11,3,107,16,2394,0.9393570696721312,0.8782689144423994,0.8226871753929184,8,7,True,True,False,0.012433828551912551,0.005721112327152111,0.013475598766250707,0,1,0,0.9985833400793329,25.486138105392456
367,mc_0367,5.0,1.0,4.749700887003924,20261192,17.048388529750305,17.048388529750305,0.0,True,102,2424,11,3,108,30,2394,1,0,108,0,2394,0.9269232411202186,0.8661981222307151,0.7979911373568911,7,7,True,False,False,2,1,103,11,2413,9,1,104,2,2411,0.9993169398907104,0.8725763972121452,0.8719292814993223,8,8,True,True,True,0.07239369877049173,0.0063782749814300654,0.07393814414243116,1,1,1,0.9985833400793329,24.984484672546387
368,mc_0368,5.0,1.0,5.166761046718725,20261193,17.048388529750305,17.048388529750305,0.0,True,101,2399,9,3,105,38,2361,0,0,105,0,2361,0.9301784494535519,0.922838097583186,0.8581828030955377,7,7,True,False,False,1,1,102,6,2393,8,2,104,19,2374,0.9986979166666667,0.9275115773077974,0.9262494542840164,8,8,True,True,True,0.06851946721311486,0.004673479724611407,0.06806665118847866,1,1,1,0.9991500040475998,24.451165914535522
369,mc_0369,5.0,1.0,2.967659531806185,20261194,17.027820392426293,17.027820392426293,0.0,True,101,2449,10,4,109,63,2386,0,0,109,0,2386,0.9213627049180328,0.8825602489088499,0.8101655661200269,7,7,True,False,False,1,1,103,37,2412,9,3,108,11,2401,0.9372758709016393,0.874855712422543,0.8162277478233093,8,7,True,True,False,0.01591316598360648,-0.007704536486306868,0.006062181703282432,0,1,0,0.9983404840929329,25.26087188720703
370,mc_0370,5.0,1.0,2.9708677530283114,20261195,17.048388529750305,17.048388529750305,0.0,True,101,2407,10,4,107,72,2335,0,0,107,0,2335,0.9187585382513661,0.9081269453996206,0.8345771873618486,7,7,True,False,False,1,1,102,35,2372,9,3,107,10,2362,0.9400401297814207,0.9083486868606461,0.8541099790710964,8,7,True,True,False,0.0212815915300546,0.00022174146102549308,0.01953279170924782,0,1,0,0.9981785801019996,25.03260111808777
371,mc_0371,5.0,1.0,2.079977301069094,20261196,17.00923872699247,17.00923872699247,0.0,True,98,2434,11,5,104,71,2363,0,0,104,0,2363,0.9226647882513661,0.9503458617056271,0.8751239819829905,7,7,True,False,False,1,1,99,42,2392,11,5,106,19,2373,0.9407231898907104,0.9160807161736141,0.8738879788958798,8,7,True,True,False,0.018058401639344246,-0.034265145532012986,-0.001236003087110693,0,1,0,0.9981381041042662,24.4829580783844
372,mc_0372,5.0,1.0,4.507745407184998,20261197,16.818424617458945,16.818424617458945,0.0,True,94,2361,8,3,98,53,2308,2,1,99,10,2298,0.9192864098729877,0.8171458829326268,0.7545185372949552,7,7,True,False,False,2,1,95,27,2334,8,3,99,16,2318,0.9366937698456653,0.8088389957198145,0.7615527516762135,8,7,True,True,False,0.017407359972677616,-0.008306887212812253,0.007034214381258286,0,1,0,0.9975714401359993,23.239704132080078
373,mc_0373,5.0,1.0,1.1546697945570292,20261198,17.040104933363203,17.040104933363203,0.0,True,101,2397,10,4,108,45,2352,0,0,108,0,2352,0.9194095799180328,0.9057473016650228,0.8260933227632528,7,7,True,False,False,1,1,102,18,2379,9,3,107,7,2372,0.9386740095628415,0.8969041339631595,0.8435963567073053,8,7,True,True,False,0.019264429644808678,-0.00884316770186333,0.017503033944052504,0,1,0,0.9982190560997328,25.10974383354187
374,mc_0374,5.0,1.0,0.2683557035838145,20261199,17.048388529750305,17.048388529750305,0.0,True,101,2428,13,4,106,60,2368,0,0,106,0,2368,0.9015087246829097,0.8764293018808943,0.7790455959901177,7,6,True,False,False,1,1,102,12,2416,14,5,109,40,2376,0.9113704050107786,0.8760974061230209,0.7891870567721817,8,6,True,True,False,0.009861680327868938,-0.00033189575787340164,0.010141460782064016,0,1,0,0.9987857200679997,25.018776893615723
375,mc_0375,5.0,1.0,4.683010379944392,20261200,17.056517795515415,17.056517795515415,0.0,True,101,2374,10,4,107,51,2323,1,0,107,0,2323,0.9194095799180328,0.9331803680513344,0.8533039052833434,7,7,True,False,False,2,1,102,15,2359,9,3,107,12,2347,0.9386740095628415,0.9330513424526555,0.8735329765762085,8,7,True,True,False,0.019264429644808678,-0.00012902559867888908,0.02022907129286511,0,1,0,0.9985428640815996,25.046514987945557
376,mc_0376,5.0,1.0,2.2803926128678107,20261201,17.034607659265447,17.034607659265447,0.0,True,102,2456,10,4,108,87,2369,0,0,108,0,2369,0.9213627049180328,0.8985895382885509,0.830446724410679,7,7,True,False,False,1,1,103,29,2427,9,3,108,28,2399,0.9401041666666667,0.896939148336837,0.8466065152836157,8,7,True,True,False,0.018741461748633892,-0.0016503899517139597,0.01615979087293673,0,1,0,0.9983809600906662,24.78134512901306
377,mc_0377,5.0,1.0,1.074238231319621,20261202,17.038393596540367,17.038393596540367,0.0,True,102,2451,9,3,105,56,2395,0,0,105,0,2395,0.9226647882513661,0.8954710621785575,0.8259961820625767,7,7,True,False,False,1,1,103,22,2429,9,3,108,15,2414,0.9400081113387978,0.8839983556870541,0.8327351527677713,8,7,True,True,False,0.017343323087431695,-0.011472706491503448,0.00673897070519458,0,1,0,0.9982595320974662,24.93633222579956
378,mc_0378,5.0,1.0,2.4100783574768876,20261203,17.027820392426293,17.027820392426293,0.0,True,102,2440,9,2,105,31,2409,1,0,105,0,2409,0.9301784494535519,0.9136250043420157,0.8497263462817356,7,7,True,False,False,2,1,103,37,2403,9,3,108,13,2390,0.9381510416666667,0.9199594455525039,0.861772185499968,8,7,True,True,False,0.00797259221311486,0.006334441210488206,0.012045839218232435,0,1,0,0.9980166761110661,24.81831383705139
379,mc_0379,5.0,1.0,5.387533095257583,20261204,17.018295368341942,17.018295368341942,0.0,True,99,2423,11,5,108,57,2366,0,0,108,0,2366,0.9140172974927676,0.9138706684090027,0.8285354404045302,7,7,True,False,False,1,1,100,17,2406,8,2,103,13,2393,0.9877450980392157,0.9040345250202277,0.8917796230594435,8,8,True,True,True,0.07372780054644812,-0.00983614338877492,0.06324418265491327,1,1,1,0.9980166761110661,24.556555032730103
380,mc_0380,5.0,1.0,1.5841690928137133,20261205,17.027820392426293,17.027820392426293,0.0,True,100,2422,13,5,107,65,2357,0,0,107,0,2357,0.9194415983606558,0.8813698673992791,0.8025438538857657,7,6,True,False,False,1,1,101,27,2395,9,2,103,3,2392,0.9960297131147541,0.8775793674566763,0.8740394535390146,8,7,True,True,True,0.07658811475409832,-0.003790499942602832,0.07149559965324892,1,1,1,0.9978547721201327,24.678007125854492
381,mc_0381,5.0,1.0,1.0297631135609657,20261206,17.056517795515415,17.056517795515415,0.0,True,100,2393,10,3,103,31,2362,0,0,103,0,2362,0.9226647882513661,0.8700839161671245,0.794862036444488,7,7,True,False,False,1,1,101,6,2387,10,3,106,9,2378,0.9406911714480874,0.8690542348719408,0.811464584150213,8,7,True,True,False,0.01802638319672134,-0.0010296812951837708,0.016602547705725,0,1,0,0.998947624058933,23.6452739238739
382,mc_0382,5.0,1.0,4.61871205667897,20261207,17.027820392426293,17.027820392426293,0.0,True,100,2465,15,7,111,128,2337,1,0,111,0,2337,0.8525017076502732,0.8781128216400187,0.7340835279640319,6,6,True,False,False,2,1,101,39,2426,12,4,106,31,2395,0.9407231898907104,0.8590050248746844,0.8084151278429939,8,7,True,True,False,0.08822148224043713,-0.01910779676533425,0.07433159987896198,1,1,0,0.9962762082085324,24.05026602745056
383,mc_0383,5.0,1.0,5.921455461412794,20261208,16.832616083945528,16.832616083945528,0.0,True,95,2317,11,5,100,51,2266,0,0,100,0,2266,0.9091078029572485,0.9313636041378159,0.8407174966223645,7,7,True,False,False,1,1,96,10,2307,11,5,102,26,2281,0.926515162929926,0.9314841984264705,0.8580140900908331,8,7,True,True,False,0.017407359972677505,0.0001205942886545186,0.01729659346846857,0,1,0,0.9982595320974662,22.303505182266235
384,mc_0384,5.0,1.0,2.606600593721592,20261209,17.037207611762,17.037207611762,0.0,True,100,2410,11,4,107,40,2370,1,0,107,0,2370,0.9246179132513661,0.8586837150763368,0.7932419170260735,7,7,True,False,False,2,1,102,23,2387,11,4,108,19,2368,0.9304772882513661,0.8660637474271635,0.8006967193565979,8,7,True,True,False,0.005859375,0.007380032350826737,0.007454802330524424,0,1,0,0.9990285760543998,21.385766983032227
385,mc_0385,5.0,1.0,6.164125805884039,20261210,17.026363638658548,17.026363638658548,0.0,True,101,2454,11,3,107,37,2417,0,0,107,0,2417,0.9269232411202186,0.8330986339012292,0.7786558651158391,7,7,True,False,False,1,1,102,27,2427,10,3,107,13,2414,0.94140625,0.8526767380969387,0.7997746127915124,8,7,True,True,False,0.014483008879781378,0.01957810419570949,0.021118747675673344,0,1,0,0.9984214360883996,21.315395832061768
386,mc_0386,5.0,1.0,2.719282552310339,20261211,17.027820392426293,17.027820392426293,0.0,True,100,2481,15,5,110,59,2422,0,0,110,0,2422,0.8758349619598553,0.8619147818201249,0.7701755042601371,7,6,True,False,False,1,1,101,66,2415,14,5,109,40,2375,0.8804242720691451,0.8941780558735268,0.7868974795988656,8,6,True,True,False,0.004589310109289757,0.0322632740534019,0.016721975338728434,0,1,0,0.9974500121427993,21.53376579284668
387,mc_0387,5.0,1.0,4.1348808696345865,20261212,17.04193096544586,17.04193096544586,0.0,True,102,2428,12,4,108,48,2380,0,0,108,0,2380,0.9201246584699454,0.8887935123610233,0.8224380207495513,7,7,True,False,False,1,1,103,29,2399,11,3,108,12,2387,0.9400401297814207,0.9054296525952622,0.8505145391068503,8,7,True,True,False,0.019915471311475308,0.016636140234238872,0.028076518357298963,0,1,0,0.9985023880838663,21.58060908317566
388,mc_0388,5.0,1.0,2.58822953136269,20261213,17.023194609192984,17.023194609192984,0.0,True,100,2431,11,5,108,67,2364,0,0,108,0,2364,0.9295274077868853,0.9235141515580718,0.870348334358871,7,7,True,False,False,1,1,101,30,2401,11,5,108,46,2355,0.9393570696721312,0.9418342667611673,0.8870720224081221,8,7,True,True,False,0.009829661885245922,0.01832011520309551,0.016723688049251062,0,1,0,0.9984214360883996,21.532549142837524
389,mc_0389,5.0,1.0,5.016444622406409,20261214,17.018295368341942,17.018295368341942,0.0,True,101,2424,10,3,105,49,2375,0,0,105,0,2375,0.9226647882513661,0.9009287006291407,0.8252634374159673,7,7,True,False,False,1,1,102,22,2402,10,3,107,7,2395,0.94140625,0.8930072975716932,0.8385692312497613,8,7,True,True,False,0.018741461748633892,-0.007921403057447485,0.013305793833794044,0,1,0,0.9988666720634664,20.164274215698242
390,mc_0390,5.0,1.0,3.9003483349436645,20261215,17.018295368341942,17.018295368341942,0.0,True,100,2435,13,4,107,47,2388,0,0,107,0,2388,0.9259520150273224,0.8542001647998758,0.7904920207167089,7,7,True,False,False,1,1,101,33,2402,12,4,107,25,2377,0.9311603483606558,0.8661911385260441,0.8007132384269386,8,7,True,True,False,0.00520833333333337,0.011990973726168308,0.010221217710229769,0,1,0,0.9989881000566664,21.14443588256836
391,mc_0391,5.0,1.0,0.6641332116756938,20261216,17.040104933363203,17.040104933363203,0.0,True,100,2438,10,4,108,74,2364,0,0,108,0,2364,0.9213627049180328,0.8642594192002666,0.7919888327356469,7,7,True,False,False,1,1,101,43,2395,9,3,106,27,2368,0.9400401297814207,0.8577932089544564,0.8036762533225698,8,7,True,True,False,0.01867742486338786,-0.006466210245810178,0.011687420586922848,0,1,0,0.9976523921314661,20.628454208374023
392,mc_0392,5.0,1.0,4.429736156344176,20261217,17.027820392426293,17.027820392426293,0.0,True,99,2421,13,4,106,37,2384,1,0,106,0,2384,0.9194095799180328,0.8661458461766371,0.7974796192939221,7,7,True,False,False,2,1,100,22,2399,10,1,101,2,2397,0.9973958333333333,0.878220375359835,0.875773223428147,8,8,True,True,True,0.07798625341530041,0.012074529183197846,0.07829360413422493,1,1,1,0.998826196065733,19.832102060317993
393,mc_0393,5.0,1.0,1.1131844849179429,20261218,17.044626788618505,17.044626788618505,0.0,True,102,2416,11,4,109,32,2384,1,0,109,0,2384,0.9166214641594342,0.9114636828290443,0.8345780527156954,7,7,True,False,False,2,1,103,8,2408,11,4,109,20,2388,0.9277852278206364,0.9176442012808892,0.8496000027067254,8,7,True,True,False,0.011163763661202197,0.006180518451844863,0.015021949991030015,0,1,0,0.998947624058933,21.047996282577515
394,mc_0394,5.0,1.0,5.968677140266609,20261219,16.823775898177065,16.823775898177065,0.0,True,95,2352,8,3,99,76,2276,0,0,99,0,2276,0.9179843265396543,0.8606545222379651,0.7856465990310236,7,7,True,False,False,1,1,96,28,2324,8,3,100,27,2297,0.937312793069709,0.8521004602882133,0.792952508994841,8,7,True,True,False,0.01932846653005471,-0.008554061949751834,0.007305909963817414,0,1,0,0.9969643001699992,19.857311964035034
395,mc_0395,5.0,1.0,0.7144466858092902,20261220,17.027820392426293,17.027820392426293,0.0,True,101,2433,11,3,107,66,2367,1,0,107,0,2367,0.8854536788113501,0.9144814382265535,0.8056520001695693,7,6,True,False,False,2,1,102,35,2398,12,4,110,25,2373,0.8953793960244649,0.9181980230601596,0.8180872434976698,8,6,True,True,False,0.00992571721311486,0.0037165848336061513,0.012435243328100531,0,1,0,0.9982190560997328,22.25833821296692
396,mc_0396,5.0,1.0,4.351037837849174,20261221,17.04193096544586,17.04193096544586,0.0,True,101,2414,11,3,107,32,2382,0,0,107,0,2382,0.9262721994535519,0.8690989240503086,0.8029985515545873,7,7,True,False,False,1,1,102,28,2386,9,1,103,2,2384,1.0,0.8862235165066379,0.8862235165066379,8,8,True,True,True,0.07372780054644812,0.017124592456329246,0.08322496495205056,1,1,1,0.9980571521087995,23.12405514717102
397,mc_0397,5.0,1.0,0.21539762906380713,20261222,17.027820392426293,17.027820392426293,0.0,True,102,2419,12,3,105,23,2396,0,0,105,0,2396,0.9226647882513661,0.8549530485830565,0.7827096331876153,7,7,True,False,False,1,1,103,2,2417,10,1,104,2,2415,0.9979828381147541,0.8595990062607559,0.8576017731687959,8,8,True,True,True,0.07531804986338797,0.004645957677699375,0.0748921399811806,1,1,1,0.999069052052133,25.387696981430054
398,mc_0398,5.0,1.0,3.139048247904003,20261223,17.04193096544586,17.04193096544586,0.0,True,100,2402,12,6,109,62,2340,1,0,109,0,2340,0.9213627049180328,0.9642745705980285,0.8966677793838103,7,7,True,False,False,2,1,101,22,2380,11,5,108,26,2354,0.94140625,0.9680930418254066,0.9144314256637904,8,7,True,True,False,0.02004354508196715,0.0038184712273781063,0.017763646279980172,0,1,0,0.9986238160770663,26.709177017211914
399,mc_0399,5.0,1.0,0.3103289243013648,20261224,17.034607659265447,17.034607659265447,0.0,True,102,2427,11,4,109,59,2368,1,0,109,0,2368,0.9181074965846995,0.8957046661031527,0.8264230211759842,7,7,True,False,False,2,1,103,16,2411,10,3,108,16,2395,0.94140625,0.8875085376931223,0.841972823407408,8,7,True,True,False,0.02329875341530052,-0.008196128410030368,0.01554980223142377,0,1,0,0.9978547721201327,26.542838096618652
400,mc_0400,5.0,1.0,0.00509228642492988,20261225,16.84906207061299,16.84906207061299,0.0,True,97,2338,12,3,100,57,2281,0,0,100,0,2281,0.9179843265396543,0.8720970440792437,0.7915604658931343,7,7,True,False,False,1,1,98,11,2327,11,3,102,30,2297,0.9366617514030424,0.8701581729207193,0.8101929839741818,8,7,True,True,False,0.01867742486338808,-0.0019388711585244245,0.01863251808104749,0,1,0,0.9983809600906662,24.53610873222351
401,mc_0401,5.0,1.0,2.002384817785992,20261226,17.048388529750305,17.048388529750305,0.0,True,101,2391,11,5,108,58,2333,1,0,108,0,2333,0.8930334331290419,0.8916720743451374,0.7849515970014794,7,6,True,False,False,1,1,102,1,2390,10,4,108,29,2361,0.9149980847683863,0.8917926686337918,0.8068054821366146,8,6,True,True,False,0.021964651639344357,0.00012059428865440758,0.021853885135135198,0,1,0,0.9987857200679997,26.707262992858887
402,mc_0402,5.0,1.0,3.8966117376172047,20261227,17.027820392426293,17.027820392426293,0.0,True,99,2445,11,5,107,64,2381,0,0,107,0,2381,0.8984882679810958,0.8185414223316867,0.7359203365775169,7,7,True,False,False,1,1,100,47,2398,8,2,102,4,2394,0.9771255630630631,0.8306037858780091,0.8150290171668688,8,8,True,True,True,0.07863729508196726,0.012062363546322397,0.07910868058935194,1,1,1,0.997530964138266,25.740718126296997
403,mc_0403,5.0,1.0,4.005292862094072,20261228,17.027820392426293,17.027820392426293,0.0,True,100,2419,11,4,106,56,2363,1,1,107,4,2359,0.9200926400273224,0.8727570194744565,0.7941212021667641,7,7,True,False,False,1,1,101,21,2398,10,3,106,21,2377,0.9373719262295082,0.8624898743388902,0.8083065924729935,8,7,True,True,False,0.017279286202185773,-0.010267145135566258,0.01418539030622945,0,1,0,0.998704768072533,26.039426803588867
404,mc_0404,5.0,1.0,4.6530117683201215,20261229,17.018295368341942,17.018295368341942,0.0,True,100,2503,17,6,109,147,2356,0,0,109,0,2356,0.8740337676091643,0.8598360359579948,0.7411647203431828,7,6,True,False,False,1,1,101,35,2468,13,3,105,58,2410,0.9539411275818419,0.8530680275468436,0.8072490213102617,8,7,True,True,True,0.07990735997267762,-0.006768008411151216,0.06608430096707885,1,1,1,0.9970047761677325,26.339730262756348
405,mc_0405,5.0,1.0,0.5066130271842774,20261230,17.027820392426293,17.027820392426293,0.0,True,100,2432,12,4,108,36,2396,0,0,108,0,2396,0.9275742827868853,0.8853734833464931,0.8272340586155806,7,7,True,False,False,1,1,101,18,2414,12,4,108,18,2396,0.939421106557377,0.8985833992573019,0.8447287228516216,8,7,True,True,False,0.011846823770491732,0.013209915910808778,0.017494664236040958,0,1,0,0.9985428640815996,26.523272037506104
406,mc_0406,5.0,1.0,5.33503159141568,20261231,17.021367376690897,17.021367376690897,0.0,True,101,2425,11,5,108,62,2363,1,0,108,0,2363,0.9163075578592093,0.9294158577156288,0.8498798384670909,7,7,True,False,False,2,1,102,29,2396,8,2,104,6,2390,0.9954998392799743,0.9336650550517729,0.9293924089824961,8,8,True,True,True,0.07919228142076506,0.004249197336144039,0.07951257051540517,1,1,1,0.9976119161337327,26.18058705329895
407,mc_0407,5.0,1.0,5.37043869732061,20261232,17.015217647302862,17.015217647302862,0.0,True,100,2447,13,5,107,75,2372,1,0,107,0,2372,0.9163075578592093,0.8737246744409524,0.7916926847802862,7,7,True,False,False,2,1,101,25,2422,10,2,103,10,2412,0.9975490196078431,0.8713620694934451,0.8689110891012882,8,8,True,True,True,0.08124146174863389,-0.0023626049475072852,0.07721840432100202,1,1,1,0.9981381041042662,26.081546783447266
408,mc_0408,5.0,1.0,4.278668933475469,20261233,17.048388529750305,17.048388529750305,0.0,True,99,2417,11,4,105,36,2381,0,0,105,0,2381,0.9194095799180328,0.8344556454051706,0.7639553820017523,7,7,True,False,False,1,1,100,14,2403,10,3,105,9,2394,0.9401041666666667,0.8480413224095281,0.7881454890761947,8,7,True,True,False,0.020694586748633892,0.013585677004357533,0.02419010707444247,0,1,0,0.9989071480611997,26.142762899398804
409,mc_0409,5.0,1.0,5.334024191254273,20261234,17.033237458955394,17.033237458955394,0.0,True,100,2424,11,5,109,60,2364,0,0,109,0,2364,0.8815474288113501,0.869297975870694,0.7614214178654715,7,6,True,False,False,1,1,101,12,2412,9,3,105,29,2383,0.9533221043577982,0.8769676641474837,0.8307024005475354,8,7,True,True,True,0.07177467554644812,0.00766968827678971,0.06928098268206395,1,1,1,0.9983404840929329,28.135051012039185
410,mc_0410,5.0,1.0,1.4138522135538802,20261235,16.94548521100935,16.94548521100935,0.0,True,96,2363,8,3,101,34,2329,2,0,101,0,2329,0.9212395348729877,0.8488742813362431,0.7732268516746216,7,7,True,False,False,3,1,98,18,2345,8,3,103,17,2328,0.937344811512332,0.845907404685156,0.786929576352489,8,7,True,True,False,0.016105276639344246,-0.0029668766510870803,0.013702724677867373,0,1,0,0.9986642920747997,26.625991821289062
411,mc_0411,5.0,1.0,1.5676675816345107,20261236,17.027820392426293,17.027820392426293,0.0,True,100,2464,13,4,108,34,2430,1,0,108,0,2430,0.9307334357923497,0.8561761833458204,0.7937367840030953,7,7,True,False,False,2,1,101,55,2409,8,1,102,2,2407,0.9960297131147541,0.8635485834088035,0.8604707289738078,8,8,True,True,True,0.0652962773224044,0.00737240006298312,0.0667339449707125,1,1,1,0.9969643001699992,27.29584288597107
412,mc_0412,5.0,1.0,4.4231950083945355,20261237,17.040883946023158,17.040883946023158,0.0,True,100,2441,12,5,108,69,2372,0,0,108,0,2372,0.9269232411202186,0.9019679205478315,0.8417195238218749,7,7,True,False,False,1,1,101,33,2408,12,5,108,45,2363,0.936005806010929,0.9150682140638875,0.8587402224269167,8,7,True,True,False,0.009082564890710354,0.013100293516056016,0.01702069860504185,0,1,0,0.9980166761110661,27.82564878463745
413,mc_0413,5.0,1.0,0.7625385143786058,20261238,17.048388529750305,17.048388529750305,0.0,True,100,2410,13,6,109,68,2342,0,0,109,0,2342,0.8924395628612043,0.9333548636045508,0.8326962295312642,7,6,True,False,False,1,1,102,28,2382,12,5,109,30,2352,0.906271530074319,0.927076641525153,0.8451202278757144,8,6,True,True,False,0.013831967213114749,-0.006278222079397766,0.012423998344450182,0,1,0,0.9985428640815996,26.810240030288696
414,mc_0414,5.0,1.0,0.05778054139208707,20261239,17.018295368341942,17.018295368341942,0.0,True,100,2407,11,4,107,53,2354,0,0,107,0,2354,0.9187585382513661,0.9212175749653526,0.8434630072291673,7,7,True,False,False,1,1,101,27,2380,8,1,102,2,2378,0.9993169398907104,0.9213992075283944,0.9208656959670231,8,8,True,True,True,0.08055840163934425,0.00018163256304182251,0.07740268873785572,1,1,1,0.9977333441269327,26.275959014892578
415,mc_0415,5.0,1.0,0.6260453939039032,20261240,17.00923872699247,17.00923872699247,0.0,True,97,2483,13,6,107,142,2341,1,0,107,0,2341,0.9103596612825459,0.9065523303503875,0.8319286364849586,7,7,True,False,False,2,1,99,71,2412,12,4,105,32,2380,0.8997395833333333,0.875397593577963,0.7955633212119109,8,6,True,True,False,-0.010620077949212603,-0.03115473677242453,-0.03636531527304776,-1,1,0,0.9961547802153323,26.63396692276001
416,mc_0416,5.0,1.0,4.03992812141302,20261241,17.018295368341942,17.018295368341942,0.0,True,98,2450,14,5,107,76,2374,0,0,107,0,2374,0.9213627049180328,0.8743737371395953,0.8063310187354982,7,7,True,False,False,1,1,101,41,2409,11,4,107,45,2364,0.9387700648907104,0.8764403349000746,0.8235692264755085,8,7,True,True,False,0.017407359972677505,0.0020665977604792385,0.01723820774001028,0,1,0,0.997409536145066,25.450296878814697
417,mc_0417,5.0,1.0,0.8433281831317998,20261242,17.038393596540367,17.038393596540367,0.0,True,102,2420,11,4,108,60,2360,0,0,108,0,2360,0.9194095799180328,0.9079797126261349,0.8290497450242922,7,7,True,False,False,1,1,103,20,2400,9,3,108,14,2386,0.9400401297814207,0.9065197363014266,0.8508412642777404,8,7,True,True,False,0.02063054986338786,-0.0014599763247082898,0.021791519253448244,0,1,0,0.9981381041042662,25.43217420578003
418,mc_0418,5.0,1.0,1.0833967034778957,20261243,17.018295368341942,17.018295368341942,0.0,True,99,2436,11,5,107,85,2351,0,0,107,0,2351,0.9213627049180328,0.8574522217361051,0.779528883968114,7,6,True,False,False,1,1,100,26,2410,10,4,106,29,2381,0.9401041666666667,0.8415475758782607,0.7919037166078096,8,6,True,True,False,0.018741461748633892,-0.015904645857844457,0.012374832639695521,0,1,0,0.9983000080951996,25.317671060562134
419,mc_0419,5.0,1.0,0.8604069910505566,20261244,17.04193096544586,17.04193096544586,0.0,True,98,2413,13,6,108,52,2361,0,0,108,0,2361,0.876637934275831,0.8264021153447725,0.7093903717528472,7,5,True,False,False,1,1,99,7,2406,12,5,107,30,2376,0.8966814793577982,0.8238762641611799,0.7269062520027885,8,5,True,True,False,0.02004354508196715,-0.002525851183592609,0.017515880249941218,0,1,0,0.999069052052133,23.799136877059937
420,mc_0420,5.0,1.0,3.2810291872609123,20261245,17.040104933363203,17.040104933363203,0.0,True,102,2392,12,4,108,40,2352,2,0,108,0,2352,0.9194095799180328,0.9012570531786761,0.820666633096709,7,7,True,False,False,3,1,103,2,2390,9,1,104,2,2388,0.9993169398907104,0.8993339762555992,0.8986509161463097,8,8,True,True,True,0.0799073599726775,-0.0019230769230769162,0.0779842830496007,1,1,1,0.9984619120861329,23.676406145095825
421,mc_0421,5.0,1.0,4.174940916540319,20261246,17.021367376690897,17.021367376690897,0.0,True,101,2435,10,4,105,72,2363,0,0,105,0,2363,0.9083205259562841,0.8735460496202154,0.787569433811246,7,6,True,False,False,1,1,102,20,2415,7,1,103,2,2413,0.9993489583333333,0.8633070236974489,0.8627578196120607,8,8,True,True,True,0.09102843237704916,-0.010239025922766487,0.07518838580081466,2,1,1,0.9975714401359993,20.338346004486084
422,mc_0422,5.0,1.0,0.25205827522926766,20261247,17.012886370901654,17.012886370901654,0.0,True,99,2464,14,5,105,124,2340,0,0,105,0,2340,0.8481806947828976,0.912155020410368,0.771659736996021,6,6,True,False,False,1,1,100,56,2408,14,6,108,64,2344,0.8547231298921872,0.9124073349056135,0.776042735953044,7,6,True,True,False,0.006542435109289646,0.0002523144952455425,0.004382998957022988,0,1,0,0.9970047761677325,20.493550777435303
423,mc_0423,5.0,1.0,2.0277212469361827,20261248,16.823775898177065,16.823775898177065,0.0,True,97,2332,8,3,101,65,2267,1,0,101,0,2267,0.9179843265396543,0.9319300726743396,0.8572874501610002,7,7,True,False,False,2,1,98,32,2300,8,3,102,25,2275,0.9379958531789987,0.9288431452864253,0.8711710076177187,8,7,True,True,False,0.020011526639344357,-0.0030869273879142733,0.013883557456718543,0,1,0,0.9980571521087995,19.715402126312256
424,mc_0424,5.0,1.0,5.774234950099642,20261249,17.027820392426293,17.027820392426293,0.0,True,101,2446,12,4,108,74,2372,1,0,108,0,2372,0.9213627049180328,0.8787467810240908,0.8270911642735496,7,7,True,False,False,1,1,102,37,2409,11,3,107,20,2389,0.9407231898907104,0.8829271357535251,0.8380056516071797,8,7,True,True,False,0.019360484972677505,0.0041803547294343435,0.010914487333630096,0,1,0,0.9979357241155995,20.646111011505127
425,mc_0425,5.0,1.0,0.3968012905670366,20261250,17.023194609192984,17.023194609192984,0.0,True,101,2523,11,4,107,103,2420,0,0,107,0,2420,0.9090437660720025,0.8787709595432278,0.7989325555771507,7,7,True,False,False,1,1,102,89,2434,10,4,108,21,2413,0.9278492647058824,0.8681494511057612,0.8002987067471041,8,7,True,True,False,0.018805498633879814,-0.010621508437466565,0.0013661511699534223,0,1,0,0.9963976362017324,20.664172172546387
426,mc_0426,5.0,1.0,1.9958250219603317,20261251,17.027820392426293,17.027820392426293,0.0,True,101,2453,11,3,105,56,2397,0,0,105,0,2397,0.9301784494535519,0.8694325066667228,0.805404638385769,7,7,True,False,False,1,1,102,19,2434,11,4,108,47,2387,0.9387380464480874,0.8720830613567512,0.8197933060971457,8,7,True,True,False,0.008559596994535568,0.002650554690028395,0.014388667711376701,0,1,0,0.9984619120861329,20.463354110717773
427,mc_0427,5.0,1.0,1.1686980447481001,20261252,17.018295368341942,17.018295368341942,0.0,True,98,2418,13,6,108,81,2337,0,0,108,0,2337,0.8740337676091643,0.8866817331493506,0.7672589647326982,7,6,True,False,False,1,1,99,36,2382,10,3,104,32,2350,0.9545921692485085,0.8991572776908923,0.8567721482794393,8,7,True,True,True,0.08055840163934425,0.01247554454154165,0.08951318354674109,1,1,1,0.9968833481745325,20.35764503479004
428,mc_0428,5.0,1.0,5.61363943274111,20261253,17.040104933363203,17.040104933363203,0.0,True,102,2414,10,4,109,36,2378,0,0,109,0,2378,0.9213627049180328,0.8905371014430101,0.816289467606867,7,7,True,False,False,1,1,103,14,2400,9,3,108,10,2390,0.9375,0.8885116838266142,0.8306135082222517,8,7,True,True,False,0.01613729508196715,-0.0020254176163959636,0.014324040615384614,0,1,0,0.998704768072533,20.741401195526123
429,mc_0429,5.0,1.0,5.9898561349050885,20261254,16.834318550447,16.834318550447,0.0,True,96,2317,10,3,99,42,2275,1,0,99,0,2275,0.9213627049180328,0.8555493617848123,0.7823024899196852,7,7,True,False,False,2,1,97,13,2304,10,3,101,17,2287,0.9380549863387978,0.8559946844339794,0.7967972546777807,8,7,True,True,False,0.016692281420764954,0.0004453226491670792,0.014494764758095524,0,1,0,0.9981381041042662,19.334007024765015
430,mc_0430,5.0,1.0,2.0242267305014736,20261255,17.018295368341942,17.018295368341942,0.0,True,99,2438,10,4,105,59,2379,0,0,105,0,2379,0.9226647882513661,0.9295950605187449,0.8540438378981281,7,7,True,False,False,1,1,100,47,2391,10,4,105,27,2364,0.9407231898907104,0.9097698146473737,0.8598729125252196,8,7,True,True,False,0.018058401639344246,-0.019825245871371133,0.0058290746270914795,0,1,0,0.9976119161337327,20.39381694793701
431,mc_0431,5.0,1.0,1.0488699819839875,20261256,17.04193096544586,17.04193096544586,0.0,True,102,2433,11,3,106,56,2377,0,0,106,0,2377,0.9226647882513661,0.9006011516687085,0.8321300718616456,7,7,True,False,False,1,1,103,36,2397,11,3,108,12,2385,0.9375,0.8971635311209394,0.8374898714472798,8,7,True,True,False,0.014835211748633892,-0.0034376205477690824,0.005359799585634262,0,1,0,0.9974904881405326,21.515313148498535
432,mc_0432,5.0,1.0,3.6082235495536827,20261257,17.006661643324875,17.006661643324875,0.0,True,100,2432,12,5,108,54,2378,0,0,108,0,2378,0.9163075578592093,0.8936504430010956,0.8128056866534439,7,7,True,False,False,1,1,101,24,2408,11,4,107,17,2391,0.9342378857280618,0.8914342400495986,0.8325775118043255,8,7,True,True,False,0.017930327868852514,-0.0022162029514970483,0.019771825150881606,0,1,0,0.9984214360883996,23.389683961868286
433,mc_0433,5.0,1.0,5.532653325370601,20261258,17.027820392426293,17.027820392426293,0.0,True,101,2436,11,4,107,69,2367,0,0,107,0,2367,0.9194095799180328,0.8743663079241965,0.7944898451562055,7,7,True,False,False,1,1,102,22,2414,10,3,107,14,2400,0.9387380464480874,0.8680949317682735,0.8112322920579706,8,7,True,True,False,0.0193284665300546,-0.006271376155922992,0.016742446901765184,0,1,0,0.9984214360883996,26.19180965423584
434,mc_0434,5.0,1.0,1.7898806241887615,20261259,17.018295368341942,17.018295368341942,0.0,True,100,2454,12,4,106,89,2365,0,0,106,0,2365,0.9141234035819923,0.9325795940961432,0.8540751310425369,7,7,True,False,False,1,1,101,31,2423,12,5,108,62,2361,0.9253191856858174,0.9295044311637233,0.8626597608883042,8,7,True,True,False,0.011195782103825103,-0.003075162932419939,0.008584629845767355,0,1,0,0.9978142961223995,26.815277099609375
435,mc_0435,5.0,1.0,2.3748205366364457,20261260,16.869481202939316,16.869481202939316,0.0,True,98,2325,11,5,104,80,2245,0,0,104,0,2245,0.8551427964850096,0.9440634600292854,0.8000929405405139,6,6,True,False,False,1,1,99,32,2293,9,3,103,20,2273,0.9359786912937528,0.9341900804694421,0.8753401969074861,8,7,True,True,False,0.0808358948087432,-0.009873379559843354,0.07524725636697216,1,1,0,0.9970857281631992,26.337984085083008
436,mc_0436,5.0,1.0,2.286104869523662,20261261,16.834318550447,16.834318550447,0.0,True,94,2313,10,5,99,93,2220,1,0,99,0,2220,0.9179843265396543,0.9474002296013165,0.8701438840563548,7,7,True,False,False,2,1,95,28,2285,10,5,101,45,2240,0.9352636127418401,0.940150737025737,0.8817541524456032,8,7,True,True,False,0.017279286202185773,-0.007249492575579497,0.01161026838924839,0,1,0,0.9976523921314661,25.545629024505615
437,mc_0437,5.0,1.0,3.7318766157917014,20261262,17.027820392426293,17.027820392426293,0.0,True,101,2496,11,3,105,80,2416,1,0,105,0,2416,0.9226647882513661,0.8891819015555724,0.8181297111524204,7,7,True,False,False,2,1,102,49,2447,11,3,107,28,2419,0.9407231898907104,0.8752147866585486,0.8252952995366019,8,7,True,True,False,0.018058401639344246,-0.013967114897023847,0.007165588384181465,0,1,0,0.9978547721201327,25.265271186828613
438,mc_0438,5.0,1.0,1.6849060165261507,20261263,17.048388529750305,17.048388529750305,0.0,True,101,2413,14,5,108,63,2350,1,0,108,0,2350,0.8930334331290419,0.8604801915312943,0.7549902669659923,7,6,True,False,False,2,1,102,10,2403,13,4,108,28,2375,0.9143150246590966,0.8611108221619248,0.7777138157763256,8,6,True,True,False,0.02128159153005471,0.0006306306306305132,0.02272354881033334,0,1,0,0.9985023880838663,24.644644737243652
439,mc_0439,5.0,1.0,1.2928623790021043,20261264,17.053643759695195,17.053643759695195,0.0,True,101,2441,13,5,109,51,2390,0,0,109,0,2390,0.9176416596351655,0.893822955105391,0.8130170240798511,7,7,True,False,False,1,1,102,18,2423,11,4,108,15,2408,0.9383042279411764,0.8921719753090189,0.8322254989705102,8,7,True,True,False,0.020662568306010876,-0.0016509797963720763,0.019208474890659133,0,1,0,0.9986238160770663,24.31883978843689
440,mc_0440,5.0,1.0,6.088884330533628,20261265,17.038393596540367,17.038393596540367,0.0,True,102,2411,10,3,108,29,2382,0,0,108,0,2382,0.9288763661202186,0.8916145078897408,0.8309724913725476,7,7,True,False,False,1,1,103,22,2389,10,3,108,14,2375,0.9393570696721312,0.9073767440047971,0.850955599946218,8,7,True,True,False,0.010480703551912551,0.015762236115056227,0.01998310857367047,0,1,0,0.9985023880838663,22.523738861083984
441,mc_0441,5.0,1.0,2.514175822841459,20261266,17.02770863382375,17.02770863382375,0.0,True,100,2402,13,5,105,50,2352,0,0,105,0,2352,0.9138928584268047,0.9292224193317173,0.8494630921471146,7,7,True,False,False,1,1,101,14,2388,13,5,108,24,2364,0.9319832785087719,0.9307553533095043,0.8656436650297126,8,7,True,True,False,0.018090420081967262,0.0015329339777869766,0.016180572882598,0,1,0,0.9986238160770663,20.30647301673889
442,mc_0442,5.0,1.0,6.277981020401256,20261267,17.048388529750305,17.048388529750305,0.0,True,100,2395,12,5,108,47,2348,0,0,108,0,2348,0.916958599525876,0.9230510791343917,0.8400096786602677,7,7,True,False,False,1,1,101,3,2392,11,4,108,15,2377,0.9382722094985535,0.9206472329805455,0.8606386881174813,8,7,True,True,False,0.021313609972677505,-0.0024038461538461453,0.020629009457213687,0,1,0,0.9986642920747997,20.825249195098877
443,mc_0443,5.0,1.0,5.353626086203365,20261268,17.048388529750305,17.048388529750305,0.0,True,102,2392,8,2,105,20,2372,0,0,105,0,2372,0.9301784494535519,0.9010674501413918,0.8364842064610885,7,7,True,False,False,1,1,103,6,2386,9,3,108,10,2376,0.9407552083333333,0.9016124505791268,0.848156513486255,8,7,True,True,False,0.010576758879781378,0.0005450004377349771,0.011672307025166528,0,1,0,0.9991904800453331,20.560612678527832
444,mc_0444,5.0,1.0,6.187363388346029,20261269,17.027820392426293,17.027820392426293,0.0,True,101,2436,11,5,110,72,2364,0,0,110,0,2364,0.8740337676091643,0.9125627364495255,0.8028384379360249,7,6,True,False,False,1,1,102,42,2394,8,2,105,13,2381,0.9511768687020605,0.9211953674718679,0.8750750267703417,8,7,True,True,True,0.07714310109289624,0.008632631022342463,0.07223658883431672,1,1,1,0.9968833481745325,20.46001696586609
445,mc_0445,5.0,1.0,5.6571509378322675,20261270,17.034607659265447,17.034607659265447,0.0,True,100,2413,11,5,106,69,2344,0,0,106,0,2344,0.903144936793901,0.95383585274911,0.8620421734980013,7,7,True,False,False,1,1,101,17,2396,12,6,109,57,2339,0.9097514087884364,0.9570563255260345,0.8718119481060485,8,7,True,True,False,0.006606471994535457,0.003220472776924499,0.009769774608047177,0,1,0,0.9987452440702663,20.605042219161987
446,mc_0446,5.0,1.0,4.899372657298079,20261271,17.048388529750305,17.048388529750305,0.0,True,102,2386,8,2,105,25,2361,0,0,105,0,2361,0.9301784494535519,0.8979080056219144,0.8291940245017799,7,7,True,False,False,1,1,103,4,2382,9,3,108,8,2374,0.9400721482240437,0.8980714057125191,0.839035768137734,8,7,True,True,False,0.009893698770491843,0.00016340009060467064,0.009841743635954026,0,1,0,0.9991500040475998,20.336685180664062
447,mc_0447,5.0,1.0,3.999568844862964,20261272,17.018295368341942,17.018295368341942,0.0,True,99,2469,13,5,106,128,2341,1,0,106,0,2341,0.8767932286183386,0.8918038048774299,0.7764930065492495,7,6,True,False,False,2,1,100,55,2414,12,5,108,49,2365,0.8955346903669725,0.8856903743149332,0.7876597237728149,8,6,True,True,False,0.018741461748633892,-0.006113430562496691,0.011166717223565437,0,1,0,0.9980571521087995,20.61961793899536
448,mc_0448,5.0,1.0,4.520479204587602,20261273,17.048388529750305,17.048388529750305,0.0,True,101,2401,12,4,108,40,2361,0,0,108,0,2361,0.9213627049180328,0.879000789773101,0.8008474490907356,7,7,True,False,False,1,1,102,11,2390,11,3,107,8,2382,0.94140625,0.8714783817280662,0.8170403154061345,8,7,True,True,False,0.02004354508196715,-0.00752240804503479,0.016192866315398957,0,1,0,0.998826196065733,20.67222285270691
449,mc_0449,5.0,1.0,6.098189280040528,20261274,17.048388529750305,17.048388529750305,0.0,True,102,2416,10,3,108,28,2388,0,0,108,0,2388,0.9269232411202186,0.8793837624922974,0.812946296054831,7,7,True,False,False,1,1,103,8,2408,8,1,104,2,2406,0.9979508196721312,0.8850897628411549,0.8830850108364029,8,8,True,True,True,0.07102757855191255,0.005706000348857487,0.07013871478157185,1,1,1,0.9986238160770663,20.46208906173706
450,mc_0450,5.0,1.0,1.3506435863919022,20261275,17.03217902952042,17.03217902952042,0.0,True,101,2468,11,3,107,56,2412,1,0,107,0,2412,0.9269232411202186,0.8246564891179939,0.7584283542042485,7,7,True,False,False,1,1,102,25,2443,11,3,107,13,2430,0.9400721482240437,0.8263354888816711,0.769089609760792,8,7,True,True,False,0.013148907103825103,0.0016789997636771359,0.010661255556543514,0,1,0,0.9983809600906662,20.72979187965393
451,mc_0451,5.0,1.0,5.322594768579915,20261276,16.712263388458517,16.712263388458517,0.0,True,97,2364,8,2,100,49,2315,0,0,100,0,2315,0.9248469460751735,0.8676686724165463,0.8075035965385549,7,7,True,False,False,1,1,98,29,2335,9,3,102,29,2306,0.9366617514030424,0.8772616152382211,0.8194749779902352,8,7,True,True,False,0.011814805327868938,0.009592942821674777,0.011971381451680307,0,1,0,0.9982595320974662,19.49209690093994
452,mc_0452,5.0,1.0,5.7333902495132625,20261277,17.042425447190134,17.042425447190134,0.0,True,102,2459,10,4,109,72,2387,0,0,109,0,2387,0.9200606215846995,0.870906254990431,0.7964139530287107,7,7,True,False,False,1,1,103,39,2420,7,1,104,2,2418,0.998014856557377,0.8638794083941674,0.8621176287284815,8,8,True,True,True,0.0779542349726775,-0.007026846596263514,0.06570367569977087,1,1,1,0.9980166761110661,20.378709077835083
453,mc_0453,5.0,1.0,3.024223215662976,20261278,17.038393596540367,17.038393596540367,0.0,True,101,2421,10,4,107,57,2364,0,0,107,0,2364,0.9187585382513661,0.8647709958164305,0.7838955609650705,7,7,True,False,False,1,1,102,14,2407,7,1,103,2,2405,0.9986658982240437,0.8598695142071688,0.8586095065519261,8,8,True,True,True,0.07990735997267762,-0.0049014816092616265,0.07471394558685562,1,1,1,0.9981785801019996,20.07186794281006
454,mc_0454,5.0,1.0,0.6433114427205351,20261279,17.018295368341942,17.018295368341942,0.0,True,99,2450,14,5,107,73,2377,1,0,107,0,2377,0.9065036362905818,0.8650140807146721,0.7746517956220991,7,7,True,False,False,2,1,100,18,2432,11,2,102,9,2423,0.983646737383478,0.8514785879628726,0.8353439221489202,8,8,True,True,True,0.07714310109289613,-0.01353549275179955,0.0606921265268211,1,1,1,0.9971666801586659,20.25423002243042
455,mc_0455,5.0,1.0,5.448230131389616,20261280,17.048388529750305,17.048388529750305,0.0,True,101,2393,9,2,104,69,2324,1,0,104,0,2324,0.9301784494535519,0.9215125997555351,0.858650581082371,7,7,True,False,False,2,1,102,37,2356,10,3,107,13,2343,0.9420572916666667,0.9266574984438691,0.8695692660803778,8,7,True,True,False,0.01187884221311486,0.00514489868833401,0.010918684998006745,0,1,0,0.9985833400793329,20.23806619644165
456,mc_0456,5.0,1.0,1.1024397570011992,20261281,17.058791019808645,17.058791019808645,0.0,True,102,2393,11,4,108,46,2347,1,0,108,0,2347,0.9194095799180328,0.9091122588213023,0.8287679282666354,7,7,True,False,False,2,1,103,5,2388,10,3,108,10,2378,0.94140625,0.907361827496863,0.8496375958956759,8,7,True,True,False,0.02199667008196715,-0.0017504313244393055,0.020869667629040523,0,1,0,0.9987452440702663,23.36882734298706
457,mc_0457,5.0,1.0,0.16287130596795654,20261282,17.048388529750305,17.048388529750305,0.0,True,100,2384,13,6,108,64,2320,0,0,108,0,2320,0.9109780566939891,0.9283919891134266,0.8408666545437427,7,7,True,False,False,1,1,101,12,2372,11,4,107,17,2355,0.9406911714480874,0.9180666967157658,0.8671856253261555,8,7,True,True,False,0.029713114754098324,-0.010325292397660779,0.026318970782412854,0,1,0,0.9978547721201327,23.725059032440186
458,mc_0458,5.0,1.0,4.3157551305623985,20261283,17.04193096544586,17.04193096544586,0.0,True,101,2412,10,3,104,27,2385,0,0,104,0,2385,0.9226647882513661,0.8644050735906501,0.7925276850924827,7,7,True,False,False,1,1,102,8,2404,10,3,106,15,2389,0.9401041666666667,0.866366081972062,0.8099492844838359,8,7,True,True,False,0.017439378415300633,0.0019610083814118884,0.017421599391353126,0,1,0,0.998704768072533,23.426180839538574
459,mc_0459,5.0,1.0,0.040459355007643666,20261284,17.040104933363203,17.040104933363203,0.0,True,102,2424,11,3,108,27,2397,1,0,108,0,2397,0.9269232411202186,0.8563484154197787,0.7833091941522701,7,7,True,False,False,2,1,103,2,2422,11,3,108,8,2414,0.9406911714480874,0.8551580031783889,0.7967185405234498,8,7,True,True,False,0.013767930327868827,-0.0011904122413898266,0.013409346371179742,0,1,0,0.9991500040475998,24.362692832946777
460,mc_0460,5.0,1.0,0.6518389958216775,20261285,17.034607659265447,17.034607659265447,0.0,True,102,2462,12,3,105,66,2396,1,0,105,0,2396,0.9226647882513661,0.8661589340878635,0.792554454817473,7,7,True,False,False,2,1,103,22,2440,11,3,108,13,2427,0.94140625,0.8602270370780197,0.803352532716402,8,7,True,True,False,0.018741461748633892,-0.005931897009843756,0.010798077898928948,0,1,0,0.9977738201246661,21.275283813476562
461,mc_0461,5.0,1.0,3.6337296699463266,20261286,17.023194609192984,17.023194609192984,0.0,True,102,2485,11,4,108,89,2396,1,0,108,0,2396,0.9220137465846995,0.8767012300919541,0.8110945083975225,7,7,True,False,False,2,1,103,39,2446,9,3,108,24,2422,0.9401041666666667,0.8716924401305572,0.8220485808601061,8,7,True,True,False,0.018090420081967262,-0.0050087899613968645,0.01095407246258362,0,1,0,0.9977333441269327,20.68100929260254
462,mc_0462,5.0,1.0,2.1102364746811264,20261287,17.04193096544586,17.04193096544586,0.0,True,102,2413,11,4,108,47,2366,0,0,108,0,2366,0.9194095799180328,0.8892119701497468,0.8093355073817559,7,7,True,False,False,1,1,103,11,2402,10,3,108,10,2392,0.9407552083333333,0.8862996524989081,0.831282173330246,8,7,True,True,False,0.02134562841530041,-0.0029123176508387694,0.02194666594849015,0,1,0,0.9983809600906662,21.063858032226562
463,mc_0463,5.0,1.0,2.531134854428764,20261288,16.830611544331223,16.830611544331223,0.0,True,95,2313,10,4,100,44,2269,0,0,100,0,2269,0.9121703730512822,0.8955451489220767,0.8098945923595912,7,7,True,False,False,1,1,96,13,2300,8,2,98,10,2290,0.9874884229146703,0.8888727968581964,0.878095083401577,8,8,True,True,True,0.07531804986338808,-0.0066723520638802825,0.06820049104198589,1,1,1,0.9989071480611997,19.072048902511597
464,mc_0464,5.0,1.0,5.212891779813104,20261289,17.040104933363203,17.040104933363203,0.0,True,101,2418,12,4,107,48,2370,0,0,107,0,2370,0.9213627049180328,0.8652953609854079,0.7909236308250615,7,7,True,False,False,1,1,102,15,2403,11,3,107,8,2395,0.9393250512295082,0.8644601673078884,0.8064081910368569,8,7,True,True,False,0.017962346311475308,-0.0008351936775194968,0.01548456021179545,0,1,0,0.9985023880838663,23.349342823028564
465,mc_0465,5.0,1.0,3.9043927285496567,20261290,16.880122455459485,16.880122455459485,0.0,True,97,2348,10,3,101,53,2295,0,0,101,0,2295,0.9288763661202186,0.8736017841915205,0.8097109294826823,7,7,True,False,False,1,1,98,8,2340,11,4,103,40,2300,0.9420572916666667,0.8808368377382123,0.822894129404879,8,7,True,True,False,0.013180925546448119,0.00723505354669185,0.013183199922196742,0,1,0,0.9989881000566664,24.61235523223877
466,mc_0466,5.0,1.0,1.317182636667522,20261291,17.027820392426293,17.027820392426293,0.0,True,101,2444,11,4,108,58,2386,0,0,108,0,2386,0.9187585382513661,0.8646675965849544,0.7863169756762136,7,7,True,False,False,1,1,102,33,2411,8,1,103,2,2409,0.9993169398907104,0.8651495824156081,0.86456633881206,8,8,True,True,True,0.08055840163934425,0.0004819858306537306,0.0782493631358464,1,1,1,0.997288108151866,26.871066093444824
467,mc_0467,5.0,1.0,5.547247984957055,20261292,17.027820392426293,17.027820392426293,0.0,True,99,2417,13,5,106,60,2357,0,0,106,0,2357,0.9096056583494053,0.8671506517283354,0.7852679881182794,7,7,True,False,False,1,1,100,31,2386,11,4,106,16,2370,0.9241527041144326,0.8700850508714768,0.8053657460850815,8,7,True,True,False,0.0145470457650273,0.0029343991431414196,0.020097757966802132,0,1,0,0.9974500121427993,27.139222860336304
468,mc_0468,5.0,1.0,3.66316773333329,20261293,17.00923872699247,17.00923872699247,0.0,True,96,2482,10,4,103,95,2387,0,0,103,0,2387,0.9259199965846995,0.8612365576647163,0.8049045608352783,7,7,True,False,False,1,1,97,70,2412,8,2,100,4,2408,0.9946635928961749,0.8562216979859717,0.8520532419808513,8,8,True,True,True,0.06874359631147542,-0.005014859678744599,0.047148681145573024,1,1,1,0.9963166842062657,25.877991914749146
469,mc_0469,5.0,1.0,0.2853333928634886,20261294,17.04193096544586,17.04193096544586,0.0,True,101,2412,11,4,105,54,2358,1,0,105,0,2358,0.9226647882513661,0.9205848311390095,0.8445657407317165,7,7,True,False,False,2,1,102,23,2389,11,4,108,19,2370,0.9407552083333333,0.9166597136593013,0.8608348837273285,8,7,True,True,False,0.01809042008196715,-0.00392511747970814,0.016269142995611996,0,1,0,0.9987857200679997,26.714383125305176
470,mc_0470,5.0,1.0,2.593125036866795,20261295,16.92895991453264,16.92895991453264,0.0,True,98,2347,8,3,101,45,2302,1,0,101,0,2302,0.9179843265396543,0.8927216712762667,0.811683715209286,7,7,True,False,False,2,1,99,10,2337,6,1,100,2,2335,0.9933343948456653,0.8910144541907602,0.8849708196405013,8,8,True,True,True,0.07535006830601099,-0.0017072170855064739,0.07328710443121533,1,1,1,0.9983404840929329,25.289113759994507
471,mc_0471,5.0,1.0,1.7847011219649307,20261296,17.043204459850088,17.043204459850088,0.0,True,101,2447,12,4,108,72,2375,1,0,108,0,2375,0.9187585382513661,0.8824991435406193,0.8036531739442984,7,7,True,False,False,2,1,103,34,2413,8,1,104,2,2411,0.9986979166666667,0.8762562636135288,0.8751893274050833,8,8,True,True,True,0.07993937841530063,-0.0062428799270904944,0.0715361534607849,1,1,1,0.9977333441269327,26.710362195968628
472,mc_0472,5.0,1.0,5.828568009588062,20261297,17.03217902952042,17.03217902952042,0.0,True,102,2449,10,4,109,64,2385,0,0,109,0,2385,0.8976024746829097,0.8726892705910656,0.7893592562055342,7,6,True,False,False,1,1,103,28,2421,8,2,105,15,2406,0.969281094901489,0.8788682618886552,0.8581235881200455,8,7,True,True,True,0.07167862021857929,0.006178991297589587,0.06876433191451137,1,1,1,0.9980976281065328,26.948498010635376
473,mc_0473,5.0,1.0,0.2275979381221612,20261298,16.830611544331223,16.830611544331223,0.0,True,97,2374,8,3,101,72,2302,1,0,101,0,2302,0.9213627049180328,0.8828188336523777,0.8084471034920313,7,7,True,False,False,2,1,98,39,2335,8,3,102,28,2307,0.9400401297814207,0.8645568549478524,0.8147164149799696,8,7,True,True,False,0.01867742486338786,-0.018261978704525283,0.0062693114879383005,0,1,0,0.9982595320974662,25.419214963912964
474,mc_0474,5.0,1.0,5.96324654139427,20261299,17.018295368341942,17.018295368341942,0.0,True,99,2429,13,6,108,69,2360,0,0,108,0,2360,0.8539117245258759,0.8949356985050885,0.7556899520455282,6,6,True,False,False,1,1,100,20,2409,12,5,107,35,2374,0.8733042279411765,0.8965506359834308,0.7732748256593012,7,6,True,True,False,0.01939250341530052,0.0016149374783422932,0.017584873613772922,0,1,0,0.9991095280498664,27.309803009033203
475,mc_0475,5.0,1.0,5.52166469843757,20261300,17.044626788618505,17.044626788618505,0.0,True,100,2451,14,5,108,80,2371,0,0,108,0,2371,0.9194095799180328,0.8584344338213166,0.7789957441422968,7,6,True,False,False,1,1,101,20,2431,12,4,107,31,2400,0.9401041666666667,0.8458677648027787,0.7975585860588174,8,6,True,True,False,0.020694586748633892,-0.012566669018537868,0.018562841916520578,0,1,0,0.9984214360883996,26.94547700881958
476,mc_0476,5.0,1.0,3.624016083722704,20261301,17.040104933363203,17.040104933363203,0.0,True,102,2436,11,4,108,49,2387,0,0,108,0,2387,0.9213627049180328,0.8686991308686913,0.7981868357867241,7,7,True,False,False,1,1,103,17,2419,10,3,108,11,2408,0.9406911714480874,0.8727241499672399,0.815190771625796,8,7,True,True,False,0.0193284665300546,0.004025019098548577,0.017003935839071893,0,1,0,0.9983404840929329,27.238626956939697
477,mc_0477,5.0,1.0,5.116710158106584,20261302,17.04193096544586,17.04193096544586,0.0,True,101,2456,13,4,109,51,2405,1,0,109,0,2405,0.9233158299180328,0.8824056583739087,0.8107680788660807,7,7,True,False,False,2,1,102,39,2417,11,3,107,15,2402,0.94140625,0.8802323045883138,0.8233578002266961,8,7,True,True,False,0.01809042008196715,-0.0021733537855949114,0.012589721360615425,0,1,0,0.9980976281065328,27.378741979599
478,mc_0478,5.0,1.0,0.26612926900589495,20261303,17.048388529750305,17.048388529750305,0.0,True,101,2405,12,5,108,63,2342,0,0,108,0,2342,0.9194095799180328,0.9317500828219976,0.8526215043072582,7,7,True,False,False,1,1,102,18,2387,9,2,104,9,2378,0.9966167178961749,0.9280411044553112,0.9249587711839042,8,8,True,True,True,0.07720713797814205,-0.0037089783666863774,0.07233726687664599,1,1,1,0.9976523921314661,27.058921813964844
479,mc_0479,5.0,1.0,4.7377763162518365,20261304,17.023194609192984,17.023194609192984,0.0,True,99,2453,12,4,105,90,2363,0,0,105,0,2363,0.8767932286183386,0.8434916596340013,0.7503592025273138,7,6,True,False,False,1,1,100,17,2436,12,4,108,56,2380,0.8921834267057702,0.8494434973795604,0.7683120603756028,8,6,True,True,False,0.015390198087431584,0.005951837745559074,0.01795285784828904,0,1,0,0.9984214360883996,26.834311962127686
480,mc_0480,5.0,1.0,3.5236662309485998,20261305,17.038393596540367,17.038393596540367,0.0,True,101,2449,13,4,109,45,2404,0,0,109,0,2404,0.9244722607280618,0.8691993901640307,0.8132966492706666,7,7,True,False,False,1,1,102,16,2433,10,2,105,18,2415,0.9961828993892639,0.8876614965700883,0.8839025236934683,8,8,True,True,True,0.07171063866120209,0.01846210640605761,0.07060587442280175,1,1,1,0.9985023880838663,27.069026947021484
481,mc_0481,5.0,1.0,5.968765808502138,20261306,17.018295368341942,17.018295368341942,0.0,True,99,2437,11,6,107,79,2358,0,0,107,0,2358,0.9065036362905818,0.8609234492990017,0.7696472446682131,7,6,True,False,False,1,1,100,32,2405,8,3,103,12,2393,0.9864430147058824,0.8603531115442403,0.846934079494982,8,7,True,True,True,0.07993937841530052,-0.0005703377547613409,0.0772868348267689,1,1,1,0.9979357241155995,26.905035972595215
482,mc_0482,5.0,1.0,3.346782854952156,20261307,17.006661643324875,17.006661643324875,0.0,True,100,2490,14,4,107,91,2399,1,0,107,0,2399,0.9213627049180328,0.832026874973377,0.7710980454313309,7,7,True,False,False,2,1,101,60,2430,12,3,106,14,2416,0.937467981557377,0.8316757001400149,0.7808015886846156,8,7,True,True,False,0.016105276639344135,-0.0003511748333621112,0.009703543253284708,0,1,0,0.9978547721201327,27.167446851730347
483,mc_0483,5.0,1.0,0.16183880405247347,20261308,16.82746389211387,16.82746389211387,0.0,True,96,2361,7,2,100,55,2306,1,0,100,0,2306,0.9288763661202186,0.86427898800994,0.7976712124858519,7,7,True,False,False,2,1,97,31,2330,9,3,101,16,2314,0.9375,0.8508388491855747,0.7920633389814931,8,7,True,True,False,0.008623633879781378,-0.013440138824365233,-0.0056078735043588734,0,1,0,0.9976523921314661,25.602018117904663
484,mc_0484,5.0,1.0,3.0651566865197375,20261309,17.027820392426293,17.027820392426293,0.0,True,102,2441,13,5,110,92,2349,0,0,110,0,2349,0.8594095799180328,0.9371058560504412,0.8102227974477294,7,6,True,False,False,1,1,103,44,2397,11,4,109,17,2380,0.8820572916666667,0.9305342991025146,0.824615908447943,8,6,True,True,False,0.022647711748633892,-0.006571556947926549,0.014393111000213565,0,1,0,0.9980976281065328,27.90116786956787
485,mc_0485,5.0,1.0,4.665896518015193,20261310,17.015217647302862,17.015217647302862,0.0,True,100,2437,13,5,108,74,2363,0,0,108,0,2363,0.9179474043715847,0.8983365126056444,0.8347180116061649,7,7,True,False,False,1,1,101,33,2404,11,4,107,34,2370,0.939421106557377,0.908530192524095,0.854655923518247,8,7,True,True,False,0.021473702185792254,0.010193679918450549,0.019937911912082162,0,1,0,0.9981785801019996,27.303952932357788
486,mc_0486,5.0,1.0,6.069447201835098,20261311,17.033237458955394,17.033237458955394,0.0,True,102,2427,11,3,106,51,2376,1,0,106,0,2376,0.9226647882513661,0.8832990843492039,0.809218784681597,7,7,True,False,False,2,1,103,11,2416,11,3,108,14,2402,0.9380229678961749,0.8707975591679802,0.8196574967244892,8,7,True,True,False,0.01535817964480879,-0.012501525181223716,0.010438712042892151,0,1,0,0.9985428640815996,27.32467484474182
487,mc_0487,5.0,1.0,2.4957209416881945,20261312,17.037207611762,17.037207611762,0.0,True,102,2417,8,2,105,26,2391,0,0,105,0,2391,0.9301784494535519,0.8897031823152333,0.8270574188699067,7,7,True,False,False,1,1,103,14,2403,9,3,108,7,2396,0.94140625,0.8946231960991327,0.8385792400551767,8,7,True,True,False,0.011227800546448119,0.004920013783899391,0.01152182118527001,0,1,0,0.9989071480611997,27.33514904975891
488,mc_0488,5.0,1.0,2.3200949045050008,20261313,17.018295368341942,17.018295368341942,0.0,True,100,2413,8,2,103,38,2375,1,0,103,0,2375,0.9301784494535519,0.8959997233046266,0.8358882717299556,7,7,True,False,False,2,1,101,24,2389,9,3,106,10,2379,0.939421106557377,0.8963717224793271,0.8409709008774731,8,7,True,True,False,0.009242657103825103,0.00037199917470043253,0.005082629147517448,0,1,0,0.9980571521087995,26.31950616836548
489,mc_0489,5.0,1.0,2.5951101500875606,20261314,17.027820392426293,17.027820392426293,0.0,True,102,2437,10,3,108,38,2399,1,0,108,0,2399,0.9269232411202186,0.8778261997809916,0.8201090546113875,7,7,True,False,False,2,1,103,27,2410,10,3,108,13,2397,0.9400721482240437,0.8941945675231011,0.8408669849884225,8,7,True,True,False,0.013148907103825103,0.01636836774210948,0.020757930377034994,0,1,0,0.9983809600906662,26.906080961227417
490,mc_0490,5.0,1.0,3.2444010402549743,20261315,17.044626788618505,17.044626788618505,0.0,True,102,2415,10,2,105,24,2391,0,0,105,0,2391,0.9301784494535519,0.8743444300509069,0.8096522134699241,7,7,True,False,False,1,1,103,7,2408,11,3,108,10,2398,0.9400721482240437,0.8816217014416743,0.821693849665718,8,7,True,True,False,0.009893698770491843,0.0072772713907673925,0.012041636195793903,0,1,0,0.9992309560430664,24.773468017578125
491,mc_0491,5.0,1.0,5.162304604552358,20261316,17.027820392426293,17.027820392426293,0.0,True,101,2445,12,5,109,62,2383,0,0,109,0,2383,0.9246499316939891,0.8777426328832443,0.8181655250845222,7,7,True,False,False,1,1,102,19,2426,11,4,108,30,2396,0.941374231557377,0.880524441681859,0.8297407687433418,8,7,True,True,False,0.01672429986338786,0.002781808798614671,0.011575243658819567,0,1,0,0.9986642920747997,24.905099153518677
492,mc_0492,5.0,1.0,2.5530238309444213,20261317,17.018295368341942,17.018295368341942,0.0,True,97,2425,10,3,100,42,2383,2,0,100,0,2383,0.9259199965846995,0.852923703088502,0.785376803949239,7,7,True,False,False,3,1,98,20,2405,8,1,99,2,2403,0.9986658982240437,0.8557976224884511,0.854616217622113,8,8,True,True,True,0.07274590163934425,0.0028739193999491874,0.069239413672874,1,1,1,0.9985428640815996,22.520190954208374
493,mc_0493,5.0,1.0,2.8317462365670254,20261318,17.053643759695195,17.053643759695195,0.0,True,102,2403,10,2,105,27,2376,0,0,105,0,2376,0.9301784494535519,0.9144542269735769,0.8500412327741849,7,7,True,False,False,1,1,103,19,2384,11,3,108,7,2377,0.94140625,0.9206771170006465,0.8638026126390286,8,7,True,True,False,0.011227800546448119,0.00622289002706955,0.013761379864843715,0,1,0,0.9991500040475998,21.80981707572937
494,mc_0494,5.0,1.0,1.2485579494626207,20261319,17.027820392426293,17.027820392426293,0.0,True,102,2441,10,4,109,75,2366,0,0,109,0,2366,0.9213627049180328,0.9008162169740443,0.8275693451089172,7,7,True,False,False,1,1,103,35,2406,9,3,108,13,2393,0.94140625,0.8912606054149045,0.8405401315818068,8,7,True,True,False,0.02004354508196715,-0.009555611559139865,0.012970786472889628,0,1,0,0.9985833400793329,22.774302005767822
495,mc_0495,5.0,1.0,0.9718683433601981,20261320,17.040104933363203,17.040104933363203,0.0,True,101,2440,12,5,108,79,2361,0,0,108,0,2361,0.9089546166827387,0.905622782511948,0.8163348201793917,7,7,True,False,False,1,1,102,42,2398,9,2,104,4,2394,0.9881468981035038,0.905684481063674,0.8939807565116523,8,8,True,True,True,0.07919228142076506,6.169855172599714e-05,0.07764593633226058,1,1,1,0.9976928681291994,22.533022165298462
496,mc_0496,5.0,1.0,5.638830231188494,20261321,17.00923872699247,17.00923872699247,0.0,True,99,2460,14,5,107,112,2348,0,0,107,0,2348,0.876573897390585,0.9229981020601526,0.8146658137310221,7,6,True,False,False,1,1,100,41,2419,15,6,109,90,2329,0.8857525176091643,0.936661644071361,0.826022002748064,8,6,True,True,False,0.009178620218579292,0.01366354201120834,0.01135618901704194,0,1,0,0.997288108151866,20.425009965896606
497,mc_0497,5.0,1.0,2.619820584887202,20261322,17.023194609192984,17.023194609192984,0.0,True,102,2460,11,3,105,63,2397,0,0,105,0,2397,0.9226647882513661,0.8508618119572608,0.7796633620983323,7,7,True,False,False,1,1,103,30,2430,9,1,104,2,2428,1.0,0.8503408725802886,0.8503408725802886,8,8,True,True,True,0.07733521174863389,-0.0005209393769722848,0.07067751048195625,1,1,1,0.9982595320974662,20.102410078048706
498,mc_0498,5.0,1.0,0.7960018240292286,20261323,17.021367376690897,17.021367376690897,0.0,True,101,2462,12,4,107,81,2381,0,0,107,0,2381,0.8843068898205244,0.9024765671860606,0.8001323443958662,7,6,True,False,False,1,1,102,26,2436,12,5,110,46,2390,0.8961857320336392,0.9043848954800644,0.8103268345854724,8,6,True,True,False,0.011878842213114749,0.0019083282940037805,0.010194490189606165,0,1,0,0.9980166761110661,20.86424207687378
499,mc_0499,5.0,1.0,2.56395245685562,20261324,17.018295368341942,17.018295368341942,0.0,True,99,2429,11,5,107,88,2341,1,0,107,0,2341,0.9251254104627262,0.9371448166699399,0.8629208919628333,7,7,True,False,False,2,1,100,23,2406,8,2,102,40,2366,0.9988532110091743,0.9307575339120933,0.9297277856283404,8,8,True,True,True,0.07372780054644812,-0.006387282757846613,0.06680689366550707,1,1,1,0.9980976281065328,20.506876945495605
500,mc_0500,5.0,1.0,4.619413333234734,20261325,17.00923872699247,17.00923872699247,0.0,True,99,2503,16,7,109,106,2397,0,0,109,0,2397,0.8913080601092896,0.8515450708867749,0.7663181259684124,7,6,True,False,False,1,1,100,41,2462,12,4,107,22,2440,0.9380549863387978,0.8492318459172999,0.8065336586878628,8,7,True,True,False,0.04674692622950816,-0.0023132249694749474,0.04021553271945033,1,1,0,0.9970452521654659,20.92388081550598
501,mc_0501,5.0,1.0,1.512386570369128,20261326,17.048388529750305,17.048388529750305,0.0,True,100,2395,10,4,107,37,2358,0,0,107,0,2358,0.9194095799180328,0.8945373850148846,0.8151137251098464,7,7,True,False,False,1,1,101,16,2379,9,3,105,15,2364,0.9393250512295082,0.8940945058656101,0.8343039788161284,8,7,True,True,False,0.019915471311475308,-0.0004428791492744333,0.019190253706282023,0,1,0,0.9984619120861329,20.39784002304077
502,mc_0502,5.0,1.0,2.3803717549163994,20261327,17.018295368341942,17.018295368341942,0.0,True,96,2466,12,5,105,124,2342,0,0,105,0,2342,0.8939122267759563,0.8836768455514472,0.786045783203715,7,6,True,False,False,1,1,98,78,2388,11,4,105,40,2348,0.9328466530054644,0.8672180568154307,0.8008651389000128,7,7,True,False,False,0.03893442622950816,-0.016458788736016472,0.014819355696297776,1,0,0,0.9959524002266655,21.68785572052002
503,mc_0503,5.0,1.0,1.9868198927960858,20261328,17.027820392426293,17.027820392426293,0.0,True,101,2393,12,5,108,42,2351,1,0,108,0,2351,0.9194095799180328,0.9324668791380684,0.862411664549743,7,7,True,False,False,1,1,102,8,2385,10,4,108,9,2376,0.9407231898907104,0.9367025128617339,0.8846302158902626,8,7,True,True,False,0.021313609972677505,0.004235633723665533,0.022218551340519532,0,1,0,0.998826196065733,22.306031942367554
504,mc_0504,5.0,1.0,0.6463734816089017,20261329,17.027820392426293,17.027820392426293,0.0,True,102,2425,10,4,108,54,2371,0,0,108,0,2371,0.9187585382513661,0.8862670278758076,0.8086939780995637,7,7,True,False,False,1,1,103,14,2411,7,1,104,2,2409,0.9993169398907104,0.8854957044451062,0.8849004663498681,8,8,True,True,True,0.08055840163934425,-0.0007713234307014094,0.0762064882503044,1,1,1,0.9979762001133328,23.62010383605957
505,mc_0505,5.0,1.0,1.8963006787176067,20261330,17.048388529750305,17.048388529750305,0.0,True,102,2396,9,3,106,35,2361,1,0,106,0,2361,0.9015087246829097,0.8816287864417993,0.7893209534558431,7,6,True,False,False,2,1,103,7,2389,10,4,108,31,2358,0.9127045067867349,0.8866237763129685,0.8018562834010401,8,6,True,True,False,0.011195782103825214,0.004994989871169198,0.012535329945197016,0,1,0,0.9987452440702663,24.95349383354187
506,mc_0506,5.0,1.0,2.697238195914125,20261331,17.018295368341942,17.018295368341942,0.0,True,98,2409,11,6,106,59,2350,1,0,106,0,2350,0.9187585382513661,0.9057691041076412,0.8283539991102993,7,7,True,False,False,2,1,99,12,2397,8,3,102,10,2387,0.9993169398907104,0.9040138637988995,0.9034751472466853,8,8,True,True,True,0.08055840163934425,-0.0017552403087417456,0.07512114813638604,1,1,1,0.9980976281065328,23.18811583518982
507,mc_0507,5.0,1.0,4.431705085713753,20261332,16.82746389211387,16.82746389211387,0.0,True,96,2357,10,5,102,88,2269,0,0,102,0,2269,0.890625,0.8663581579743838,0.7651081579743838,7,6,True,False,False,1,1,97,34,2323,8,3,101,29,2294,0.9407552083333333,0.8613879198791456,0.8055630899471729,8,7,True,True,False,0.05013020833333326,-0.004970238095238111,0.04045493197278904,1,1,0,0.996478588197199,22.804866075515747
508,mc_0508,5.0,1.0,3.464033269505188,20261333,17.040104933363203,17.040104933363203,0.0,True,101,2437,12,3,105,55,2382,1,0,105,0,2382,0.9259199965846995,0.8776995990609799,0.820275217690297,7,7,True,False,False,2,1,102,38,2399,12,3,106,16,2383,0.941374231557377,0.886607994903643,0.8336470971555605,8,7,True,True,False,0.015454234972677505,0.008908395842663008,0.013371879465263525,0,1,0,0.9978547721201327,24.021703004837036
509,mc_0509,5.0,1.0,3.8858722857048167,20261334,17.040104933363203,17.040104933363203,0.0,True,101,2427,11,4,107,55,2372,0,0,107,0,2372,0.8919458831528551,0.8982609972663365,0.8043303316562227,7,6,True,False,False,1,1,103,31,2396,11,4,108,30,2366,0.9120214466774452,0.8911904786535437,0.8196046529838369,8,6,True,True,False,0.020075563524590168,-0.007070518612792731,0.015274321327614193,0,1,0,0.9977333441269327,25.862778186798096
510,mc_0510,5.0,1.0,5.1971330598149885,20261335,17.048388529750305,17.048388529750305,0.0,True,102,2419,10,2,105,36,2383,0,0,105,0,2383,0.9301784494535519,0.8705801008471308,0.8021777929246486,7,7,True,False,False,1,1,103,14,2405,9,1,104,2,2403,0.9966807547814207,0.8665474137483585,0.863555560538989,8,8,True,True,True,0.06650230532786883,-0.004032687098772247,0.06137776761434033,1,1,1,0.9984619120861329,25.9043550491333
511,mc_0511,5.0,1.0,0.5449475079358997,20261336,16.82746389211387,16.82746389211387,0.0,True,97,2333,11,3,101,46,2287,0,0,101,0,2287,0.9179843265396543,0.9138832769903329,0.8428354735398951,7,7,True,False,False,1,1,98,28,2305,9,3,102,20,2285,0.9359786912937528,0.9192970816452014,0.863515919774442,8,7,True,True,False,0.017994364754098435,0.005413804654868515,0.0206804462345469,0,1,0,0.9981381041042662,25.01020383834839
512,mc_0512,5.0,1.0,2.27876903421525,20261337,17.048388529750305,17.048388529750305,0.0,True,101,2410,11,3,104,24,2386,0,0,104,0,2386,0.9259199965846995,0.8381707117755882,0.7691369647414872,7,6,True,False,False,1,1,102,8,2402,9,1,103,2,2400,0.9979828381147541,0.842655560959547,0.8407022765106634,8,7,True,True,True,0.0720628415300546,0.00448484918395875,0.07156531176917624,1,1,1,0.9991904800453331,22.908912181854248
513,mc_0513,5.0,1.0,4.8771990660867175,20261338,17.023194609192984,17.023194609192984,0.0,True,102,2483,12,4,109,65,2418,1,0,109,0,2418,0.9187585382513661,0.8634511644045988,0.784340160677089,7,7,True,False,False,2,1,103,42,2441,9,1,104,2,2439,0.9973317964480874,0.864025645744017,0.861622385062172,8,8,True,True,True,0.07857325819672134,0.0005744813394181758,0.07728222438508303,1,1,1,0.9980976281065328,20.853079080581665
514,mc_0514,5.0,1.0,2.1329601112353056,20261339,16.909387907388066,16.909387907388066,0.0,True,97,2352,8,3,101,56,2296,0,0,101,0,2296,0.9179843265396543,0.9070987295461858,0.8274643603286058,7,7,True,False,False,1,1,100,17,2335,6,1,101,2,2333,0.993985436512332,0.9059836992005776,0.9006255231669198,8,8,True,True,True,0.07600110997267762,-0.0011150303456081145,0.07316116283831398,1,1,1,0.9976928681291994,19.38217782974243
515,mc_0515,5.0,1.0,4.685285766424161,20261340,17.048388529750305,17.048388529750305,0.0,True,101,2405,12,3,104,34,2371,1,0,104,0,2371,0.9226647882513661,0.8486859119229402,0.7724207319883472,7,7,True,False,False,2,1,102,7,2398,12,3,106,14,2384,0.9407552083333333,0.8412783386186278,0.787822401525756,8,7,True,True,False,0.01809042008196715,-0.007407573304312409,0.015401669537408846,0,1,0,0.9984214360883996,20.14729928970337
516,mc_0516,5.0,1.0,5.297854658397353,20261341,17.027820392426293,17.027820392426293,0.0,True,101,2487,12,4,109,79,2408,0,0,109,0,2408,0.9213627049180328,0.8651409166648549,0.7885429846942386,7,7,True,False,False,1,1,102,52,2435,10,3,107,16,2419,0.9401041666666667,0.8541739988053834,0.8016841544491827,8,7,True,True,False,0.018741461748633892,-0.01096691785947157,0.01314116975494417,0,1,0,0.9980166761110661,20.692803859710693
517,mc_0517,5.0,1.0,4.3963677988492575,20261342,17.027820392426293,17.027820392426293,0.0,True,102,2405,10,3,108,25,2380,0,0,108,0,2380,0.9269232411202186,0.8573113081479529,0.78988524186308,7,7,True,False,False,1,1,103,7,2398,10,3,108,9,2389,0.9379909494535519,0.8620578232030423,0.8026361042249108,8,7,True,True,False,0.01106770833333326,0.004746515055089384,0.012750862361830873,0,1,0,0.9989071480611997,20.699892044067383
518,mc_0518,5.0,1.0,2.8882889925207875,20261343,16.943170462956896,16.943170462956896,0.0,True,99,2372,10,4,104,46,2326,0,0,104,0,2326,0.8536353682063211,0.8849062113699401,0.7649763728478326,6,6,True,False,False,1,1,101,21,2351,10,4,106,25,2326,0.8658664132882883,0.894181157907695,0.7763028085638424,6,6,True,False,False,0.012231045081967151,0.009274946537754958,0.011326435716009775,0,0,0,0.9983000080951996,20.379985809326172
519,mc_0519,5.0,1.0,0.06362843107059545,20261344,16.888866448176465,16.888866448176465,0.0,True,97,2380,8,2,100,45,2335,0,0,100,0,2335,0.9288763661202186,0.8400020262308359,0.7898611023399119,7,7,True,False,False,1,1,98,27,2353,8,3,102,33,2320,0.9387700648907104,0.8563045103640322,0.8075507390920487,8,7,True,True,False,0.009893698770491732,0.01630248413319635,0.01768963675213675,0,1,0,0.9980166761110661,19.487100839614868
520,mc_0520,5.0,1.0,0.8895694585095059,20261345,17.027820392426293,17.027820392426293,0.0,True,102,2462,9,2,105,61,2401,0,0,105,0,2401,0.9301784494535519,0.8649858778295111,0.8025674212692018,7,7,True,False,False,1,1,103,25,2437,10,3,108,20,2417,0.9400401297814207,0.8629773468438454,0.8110668351399294,8,7,True,True,False,0.009861680327868827,-0.0020085309856656686,0.008499413870727612,0,1,0,0.9982190560997328,20.331177949905396
521,mc_0521,5.0,1.0,6.195947804568278,20261346,17.015217647302862,17.015217647302862,0.0,True,100,2485,11,3,104,66,2419,0,0,104,0,2419,0.9226647882513661,0.8045451956034939,0.7336129425703158,7,7,True,False,False,1,1,101,33,2452,11,3,106,20,2432,0.9400401297814207,0.7983112105321928,0.7449372892966413,8,7,True,True,False,0.0173753415300546,-0.006233985071301129,0.01132434672632543,0,1,0,0.9979357241155995,20.733269929885864
522,mc_0522,5.0,1.0,2.1118819917187737,20261347,17.027820392426293,17.027820392426293,0.0,True,100,2425,14,7,111,80,2345,2,0,111,0,2345,0.874684809275831,0.948512136012136,0.8248573977680915,7,6,True,False,False,3,1,101,15,2410,13,6,110,43,2367,0.8959984192485085,0.9435365560365561,0.8445549311375,8,6,True,True,False,0.021313609972677505,-0.004975579975579958,0.019697533369408493,0,1,0,0.9986238160770663,21.94945001602173
523,mc_0523,5.0,1.0,2.0338825095894943,20261348,17.058791019808645,17.058791019808645,0.0,True,102,2377,10,4,106,36,2341,0,0,106,0,2341,0.9023159510420637,0.9397403230055452,0.8431263058616498,7,7,True,False,False,1,1,103,6,2371,10,4,109,12,2359,0.9217084544573644,0.9387329969982192,0.8621310915513125,8,7,True,True,False,0.019392503415300633,-0.0010073260073260037,0.019004785689662684,0,1,0,0.9986238160770663,21.347994089126587
524,mc_0524,5.0,1.0,0.1369227405179422,20261349,17.018295368341942,17.018295368341942,0.0,True,97,2487,14,5,105,106,2381,0,0,105,0,2381,0.9213627049180328,0.8550766184012826,0.8010380361228224,7,7,True,False,False,1,1,98,45,2442,13,4,104,45,2397,0.94140625,0.8562541186952386,0.8113087581531524,8,7,True,True,False,0.02004354508196715,0.0011775002939560242,0.01027072203032997,0,1,0,0.997409536145066,20.52267599105835
525,mc_0525,5.0,1.0,5.740784627053507,20261350,17.044626788618505,17.044626788618505,0.0,True,102,2395,9,2,105,24,2371,1,0,105,0,2371,0.9301784494535519,0.892062906135735,0.8273331519424796,7,7,True,False,False,2,1,103,5,2390,10,3,108,9,2381,0.94140625,0.8950704249327276,0.8390264688887715,8,7,True,True,False,0.011227800546448119,0.00300751879699257,0.011693316946291943,0,1,0,0.9993523840362665,20.38245701789856
526,mc_0526,5.0,1.0,6.048016267776918,20261351,17.027820392426293,17.027820392426293,0.0,True,101,2441,14,4,109,50,2391,1,0,109,0,2391,0.8815474288113501,0.8616247343388135,0.7602971256834146,7,6,True,False,False,2,1,102,32,2409,11,2,105,16,2393,0.9491597068168145,0.8803994526799299,0.8299433932374544,8,7,True,True,True,0.06761227800546443,0.018774718341116436,0.0696462675540398,1,1,1,0.9974904881405326,20.644601106643677
527,mc_0527,5.0,1.0,5.7025643246135065,20261352,17.038393596540367,17.038393596540367,0.0,True,101,2408,14,5,106,46,2362,1,0,106,0,2362,0.8972502718140573,0.8835883247498098,0.7889097577065395,7,6,True,False,False,1,1,102,14,2394,14,5,109,17,2377,0.9114344418960245,0.8827959428800438,0.7994135609816394,8,6,True,True,False,0.014184170081967262,-0.0007923818697659346,0.010503803275099921,0,1,0,0.9985833400793329,20.6565158367157
528,mc_0528,5.0,1.0,3.019347196850575,20261353,17.048388529750305,17.048388529750305,0.0,True,102,2428,10,3,105,54,2374,1,0,105,0,2374,0.9226647882513661,0.8892527712537742,0.8154927330983657,7,7,True,False,False,2,1,103,23,2405,8,1,104,2,2403,0.9986658982240437,0.8925893867145802,0.8913431850781295,8,8,True,True,True,0.07600110997267762,0.0033366154608059917,0.07585045197976381,1,1,1,0.9980166761110661,20.234725952148438
529,mc_0529,5.0,1.0,6.158511185322031,20261354,17.027820392426293,17.027820392426293,0.0,True,101,2433,12,4,107,63,2370,0,0,107,0,2370,0.9194095799180328,0.8647333942446132,0.790048913989982,7,7,True,False,False,1,1,102,17,2416,11,3,107,13,2403,0.9407552083333333,0.8609826515232822,0.8090208695241867,8,7,True,True,False,0.02134562841530041,-0.003750742721330913,0.01897195553420472,0,1,0,0.9984214360883996,20.783527851104736
530,mc_0530,5.0,1.0,5.716689151253624,20261355,17.048388529750305,17.048388529750305,0.0,True,102,2425,11,3,105,49,2376,0,0,105,0,2376,0.9226647882513661,0.8919570084295327,0.8217529561454423,7,7,True,False,False,1,1,103,18,2407,10,3,108,12,2395,0.9387380464480874,0.8944391694670226,0.8407218070032344,8,7,True,True,False,0.01607325819672134,0.002482161037489883,0.018968850857792097,0,1,0,0.9982595320974662,20.76760196685791
531,mc_0531,5.0,1.0,3.3528874876920582,20261356,17.034607659265447,17.034607659265447,0.0,True,101,2392,13,5,108,50,2342,0,0,108,0,2342,0.9194095799180328,0.9204006561569563,0.8408552016115017,7,7,True,False,False,1,1,102,4,2388,11,4,108,16,2372,0.9400721482240437,0.9162668455667777,0.8606158381330086,8,7,True,True,False,0.020662568306010876,-0.004133810590178588,0.019760636521506836,0,1,0,0.9986238160770663,20.92467188835144
532,mc_0532,5.0,1.0,5.322081636889446,20261357,17.037207611762,17.037207611762,0.0,True,98,2493,10,4,107,63,2430,0,0,107,0,2430,0.9187585382513661,0.8222902028389664,0.744246221357485,7,7,True,False,False,1,1,99,51,2442,7,1,100,2,2440,0.9986338797814207,0.8151883001120637,0.8139348027852679,8,8,True,True,True,0.0798753415300546,-0.007101902726902698,0.06968858142778289,1,1,1,0.996357160203999,19.979214906692505
533,mc_0533,5.0,1.0,5.383105984528142,20261358,17.038393596540367,17.038393596540367,0.0,True,101,2460,11,3,104,70,2390,0,0,104,0,2390,0.9259199965846995,0.8375960133096997,0.7675503808327485,7,7,True,False,False,1,1,102,29,2431,10,3,107,9,2422,0.9420572916666667,0.8224388613983782,0.7722384320634094,8,7,True,True,False,0.016137295081967262,-0.015157151911321498,0.00468805123066085,0,1,0,0.9973285841495992,20.062401056289673
534,mc_0534,5.0,1.0,6.041395769122317,20261359,17.015217647302862,17.015217647302862,0.0,True,99,2456,12,5,106,106,2350,1,0,106,0,2350,0.8767932286183386,0.8787402537792685,0.7612251954722193,7,6,True,False,False,2,1,100,27,2429,11,5,107,79,2350,0.8961857320336392,0.8771923960156811,0.7766825090891193,8,6,True,True,False,0.01939250341530052,-0.0015478577635873458,0.015457313616899948,0,1,0,0.9981381041042662,20.61828303337097
535,mc_0535,5.0,1.0,2.752606636996005,20261360,17.02739456246821,17.02739456246821,0.0,True,99,2434,12,6,108,61,2373,0,0,108,0,2373,0.9013407244688765,0.8795114623397611,0.7824139482107832,7,7,True,False,False,1,1,100,28,2406,11,5,106,25,2381,0.9212882142229748,0.8760301282344634,0.8021198794411434,8,7,True,True,False,0.019947489754098324,-0.0034813341052977176,0.01970593123036013,0,1,0,0.9983000080951996,20.731821060180664
536,mc_0536,5.0,1.0,3.61427141046222,20261361,17.044626788618505,17.044626788618505,0.0,True,101,2399,11,5,108,36,2363,0,0,108,0,2363,0.9194095799180328,0.8828224420194062,0.8119683514218683,7,7,True,False,False,1,1,102,3,2396,8,2,104,7,2389,0.9993169398907104,0.893663680034251,0.8929880444913667,8,8,True,True,True,0.0799073599726775,0.010841238014844823,0.08101969306949841,1,1,1,0.9987857200679997,20.252875089645386
537,mc_0537,5.0,1.0,0.014611571972020685,20261362,17.027820392426293,17.027820392426293,0.0,True,101,2450,9,2,104,6,2444,1,1,106,57,2387,0.9487327942485085,0.9066932424352371,0.8564611730264068,8,7,True,True,True,1,1,103,57,2393,11,4,109,23,2370,0.8907900859151752,0.9036482555962804,0.80436698488696,7,6,True,False,False,-0.05794270833333337,-0.003044986838956709,-0.05209418813944677,-1,-1,-1,0.9993119080385332,20.50454306602478
538,mc_0538,5.0,1.0,3.024202431985907,20261363,17.015217647302862,17.015217647302862,0.0,True,99,2426,11,4,104,85,2341,0,0,104,0,2341,0.8928482744898982,0.8870341956502266,0.800282240884153,7,6,True,False,False,1,1,101,32,2394,11,4,107,29,2365,0.9055382505827945,0.8779583488166478,0.8028035393162041,8,6,True,True,False,0.012689976092896238,-0.00907584683357876,0.0025212984320510667,0,1,0,0.9979762001133328,21.80451464653015
539,mc_0539,5.0,1.0,0.41812273714482256,20261364,16.84314791384103,16.84314791384103,0.0,True,96,2349,10,3,101,52,2297,0,0,101,0,2297,0.9328146345628415,0.896820019883156,0.8306507273018017,7,7,True,False,False,1,1,97,15,2334,11,4,102,36,2298,0.9407552083333333,0.888099555860917,0.8288547641942504,8,7,True,True,False,0.007940573770491732,-0.008720464022238916,-0.0017959631075512572,0,1,0,0.9989071480611997,21.126847982406616
540,mc_0540,5.0,1.0,2.319902032253948,20261365,17.038393596540367,17.038393596540367,0.0,True,101,2444,13,4,108,45,2399,2,0,108,0,2399,0.9288763661202186,0.8819181814773879,0.8239254091984946,7,7,True,False,False,3,1,102,32,2412,12,4,108,18,2394,0.9400401297814207,0.8968163307802339,0.8434037425443472,8,7,True,True,False,0.011163763661202086,0.014898149302846053,0.019478333345852694,0,1,0,0.9985023880838663,23.526947021484375
541,mc_0541,5.0,1.0,1.4713304685073858,20261366,17.027820392426293,17.027820392426293,0.0,True,100,2433,15,7,111,78,2355,1,0,111,0,2355,0.8754911452850053,0.9130299177320241,0.8009770418466198,7,6,True,False,False,2,1,101,22,2411,14,6,110,45,2366,0.8941685701483932,0.9136928862167748,0.8151358002129823,8,6,True,True,False,0.01867742486338797,0.00066296848475067,0.01415875836636249,0,1,0,0.9986642920747997,26.261478185653687
542,mc_0542,5.0,1.0,1.3825004005957577,20261367,17.027820392426293,17.027820392426293,0.0,True,98,2451,11,5,105,80,2371,1,0,105,0,2371,0.8861047204780168,0.8689174771553576,0.773483013244981,7,6,True,False,False,2,1,99,55,2396,9,3,103,29,2367,0.9519880025818419,0.8810299144991007,0.8456760890470346,8,7,True,True,True,0.0658832821038251,0.012112437343743121,0.07219307580205359,1,1,1,0.9977333441269327,24.617768049240112
543,mc_0543,5.0,1.0,0.5319514971062986,20261368,17.04193096544586,17.04193096544586,0.0,True,102,2387,12,5,110,50,2337,0,0,110,0,2337,0.876637934275831,0.92751657577346,0.8144394178652691,7,6,True,False,False,1,1,103,5,2382,11,4,110,31,2351,0.8973325210244649,0.9405962892642075,0.8387832862585143,8,6,True,True,False,0.020694586748633892,0.013079713490747436,0.024343868393245205,0,1,0,0.9991095280498664,25.629313945770264
544,mc_0544,5.0,1.0,0.9632518980975061,20261369,17.015217647302862,17.015217647302862,0.0,True,99,2450,9,2,105,49,2401,2,0,105,0,2401,0.9301784494535519,0.8915280219818245,0.8411310741409039,7,7,True,False,False,3,1,100,55,2395,11,4,107,52,2343,0.9270192964480874,0.8964492800488649,0.8390556794668875,7,7,True,False,False,-0.0031591530054644323,0.004921258067040468,-0.0020753946740164064,0,0,0,0.9972476321541326,24.853195905685425
545,mc_0545,5.0,1.0,5.260947075048161,20261370,17.048388529750305,17.048388529750305,0.0,True,101,2394,12,6,109,79,2315,1,0,109,0,2315,0.8930334331290419,0.9488243846796478,0.8444003420798476,7,6,True,False,False,2,1,102,2,2392,11,5,109,48,2344,0.9149980847683863,0.9476224616027248,0.8660175466121107,8,6,True,True,False,0.021964651639344357,-0.0012019230769230171,0.021617204532263123,0,1,0,0.9987452440702663,25.510383129119873
546,mc_0546,5.0,1.0,2.3692216775309753,20261371,17.048388529750305,17.048388529750305,0.0,True,101,2391,11,4,108,36,2355,1,0,108,0,2355,0.9146683391594342,0.8994182757669966,0.8163896777152684,7,7,True,False,False,2,1,102,4,2387,11,4,108,19,2368,0.9284362694873032,0.9010899159084643,0.8303806613656093,8,7,True,True,False,0.013767930327868938,0.0016716401414677007,0.013990983650340905,0,1,0,0.999069052052133,25.618619203567505
547,mc_0547,5.0,1.0,4.677523799047536,20261372,17.015217647302862,17.015217647302862,0.0,True,101,2471,11,5,108,111,2360,0,0,108,0,2360,0.9129311816939891,0.8988354953484546,0.8132997029080407,7,7,True,False,False,1,1,102,34,2437,10,4,108,48,2389,0.9311603483606558,0.89652482585346,0.8310469257543545,8,7,True,True,False,0.01822916666666663,-0.0023106694949945883,0.017747222846313804,0,1,0,0.9981785801019996,25.46262812614441
548,mc_0548,5.0,1.0,3.118410144727171,20261373,17.027820392426293,17.027820392426293,0.0,True,100,2468,14,6,110,71,2397,1,0,110,0,2397,0.8879517393887921,0.8628945948098135,0.7746276906111389,7,6,True,False,False,1,1,101,26,2442,13,6,109,52,2390,0.8985284982685735,0.8738543395324447,0.7890600287046654,8,6,True,True,False,0.010576758879781378,0.010959744722631282,0.014432338093526509,0,1,0,0.9984214360883996,25.436978101730347
549,mc_0549,5.0,1.0,2.202023979288748,20261374,17.048388529750305,17.048388529750305,0.0,True,101,2436,12,3,107,28,2408,0,0,107,0,2408,0.9288763661202186,0.82229564592167,0.7533591540808348,7,7,True,False,False,1,1,102,9,2427,12,3,107,10,2417,0.939421106557377,0.8250734236994478,0.7644945302568249,8,7,True,True,False,0.010544740437158362,0.002777777777777768,0.011135376175990142,0,1,0,0.9991500040475998,23.078298091888428
550,mc_0550,5.0,1.0,1.9183629539133193,20261375,17.027820392426293,17.027820392426293,0.0,True,101,2436,12,5,108,67,2369,1,0,108,0,2369,0.9213627049180328,0.882246488034895,0.8153631912379153,7,7,True,False,False,2,1,102,19,2417,11,4,108,23,2394,0.9386740095628415,0.8824256549305874,0.8298143748741502,8,7,True,True,False,0.017311304644808678,0.0001791668956924175,0.014451183636234877,0,1,0,0.9986642920747997,22.44611620903015
551,mc_0551,5.0,1.0,4.1497577875374265,20261376,17.044626788618505,17.044626788618505,0.0,True,101,2431,12,5,110,61,2370,0,0,110,0,2370,0.8699435685172324,0.8947743591977579,0.7749366595434964,7,6,True,False,False,1,1,102,32,2399,12,5,110,36,2363,0.8797091935172324,0.9098943682365705,0.7949224351444002,8,6,True,True,False,0.009765625,0.01512000903881261,0.019985775600903755,0,1,0,0.9980166761110661,22.707316875457764
552,mc_0552,5.0,1.0,5.6060361380486095,20261377,17.038393596540367,17.038393596540367,0.0,True,101,2433,11,4,106,71,2362,0,0,106,0,2362,0.8779400176091643,0.9088899647570244,0.7929791621792852,7,6,True,False,False,1,1,103,20,2413,11,4,110,28,2385,0.8966494609151752,0.8966061562581477,0.7994892570697218,8,6,True,True,False,0.018709443306010876,-0.01228380849887678,0.006510094890436635,0,1,0,0.9976928681291994,20.534327030181885
553,mc_0553,5.0,1.0,3.158844409972625,20261378,17.027820392426293,17.027820392426293,0.0,True,99,2412,11,5,106,52,2360,0,0,106,0,2360,0.9194095799180328,0.8509228481387716,0.7710463853707807,7,6,True,False,False,1,1,100,5,2407,10,4,106,20,2387,0.9400401297814207,0.8491750069037238,0.7926064259598391,8,6,True,True,False,0.02063054986338786,-0.0017478412350477868,0.02156004058905836,0,1,0,0.9986642920747997,20.29786515235901
554,mc_0554,5.0,1.0,4.193182650701808,20261379,17.040104933363203,17.040104933363203,0.0,True,101,2424,11,4,107,60,2364,0,0,107,0,2364,0.9213627049180328,0.9102479663407934,0.8408894004229934,7,7,True,False,False,1,1,102,25,2399,7,1,103,2,2397,0.9986338797814207,0.9136709391068027,0.9124041417943727,8,8,True,True,True,0.07727117486338786,0.0034229727660093356,0.07151474137137925,1,1,1,0.9980976281065328,20.30505108833313
555,mc_0555,5.0,1.0,4.090290834547698,20261380,17.027820392426293,17.027820392426293,0.0,True,99,2480,12,6,107,124,2356,0,0,107,0,2356,0.8985822194440267,0.9096599298634183,0.8246530779336265,7,7,True,False,False,1,1,100,28,2452,10,4,105,63,2389,0.9746153478593272,0.9111596345751276,0.8860398346290175,8,8,True,True,True,0.07603312841530052,0.0014997047117093487,0.061386756695390954,1,1,1,0.9978547721201327,20.3336980342865
556,mc_0556,5.0,1.0,2.1688679814237015,20261381,16.845794541725994,16.845794541725994,0.0,True,96,2321,10,4,100,53,2268,0,0,100,0,2268,0.9179843265396543,0.9259308749049564,0.8448069681469228,7,7,True,False,False,1,1,97,9,2312,10,4,102,36,2276,0.9347406448456653,0.9216959009068508,0.8619072258721805,8,7,True,True,False,0.016756318306010987,-0.004234973998105573,0.017100257725257695,0,1,0,0.998704768072533,19.452888011932373
557,mc_0557,5.0,1.0,4.467670159817811,20261382,17.023194609192984,17.023194609192984,0.0,True,101,2471,12,4,109,53,2418,1,0,109,0,2418,0.9239668715846995,0.8519235372898466,0.7894809826248707,7,7,True,False,False,2,1,102,43,2428,8,1,103,2,2426,0.996061731557377,0.8487713831909272,0.8454025255521734,8,8,True,True,True,0.0720948599726775,-0.0031521540989194463,0.05592154292730278,1,1,1,0.9978952481178661,20.568045139312744
558,mc_0558,5.0,1.0,2.95742221965012,20261383,17.04193096544586,17.04193096544586,0.0,True,101,2429,11,5,109,56,2373,0,0,109,0,2373,0.9187585382513661,0.9016202294416645,0.8320662109680791,7,7,True,False,False,1,1,102,29,2400,8,2,104,5,2395,0.9973958333333333,0.908366118906579,0.9061291421568587,8,8,True,True,True,0.07863729508196715,0.006745889464914501,0.0740629311887796,1,1,1,0.9982190560997328,21.794694185256958
559,mc_0559,5.0,1.0,4.281058100253076,20261384,16.82746389211387,16.82746389211387,0.0,True,96,2379,12,5,103,66,2313,1,0,103,0,2313,0.9259820312567871,0.8783328499252079,0.817158572667221,8,7,True,True,False,1,0,96,0,2379,12,5,103,66,2313,0.9259820312567871,0.8783328499252079,0.817158572667221,8,7,True,True,False,0.0,0.0,0.0,0,0,0,1.0,20.68982195854187
560,mc_0560,5.0,1.0,0.898401503472281,20261385,17.048388529750305,17.048388529750305,0.0,True,102,2427,11,2,105,27,2400,2,0,105,0,2400,0.9301784494535519,0.860054819206236,0.7964167109909219,7,7,True,False,False,3,1,103,10,2417,12,3,108,12,2405,0.941374231557377,0.8706145719534888,0.8119888035108658,8,7,True,True,False,0.011195782103825103,0.010559752747252737,0.015572092519943848,0,1,0,0.9991500040475998,22.296732187271118
561,mc_0561,5.0,1.0,0.1114053403357374,20261386,16.880122455459485,16.880122455459485,0.0,True,97,2414,9,3,102,83,2331,0,0,102,0,2331,0.9199374515396543,0.850044354866291,0.7863110212010678,7,7,True,False,False,1,1,98,58,2356,9,3,102,36,2320,0.9360747466216216,0.8569454219493804,0.8013160123770331,8,7,True,True,False,0.016137295081967262,0.006901067083089352,0.015004991175965321,0,1,0,0.9966404921881324,24.4773690700531
562,mc_0562,5.0,1.0,0.7593609187491265,20261387,17.023194609192984,17.023194609192984,0.0,True,98,2428,15,6,107,54,2374,0,0,107,0,2374,0.8926929801473906,0.8519534937575342,0.7765098805834642,7,6,True,False,False,1,1,99,17,2411,12,5,107,29,2382,0.9107513817867349,0.8684874103667444,0.7991297754617053,8,6,True,True,False,0.018058401639344246,0.01653391660921022,0.02261989487824112,0,1,0,0.9986238160770663,25.7604820728302
563,mc_0563,5.0,1.0,3.2731215905413897,20261388,17.023194609192984,17.023194609192984,0.0,True,101,2430,12,5,108,74,2356,0,0,108,0,2356,0.9194095799180328,0.910342141088623,0.830903451409603,7,7,True,False,False,1,1,102,11,2419,9,2,104,21,2398,0.9986979166666667,0.9052356289376193,0.9041481747251651,8,8,True,True,True,0.07928833674863389,-0.0051065121510036615,0.07324472331556209,1,1,1,0.9979762001133328,25.722177028656006
564,mc_0564,5.0,1.0,4.827252137366568,20261389,17.048388529750305,17.048388529750305,0.0,True,100,2386,12,5,105,40,2346,1,0,105,0,2346,0.9234690161925426,0.9442862078745519,0.8730686732793048,7,7,True,False,False,2,1,101,10,2376,10,3,104,14,2362,0.9962469362745099,0.948125288254702,0.944679377669775,8,8,True,True,True,0.07277792008196726,0.0038390803801501283,0.07161070439047013,1,1,1,0.9991904800453331,25.306874990463257
565,mc_0565,5.0,1.0,5.539524943781868,20261390,16.832616083945528,16.832616083945528,0.0,True,96,2421,11,3,100,91,2330,1,0,100,0,2330,0.9220137465846995,0.8215204666561859,0.7713626449280929,7,7,True,False,False,1,1,97,59,2362,11,3,101,36,2326,0.9386419911202186,0.8357570786757287,0.7858108307416702,8,7,True,True,False,0.016628244535519143,0.014236612019542738,0.014448185813577319,0,1,0,0.9970047761677325,23.61939787864685
566,mc_0566,5.0,1.0,3.7473371257158963,20261391,17.018295368341942,17.018295368341942,0.0,True,99,2484,11,4,105,125,2359,0,0,105,0,2359,0.916850834762994,0.9209807506305105,0.839944917419502,7,7,True,False,False,1,1,100,63,2421,10,3,103,66,2355,0.9800018764296607,0.9106897257804378,0.8915040168056512,8,8,True,True,True,0.06315104166666674,-0.010291024850072716,0.05155909938614922,1,1,1,0.9971666801586659,24.966856002807617
567,mc_0567,5.0,1.0,1.6074259924503786,20261392,17.027820392426293,17.027820392426293,0.0,True,102,2425,12,4,108,43,2382,0,0,108,0,2382,0.9220137465846995,0.8668185246511095,0.8108964998734124,7,7,True,False,False,1,1,103,20,2405,11,3,108,12,2393,0.9393570696721312,0.8803043786427107,0.8291021543319338,8,7,True,True,False,0.017343323087431695,0.013485853991601182,0.018205654458521403,0,1,0,0.998826196065733,25.235759019851685
568,mc_0568,5.0,1.0,5.145036923455958,20261393,17.04193096544586,17.04193096544586,0.0,True,101,2383,12,5,108,45,2338,1,0,108,0,2338,0.9194095799180328,0.919978237913865,0.8397538447291718,7,7,True,False,False,2,1,102,9,2374,9,2,104,6,2368,0.9966167178961749,0.9195566861316402,0.9162232785722688,8,8,True,True,True,0.07720713797814205,-0.00042155178222480494,0.07646943384309701,1,1,1,0.9983000080951996,24.8454327583313
569,mc_0569,5.0,1.0,5.971650697700883,20261394,17.015217647302862,17.015217647302862,0.0,True,97,2456,12,5,107,81,2375,0,0,107,0,2375,0.9213627049180328,0.8980053104477966,0.8300585957042069,7,7,True,False,False,1,1,99,64,2392,9,4,105,27,2365,0.9401041666666667,0.8962694412281849,0.8437795968719841,8,7,True,True,False,0.018741461748633892,-0.0017358692196117742,0.013721001167777191,0,1,0,0.9967619201813325,25.142781972885132
570,mc_0570,5.0,1.0,3.9265056439005512,20261395,17.027820392426293,17.027820392426293,0.0,True,102,2441,12,5,107,88,2353,0,0,107,0,2353,0.892610143442623,0.8906524621142227,0.7883544019100382,7,6,True,False,False,1,1,103,21,2420,8,1,104,2,2418,0.9966487363387978,0.8794715022526347,0.8765348040209029,8,8,True,True,True,0.10403859289617479,-0.011180959861587958,0.08818040211086464,2,1,1,0.9970452521654659,25.148529767990112
571,mc_0571,5.0,1.0,3.9239293897454726,20261396,17.018295368341942,17.018295368341942,0.0,True,100,2449,10,4,105,113,2336,0,0,105,0,2336,0.9233158299180328,0.9182841620724236,0.8456540725042409,7,7,True,False,False,1,1,101,31,2418,10,4,107,41,2377,0.939453125,0.904647037081729,0.8492898942245861,8,7,True,True,False,0.01613729508196715,-0.013637124990694582,0.003635821720345267,0,1,0,0.997530964138266,24.89895725250244
572,mc_0572,5.0,1.0,2.3117056448457394,20261397,17.034607659265447,17.034607659265447,0.0,True,102,2410,12,5,109,49,2361,0,0,109,0,2361,0.9106376500934714,0.916498919672259,0.8288075844042135,7,7,True,False,False,1,1,103,10,2400,10,4,109,18,2382,0.9312681999568594,0.9174591241056373,0.8524580859072624,8,7,True,True,False,0.02063054986338797,0.0009602044333782978,0.023650501503048815,0,1,0,0.9983404840929329,25.716561794281006
573,mc_0573,5.0,1.0,2.6490574593148772,20261398,17.018295368341942,17.018295368341942,0.0,True,99,2444,11,4,106,55,2389,1,0,106,0,2389,0.9194095799180328,0.8503355377615751,0.7769643680843912,7,7,True,False,False,2,1,100,26,2418,9,3,105,20,2398,0.939453125,0.8535917162713724,0.801321982417253,8,7,True,True,False,0.02004354508196715,0.003256178509797314,0.024357614332861877,0,1,0,0.9977738201246661,24.599422931671143
574,mc_0574,5.0,1.0,3.3327458691393512,20261399,17.027820392426293,17.027820392426293,0.0,True,99,2374,13,6,107,40,2334,0,0,107,0,2334,0.9194095799180328,0.9270278566263129,0.8575697568294876,7,7,True,False,False,1,1,100,10,2364,11,5,107,11,2353,0.9367849214480874,0.9342265088609609,0.8739284779328605,8,7,True,True,False,0.0173753415300546,0.007198652234647995,0.016358721103372997,0,1,0,0.9987452440702663,25.563053846359253
575,mc_0575,5.0,1.0,4.8692591954589295,20261400,17.058791019808645,17.058791019808645,0.0,True,102,2382,10,4,108,36,2346,0,0,108,0,2346,0.9194095799180328,0.9116589096764804,0.8311925859187165,7,7,True,False,False,1,1,103,1,2381,9,3,108,7,2374,0.94140625,0.9111893650625184,0.8534651334613312,8,7,True,True,False,0.02199667008196715,-0.0004695446139620918,0.022272547542614762,0,1,0,0.9987857200679997,25.74912691116333
576,mc_0576,5.0,1.0,0.8692449374876521,20261401,17.046863618883442,17.046863618883442,0.0,True,100,2408,11,4,106,26,2382,0,0,106,0,2382,0.9200606215846995,0.8290931304300793,0.7584888610092799,7,7,True,False,False,1,1,101,0,2408,10,3,106,7,2401,0.9407231898907104,0.8390385833509378,0.7806387162068664,8,7,True,True,False,0.020662568306010876,0.009945452920858577,0.0221498551975865,0,1,0,0.9992309560430664,24.832677125930786
577,mc_0577,5.0,1.0,5.2466734635002075,20261402,17.027820392426293,17.027820392426293,0.0,True,99,2454,10,3,103,85,2369,0,0,103,0,2369,0.9285241632513661,0.8803296722126812,0.8282097655821576,8,7,True,True,False,1,1,100,64,2390,11,3,105,12,2378,0.9407231898907104,0.8821649062489607,0.8309109208544916,8,7,True,True,False,0.012199026639344246,0.0018352340362794983,0.002701155272333944,0,0,0,0.9968023961790659,24.151944160461426
578,mc_0578,5.0,1.0,0.8821898574083704,20261403,17.037207611762,17.037207611762,0.0,True,100,2443,12,6,109,64,2379,0,0,109,0,2379,0.9120641724927676,0.931742675405855,0.8448038804683731,7,7,True,False,False,1,1,102,27,2416,8,3,105,15,2401,0.9877450980392157,0.9288891266711747,0.9166342247103905,8,8,True,True,True,0.07568092554644812,-0.0028535487346802446,0.0718303442420174,1,1,1,0.9978952481178661,25.038180112838745
579,mc_0579,5.0,1.0,2.744129911362109,20261404,17.027820392426293,17.027820392426293,0.0,True,98,2438,15,7,108,75,2363,0,0,108,0,2363,0.916958599525876,0.9231397181810715,0.8414584497750199,7,7,True,False,False,1,1,99,23,2415,13,6,108,22,2393,0.9376531862745099,0.9190905415590231,0.8610437187689934,8,7,True,True,False,0.020694586748633892,-0.0040491766220484005,0.019585268993973504,0,1,0,0.9984619120861329,25.41263699531555
580,mc_0580,5.0,1.0,0.8623477024378778,20261405,16.84314791384103,16.84314791384103,0.0,True,96,2358,8,3,100,64,2294,0,0,100,0,2294,0.9212395348729877,0.8357571955021199,0.7571745397634433,7,6,True,False,False,1,1,97,26,2332,8,3,101,26,2306,0.9379958531789987,0.824447671692596,0.7644048393960585,8,6,True,True,False,0.016756318306010987,-0.01130952380952388,0.0072302996326152336,0,1,0,0.9983000080951996,23.430715799331665
581,mc_0581,5.0,1.0,5.49792034230921,20261406,17.027820392426293,17.027820392426293,0.0,True,98,2479,13,6,109,145,2334,0,0,109,0,2334,0.8913080601092896,0.881377740616871,0.7726858007261607,7,6,True,False,False,1,1,101,76,2403,9,3,106,20,2383,0.9387700648907104,0.8535926816391515,0.7977590191556838,8,7,True,True,False,0.04746200478142071,-0.027785058977719546,0.025073218429523147,1,1,0,0.9953452602606654,25.272788286209106
582,mc_0582,5.0,1.0,5.887414011832538,20261407,17.015217647302862,17.015217647302862,0.0,True,100,2445,13,6,109,116,2329,0,0,109,0,2329,0.890625,0.9119320362376796,0.8173807541863976,7,6,True,False,False,1,1,101,54,2391,9,3,106,10,2381,0.939421106557377,0.8990783595405449,0.8482512687607424,8,7,True,True,False,0.048796106557376984,-0.012853676697134664,0.030870514574344865,1,1,0,0.9970047761677325,25.19488215446472
583,mc_0583,5.0,1.0,3.899350077998616,20261408,16.840966201625733,16.840966201625733,0.0,True,97,2308,8,3,100,43,2265,1,0,100,0,2265,0.9179843265396543,0.9181793755963714,0.8367075384216356,7,7,True,False,False,2,1,98,13,2295,8,3,101,37,2258,0.9347726632882882,0.9115840101774766,0.8510591155180799,8,7,True,True,False,0.016788336748633892,-0.006595365418894827,0.014351577096444301,0,1,0,0.9971262041609326,23.86374592781067
584,mc_0584,5.0,1.0,5.984408563734973,20261409,16.823775898177065,16.823775898177065,0.0,True,96,2363,11,5,102,71,2292,1,0,102,0,2292,0.9091078029572485,0.8935533051604481,0.81173990944955,7,7,True,False,False,2,1,97,14,2349,11,5,103,58,2291,0.9291513480392157,0.8946477275371445,0.8281146284484524,8,7,True,True,False,0.020043545081967262,0.0010944223766964356,0.016374718998902416,0,1,0,0.9983404840929329,23.781604051589966
585,mc_0585,5.0,1.0,3.1060642611409466,20261410,17.040104933363203,17.040104933363203,0.0,True,102,2424,11,3,106,24,2400,2,0,106,0,2400,0.9179235474927676,0.878251542447819,0.8014133968067314,7,7,True,False,False,3,1,103,3,2421,12,4,109,12,2409,0.9291193295965927,0.8843487924595428,0.8143445131192832,8,7,True,True,False,0.011195782103825103,0.006097250011723787,0.012931116312551838,0,1,0,0.9993119080385332,25.240381956100464
586,mc_0586,5.0,1.0,3.050169099907272,20261411,17.018295368341942,17.018295368341942,0.0,True,101,2447,9,3,105,64,2383,0,0,105,0,2383,0.9226647882513661,0.8939481463253808,0.830708107920448,7,7,True,False,False,1,1,102,35,2412,7,1,103,2,2410,0.9966167178961749,0.8920907800626023,0.8892556535982933,8,8,True,True,True,0.07395192964480879,-0.001857366262778437,0.05854754567784526,1,1,1,0.997288108151866,24.406360149383545
587,mc_0587,5.0,1.0,0.07281491442028537,20261412,17.033237458955394,17.033237458955394,0.0,True,101,2417,12,5,109,64,2353,1,0,109,0,2353,0.876637934275831,0.8512391104189871,0.7365490980881332,7,5,True,False,False,2,1,102,19,2398,10,4,108,32,2366,0.8973325210244649,0.8525981250843913,0.7573045635672948,8,5,True,True,False,0.020694586748633892,0.0013590146654041124,0.020755465479161628,0,1,0,0.9983404840929329,25.167140007019043
588,mc_0588,5.0,1.0,3.501196301702929,20261413,17.023194609192984,17.023194609192984,0.0,True,100,2479,12,5,108,94,2385,1,0,108,0,2385,0.9187585382513661,0.8528430177278861,0.7744128849657036,7,7,True,False,False,2,1,101,22,2457,9,2,103,41,2416,0.9993489583333333,0.847158538378546,0.8466145648082567,8,8,True,True,True,0.08059042008196715,-0.005684479349340021,0.0722016798425531,1,1,1,0.9980976281065328,24.858903169631958
589,mc_0589,5.0,1.0,0.7268023173423699,20261414,17.040104933363203,17.040104933363203,0.0,True,102,2447,15,5,109,60,2387,2,0,109,0,2387,0.8563627049180328,0.8631475489268401,0.7447928863674887,6,6,True,False,False,3,1,103,29,2418,13,4,109,21,2397,0.874389088114754,0.8693495763795063,0.7685878126624347,7,6,True,True,False,0.01802638319672123,0.006202027452666181,0.02379492629494595,0,1,0,0.9980571521087995,25.491124391555786
590,mc_0590,5.0,1.0,5.429349121411687,20261415,17.033237458955394,17.033237458955394,0.0,True,100,2470,16,7,110,132,2338,0,0,110,0,2338,0.888671875,0.8741600242155181,0.7662419006723946,7,6,True,False,False,1,1,101,31,2439,11,2,103,36,2403,0.9986338797814207,0.8583254234645212,0.8571230852155509,8,8,True,True,True,0.10996200478142071,-0.015834600750996852,0.0908811845431563,2,1,1,0.9968023961790659,25.275436878204346
591,mc_0591,5.0,1.0,5.574531479054306,20261416,16.82746389211387,16.82746389211387,0.0,True,96,2341,11,4,103,58,2283,0,0,103,0,2283,0.8758637225641193,0.8882692357168334,0.7782133064202321,7,6,True,False,False,1,1,97,35,2306,11,4,103,35,2271,0.8939541426460864,0.8844912850137546,0.7913381601187468,8,6,True,True,False,0.01809042008196715,-0.0037779507030787363,0.013124853698514682,0,1,0,0.9981381041042662,24.356169939041138
592,mc_0592,5.0,1.0,3.604792386832598,20261417,17.044626788618505,17.044626788618505,0.0,True,101,2428,13,5,110,62,2366,1,0,110,0,2366,0.8769602728480473,0.8912635597141114,0.7809486807913162,7,6,True,False,False,2,1,102,27,2401,11,3,106,23,2378,0.9487029299518724,0.9051659254013442,0.8540004299000507,8,7,True,True,True,0.0717426571038251,0.013902365687232798,0.07305174910873447,1,1,1,0.9983000080951996,25.500285148620605
593,mc_0593,5.0,1.0,0.7338313443229224,20261418,17.048388529750305,17.048388529750305,0.0,True,102,2432,13,5,110,61,2371,1,0,110,0,2371,0.8926929801473906,0.9039650079302795,0.8082321195053987,7,6,True,False,False,2,1,103,29,2403,11,4,109,16,2387,0.9120214466774452,0.9033132524649437,0.8222778238497629,8,6,True,True,False,0.0193284665300546,-0.0006517554653358015,0.01404570434436414,0,1,0,0.9983000080951996,25.843838930130005
594,mc_0594,5.0,1.0,1.763128412581495,20261419,16.82746389211387,16.82746389211387,0.0,True,97,2337,9,3,101,31,2306,0,0,101,0,2306,0.9179843265396543,0.8771712069695479,0.7981855016008693,7,7,True,False,False,1,1,98,17,2320,7,1,99,2,2318,0.9946684966216216,0.8789807243497523,0.8745083320073037,8,8,True,True,True,0.07668417008196726,0.0018095173802044062,0.0763228304064344,1,1,1,0.9984619120861329,23.475130796432495
595,mc_0595,5.0,1.0,1.544023093666712,20261420,17.023194609192984,17.023194609192984,0.0,True,98,2444,13,6,105,98,2346,0,0,105,0,2346,0.9202138078592093,0.9255519191245021,0.8483630134093104,7,7,True,False,False,1,1,99,29,2415,11,4,103,18,2397,0.9975490196078431,0.9071479021715193,0.9046969217793625,8,8,True,True,True,0.07733521174863389,-0.01840401695298277,0.05633390837005203,1,1,1,0.9976928681291994,24.415733098983765
596,mc_0596,5.0,1.0,6.178545889199942,20261421,17.043204459850088,17.043204459850088,0.0,True,100,2489,15,6,110,132,2357,1,0,110,0,2357,0.8913080601092896,0.8468285090719558,0.7462615691812455,7,6,True,False,False,2,1,102,69,2420,11,3,107,16,2404,0.9367529030054644,0.8165971932301749,0.7685130569508491,8,7,True,True,False,0.045444842896174786,-0.03023131584178096,0.022251487769603617,1,1,0,0.9960738282198656,25.65145492553711
597,mc_0597,5.0,1.0,2.2560217734306636,20261422,17.034607659265447,17.034607659265447,0.0,True,102,2397,10,4,108,43,2354,0,0,108,0,2354,0.9213627049180328,0.9310875643085748,0.853923942492087,7,7,True,False,False,1,1,103,8,2389,7,1,104,2,2387,0.9973638148907104,0.9281151864139088,0.9255886293026477,8,8,True,True,True,0.0760011099726775,-0.0029723778946659785,0.07166468681056071,1,1,1,0.9983404840929329,25.107752084732056
598,mc_0598,5.0,1.0,4.243857189573088,20261423,17.018295368341942,17.018295368341942,0.0,True,99,2394,12,5,106,67,2327,0,0,106,0,2327,0.9213627049180328,0.9243879608294931,0.853990872842709,7,7,True,False,False,1,1,100,29,2365,11,4,106,16,2349,0.9400401297814207,0.9256086182179136,0.8721960299820269,8,7,True,True,False,0.01867742486338786,0.0012206573884204763,0.018205157139317918,0,1,0,0.9981381041042662,24.914334058761597
599,mc_0599,5.0,1.0,0.9404560267671284,20261424,17.00923872699247,17.00923872699247,0.0,True,99,2475,16,6,108,88,2387,0,0,108,0,2387,0.8784594843565177,0.8401388615002063,0.7539142548507061,7,6,True,False,False,1,1,100,42,2433,13,5,107,35,2398,0.8986631216515997,0.8424994571011217,0.7649423459077758,8,6,True,True,False,0.02020363729508201,0.002360595600915394,0.0110280910570697,0,1,0,0.9976119161337327,25.41525101661682
600,mc_0600,5.0,1.0,6.090910600700452,20261425,16.840966201625733,16.840966201625733,0.0,True,96,2299,11,4,100,39,2260,3,0,100,0,2260,0.9140097637415623,0.9099247066439224,0.8239344703854846,7,7,True,False,False,3,1,97,3,2296,11,4,102,26,2270,0.9333382302716169,0.9099247066439224,0.8432629369155393,8,7,True,True,False,0.0193284665300546,0.0,0.01932846653005471,0,1,0,0.9983000080951996,23.52033805847168
601,mc_0601,5.0,1.0,1.8284213116106338,20261426,17.027905775454116,17.027905775454116,0.0,True,101,2437,13,6,110,76,2361,0,0,110,0,2361,0.8701296717551512,0.8809399249794095,0.7525298677608632,7,6,True,False,False,1,1,102,18,2419,10,3,106,25,2394,0.9493539716185391,0.8811391200061908,0.8305895246717689,8,7,True,True,True,0.07922429986338786,0.00019919502678122925,0.07805965691090577,1,1,1,0.9979357241155995,25.567069053649902
602,mc_0602,5.0,1.0,4.809810712107716,20261427,17.027820392426293,17.027820392426293,0.0,True,101,2398,9,3,105,46,2352,0,0,105,0,2352,0.9246179132513661,0.9218444471120999,0.85178714306774,7,7,True,False,False,1,1,103,19,2379,9,3,108,11,2368,0.939453125,0.9193779567226772,0.8663617875684483,8,7,True,True,False,0.014835211748633892,-0.002466490389422704,0.014574644500708334,0,1,0,0.9988666720634664,24.850817918777466
603,mc_0603,5.0,1.0,2.9294598482496323,20261428,17.038393596540367,17.038393596540367,0.0,True,102,2423,12,4,109,62,2361,1,0,109,0,2361,0.9187585382513661,0.9266949868961928,0.8522397198464053,7,7,True,False,False,2,1,103,21,2402,10,3,108,16,2386,0.9400721482240437,0.921185011104366,0.8693510342703892,8,7,True,True,False,0.021313609972677616,-0.005509975791826771,0.017111314423983837,0,1,0,0.9984214360883996,25.546853065490723
604,mc_0604,5.0,1.0,3.9213477170289424,20261429,17.027820392426293,17.027820392426293,0.0,True,100,2431,10,3,107,36,2395,0,0,107,0,2395,0.9321635928961749,0.838014068777767,0.7732919346583493,7,7,True,False,False,1,1,101,21,2410,10,3,106,20,2390,0.94140625,0.8312129448326802,0.7797809157887108,8,7,True,True,False,0.009242657103825103,-0.006801123945086807,0.006488981130361449,0,1,0,0.9987452440702663,24.823540925979614
605,mc_0605,5.0,1.0,1.809650502451091,20261430,17.027820392426293,17.027820392426293,0.0,True,101,2426,12,4,106,60,2366,1,0,106,0,2366,0.9226647882513661,0.9056867238414023,0.832474870212612,7,7,True,False,False,2,1,102,23,2403,12,4,108,17,2386,0.9400081113387978,0.8963126388326184,0.8414157406874403,8,7,True,True,False,0.017343323087431695,-0.009374085008783895,0.008940870474828277,0,1,0,0.9981381041042662,25.269449949264526
606,mc_0606,5.0,1.0,0.7568371895788419,20261431,17.015217647302862,17.015217647302862,0.0,True,97,2432,14,7,108,102,2330,0,0,108,0,2330,0.8787463536183386,0.8713052513537315,0.7775725004524398,7,6,True,False,False,1,1,98,38,2394,13,6,109,66,2328,0.8942005885910163,0.901080056012437,0.7987567719861526,8,6,True,True,False,0.015454234972677616,0.029774804658705523,0.02118427153371283,0,1,0,0.9983809600906662,25.420926094055176
607,mc_0607,5.0,1.0,0.19503587302124986,20261432,17.048388529750305,17.048388529750305,0.0,True,102,2382,10,3,107,7,2375,0,0,107,0,2375,0.9420572916666667,0.9002183649683649,0.8431301326048736,8,7,True,True,False,0,0,102,0,2382,10,3,107,7,2375,0.9420572916666667,0.9002183649683649,0.8431301326048736,8,7,True,True,False,0.0,0.0,0.0,0,0,0,1.0,24.852923154830933
608,mc_0608,5.0,1.0,3.4830049151146873,20261433,16.82746389211387,16.82746389211387,0.0,True,96,2353,11,4,102,55,2298,1,0,102,0,2298,0.8751486440122067,0.8717777771085224,0.7487223476489271,7,6,True,False,False,2,1,97,28,2325,11,4,103,28,2297,0.8939541426460864,0.8634882251656201,0.7600927703097463,8,6,True,True,False,0.018805498633879703,-0.008289551942902373,0.011370422660819224,0,1,0,0.9987452440702663,23.986913204193115
609,mc_0609,5.0,1.0,3.269275790246059,20261434,17.023194609192984,17.023194609192984,0.0,True,100,2436,13,6,111,94,2342,0,0,111,0,2342,0.8818782860517873,0.9327685291769778,0.8218815947595093,7,6,True,False,False,1,1,101,31,2405,11,5,110,48,2357,0.8959984192485085,0.9281232000554095,0.8306124440428326,8,6,True,True,False,0.01412013319672123,-0.004645329121568342,0.00873084928332335,0,1,0,0.9980976281065328,22.64498496055603
610,mc_0610,5.0,1.0,2.5134320318638457,20261435,17.027820392426293,17.027820392426293,0.0,True,98,2445,11,4,106,66,2379,1,0,106,0,2379,0.9102171535819923,0.8416450285362648,0.7797603352253295,7,7,True,False,False,2,1,99,44,2401,8,2,101,28,2373,0.982642870795107,0.8620357956928734,0.8532053977121572,8,8,True,True,True,0.07242571721311475,0.02039076715660859,0.0734450624868277,1,1,1,0.997409536145066,20.087829113006592
611,mc_0611,5.0,1.0,2.716084349032127,20261436,17.044626788618505,17.044626788618505,0.0,True,102,2388,12,5,109,36,2352,1,0,109,0,2352,0.8594095799180328,0.9079205831442083,0.7791820149140929,7,6,True,False,False,1,1,103,3,2385,11,4,109,12,2373,0.8806911714480874,0.9079205831442083,0.8004636064441476,8,6,True,True,False,0.0212815915300546,0.0,0.02128159153005471,0,1,0,0.9985023880838663,20.997342824935913
612,mc_0612,5.0,1.0,3.8397177925627277,20261437,17.033237458955394,17.033237458955394,0.0,True,101,2456,12,5,109,80,2376,0,0,109,0,2376,0.8544095799180328,0.8857462066670803,0.7522336124177541,6,6,True,False,False,1,1,102,20,2436,11,4,109,23,2413,0.874421106557377,0.8785485911567072,0.7677831955046507,7,6,True,True,False,0.020011526639344246,-0.007197615510373012,0.015549583086896579,0,1,0,0.9982595320974662,21.094815015792847
613,mc_0613,5.0,1.0,5.952368563936052,20261438,17.043204459850088,17.043204459850088,0.0,True,101,2434,11,5,108,73,2361,0,0,108,0,2361,0.9114055970748955,0.9109703948772775,0.8341324036210339,7,7,True,False,False,1,1,102,34,2400,10,4,108,19,2381,0.9326871886049501,0.917975020256985,0.8525200566113091,8,7,True,True,False,0.0212815915300546,0.007004625379707474,0.018387652990275227,0,1,0,0.9976523921314661,20.67622184753418
614,mc_0614,5.0,1.0,2.557603863661427,20261439,17.018295368341942,17.018295368341942,0.0,True,98,2488,14,5,104,105,2383,0,0,104,0,2383,0.8917050359293847,0.8692394414539325,0.7853608269149331,7,6,True,False,False,1,1,99,64,2424,14,6,107,65,2359,0.8995175359293847,0.8860006856741931,0.7967318155277696,8,6,True,True,False,0.0078125,0.016761244220260596,0.011370988612836475,0,1,0,0.9967619201813325,20.47046399116516
615,mc_0615,5.0,1.0,5.921989007231567,20261440,17.027820392426293,17.027820392426293,0.0,True,102,2403,12,4,109,22,2381,1,1,110,8,2373,0.9155033299180328,0.8947454092630596,0.8104948287083924,7,7,True,False,False,1,1,103,11,2392,11,3,108,7,2385,0.9373399077868853,0.8890677850081388,0.8284072819494116,8,7,True,True,False,0.021836577868852403,-0.005677624254920799,0.0179124532410192,0,1,0,0.998947624058933,20.957399129867554
616,mc_0616,5.0,1.0,2.791237983188767,20261441,17.00500898166483,17.00500898166483,0.0,True,99,2458,12,4,104,67,2391,0,0,104,0,2391,0.9226647882513661,0.8564385896902621,0.7873297364715552,7,7,True,False,False,1,1,100,27,2431,10,2,102,3,2428,0.9979828381147541,0.8474921192297993,0.8457854712898312,8,8,True,True,True,0.07531804986338797,-0.008946470460462819,0.05845573481827593,1,1,1,0.9976928681291994,20.291579246520996
617,mc_0617,5.0,1.0,5.687249512592155,20261442,17.040104933363203,17.040104933363203,0.0,True,100,2448,11,5,107,67,2381,0,0,107,0,2381,0.9187585382513661,0.873843977001087,0.7943599362371581,7,7,True,False,False,1,1,101,22,2426,8,2,103,3,2423,0.9972997780054644,0.8681442660040268,0.8657256446379122,8,8,True,True,True,0.07854123975409832,-0.005699710997060126,0.07136570840075418,1,1,1,0.997409536145066,20.789434909820557
618,mc_0618,5.0,1.0,4.697736164346052,20261443,17.040104933363203,17.040104933363203,0.0,True,101,2418,13,6,110,76,2342,0,0,110,0,2342,0.8728869786183386,0.8991875638330378,0.7734346745194487,7,6,True,False,False,1,1,102,11,2407,10,3,106,22,2385,0.9528263570336392,0.8937534186344044,0.8467515525098481,8,7,True,True,True,0.07993937841530052,-0.005434145198633389,0.07331687799039943,1,1,1,0.9979357241155995,20.770648956298828
619,mc_0619,5.0,1.0,4.755819348846169,20261444,17.034607659265447,17.034607659265447,0.0,True,102,2433,10,3,108,30,2403,0,0,108,0,2403,0.9269232411202186,0.8828937399183915,0.8225884266749339,7,7,True,False,False,1,1,103,25,2408,10,3,107,18,2390,0.9407552083333333,0.9022226457176865,0.8447271497713348,8,7,True,True,False,0.013831967213114638,0.019328905799295026,0.02213872309640086,0,1,0,0.9980166761110661,20.922183990478516
620,mc_0620,5.0,1.0,1.4408072142954655,20261445,17.048388529750305,17.048388529750305,0.0,True,102,2433,13,5,109,65,2368,0,0,109,0,2368,0.9120566387415623,0.9110499598157158,0.8244667306253503,7,7,True,False,False,1,1,103,30,2403,12,4,109,20,2383,0.9279057678399228,0.911771117925142,0.8446773680404713,8,7,True,True,False,0.01584912909836056,0.0007211581094261899,0.02021063741512108,0,1,0,0.9979357241155995,20.87113094329834
621,mc_0621,5.0,1.0,2.0119684658500634,20261446,17.027820392426293,17.027820392426293,0.0,True,101,2424,12,4,108,37,2387,0,0,108,0,2387,0.9269232411202186,0.8269582712178627,0.7562590348325261,7,7,True,False,False,1,1,102,5,2419,12,4,108,19,2400,0.9420572916666667,0.8286674488968679,0.7715792165333766,8,7,True,True,False,0.015134050546448119,0.001709177679005247,0.015320181700850477,0,1,0,0.999069052052133,20.994719982147217
622,mc_0622,5.0,1.0,0.34067971667924846,20261447,17.023194609192984,17.023194609192984,0.0,True,100,2431,10,4,105,62,2369,0,0,105,0,2369,0.9115757342896175,0.8802541304134257,0.7965100941869687,7,6,True,False,False,1,1,101,24,2407,7,1,102,2,2405,0.9972997780054644,0.8638877662974573,0.8615100044735762,8,8,True,True,True,0.08572404371584696,-0.016366364115968368,0.06499991028660745,2,1,1,0.9976523921314661,20.156033039093018
623,mc_0623,5.0,1.0,1.7407619480698748,20261448,17.048388529750305,17.048388529750305,0.0,True,102,2389,10,4,108,45,2344,1,0,108,0,2344,0.9194095799180328,0.9033922503888179,0.822925926631054,7,7,True,False,False,2,1,103,4,2385,9,3,108,11,2374,0.941374231557377,0.9015756792787686,0.843819115540424,8,7,True,True,False,0.021964651639344135,-0.001816571110049292,0.020893188909369975,0,1,0,0.9986238160770663,20.867277145385742
624,mc_0624,5.0,1.0,0.33563390254765496,20261449,16.729193224964888,16.729193224964888,0.0,True,98,2299,9,3,102,20,2279,0,0,102,0,2279,0.9380278716216216,0.8982548829904288,0.8433518896423134,8,7,True,True,False,0,0,98,0,2299,9,3,102,20,2279,0.9380278716216216,0.8982548829904288,0.8433518896423134,8,7,True,True,False,0.0,0.0,0.0,0,0,0,1.0,19.61525797843933
625,mc_0625,5.0,1.0,2.039034339088958,20261450,17.027820392426293,17.027820392426293,0.0,True,101,2422,14,6,109,47,2375,0,0,109,0,2375,0.8544095799180328,0.8958584221364593,0.7598823383358246,6,6,True,False,False,1,1,102,10,2412,13,5,109,19,2393,0.8757231898907103,0.9073569626288802,0.7839496709184033,7,6,True,True,False,0.021313609972677505,0.011498540492420939,0.02406733258257865,0,1,0,0.9991095280498664,21.003127098083496
626,mc_0626,5.0,1.0,5.104440162579063,20261451,17.027820392426293,17.027820392426293,0.0,True,102,2452,12,4,109,66,2386,0,0,109,0,2386,0.9172643442622951,0.8628584535822588,0.7917526998053381,7,7,True,False,False,1,1,103,27,2425,10,3,108,18,2407,0.9400401297814207,0.8649929565062353,0.8100909346428649,8,7,True,True,False,0.022775785519125624,0.0021345029239765445,0.018338234837526723,0,1,0,0.9984214360883996,21.03736662864685
627,mc_0627,5.0,1.0,3.5796150474391,20261452,17.062541744125184,17.062541744125184,0.0,True,102,2368,11,5,109,51,2317,0,0,109,0,2317,0.8907398551473906,0.9378789530123319,0.8299142005933486,7,6,True,False,False,1,1,103,4,2364,10,4,109,18,2346,0.9127045067867349,0.9362420482504272,0.8518074912423139,8,6,True,True,False,0.021964651639344246,-0.0016369047619047006,0.02189329064896528,0,1,0,0.9987452440702663,21.110629081726074
628,mc_0628,5.0,1.0,5.937794119207144,20261453,17.027820392426293,17.027820392426293,0.0,True,102,2424,10,3,108,27,2397,0,0,108,0,2397,0.9288763661202186,0.8816481486419266,0.8259678856722481,7,7,True,False,False,1,1,103,27,2397,7,1,104,2,2395,0.998046875,0.9013819293663441,0.8995830714983238,8,8,True,True,True,0.06917050887978138,0.01973378072441745,0.07361518582607574,1,1,1,0.9981381041042662,20.513060092926025
629,mc_0629,5.0,1.0,5.012880435671387,20261454,17.037207611762,17.037207611762,0.0,True,101,2446,11,3,104,74,2372,0,0,104,0,2372,0.9226647882513661,0.879714003335224,0.8111188272039578,7,7,True,False,False,1,1,102,34,2412,11,3,107,13,2399,0.9406911714480874,0.873464582521583,0.8192278922241127,8,7,True,True,False,0.01802638319672134,-0.0062494208136409934,0.00810906502015496,0,1,0,0.9976119161337327,20.332565307617188
630,mc_0630,5.0,1.0,3.0930093262529095,20261455,16.895413935714373,16.895413935714373,0.0,True,97,2380,10,3,101,71,2309,0,0,101,0,2309,0.9179843265396543,0.8835264359377313,0.8035414466578334,7,7,True,False,False,1,1,98,43,2337,8,1,99,2,2335,0.9933343948456653,0.8746352523866602,0.8686785317949186,8,8,True,True,True,0.07535006830601099,-0.008891183551071102,0.06513708513708516,1,1,1,0.9972476321541326,19.21390700340271
631,mc_0631,5.0,1.0,1.068332733979408,20261456,17.023194609192984,17.023194609192984,0.0,True,102,2470,13,4,108,54,2416,0,0,108,0,2416,0.9213627049180328,0.8307677638909297,0.7713355843105021,7,7,True,False,False,1,1,103,31,2439,11,3,108,16,2423,0.9388020833333333,0.8468254773955257,0.7900761796773255,8,7,True,True,False,0.01743937841530041,0.01605771350459606,0.018740595366823376,0,1,0,0.9984214360883996,20.480506896972656
632,mc_0632,5.0,1.0,3.12957738158155,20261457,17.037207611762,17.037207611762,0.0,True,102,2472,13,6,110,117,2355,0,0,110,0,2355,0.8880208333333333,0.8712737753901776,0.7604818420365254,7,6,True,False,False,1,1,103,48,2424,8,1,104,2,2422,0.9940765881147541,0.8540047390564511,0.8490525315793285,8,8,True,True,True,0.10605575478142082,-0.01726903633372645,0.08857068954280312,2,1,1,0.996478588197199,20.8990478515625
633,mc_0633,5.0,1.0,5.015866814625255,20261458,17.044626788618505,17.044626788618505,0.0,True,102,2433,12,3,108,38,2395,0,0,108,0,2395,0.9269232411202186,0.8675125854140271,0.8103621503058945,7,7,True,False,False,1,1,103,25,2408,11,3,108,14,2394,0.94140625,0.8867324473595941,0.8322943810376623,8,7,True,True,False,0.014483008879781378,0.01921986194556702,0.021932230731767755,0,1,0,0.9983404840929329,20.639652729034424
634,mc_0634,5.0,1.0,3.5109135056020113,20261459,17.027820392426293,17.027820392426293,0.0,True,99,2402,12,5,106,36,2366,1,0,106,0,2366,0.9194095799180328,0.8287284551417894,0.7481380350598221,7,7,True,False,False,2,1,100,1,2401,11,4,106,7,2394,0.941374231557377,0.8287284551417894,0.7701026866991665,8,7,True,True,False,0.021964651639344135,0.0,0.021964651639344357,0,1,0,0.9987857200679997,20.504791021347046
635,mc_0635,5.0,1.0,0.10809396179741365,20261460,17.048388529750305,17.048388529750305,0.0,True,100,2409,12,5,108,57,2352,1,0,108,0,2352,0.9220137465846995,0.9173339481647373,0.8599705457227053,7,7,True,False,False,2,1,101,33,2376,10,4,107,22,2354,0.9407231898907104,0.929716373123247,0.8810688894420098,8,7,True,True,False,0.018709443306010876,0.012382424958509608,0.021098343719304524,0,1,0,0.9982190560997328,21.857035160064697
636,mc_0636,5.0,1.0,3.3534944118295322,20261461,17.033237458955394,17.033237458955394,0.0,True,102,2378,11,4,108,30,2348,0,0,108,0,2348,0.9194095799180328,0.9061555491879529,0.835055369063115,7,7,True,False,False,1,1,103,2,2376,10,3,108,9,2367,0.941374231557377,0.9181236342943359,0.859497865851713,8,7,True,True,False,0.021964651639344135,0.01196808510638292,0.024442496788598,0,1,0,0.9991500040475998,22.23487091064453
637,mc_0637,5.0,1.0,0.8756353205625573,20261462,16.845794541725994,16.845794541725994,0.0,True,97,2344,9,3,100,58,2286,1,0,100,0,2286,0.9179843265396543,0.8706287123023075,0.8017034936109062,7,7,True,False,False,2,1,98,21,2323,9,3,102,18,2305,0.937344811512332,0.8715659459458127,0.8153123117700817,8,7,True,True,False,0.019360484972677616,0.0009372336435051754,0.013608818159175473,0,1,0,0.9978547721201327,23.44958806037903
638,mc_0638,5.0,1.0,5.4432142785007755,20261463,17.027820392426293,17.027820392426293,0.0,True,101,2460,12,5,108,79,2381,0,0,108,0,2381,0.9187585382513661,0.8784174978240955,0.7992153991868124,7,7,True,False,False,1,1,102,19,2441,11,4,108,35,2406,0.9407552083333333,0.8817166180586996,0.822471826392033,8,7,True,True,False,0.02199667008196715,0.0032991202346041026,0.023256427205220587,0,1,0,0.9984214360883996,25.333791971206665
639,mc_0639,5.0,1.0,2.9108491426827956,20261464,17.012886370901654,17.012886370901654,0.0,True,98,2473,12,4,102,118,2355,0,0,102,0,2355,0.9128608666827387,0.8798245921889466,0.79510179807795,7,7,True,False,False,1,1,99,68,2405,11,4,105,22,2383,0.9316023284313726,0.8551324395744513,0.7977542926045758,8,7,True,True,False,0.018741461748633892,-0.02469215261449531,0.0026524945266257483,0,1,0,0.9982190560997328,24.22773790359497
640,mc_0640,5.0,1.0,3.68821017769425,20261465,16.805632671091743,16.805632671091743,0.0,True,97,2311,9,3,100,38,2273,0,0,100,0,2273,0.9179843265396543,0.867794631723795,0.7862727212572124,7,7,True,False,False,1,1,98,3,2308,9,3,102,15,2293,0.9380278716216216,0.8665810394907852,0.8059721925049828,8,7,True,True,False,0.020043545081967262,-0.0012135922330097637,0.019699471247770384,0,1,0,0.9984619120861329,23.69180703163147
641,mc_0641,5.0,1.0,5.89002014305054,20261466,17.027820392426293,17.027820392426293,0.0,True,99,2461,12,5,108,85,2376,0,0,108,0,2376,0.860799477991678,0.876280234659383,0.7748166105711485,7,5,True,False,False,1,1,101,86,2375,10,4,108,29,2346,0.8946963359151752,0.8942686800375343,0.8032202733908955,8,6,True,True,False,0.03389685792349717,0.017988445378151363,0.028403662819747044,1,1,0,0.9958714482311989,23.880840063095093
642,mc_0642,5.0,1.0,4.3658986453001365,20261467,17.023194609192984,17.023194609192984,0.0,True,101,2436,10,3,106,45,2391,0,0,106,0,2391,0.9259199965846995,0.904057063324716,0.8347813857175443,7,7,True,False,False,1,1,102,39,2397,10,3,107,12,2385,0.94140625,0.8910071479270849,0.8402866740939874,8,7,True,True,False,0.015486253415300522,-0.013049915397631118,0.0055052883764430405,0,1,0,0.9980571521087995,23.02770686149597
643,mc_0643,5.0,1.0,3.3188870624002003,20261468,17.015217647302862,17.015217647302862,0.0,True,100,2450,9,3,104,65,2385,0,0,104,0,2385,0.9212986680327868,0.8825730006346505,0.8210712291305592,7,7,True,False,False,1,1,101,44,2406,9,3,106,19,2387,0.9393890881147541,0.879170887397011,0.8288905897106312,8,7,True,True,False,0.018090420081967262,-0.0034021132376395036,0.007819360580072043,0,1,0,0.9978142961223995,21.921112060546875
644,mc_0644,5.0,1.0,3.704094747423051,20261469,17.015217647302862,17.015217647302862,0.0,True,98,2468,12,5,104,113,2355,0,0,104,0,2355,0.9259199965846995,0.9388597109099465,0.8703312392103175,7,7,True,False,False,1,1,99,29,2439,12,5,107,54,2385,0.939421106557377,0.9236718171205676,0.8713507212050059,8,7,True,True,False,0.013501109972677505,-0.015187893789378903,0.001019481994688376,0,1,0,0.9976523921314661,22.497790813446045
645,mc_0645,5.0,1.0,2.005390224906354,20261470,17.00923872699247,17.00923872699247,0.0,True,101,2384,12,4,107,57,2327,0,0,107,0,2327,0.9187585382513661,0.9321138344329165,0.8545874608853228,7,7,True,False,False,1,1,102,11,2373,11,3,107,13,2360,0.941374231557377,0.9298883260157647,0.8746028830094076,8,7,True,True,False,0.022615693306010876,-0.0022255084171518558,0.020015422124084803,0,1,0,0.9985023880838663,20.48884081840515
646,mc_0646,5.0,1.0,2.3079760103617564,20261471,17.03217902952042,17.03217902952042,0.0,True,102,2443,12,4,109,61,2382,2,0,109,0,2382,0.9187585382513661,0.8729540512930566,0.8006610668885474,7,7,True,False,False,3,1,103,33,2410,10,3,108,14,2396,0.9393890881147541,0.8760561870951263,0.8228140949921914,8,7,True,True,False,0.02063054986338797,0.00310213580206975,0.022153028103643946,0,1,0,0.9983000080951996,20.795187950134277
647,mc_0647,5.0,1.0,4.05358723963224,20261472,16.88608927447648,16.88608927447648,0.0,True,97,2380,11,4,101,74,2306,0,0,101,0,2306,0.9112275697828977,0.872331248685565,0.7860399971278385,7,7,True,False,False,1,1,98,20,2360,11,4,103,32,2328,0.9286349297555752,0.8654370448672775,0.8031851190063584,8,7,True,True,False,0.017407359972677505,-0.0068942038182875365,0.01714512187851991,0,1,0,0.9977333441269327,19.767539024353027
648,mc_0648,5.0,1.0,0.5609911443381617,20261473,17.040104933363203,17.040104933363203,0.0,True,98,2397,11,6,107,42,2355,1,0,107,0,2355,0.9194095799180328,0.8695196724509373,0.7986655818533995,7,6,True,False,False,2,1,99,6,2391,10,5,107,19,2372,0.9406911714480874,0.8822802343113355,0.8229862956865546,8,6,True,True,False,0.0212815915300546,0.0127605618603982,0.02432071383315504,0,1,0,0.999069052052133,20.61874794960022
649,mc_0649,5.0,1.0,4.119409591333976,20261474,17.027820392426293,17.027820392426293,0.0,True,101,2460,9,4,108,55,2405,0,0,108,0,2405,0.9187585382513661,0.8506128249225711,0.7727156214981001,7,7,True,False,False,1,1,102,19,2441,6,1,103,2,2439,0.9986338797814207,0.8438254747625302,0.8428280757147433,8,8,True,True,True,0.0798753415300546,-0.006787350160040839,0.07011245421664314,1,1,1,0.9980571521087995,21.787853002548218
650,mc_0650,5.0,1.0,1.9299271209795927,20261475,17.027820392426293,17.027820392426293,0.0,True,97,2449,11,4,104,70,2379,0,0,104,0,2379,0.9187585382513661,0.8456522079453861,0.7688843923022686,7,7,True,False,False,1,1,98,41,2408,8,1,99,2,2406,1.0,0.8462715209010486,0.8462715209010486,8,8,True,True,True,0.08124146174863389,0.0006193129556625321,0.07738712859878005,1,1,1,0.997530964138266,21.740797996520996
651,mc_0651,5.0,1.0,0.059881089419066454,20261476,17.023194609192984,17.023194609192984,0.0,True,98,2480,13,6,108,110,2370,1,0,108,0,2370,0.8728869786183386,0.8457736851556125,0.7209691583655324,7,6,True,False,False,2,1,99,43,2437,10,3,103,31,2406,0.9521432969243495,0.8368999606982723,0.7894442155586492,8,7,True,True,True,0.07925631830601088,-0.008873724457340137,0.06847505719311675,1,1,1,0.9969238241722659,23.010879039764404
652,mc_0652,5.0,1.0,0.24938416381074366,20261477,17.027820392426293,17.027820392426293,0.0,True,99,2468,12,5,108,80,2388,0,0,108,0,2388,0.883004806487191,0.8143511595688143,0.7135536265361874,7,6,True,False,False,1,1,100,28,2440,11,5,108,56,2384,0.8941685701483932,0.8297821625540636,0.7305491737629748,8,6,True,True,False,0.011163763661202197,0.015431002985249243,0.016995547226787422,0,1,0,0.998704768072533,23.93302583694458
653,mc_0653,5.0,1.0,5.258876894943532,20261478,17.048388529750305,17.048388529750305,0.0,True,102,2399,11,3,108,26,2373,0,0,108,0,2373,0.9269232411202186,0.8752532975584499,0.8021765386786686,7,7,True,False,False,1,1,103,9,2390,11,3,107,8,2382,0.94140625,0.8752532975584499,0.8166595475584499,8,7,True,True,False,0.014483008879781378,0.0,0.014483008879781378,0,1,0,0.9989071480611997,22.93468189239502
654,mc_0654,5.0,1.0,2.9600860377477938,20261479,17.027820392426293,17.027820392426293,0.0,True,102,2405,12,5,109,29,2376,0,0,109,0,2376,0.916958599525876,0.9050912635918579,0.831540103074863,7,7,True,False,False,1,1,103,2,2403,11,4,109,9,2394,0.9383042279411764,0.9170593486982408,0.8553635766394173,8,7,True,True,False,0.02134562841530041,0.01196808510638292,0.023823473564554276,0,1,0,0.9991095280498664,22.739017963409424
655,mc_0655,5.0,1.0,0.603701593086443,20261480,17.027820392426293,17.027820392426293,0.0,True,99,2454,13,5,106,63,2391,1,0,106,0,2391,0.9239668715846995,0.8595755123785147,0.8129984499595406,7,7,True,False,False,2,1,100,48,2406,11,4,106,22,2384,0.9353227459016393,0.8792348387723417,0.8269763344911183,8,7,True,True,False,0.011355874316939851,0.019659326393826948,0.013977884531577667,0,1,0,0.9976928681291994,21.238086938858032
656,mc_0656,5.0,1.0,2.1274999065177176,20261481,17.023194609192984,17.023194609192984,0.0,True,100,2445,13,4,106,69,2376,0,0,106,0,2376,0.9194095799180328,0.8811841707282662,0.8031593309846764,7,7,True,False,False,1,1,101,34,2411,11,3,106,10,2401,0.937467981557377,0.876670513232709,0.8204588261533803,8,7,True,True,False,0.018058401639344135,-0.004513657495557211,0.017299495168703882,0,1,0,0.9978547721201327,21.01119828224182
657,mc_0657,5.0,1.0,0.19003207979996176,20261482,17.018295368341942,17.018295368341942,0.0,True,99,2466,17,6,108,103,2363,1,0,108,0,2363,0.8913080601092896,0.8607552956620708,0.7583059680645046,7,6,True,False,False,2,1,100,56,2410,12,3,106,10,2400,0.939421106557377,0.8456015433272153,0.7894971164707891,8,7,True,True,False,0.04811304644808734,-0.015153752334855497,0.031191148406284563,1,1,0,0.9976119161337327,20.790330171585083
658,mc_0658,5.0,1.0,5.355797108269257,20261483,17.040104933363203,17.040104933363203,0.0,True,100,2421,11,5,107,84,2337,0,0,107,0,2337,0.9037312158469946,0.8593545975032215,0.7751214133374527,7,6,True,False,False,1,1,102,36,2385,7,1,103,2,2383,0.9973638148907104,0.8672545929107318,0.8648889758589078,8,8,True,True,True,0.09363259904371579,0.007899995407510296,0.08976756252145512,2,1,1,0.9971666801586659,20.471012830734253
659,mc_0659,5.0,1.0,1.8522752807866272,20261484,17.015217647302862,17.015217647302862,0.0,True,100,2503,13,5,108,86,2417,1,0,108,0,2417,0.8913080601092896,0.8523010257017078,0.763381110742906,7,6,True,False,False,2,1,101,38,2465,9,3,106,26,2439,0.9380549863387978,0.8542060110137728,0.8028138999950699,8,7,True,True,False,0.04674692622950816,0.0019049853120649551,0.03943278925216387,1,1,0,0.9970047761677325,20.26824402809143
660,mc_0660,5.0,1.0,0.8811096004081376,20261485,17.033237458955394,17.033237458955394,0.0,True,100,2463,11,4,110,80,2383,1,0,110,0,2383,0.9187585382513661,0.9205667494270435,0.840512520991424,7,7,True,False,False,2,1,101,68,2395,10,3,105,44,2351,0.9400401297814207,0.8993996305418719,0.8461531913208743,8,7,True,True,False,0.0212815915300546,-0.021167118885171643,0.005640670329450259,0,1,0,0.9958714482311989,20.95928192138672
661,mc_0661,5.0,1.0,1.2110817803028304,20261486,17.027820392426293,17.027820392426293,0.0,True,100,2413,11,5,109,57,2356,1,0,109,0,2356,0.8389874613037047,0.9118023659785717,0.7608528626262289,6,6,True,False,False,2,1,101,12,2401,11,5,109,32,2369,0.8527874100741966,0.9174410611587249,0.775755364989878,7,6,True,True,False,0.013799948770491843,0.0056386951801532526,0.014902502363649095,0,1,0,0.9989881000566664,20.8921217918396
662,mc_0662,5.0,1.0,0.19084835815756832,20261487,16.880122455459485,16.880122455459485,0.0,True,97,2375,8,3,100,60,2315,0,0,100,0,2315,0.9213627049180328,0.8650316935005622,0.7878562399858229,7,7,True,False,False,1,1,98,27,2348,8,3,102,20,2328,0.94140625,0.870091217310086,0.811497467310086,8,7,True,True,False,0.02004354508196715,0.0050595238095237915,0.023641227324263103,0,1,0,0.9980166761110661,19.849178791046143
663,mc_0663,5.0,1.0,1.477807377802619,20261488,16.897601390104445,16.897601390104445,0.0,True,98,2400,11,5,105,123,2277,0,0,105,0,2277,0.8520846925094745,0.9380268785160089,0.7975176965402991,7,5,True,False,False,1,1,100,41,2359,8,2,103,13,2346,0.9388439992034635,0.9082353453239533,0.8573489773934972,8,7,True,True,True,0.08675930669398901,-0.02979153319205552,0.05983128085319811,2,1,1,0.9965595401926658,20.156288146972656
664,mc_0664,5.0,1.0,3.3868239130460873,20261489,17.027820392426293,17.027820392426293,0.0,True,102,2429,10,3,108,35,2394,0,0,108,0,2394,0.9269232411202186,0.8957835541320691,0.8424585957498533,7,7,True,False,False,1,1,103,28,2401,9,3,107,17,2384,0.94140625,0.9147290472934568,0.8625699563843658,8,7,True,True,False,0.014483008879781378,0.018945493161387716,0.020111360634512576,0,1,0,0.9981381041042662,20.820913076400757
665,mc_0665,5.0,1.0,3.5468854060926818,20261490,17.058791019808645,17.058791019808645,0.0,True,102,2384,12,5,109,38,2346,0,0,109,0,2346,0.8990607427087305,0.946749825084242,0.8468105106533805,7,7,True,False,False,1,1,103,2,2382,11,4,109,8,2374,0.9210574127906976,0.946749825084242,0.8688071807353477,8,7,True,True,False,0.02199667008196715,0.0,0.02199667008196715,0,1,0,0.9987857200679997,21.0661039352417
666,mc_0666,5.0,1.0,1.4040981990706733,20261491,17.027820392426293,17.027820392426293,0.0,True,99,2409,13,7,108,71,2338,0,0,108,0,2338,0.8990607427087305,0.9389944217261028,0.8388812828682826,7,7,True,False,False,1,1,100,7,2402,12,6,108,37,2365,0.9203743526814081,0.9384247017598311,0.8613707634905889,8,7,True,True,False,0.021313609972677616,-0.0005697199662717534,0.02248948062230638,0,1,0,0.9985833400793329,20.990975856781006
667,mc_0667,5.0,1.0,0.26252727562066547,20261492,17.06087606119076,17.06087606119076,0.0,True,102,2406,11,3,105,35,2371,0,0,105,0,2371,0.9226647882513661,0.8730115522043027,0.8008922331330648,7,7,True,False,False,1,1,103,8,2398,11,3,108,11,2387,0.9381510416666667,0.8796551993656845,0.8178062410323511,8,7,True,True,False,0.015486253415300633,0.006643647161381772,0.01691400789928632,0,1,0,0.998704768072533,20.1542751789093
668,mc_0668,5.0,1.0,0.6038430171111983,20261493,17.04193096544586,17.04193096544586,0.0,True,102,2433,10,2,105,21,2412,1,0,105,0,2412,0.9301784494535519,0.8508239021667081,0.786377939202781,7,7,True,False,False,2,1,103,10,2423,9,1,104,2,2421,0.9973958333333333,0.8568475888675564,0.8543237601657172,8,8,True,True,True,0.06721738387978138,0.006023686700848296,0.06794582096293622,1,1,1,0.9989071480611997,19.95897603034973
669,mc_0669,5.0,1.0,2.3100178608594835,20261494,16.84314791384103,16.84314791384103,0.0,True,97,2321,10,4,101,48,2273,1,0,101,0,2273,0.8995737140923448,0.8893271577413865,0.7906906300436866,7,7,True,False,False,2,1,98,1,2320,10,4,103,37,2283,0.9195852407316889,0.8893881452511445,0.8106464724349909,8,7,True,True,False,0.020011526639344135,6.0987509758025915e-05,0.019955842391304324,0,1,0,0.9987857200679997,23.88234233856201
670,mc_0670,5.0,1.0,0.6289747669711151,20261495,17.040104933363203,17.040104933363203,0.0,True,102,2393,10,3,108,25,2368,1,0,108,0,2368,0.9269232411202186,0.8985239854430883,0.8267247664050823,7,7,True,False,False,2,1,103,3,2390,8,1,104,2,2388,0.9979828381147541,0.8994294941420664,0.8974471509772378,8,8,True,True,True,0.07105959699453546,0.0009055086989780969,0.07072238457215552,1,1,1,0.998947624058933,24.594660997390747
671,mc_0671,5.0,1.0,4.427143645840835,20261496,17.044626788618505,17.044626788618505,0.0,True,101,2452,14,6,110,103,2349,0,0,110,0,2349,0.876637934275831,0.9070875751931473,0.8037563456044906,7,6,True,False,False,1,1,102,44,2408,11,5,109,44,2364,0.8959984192485085,0.9103442868321243,0.8216760110392309,8,6,True,True,False,0.019360484972677505,0.0032567116389770057,0.01791966543474033,0,1,0,0.997530964138266,25.865408897399902
672,mc_0672,5.0,1.0,2.194882873604913,20261497,17.027820392426293,17.027820392426293,0.0,True,100,2438,11,3,106,37,2401,0,0,106,0,2401,0.9269232411202186,0.847436061380157,0.7824276540248425,7,7,True,False,False,1,1,101,15,2423,11,3,106,17,2406,0.9401041666666667,0.859052926184827,0.8017962669864203,8,7,True,True,False,0.013180925546448119,0.011616864804669946,0.01936861296157777,0,1,0,0.9987452440702663,25.595609188079834
673,mc_0673,5.0,1.0,4.423914188424272,20261498,17.027820392426293,17.027820392426293,0.0,True,100,2436,13,5,108,66,2370,1,0,108,0,2370,0.9194095799180328,0.9162594293599577,0.8413875053264483,7,7,True,False,False,1,1,101,22,2414,11,4,108,20,2394,0.9368489583333334,0.9167517733111527,0.8564757398208335,7,7,True,False,False,0.01743937841530052,0.0004923439511949068,0.015088234494385122,0,0,0,0.9982190560997328,25.14598822593689
674,mc_0674,5.0,1.0,1.7981726745673152,20261499,17.027820392426293,17.027820392426293,0.0,True,102,2446,12,4,108,44,2402,1,0,108,0,2402,0.9213627049180328,0.8583532437163118,0.7994985856800071,7,7,True,False,False,2,1,103,33,2413,10,3,108,12,2401,0.9393570696721312,0.8823542750571045,0.8253006109202233,8,7,True,True,False,0.017994364754098324,0.024001031340792678,0.025802025240216242,0,1,0,0.9981785801019996,25.47017002105713
675,mc_0675,5.0,1.0,0.16198891349483363,20261500,17.048388529750305,17.048388529750305,0.0,True,101,2429,12,4,107,72,2357,0,0,107,0,2357,0.9213627049180328,0.896894547457691,0.8221048468947947,7,7,True,False,False,1,1,102,31,2398,8,1,103,2,2396,0.9973958333333333,0.8921522329766117,0.8897050810449237,8,8,True,True,True,0.07603312841530041,-0.004742314481079313,0.06760023415012906,1,1,1,0.9977738201246661,24.329627990722656
676,mc_0676,5.0,1.0,1.9487603747488254,20261501,16.82746389211387,16.82746389211387,0.0,True,97,2380,9,3,100,54,2326,1,0,100,0,2326,0.9179843265396543,0.8647407112501377,0.8013549957503228,7,7,True,False,False,2,1,98,18,2362,9,3,102,21,2341,0.937344811512332,0.8673873844720322,0.814276475390954,8,7,True,True,False,0.019360484972677616,0.002646673221894491,0.012921479640631284,0,1,0,0.9976119161337327,23.428683757781982
677,mc_0677,5.0,1.0,3.1476416523128075,20261502,17.048388529750305,17.048388529750305,0.0,True,100,2412,10,4,107,36,2376,0,0,107,0,2376,0.9195702999437481,0.8926200545105079,0.812478931423505,7,7,True,False,False,1,1,101,7,2405,10,4,106,28,2377,0.9307340636049501,0.8926200545105079,0.8236426950847072,8,7,True,True,False,0.011163763661202086,0.0,0.011163763661202197,0,1,0,0.9985833400793329,25.11015224456787
678,mc_0678,5.0,1.0,6.206003193508737,20261503,17.048388529750305,17.048388529750305,0.0,True,102,2394,10,4,109,29,2365,1,0,109,0,2365,0.9194095799180328,0.9050067850060455,0.8348430460614045,7,7,True,False,False,2,1,103,5,2389,7,1,104,2,2387,0.9993169398907104,0.9121669831686192,0.9115058381526353,8,8,True,True,True,0.0799073599726775,0.007160198162573739,0.07666279209123084,1,1,1,0.9987857200679997,25.141974925994873
679,mc_0679,5.0,1.0,2.8119027835422554,20261504,17.018295368341942,17.018295368341942,0.0,True,99,2436,9,3,104,77,2359,0,0,104,0,2359,0.9226647882513661,0.8878039976260697,0.8256866964819234,7,7,True,False,False,1,1,100,38,2398,10,4,106,47,2351,0.9311283299180328,0.8934505933719644,0.8349788965805955,8,7,True,True,False,0.00846354166666674,0.005646595745894767,0.009292200098672154,0,1,0,0.997409536145066,24.4739351272583
680,mc_0680,5.0,1.0,4.95911277865787,20261505,16.82746389211387,16.82746389211387,0.0,True,97,2357,10,3,101,63,2294,0,0,101,0,2294,0.9179843265396543,0.8697614842579066,0.7964061654284875,7,7,True,False,False,1,1,98,26,2331,10,3,102,22,2309,0.9379958531789987,0.8628386492330808,0.808701786504687,8,7,True,True,False,0.020011526639344357,-0.006922835024825713,0.012295621076199525,0,1,0,0.9978547721201327,23.8767511844635
681,mc_0681,5.0,1.0,3.6995411585018436,20261506,17.038393596540367,17.038393596540367,0.0,True,99,2436,12,4,107,47,2389,0,0,107,0,2389,0.9259520150273224,0.8905161366047767,0.8204571011023667,7,7,True,False,False,1,1,100,51,2385,7,1,101,2,2383,0.9973638148907104,0.8935905772439424,0.8913582783228906,8,8,True,True,True,0.07141179986338797,0.003074440639165732,0.07090117722052391,1,1,1,0.9973285841495992,24.54902458190918
682,mc_0682,5.0,1.0,2.0201829825427438,20261507,16.856364070897676,16.856364070897676,0.0,True,98,2334,11,4,103,77,2257,1,0,103,0,2257,0.8732595558974525,0.9149265570682696,0.7905907316068483,7,6,True,False,False,2,1,99,13,2321,11,4,105,39,2282,0.8906028789848843,0.9023661074322997,0.8036947383002454,8,6,True,True,False,0.017343323087431806,-0.012560449635969917,0.013104006693397063,0,1,0,0.9979357241155995,24.172330856323242
683,mc_0683,5.0,1.0,2.012188716772042,20261508,17.040104933363203,17.040104933363203,0.0,True,101,2405,9,3,105,41,2364,0,0,105,0,2364,0.9239668715846995,0.9184996238521423,0.8565017384846918,7,7,True,False,False,1,1,102,28,2377,9,3,107,11,2366,0.9420572916666667,0.9271368252746724,0.87170020214937,8,7,True,True,False,0.018090420081967262,0.008637201422530105,0.015198463664678252,0,1,0,0.9990285760543998,24.69303798675537
684,mc_0684,5.0,1.0,2.673055904351813,20261509,16.895413935714373,16.895413935714373,0.0,True,96,2403,11,4,100,82,2321,0,0,100,0,2321,0.9179843265396543,0.8363723320798817,0.7615411287655149,7,6,True,False,False,1,1,97,29,2374,11,4,102,35,2339,0.9379958531789987,0.8378718652705306,0.7779809852155162,8,6,True,True,False,0.020011526639344357,0.001499533190648883,0.016439856450001233,0,1,0,0.9978952481178661,23.827029943466187
685,mc_0685,5.0,1.0,0.09048864433619676,20261510,17.027820392426293,17.027820392426293,0.0,True,102,2453,11,4,108,82,2371,0,0,108,0,2371,0.9187585382513661,0.8955306456322203,0.8163285469949371,7,7,True,False,False,1,1,103,36,2417,8,1,104,2,2415,0.998014856557377,0.8895386523596247,0.88787452675957,8,8,True,True,True,0.07925631830601088,-0.005991993272595586,0.07154597976463295,1,1,1,0.9971666801586659,25.072861909866333
686,mc_0686,5.0,1.0,4.067059922515174,20261511,17.027820392426293,17.027820392426293,0.0,True,102,2458,12,4,108,83,2375,1,0,108,0,2375,0.8890077259424977,0.9093535814789261,0.8144891503228285,8,6,True,True,False,2,1,103,37,2421,12,4,110,47,2374,0.8966814793577982,0.9147712878383903,0.8186144881522193,8,6,True,True,False,0.007673753415300522,0.005417706359464258,0.0041253378293907295,0,0,0,0.9976928681291994,25.383341789245605
687,mc_0687,5.0,1.0,3.6593993258699293,20261512,17.027820392426293,17.027820392426293,0.0,True,101,2434,11,5,108,82,2352,0,0,108,0,2352,0.9187585382513661,0.9233956134264744,0.8442846096989646,7,7,True,False,False,1,1,102,31,2403,8,2,104,10,2393,0.9972997780054644,0.9180472710207361,0.915739125271265,8,8,True,True,True,0.07854123975409832,-0.005348342405738227,0.07145451557230043,1,1,1,0.9974500121427993,25.14472484588623
688,mc_0688,5.0,1.0,4.0163003279802085,20261513,17.027820392426293,17.027820392426293,0.0,True,99,2454,12,5,105,121,2333,1,0,105,0,2333,0.9226647882513661,0.9152023855553734,0.8409979895635633,7,7,True,False,False,2,1,100,51,2403,12,5,106,50,2353,0.9420572916666667,0.9085628749124065,0.8523098066748022,8,7,True,True,False,0.019392503415300633,-0.0066395106429668616,0.011311817111238853,0,1,0,0.9971666801586659,24.540290117263794
689,mc_0689,5.0,1.0,0.9172352873602545,20261514,17.038393596540367,17.038393596540367,0.0,True,101,2465,11,5,106,100,2365,1,0,106,0,2365,0.8289950634807239,0.8836598435868597,0.7487523290878931,6,5,True,False,False,2,1,102,33,2432,9,3,105,22,2410,0.9056472151200682,0.8863261700809335,0.812238696521629,7,6,True,True,True,0.07665215163934425,0.002666326494073834,0.06348636743373581,1,1,1,0.9973690601473326,24.733025074005127
690,mc_0690,5.0,1.0,0.46758041891763885,20261515,17.048388529750305,17.048388529750305,0.0,True,101,2377,10,4,105,23,2354,0,0,105,0,2354,0.9226647882513661,0.9130203221486115,0.8407769067531703,7,7,True,False,False,1,1,102,0,2377,10,4,108,9,2368,0.9420572916666667,0.9195992695170326,0.8616565611836993,8,7,True,True,False,0.019392503415300633,0.006578947368421129,0.02087965443052897,0,1,0,0.9993523840362665,24.90000295639038
691,mc_0691,5.0,1.0,3.088367384360223,20261516,17.04193096544586,17.04193096544586,0.0,True,100,2416,14,6,109,70,2346,0,0,109,0,2346,0.8735380202850053,0.8848834325396826,0.773788557645555,7,6,True,False,False,1,1,101,6,2410,13,5,109,39,2371,0.8934534915964807,0.8849330357142857,0.7936594815585984,8,6,True,True,False,0.01991547131147542,4.9603174603118916e-05,0.01987092391304346,0,1,0,0.9987452440702663,25.571388959884644
692,mc_0692,5.0,1.0,0.5130634792974746,20261517,16.843207267888005,16.843207267888005,0.0,True,96,2344,10,3,101,51,2293,0,0,101,0,2293,0.9166182063210752,0.8891685749034635,0.8106868220855135,7,7,True,False,False,1,1,97,35,2309,10,3,101,22,2287,0.9366297329604194,0.8839780793635165,0.8247357305833387,8,7,True,True,False,0.020011526639344246,-0.005190495539946993,0.014048908497825252,0,1,0,0.9976523921314661,23.818601846694946
693,mc_0693,5.0,1.0,3.0263410118516325,20261518,17.027820392426293,17.027820392426293,0.0,True,98,2443,13,6,105,91,2352,0,0,105,0,2352,0.9054629533889809,0.8857625560653463,0.8072978522641544,7,7,True,False,False,1,1,99,29,2414,13,6,107,50,2364,0.923553373470948,0.8967809978244483,0.8239070504659649,8,7,True,True,False,0.01809042008196715,0.011018441759102049,0.016609198201810504,0,1,0,0.9982190560997328,24.795225858688354
694,mc_0694,5.0,1.0,2.2299857541292023,20261519,16.832616083945528,16.832616083945528,0.0,True,96,2353,10,4,101,60,2293,1,0,101,0,2293,0.9193135245901639,0.8820157967032967,0.812959223254245,7,7,True,False,False,2,1,97,23,2330,10,4,102,28,2302,0.94140625,0.8864394405712213,0.83120744211146,8,7,True,True,False,0.02209272540983609,0.004423643867924598,0.01824821885721506,0,1,0,0.9980166761110661,23.568411827087402
695,mc_0695,5.0,1.0,5.62592371145758,20261520,17.027820392426293,17.027820392426293,0.0,True,101,2439,13,4,108,50,2389,0,0,108,0,2389,0.9269232411202186,0.9037779439264745,0.8461430317077872,7,7,True,False,False,1,1,102,34,2405,12,4,108,21,2384,0.939421106557377,0.9228372159382797,0.8682019619222123,8,7,True,True,False,0.012497865437158362,0.01905927201180524,0.022058930214425176,0,1,0,0.9981785801019996,25.217414140701294
696,mc_0696,5.0,1.0,1.376283955679813,20261521,17.03217902952042,17.03217902952042,0.0,True,101,2377,11,5,108,51,2326,0,0,108,0,2326,0.9194095799180328,0.9553154314162084,0.875324928055661,7,7,True,False,False,1,1,102,3,2374,10,4,108,21,2353,0.94140625,0.9557194310811733,0.8979951994799862,8,7,True,True,False,0.02199667008196715,0.0004039996649648492,0.022670271424325206,0,1,0,0.9987452440702663,25.24358296394348
697,mc_0697,5.0,1.0,5.796253073773371,20261522,17.027820392426293,17.027820392426293,0.0,True,100,2397,12,5,108,42,2355,0,0,108,0,2355,0.9213627049180328,0.9387251803639379,0.8611955316501763,7,7,True,False,False,1,1,101,0,2397,11,4,108,13,2384,0.9420572916666667,0.9362539548775934,0.8791657225141021,8,7,True,True,False,0.020694586748633892,-0.002471225486344486,0.017970190863925817,0,1,0,0.998826196065733,25.43812608718872
698,mc_0698,5.0,1.0,1.1989807904346583,20261523,17.018295368341942,17.018295368341942,0.0,True,99,2438,14,6,108,80,2358,0,0,108,0,2358,0.8958227584348524,0.8879137553479658,0.7861320059351311,7,7,True,False,False,1,1,100,29,2409,11,3,104,13,2396,0.9730939332982403,0.8830765578610406,0.8567611245271297,8,8,True,True,True,0.07727117486338797,-0.004837197486925238,0.07062911859199861,1,1,1,0.9972476321541326,24.849350929260254
699,mc_0699,5.0,1.0,1.1172740325507111,20261524,17.023194609192984,17.023194609192984,0.0,True,101,2435,11,4,108,64,2371,1,0,108,0,2371,0.9187585382513661,0.8875792458805281,0.8187812292842338,7,7,True,False,False,2,1,103,25,2410,8,1,104,2,2408,1.0,0.8900402564175172,0.8900402564175172,8,8,True,True,True,0.08124146174863389,0.0024610105369891055,0.07125902713328336,1,1,1,0.9973690601473326,25.145823001861572
700,mc_0700,5.0,1.0,5.661484277611062,20261525,17.027820392426293,17.027820392426293,0.0,True,102,2408,11,4,108,57,2351,0,0,108,0,2351,0.9187585382513661,0.9057870569730726,0.8255905607609514,7,7,True,False,False,1,1,103,15,2393,8,1,104,2,2391,0.9986658982240437,0.9019708352528536,0.9007425421049191,8,8,True,True,True,0.07990735997267762,-0.003816221720219004,0.07515198134396772,1,1,1,0.9981381041042662,24.56352400779724
701,mc_0701,5.0,1.0,5.858058205924704,20261526,17.053643759695195,17.053643759695195,0.0,True,101,2387,12,4,108,27,2360,0,0,108,0,2360,0.9269232411202186,0.9120330490325566,0.8389562901527752,7,7,True,False,False,1,1,102,5,2382,12,4,108,10,2372,0.939453125,0.9120330490325566,0.8514861740325566,8,7,True,True,False,0.012529883879781378,0.0,0.012529883879781378,0,1,0,0.9991095280498664,25.12048602104187
702,mc_0702,5.0,1.0,6.191898064302862,20261527,17.033237458955394,17.033237458955394,0.0,True,100,2450,14,5,108,95,2355,0,0,108,0,2355,0.9194095799180328,0.8883640440144629,0.817263863889625,7,7,True,False,False,1,1,101,27,2423,13,4,108,39,2384,0.9407552083333333,0.8904676487374976,0.8354501695688357,8,7,True,True,False,0.02134562841530041,0.0021036047230347243,0.018186305679210646,0,1,0,0.9982595320974662,25.221977949142456
703,mc_0703,5.0,1.0,2.2516275221549393,20261528,17.04193096544586,17.04193096544586,0.0,True,102,2383,12,4,108,37,2346,0,0,108,0,2346,0.9194095799180328,0.9096898190184737,0.8290993989365065,7,7,True,False,False,1,1,103,1,2382,11,3,108,7,2375,0.94140625,0.9090104711923868,0.8504167211923868,8,7,True,True,False,0.02199667008196715,-0.0006793478260869179,0.021317322255880233,0,1,0,0.998826196065733,24.980182647705078
704,mc_0704,5.0,1.0,5.5879307308599415,20261529,17.058791019808645,17.058791019808645,0.0,True,102,2382,11,4,109,28,2354,1,0,109,0,2354,0.9213627049180328,0.9102602772686038,0.8397479821866367,7,7,True,False,False,2,1,103,9,2373,10,3,108,10,2363,0.9407231898907104,0.9144173433208312,0.8577193133305812,8,7,True,True,False,0.019360484972677505,0.004157066052227432,0.017971331143944447,0,1,0,0.9989071480611997,25.36637806892395
705,mc_0705,5.0,1.0,5.973007821934917,20261530,16.823775898177065,16.823775898177065,0.0,True,96,2344,11,3,100,52,2292,0,0,100,0,2292,0.915252086102496,0.8458847893178908,0.7737706636383127,7,7,True,False,False,1,1,97,21,2323,10,3,101,22,2301,0.9339935478511299,0.8475987432572967,0.7893486273513508,8,7,True,True,False,0.018741461748633892,0.0017139539394058767,0.015577963713038101,0,1,0,0.9981785801019996,23.28777813911438
706,mc_0706,5.0,1.0,0.687001472279958,20261531,17.048388529750305,17.048388529750305,0.0,True,100,2406,8,3,103,46,2360,0,0,103,0,2360,0.9226647882513661,0.8509368397973426,0.779950198035164,7,7,True,False,False,1,1,101,19,2387,6,1,102,2,2385,0.9967447916666667,0.857407447056361,0.8542529261386822,8,8,True,True,True,0.07408000341530063,0.006470607259018379,0.07430272810351823,1,1,1,0.9984214360883996,23.894757986068726
707,mc_0707,5.0,1.0,2.0683476568349617,20261532,17.027820392426293,17.027820392426293,0.0,True,102,2423,12,4,109,53,2370,0,0,109,0,2370,0.9194095799180328,0.8836326242195954,0.8061713853599151,7,7,True,False,False,1,1,103,12,2411,10,3,108,21,2390,0.9380549863387978,0.8778354437743605,0.823404828860368,8,7,True,True,False,0.018645406420764954,-0.005797180445234917,0.017233443500452972,0,1,0,0.9988666720634664,25.209540843963623
708,mc_0708,5.0,1.0,0.37565896985270897,20261533,17.058791019808645,17.058791019808645,0.0,True,102,2426,13,5,109,49,2377,0,0,109,0,2377,0.8930334331290419,0.8599371408828798,0.7565518330687568,7,6,True,False,False,1,1,103,1,2425,12,4,109,20,2405,0.9149980847683863,0.8599981283926377,0.7784608004600612,8,6,True,True,False,0.021964651639344357,6.098750975791489e-05,0.021908967391304324,0,1,0,0.9987857200679997,25.73075294494629
709,mc_0709,5.0,1.0,1.904563700449814,20261534,17.027820392426293,17.027820392426293,0.0,True,102,2400,11,4,107,32,2368,0,0,107,0,2368,0.9166139304082289,0.9179526803539528,0.8345666107621817,7,7,True,False,False,1,1,103,12,2388,11,4,109,11,2377,0.9321001838235294,0.915278883562509,0.8473790673860384,8,7,True,True,False,0.015486253415300522,-0.002673796791443861,0.01281245662385666,0,1,0,0.9991500040475998,25.6215238571167
710,mc_0710,5.0,1.0,2.702784877934252,20261535,17.012886370901654,17.012886370901654,0.0,True,98,2435,14,7,108,73,2362,1,0,108,0,2362,0.918911724525876,0.9423872256101067,0.8630563711206876,7,7,True,False,False,2,1,99,21,2414,12,6,107,31,2383,0.9342699041706847,0.9315918871940734,0.8745647691338557,8,7,True,True,False,0.015358179644808678,-0.010795338416033307,0.011508398013168164,0,1,0,0.9986642920747997,25.321202993392944
711,mc_0711,5.0,1.0,0.02815847426002206,20261536,16.8119638069373,16.8119638069373,0.0,True,95,2368,12,5,101,73,2295,2,0,101,0,2295,0.9118165633817596,0.8962569139474617,0.8118935503758915,7,7,True,False,False,3,1,96,29,2339,12,5,102,45,2294,0.9273028167970602,0.8847333529101434,0.8148224978377225,8,7,True,True,False,0.015486253415300522,-0.01152356103731822,0.002928947461831033,0,1,0,0.9980166761110661,23.990321159362793
712,mc_0712,5.0,1.0,5.211618813637127,20261537,17.048388529750305,17.048388529750305,0.0,True,101,2393,11,4,107,43,2350,2,0,107,0,2350,0.9213627049180328,0.8922306453592561,0.8306306467146662,7,7,True,False,False,2,1,102,17,2376,10,3,107,11,2365,0.9401041666666667,0.9050139515759121,0.848597154087686,8,7,True,True,False,0.018741461748633892,0.01278330621665602,0.017966507373019747,0,1,0,0.9987452440702663,24.963701963424683
713,mc_0713,5.0,1.0,3.391366382242536,20261538,17.03217902952042,17.03217902952042,0.0,True,102,2428,10,1,103,2,2426,0,0,103,0,2426,1.0,0.8452334595767775,0.8452334595767775,8,8,True,True,True,0,0,102,0,2428,10,1,103,2,2426,1.0,0.8452334595767775,0.8452334595767775,8,8,True,True,True,0.0,0.0,0.0,0,0,0,1.0,24.222767114639282
714,mc_0714,5.0,1.0,0.9996028186383483,20261539,17.048388529750305,17.048388529750305,0.0,True,101,2404,11,3,105,36,2368,0,0,105,0,2368,0.9301784494535519,0.9118494342098955,0.843135453089761,7,7,True,False,False,1,1,102,3,2401,12,4,108,17,2384,0.94140625,0.9125700332545169,0.8539762832545169,8,7,True,True,False,0.011227800546448119,0.0007205990446214061,0.010840830164755899,0,1,0,0.9991095280498664,24.753501892089844
715,mc_0715,5.0,1.0,3.5519672484094436,20261540,17.048388529750305,17.048388529750305,0.0,True,100,2392,12,5,108,41,2351,0,0,108,0,2351,0.9096056583494053,0.8764653661157413,0.7959501218883392,7,7,True,False,False,1,1,102,2,2390,11,4,109,20,2370,0.9192325367647058,0.886945355984029,0.8077748638034979,7,7,True,False,False,0.009626878415300522,0.010479989868287687,0.011824741915158699,0,0,0,0.999069052052133,25.487929821014404
716,mc_0716,5.0,1.0,3.6645869435389082,20261541,17.034607659265447,17.034607659265447,0.0,True,101,2395,10,4,106,65,2330,0,0,106,0,2330,0.8779400176091643,0.9168965727779408,0.8005357352326647,7,6,True,False,False,1,1,102,19,2376,10,4,109,20,2356,0.8940132758058856,0.9068588080751434,0.8150687513959096,8,6,True,True,False,0.01607325819672134,-0.01003776470279738,0.014533016163244872,0,1,0,0.9983809600906662,25.13960886001587
717,mc_0717,5.0,1.0,4.467956783437172,20261542,16.85992804529954,16.85992804529954,0.0,True,97,2335,8,3,100,61,2274,1,0,100,0,2274,0.9179843265396543,0.8884884047436619,0.8076804515910556,7,7,True,False,False,2,1,98,29,2306,8,3,102,20,2286,0.9367257882882882,0.8890213331157606,0.8280206878140237,8,7,True,True,False,0.018741461748633892,0.0005329283720987288,0.0203402362229681,0,1,0,0.9981381041042662,24.63085174560547
718,mc_0718,5.0,1.0,3.660977292488239,20261543,17.038393596540367,17.038393596540367,0.0,True,101,2459,10,4,106,51,2408,1,0,106,0,2408,0.9015087246829097,0.859336929747593,0.7779106894268534,7,6,True,False,False,2,1,102,50,2409,8,2,104,11,2398,0.9699961734534015,0.8642652556900695,0.848631888086825,8,7,True,True,True,0.06848744877049184,0.004928325942476497,0.07072119865997162,1,1,1,0.997409536145066,25.767711877822876
719,mc_0719,5.0,1.0,4.937899581229213,20261544,17.033237458955394,17.033237458955394,0.0,True,101,2421,9,3,105,37,2384,0,0,105,0,2384,0.9301784494535519,0.8898104859065421,0.8256143558363809,7,7,True,False,False,1,1,102,15,2406,10,4,108,19,2387,0.94140625,0.899008435454645,0.8412842038534579,8,7,True,True,False,0.011227800546448119,0.009197949548102935,0.015669848017077048,0,1,0,0.9989881000566664,26.28160285949707
720,mc_0720,5.0,1.0,4.07093436708282,20261545,17.048388529750305,17.048388529750305,0.0,True,101,2396,12,5,108,33,2363,0,0,108,0,2363,0.9155487514296607,0.8945549335528202,0.8125071710183343,7,7,True,False,False,1,1,102,5,2391,11,4,108,7,2384,0.933511097741136,0.8948071080325228,0.8303743708381135,8,7,True,True,False,0.017962346311475308,0.00025217447970260487,0.017867199819779245,0,1,0,0.9987452440702663,26.6721830368042
721,mc_0721,5.0,1.0,5.158398363979771,20261546,17.044626788618505,17.044626788618505,0.0,True,100,2392,9,4,106,46,2346,0,0,106,0,2346,0.9213627049180328,0.854709258092477,0.7805836174594307,7,6,True,False,False,1,1,101,7,2385,8,3,106,8,2377,0.94140625,0.8511769459887792,0.7967388796668474,8,6,True,True,False,0.02004354508196715,-0.0035323121036977545,0.0161552622074167,0,1,0,0.9985833400793329,24.85885190963745
722,mc_0722,5.0,1.0,5.830729772054301,20261547,16.92895991453264,16.92895991453264,0.0,True,97,2355,9,3,102,53,2302,0,0,102,0,2302,0.9179843265396543,0.9204543562050846,0.8397682225360219,7,7,True,False,False,1,1,99,29,2326,7,1,100,2,2324,0.9809005662937528,0.9073423227698711,0.8920031330567557,8,8,True,True,True,0.06291623975409844,-0.0131120334352135,0.05223491052073381,1,1,1,0.9977333441269327,23.77116084098816
723,mc_0723,5.0,1.0,3.560811907363486,20261548,17.048388529750305,17.048388529750305,0.0,True,102,2403,10,3,106,32,2371,1,0,106,0,2371,0.9015087246829097,0.8975894538860314,0.8043007545869802,7,6,True,False,False,2,1,104,11,2392,10,3,107,27,2365,0.9127365252293578,0.9011625815135823,0.8156183523813224,8,6,True,True,False,0.011227800546448119,0.0035731276275509094,0.01131759779434216,0,1,0,0.998947624058933,24.898875951766968
724,mc_0724,5.0,1.0,5.135234871337804,20261549,17.04193096544586,17.04193096544586,0.0,True,98,2403,9,3,105,41,2362,0,0,105,0,2362,0.9301784494535519,0.94094424060003,0.8763609969197268,7,7,True,False,False,1,1,99,4,2399,10,4,108,30,2369,0.94140625,0.9495910928896169,0.8909973428896169,8,7,True,True,False,0.011227800546448119,0.008646852289586837,0.014636345969890052,0,1,0,0.9992309560430664,24.61459183692932
725,mc_0725,5.0,1.0,5.236440050036457,20261550,17.021367376690897,17.021367376690897,0.0,True,99,2412,9,3,103,46,2366,0,0,103,0,2366,0.9301784494535519,0.9230136746412186,0.8575317374424518,7,7,True,False,False,1,1,100,13,2399,10,4,106,28,2371,0.9406911714480874,0.9285042847542848,0.8701080599063302,8,7,True,True,False,0.010512721994535568,0.005490610113066174,0.012576322463878409,0,1,0,0.9989071480611997,24.44719886779785
726,mc_0726,5.0,1.0,0.8692347596649772,20261551,17.048388529750305,17.048388529750305,0.0,True,102,2367,10,4,108,45,2322,0,0,108,0,2322,0.9194095799180328,0.9646895453231997,0.8843452147685327,7,7,True,False,False,1,1,103,11,2356,7,1,104,2,2354,0.9966487363387978,0.9629009079415927,0.9596249133474354,8,8,True,True,True,0.07723915642076495,-0.001788637381607061,0.07527969857890271,1,1,1,0.9981381041042662,24.66752004623413
727,mc_0727,5.0,1.0,4.422724166872143,20261552,17.048388529750305,17.048388529750305,0.0,True,102,2405,12,4,108,37,2368,0,0,108,0,2368,0.9194095799180328,0.895903875859414,0.8153134557774468,7,7,True,False,False,1,1,103,8,2397,11,3,108,7,2390,0.937958931010929,0.895903875859414,0.8338628068703431,8,7,True,True,False,0.018549351092896127,0.0,0.018549351092896238,0,1,0,0.9985428640815996,25.36916995048523
728,mc_0728,5.0,1.0,5.530012538889997,20261553,17.034607659265447,17.034607659265447,0.0,True,101,2465,11,4,105,93,2372,0,0,105,0,2372,0.8939950634807239,0.8369587509294725,0.7534229307160105,7,6,True,False,False,1,1,102,32,2433,11,4,108,33,2400,0.9127045067867349,0.8365473615608292,0.7662821943440656,8,6,True,True,False,0.018709443306010987,-0.0004113893686432668,0.012859263628055118,0,1,0,0.9977333441269327,24.908230304718018
729,mc_0729,5.0,1.0,5.292153132108696,20261554,17.018295368341942,17.018295368341942,0.0,True,100,2427,11,4,106,70,2357,0,0,106,0,2357,0.9213627049180328,0.8897540874068759,0.8208037293659116,7,7,True,False,False,1,1,101,24,2403,10,3,106,17,2386,0.9387700648907104,0.8847184407740452,0.8372574171227402,8,7,True,True,False,0.017407359972677505,-0.005035646632830737,0.01645368775682854,0,1,0,0.9983404840929329,24.93219304084778
730,mc_0730,5.0,1.0,1.400431177017525,20261555,17.044626788618505,17.044626788618505,0.0,True,100,2435,11,4,106,60,2375,0,0,106,0,2375,0.9194095799180328,0.8551034499673199,0.777039922130354,7,7,True,False,False,1,1,101,23,2412,8,1,102,2,2410,0.9952505976775956,0.8518409249247112,0.8474066506664892,8,8,True,True,True,0.07584101775956276,-0.0032625250426087105,0.07036672853613524,1,1,1,0.9979357241155995,24.239133834838867
731,mc_0731,5.0,1.0,0.35563682699551047,20261556,17.023194609192984,17.023194609192984,0.0,True,100,2407,12,4,106,72,2335,0,0,106,0,2335,0.9266030566939891,0.9146025348637368,0.8630957532951605,7,7,True,False,False,1,1,101,30,2377,9,1,102,2,2375,0.9979508196721312,0.9187647533460331,0.9171506158932616,8,8,True,True,True,0.07134776297814205,0.004162218482296365,0.054054862598101105,1,1,1,0.9982190560997328,24.615208864212036
732,mc_0732,5.0,1.0,4.069723811064056,20261557,17.040104933363203,17.040104933363203,0.0,True,99,2449,10,4,104,62,2387,1,0,104,0,2387,0.9179235474927676,0.875791412603522,0.8000021853485441,7,7,True,False,False,2,1,100,22,2427,11,5,107,37,2390,0.9284362694873032,0.880508561817954,0.8130738552679426,8,7,True,True,False,0.010512721994535568,0.004717149214432004,0.013071669919398565,0,1,0,0.9985833400793329,24.561511993408203
733,mc_0733,5.0,1.0,0.8760838204965381,20261558,17.023194609192984,17.023194609192984,0.0,True,101,2473,13,4,109,72,2401,1,0,109,0,2401,0.9246179132513661,0.8671661597411002,0.8015642722199225,7,7,True,False,False,2,1,102,42,2431,11,3,108,21,2410,0.937467981557377,0.8606173994822115,0.804461408739743,8,7,True,True,False,0.012850068306010876,-0.006548760258888731,0.002897136519820487,0,1,0,0.9980166761110661,26.718050718307495
734,mc_0734,5.0,1.0,2.046105566523428,20261559,17.040104933363203,17.040104933363203,0.0,True,102,2424,11,4,108,52,2372,0,0,108,0,2372,0.9194095799180328,0.8858910923648537,0.8179933358749282,7,7,True,False,False,1,1,103,19,2405,10,3,108,9,2396,0.9407231898907104,0.893345180352242,0.8390432962631238,8,7,True,True,False,0.021313609972677505,0.007454087987388225,0.02104996038819562,0,1,0,0.9988666720634664,26.478382110595703
735,mc_0735,5.0,1.0,3.0816860885178894,20261560,17.027820392426293,17.027820392426293,0.0,True,100,2453,11,4,105,53,2400,1,0,105,0,2400,0.9212986680327868,0.8704120562659655,0.7986702561720364,7,7,True,False,False,2,1,101,13,2440,11,4,107,16,2424,0.941374231557377,0.8675339559442523,0.8106976441030997,8,7,True,True,False,0.020075563524590168,-0.002878100321713206,0.012027387931063394,0,1,0,0.9980571521087995,26.375245094299316
736,mc_0736,5.0,1.0,1.9564813393380014,20261561,17.03217902952042,17.03217902952042,0.0,True,102,2417,10,4,108,43,2374,1,0,108,0,2374,0.9213627049180328,0.8712575395577955,0.7980106676926684,7,7,True,False,False,2,1,103,11,2406,9,3,108,10,2396,0.9400721482240437,0.8737575524014267,0.8164385800009326,8,7,True,True,False,0.018709443306010876,0.0025000128436312163,0.018427912308264238,0,1,0,0.998704768072533,26.768232107162476
737,mc_0737,5.0,1.0,5.326290976352943,20261562,17.027820392426293,17.027820392426293,0.0,True,100,2416,12,6,108,66,2350,1,0,108,0,2350,0.9166139304082289,0.9378833327756773,0.872462554625126,7,7,True,False,False,1,1,101,15,2401,9,3,104,34,2367,0.9905978784956606,0.9526040182888816,0.9432679993757638,8,8,True,True,True,0.0739839480874317,0.014720685513204379,0.07080544475063777,1,1,1,0.998826196065733,26.859871864318848
738,mc_0738,5.0,1.0,1.9083855968838133,20261563,17.04193096544586,17.04193096544586,0.0,True,95,2422,12,5,103,78,2344,0,0,103,0,2344,0.9104098862905818,0.9062992471526616,0.8222848841960378,7,7,True,False,False,1,1,96,7,2415,12,5,106,50,2365,0.928468287929926,0.9127152648661341,0.8429102230008477,8,7,True,True,False,0.018058401639344135,0.006416017713472444,0.02062533880480988,0,1,0,0.998826196065733,26.232298851013184
739,mc_0739,5.0,1.0,0.7984983070091675,20261564,17.018295368341942,17.018295368341942,0.0,True,100,2448,11,3,103,53,2395,1,0,103,0,2395,0.9226647882513661,0.8459529242255159,0.7773350506539294,7,7,True,False,False,2,1,101,22,2426,8,1,102,2,2424,0.9986979166666667,0.8515470601936488,0.8504167537021201,8,8,True,True,True,0.07603312841530063,0.005594135968132852,0.07308170304819073,1,1,1,0.9979357241155995,25.66721820831299
740,mc_0740,5.0,1.0,1.0838948580686123,20261565,17.044626788618505,17.044626788618505,0.0,True,101,2384,11,4,108,33,2351,1,0,108,0,2351,0.9264253857280618,0.9184286879618084,0.844891611302143,7,7,True,False,False,2,1,102,6,2378,11,4,108,17,2361,0.9376211678318869,0.9184439518748653,0.8560725442731574,8,7,True,True,False,0.011195782103825103,1.526391305683994e-05,0.011180932971014412,0,1,0,0.9991904800453331,26.790542125701904
741,mc_0741,5.0,1.0,5.549400357988106,20261566,17.027820392426293,17.027820392426293,0.0,True,101,2477,9,3,105,82,2395,1,0,105,0,2395,0.9212986680327868,0.8859351170890648,0.8230447970266136,7,7,True,False,False,2,1,103,59,2418,10,3,108,25,2393,0.94140625,0.8848098942726655,0.8326508033635747,8,7,True,True,False,0.020107581967213184,-0.0011252228163992628,0.00960600633696107,0,1,0,0.9965190641949324,27.038881063461304
742,mc_0742,5.0,1.0,2.896616712178493,20261567,17.043204459850088,17.043204459850088,0.0,True,101,2440,12,4,108,59,2381,0,0,108,0,2381,0.9262721994535519,0.9028734878249567,0.8551838455410053,7,7,True,False,False,1,1,102,43,2397,9,2,104,11,2386,0.9993489583333333,0.9289935596911091,0.9284598254516385,8,8,True,True,True,0.07307675887978138,0.026120071866152395,0.07327597991063317,1,1,1,0.997530964138266,26.95960283279419
743,mc_0743,5.0,1.0,1.9098553734592916,20261568,17.027820392426293,17.027820392426293,0.0,True,102,2396,12,4,108,42,2354,0,0,108,0,2354,0.9200606215846995,0.9141763740296516,0.8454225085767262,7,7,True,False,False,1,1,103,15,2381,10,3,108,8,2373,0.94140625,0.9226425805477196,0.8689809643861035,8,7,True,True,False,0.02134562841530052,0.008466206518068065,0.02355845580937732,0,1,0,0.9987452440702663,27.22899627685547
744,mc_0744,5.0,1.0,3.6663627639561986,20261569,17.027820392426293,17.027820392426293,0.0,True,100,2476,15,6,108,131,2345,0,0,108,0,2345,0.8919591017759563,0.8664683957219059,0.7690377448295536,7,6,True,False,False,1,1,101,55,2421,11,4,107,45,2376,0.9342127732240437,0.8684024753238961,0.802737991431477,7,7,True,False,False,0.04225367144808745,0.001934079601990213,0.03370024660192339,1,0,0,0.9961547802153323,26.857582092285156
745,mc_0745,5.0,1.0,1.485817520909739,20261570,17.048388529750305,17.048388529750305,0.0,True,100,2379,12,5,107,43,2336,0,0,107,0,2336,0.9194095799180328,0.8789390398262484,0.7983486197442813,7,6,True,False,False,1,1,101,0,2379,11,4,107,13,2366,0.9420572916666667,0.8777371167493253,0.8206488843858339,8,6,True,True,False,0.022647711748633892,-0.0012019230769231282,0.02230026464155266,0,1,0,0.9987857200679997,26.940616846084595
746,mc_0746,5.0,1.0,2.365300645389623,20261571,17.038393596540367,17.038393596540367,0.0,True,101,2429,10,4,108,40,2389,1,0,108,0,2389,0.9213627049180328,0.8571976729739481,0.7800340511574604,7,7,True,False,False,2,1,102,23,2406,9,3,106,16,2390,0.9407231898907104,0.851421831120958,0.7978513744406788,8,7,True,True,False,0.019360484972677505,-0.005775841852990071,0.01781732328321839,0,1,0,0.9980166761110661,26.73669981956482
747,mc_0747,5.0,1.0,5.540334603760015,20261572,17.027820392426293,17.027820392426293,0.0,True,101,2442,10,3,105,57,2385,0,0,105,0,2385,0.9226647882513661,0.8815998173909163,0.8119380948295427,7,7,True,False,False,1,1,102,24,2418,8,1,103,2,2416,0.9979828381147541,0.8751537158652045,0.873473396246746,8,8,True,True,True,0.07531804986338797,-0.006446101525711789,0.061535301417203314,1,1,1,0.9983404840929329,26.12040615081787
748,mc_0748,5.0,1.0,1.659427243360527,20261573,17.023194609192984,17.023194609192984,0.0,True,98,2455,11,4,103,73,2382,0,0,103,0,2382,0.9185670554082289,0.827626608108522,0.7633396328932984,7,7,True,False,False,1,1,99,42,2413,12,4,105,17,2396,0.9347043504901962,0.8303865558451052,0.7683952873751003,8,7,True,True,False,0.016137295081967262,0.002759947736583279,0.005055654481801897,0,1,0,0.9970857281631992,25.96236515045166
749,mc_0749,5.0,1.0,4.6235765508776305,20261574,17.04193096544586,17.04193096544586,0.0,True,101,2405,11,4,107,58,2347,0,0,107,0,2347,0.8854536788113501,0.9266672674352554,0.8173592531127504,7,6,True,False,False,1,1,102,10,2395,12,5,109,51,2344,0.8946643174725523,0.9298654425704453,0.8279792595121471,8,6,True,True,False,0.009210638661202197,0.00319817513518994,0.010620006399396753,0,1,0,0.9986642920747997,27.194023847579956
750,mc_0750,5.0,1.0,6.2816975794086005,20261575,17.027820392426293,17.027820392426293,0.0,True,101,2472,12,5,110,75,2397,0,0,110,0,2397,0.8740337676091643,0.8266797013461276,0.7347629681448267,7,6,True,False,False,1,1,102,39,2433,11,4,109,22,2411,0.8946643174725523,0.8354241971372556,0.7506064598079905,8,6,True,True,False,0.02063054986338797,0.008744495791128015,0.01584349166316379,0,1,0,0.9980571521087995,27.34258794784546
751,mc_0751,5.0,1.0,4.628591421352521,20261576,17.027820392426293,17.027820392426293,0.0,True,102,2384,10,3,108,25,2359,2,0,108,0,2359,0.9269232411202186,0.9030331140633336,0.8299563551835523,7,7,True,False,False,3,1,103,3,2381,10,3,108,9,2372,0.9387380464480874,0.9030331140633336,0.8417711605114211,8,7,True,True,False,0.011814805327868827,0.0,0.011814805327868827,0,1,0,0.999069052052133,26.963157892227173
752,mc_0752,5.0,1.0,4.052978684403899,20261577,17.027820392426293,17.027820392426293,0.0,True,100,2430,11,4,105,67,2363,0,0,105,0,2363,0.9202138078592093,0.908560468904599,0.8308876087898055,7,7,True,False,False,1,1,101,19,2411,11,4,107,18,2393,0.9396063112745099,0.8960211262022127,0.8397125127963314,8,7,True,True,False,0.019392503415300633,-0.012539342702386214,0.008824904006525913,0,1,0,0.9981381041042662,26.64625310897827
753,mc_0753,5.0,1.0,5.258285737636138,20261578,17.027820392426293,17.027820392426293,0.0,True,102,2477,12,4,108,100,2377,0,0,108,0,2377,0.9259520150273224,0.8723753984581705,0.8124937366567502,7,7,True,False,False,1,1,103,45,2432,11,4,109,43,2389,0.9291431864754098,0.8763021512979667,0.8161939285113814,8,7,True,True,False,0.0031911714480874487,0.003926752839796266,0.0037001918546312185,0,1,0,0.998704768072533,26.509718894958496
754,mc_0754,5.0,1.0,5.10002412391648,20261579,16.84314791384103,16.84314791384103,0.0,True,97,2369,10,3,101,38,2331,1,0,101,0,2331,0.9159351462117855,0.8624325066218268,0.7870704600222842,7,7,True,False,False,2,1,98,22,2347,10,3,102,18,2329,0.937344811512332,0.8656425582189753,0.8091190197157413,8,7,True,True,False,0.021409665300546443,0.003210051597148489,0.022048559693457093,0,1,0,0.9982190560997328,25.067590713500977
755,mc_0755,5.0,1.0,0.9916748542555938,20261580,17.038393596540367,17.038393596540367,0.0,True,100,2464,11,4,107,58,2406,1,0,107,0,2406,0.9246179132513661,0.8090394224221935,0.7627238022784484,7,7,True,False,False,2,1,101,49,2415,10,3,105,19,2396,0.9407552083333333,0.8242590454543166,0.7708031083614448,8,7,True,True,False,0.01613729508196715,0.015219623032123097,0.008079306082996451,0,1,0,0.9981381041042662,25.103302240371704
756,mc_0756,5.0,1.0,5.600009065852162,20261581,17.018295368341942,17.018295368341942,0.0,True,98,2422,12,5,107,66,2356,1,0,107,0,2356,0.9194095799180328,0.9018951765097307,0.8326478711770049,7,7,True,False,False,2,1,99,13,2409,11,4,107,36,2373,0.9400721482240437,0.9123169365643538,0.8558968685371429,8,7,True,True,False,0.020662568306010876,0.01042176005462303,0.02324899736013797,0,1,0,0.9989881000566664,24.69252896308899
757,mc_0757,5.0,1.0,1.3445414187498657,20261582,17.015217647302862,17.015217647302862,0.0,True,99,2438,13,5,107,88,2350,0,0,107,0,2350,0.9194095799180328,0.9005715315375314,0.8219739900659426,7,7,True,False,False,1,1,100,37,2401,10,2,102,9,2392,0.9986658982240437,0.8897580211804106,0.8885968012470882,8,8,True,True,True,0.07925631830601088,-0.010813510357120859,0.06662281118114555,1,1,1,0.9977333441269327,20.31262493133545
758,mc_0758,5.0,1.0,1.0010408708442418,20261583,17.048388529750305,17.048388529750305,0.0,True,102,2392,9,3,108,37,2355,0,0,108,0,2355,0.9269232411202186,0.925547972306249,0.8614229614229614,7,7,True,False,False,1,1,103,24,2368,9,3,108,10,2358,0.94140625,0.9397754221342931,0.8829009177726753,8,7,True,True,False,0.014483008879781378,0.014227449828044136,0.021477956349713945,0,1,0,0.9986642920747997,20.354472875595093
759,mc_0759,5.0,1.0,4.511795717282308,20261584,17.053643759695195,17.053643759695195,0.0,True,99,2378,14,7,108,70,2308,0,0,108,0,2308,0.8859362233906338,0.9349130150779018,0.8223229117340153,7,6,True,False,False,1,1,100,8,2370,11,4,104,29,2341,0.9639224768059345,0.9339431602165049,0.8978920057430044,8,7,True,True,True,0.07798625341530063,-0.0009698548613968905,0.07556909400898915,1,1,1,0.9985833400793329,20.732261180877686
760,mc_0760,5.0,1.0,5.096251278895668,20261585,17.027820392426293,17.027820392426293,0.0,True,98,2432,12,4,104,71,2361,0,0,104,0,2361,0.9226647882513661,0.8961526712328745,0.8259010876817277,7,7,True,False,False,1,1,99,34,2398,12,4,105,30,2368,0.9407231898907104,0.8957815324918903,0.8383056535598258,8,7,True,True,False,0.018058401639344246,-0.000371138740984156,0.012404565878098128,0,1,0,0.9980166761110661,19.854937076568604
761,mc_0761,5.0,1.0,3.3487363993108494,20261586,17.033237458955394,17.033237458955394,0.0,True,101,2397,10,3,107,27,2370,0,0,107,0,2370,0.9269232411202186,0.8861444108064322,0.8165884330483739,7,7,True,False,False,1,1,102,6,2391,8,1,103,2,2389,0.9986338797814207,0.8898677075373258,0.888516477245878,8,8,True,True,True,0.07171063866120209,0.003723296730893555,0.07192804419750409,1,1,1,0.9989881000566664,20.462204933166504
762,mc_0762,5.0,1.0,4.483762389303985,20261587,17.023194609192984,17.023194609192984,0.0,True,101,2441,14,6,109,122,2319,0,0,109,0,2319,0.888671875,0.9308776421520251,0.8195495171520251,7,6,True,False,False,1,1,102,39,2402,11,3,107,15,2387,0.9387700648907104,0.9058978686892419,0.8523481879736416,8,7,True,True,False,0.050098189890710354,-0.024979773462783128,0.03279867082161658,1,1,0,0.9965190641949324,21.856114864349365
763,mc_0763,5.0,1.0,2.2409268648586638,20261588,17.023194609192984,17.023194609192984,0.0,True,101,2425,12,5,108,49,2376,0,0,108,0,2376,0.9194095799180328,0.8937659407568077,0.8160663615147334,7,7,True,False,False,1,1,102,20,2405,10,4,108,12,2393,0.94140625,0.8977566318423877,0.8448545065369615,8,7,True,True,False,0.02199667008196715,0.003990691085580034,0.02878814502222804,0,1,0,0.9980976281065328,22.688842058181763
764,mc_0764,5.0,1.0,4.072076341389899,20261589,17.048388529750305,17.048388529750305,0.0,True,102,2392,14,5,109,30,2362,0,0,109,0,2362,0.8544095799180328,0.9001316609607544,0.7640314808359165,6,6,True,False,False,1,1,103,2,2390,13,4,109,10,2380,0.876374231557377,0.9120997460671374,0.7884739776245144,7,6,True,True,False,0.021964651639344246,0.01196808510638303,0.02444249678859789,0,1,0,0.9991095280498664,22.87924289703369
765,mc_0765,5.0,1.0,0.45544696480593944,20261590,17.015217647302862,17.015217647302862,0.0,True,101,2463,15,4,108,61,2402,1,0,108,0,2402,0.9213627049180328,0.8550444455779226,0.782619560721407,7,7,True,False,False,2,1,102,23,2440,11,1,103,2,2438,0.9993169398907104,0.8496899129580506,0.8491125310992618,8,8,True,True,True,0.0779542349726775,-0.0053545326198719545,0.06649297037785473,1,1,1,0.9980571521087995,28.181833028793335
766,mc_0766,5.0,1.0,5.96327813632935,20261591,17.027820392426293,17.027820392426293,0.0,True,102,2417,12,4,108,54,2363,0,0,108,0,2363,0.9194095799180328,0.8997183513359708,0.8202796616569509,7,7,True,False,False,1,1,103,16,2401,11,3,108,15,2386,0.9380870047814207,0.8994047626254316,0.8418950544091722,8,7,True,True,False,0.01867742486338786,-0.00031358871053921433,0.021615392752221352,0,1,0,0.9981785801019996,28.93242883682251
767,mc_0767,5.0,1.0,4.057807365327151,20261592,17.027820392426293,17.027820392426293,0.0,True,99,2425,12,4,107,64,2361,0,0,107,0,2361,0.9194095799180328,0.869013938739966,0.7953235636561332,7,7,True,False,False,1,1,100,32,2393,10,3,105,21,2372,0.9387700648907104,0.8609007714525669,0.8101863586136415,8,7,True,True,False,0.019360484972677505,-0.008113167287399081,0.014862794957508307,0,1,0,0.9976119161337327,28.5544490814209
768,mc_0768,5.0,1.0,1.229575742604067,20261593,17.040104933363203,17.040104933363203,0.0,True,102,2427,11,4,108,47,2380,0,0,108,0,2380,0.9200606215846995,0.8649313289727715,0.7915907574139984,7,7,True,False,False,1,1,103,18,2409,9,3,108,10,2399,0.939453125,0.8700389848332659,0.8130311088673455,8,7,True,True,False,0.01939250341530052,0.005107655860494442,0.021440351453347106,0,1,0,0.9982595320974662,28.804136276245117
769,mc_0769,5.0,1.0,1.384868478902335,20261594,17.04193096544586,17.04193096544586,0.0,True,100,2420,13,6,109,98,2322,0,0,109,0,2322,0.8624299073150467,0.8891633155044086,0.769757327293749,7,6,True,False,False,1,1,101,5,2415,12,5,109,65,2350,0.8837435172877242,0.8862117322643639,0.7896144252307699,8,6,True,True,False,0.021313609972677505,-0.0029515832400447417,0.01985709793702084,0,1,0,0.998704768072533,27.82760977745056
770,mc_0770,5.0,1.0,3.3253378653904475,20261595,17.048388529750305,17.048388529750305,0.0,True,101,2414,11,5,108,48,2366,1,0,108,0,2366,0.9220457650273224,0.9151278128446145,0.8374035812600888,7,7,True,False,False,2,1,102,15,2399,10,4,108,10,2389,0.939453125,0.9126746042884648,0.8530437752729207,8,7,True,True,False,0.017407359972677616,-0.002453208556149722,0.0156401940128319,0,1,0,0.9987452440702663,27.523315906524658
771,mc_0771,5.0,1.0,4.748491862618484,20261596,17.027820392426293,17.027820392426293,0.0,True,102,2440,12,3,106,59,2381,0,0,106,0,2381,0.9259199965846995,0.904952942454031,0.836424470754402,7,7,True,False,False,1,1,103,21,2419,12,3,108,11,2408,0.941374231557377,0.8902162714185063,0.8401239383886865,8,7,True,True,False,0.015454234972677505,-0.014736671035524673,0.0036994676342845256,0,1,0,0.9980166761110661,27.100543975830078
772,mc_0772,5.0,1.0,5.439218266672316,20261597,17.040104933363203,17.040104933363203,0.0,True,101,2468,11,4,108,93,2375,0,0,108,0,2375,0.9213627049180328,0.8815846863533529,0.8288101581091715,7,7,True,False,False,1,1,102,61,2407,10,3,107,16,2391,0.9407231898907104,0.8855748878424942,0.8423056053836885,8,7,True,True,False,0.019360484972677505,0.0039902014891413096,0.013495447274517014,0,1,0,0.9977333441269327,27.387454986572266
773,mc_0773,5.0,1.0,0.6797758604833078,20261598,17.023194609192984,17.023194609192984,0.0,True,101,2446,12,5,108,84,2362,0,0,108,0,2362,0.9187585382513661,0.9202575591283337,0.8419607516774191,7,7,True,False,False,1,1,102,39,2407,11,4,107,30,2377,0.94140625,0.9227045258859454,0.8674725274261842,8,7,True,True,False,0.022647711748633892,0.0024469667576116905,0.025511775748765064,0,1,0,0.9980166761110661,26.867854118347168
774,mc_0774,5.0,1.0,0.3677505767483116,20261599,17.027547562426925,17.027547562426925,0.0,True,100,2443,11,4,107,66,2377,0,0,107,0,2377,0.9210638661202186,0.8729271249201989,0.7958620627515098,7,7,True,False,False,1,1,101,40,2403,9,3,106,9,2394,0.9407552083333333,0.8642964340437178,0.8137653379846046,8,7,True,True,False,0.019691342213114638,-0.00863069087648105,0.017903275233094762,0,1,0,0.9971262041609326,26.579707860946655
775,mc_0775,5.0,1.0,2.161778588905377,20261600,17.04193096544586,17.04193096544586,0.0,True,100,2433,10,4,105,56,2377,0,0,105,0,2377,0.9202138078592093,0.864828019883167,0.7989996499742553,7,7,True,False,False,1,1,101,32,2401,10,4,107,15,2386,0.9375891493892639,0.8658520252549984,0.8137652123999863,8,7,True,True,False,0.0173753415300546,0.001024005371831338,0.014765562425731016,0,1,0,0.9982595320974662,26.568903923034668
776,mc_0776,5.0,1.0,2.4472694625141034,20261601,17.038393596540367,17.038393596540367,0.0,True,100,2438,15,5,108,51,2387,0,0,108,0,2387,0.9194095799180328,0.8921896625382169,0.8124253608896991,7,7,True,False,False,1,1,101,15,2423,13,4,108,15,2408,0.9380870047814207,0.8925641428512519,0.8307504705388219,8,7,True,True,False,0.01867742486338786,0.0003744803130349972,0.018325109649122817,0,1,0,0.9984214360883996,27.06883215904236
777,mc_0777,5.0,1.0,5.65529755348224,20261602,17.018295368341942,17.018295368341942,0.0,True,100,2404,11,5,107,70,2334,0,0,107,0,2334,0.9213627049180328,0.9393115180662814,0.8616106641645114,7,7,True,False,False,1,1,101,20,2384,9,4,107,18,2366,0.9393890881147541,0.9274752031941679,0.8735844772499549,8,7,True,True,False,0.01802638319672123,-0.011836314872113562,0.011973813085443541,0,1,0,0.9983000080951996,26.81430697441101
778,mc_0778,5.0,1.0,1.9069913767251534,20261603,17.027820392426293,17.027820392426293,0.0,True,100,2430,12,5,108,46,2384,0,0,108,0,2384,0.9194095799180328,0.8807297697745069,0.8110914312168969,7,7,True,False,False,1,1,101,19,2411,10,4,107,16,2395,0.9401041666666667,0.8833768477169623,0.8337329884465112,8,7,True,True,False,0.020694586748633892,0.0026470779424554447,0.022641557229614362,0,1,0,0.9982595320974662,27.193001985549927
779,mc_0779,5.0,1.0,3.997415877688918,20261604,17.018295368341942,17.018295368341942,0.0,True,99,2435,12,4,104,47,2388,2,1,105,18,2370,0.9181529180963274,0.8798001805907997,0.8038769491058673,7,7,True,False,False,2,1,101,35,2400,12,4,107,22,2378,0.9314939358558902,0.8661447413349993,0.8092250408903536,8,7,True,True,False,0.013341017759562868,-0.013655439255800372,0.005348091784486364,0,1,0,0.9983809600906662,26.670276880264282
780,mc_0780,5.0,1.0,2.789432119815473,20261605,16.84314791384103,16.84314791384103,0.0,True,94,2362,8,3,99,73,2289,0,0,99,0,2289,0.9179202896544085,0.889368905121602,0.8125588005175388,7,7,True,False,False,1,1,95,38,2324,8,3,99,33,2291,0.937344811512332,0.8823747722318094,0.8241347623493882,8,7,True,True,False,0.019424521857923427,-0.00699413288979267,0.01157596183184939,0,1,0,0.9979762001133328,24.964707136154175
781,mc_0781,5.0,1.0,2.9598634106761845,20261606,17.044626788618505,17.044626788618505,0.0,True,99,2419,10,4,105,54,2365,1,0,105,0,2365,0.9187585382513661,0.8323613305167266,0.751945987201542,7,7,True,False,False,2,1,100,11,2408,7,1,101,2,2406,0.9993169398907104,0.8285137752940186,0.8278597013477245,8,8,True,True,True,0.08055840163934425,-0.0038475552227079657,0.07591371414618242,1,1,1,0.9981785801019996,25.994952917099
782,mc_0782,5.0,1.0,3.293139383531366,20261607,17.027820392426293,17.027820392426293,0.0,True,102,2440,10,3,106,52,2388,0,0,106,0,2388,0.9226647882513661,0.8852844615279654,0.8126725246205948,7,7,True,False,False,1,1,103,24,2416,10,3,108,9,2407,0.9388020833333333,0.880668395966794,0.825559518244851,8,7,True,True,False,0.01613729508196715,-0.004616065561171334,0.01288699362425616,0,1,0,0.9987452440702663,27.000096082687378
783,mc_0783,5.0,1.0,5.243025504865478,20261608,16.840966201625733,16.840966201625733,0.0,True,96,2384,9,2,99,52,2332,0,0,99,0,2332,0.9261490294085069,0.8212718848172109,0.749227563631585,7,7,True,False,False,1,1,97,51,2333,7,1,98,2,2331,0.9946364781789987,0.822902630339524,0.8186518655346878,8,8,True,True,True,0.06848744877049184,0.0016307455223131262,0.06942430190310278,1,1,1,0.9967214441835991,24.7047061920166
784,mc_0784,5.0,1.0,1.4509911580315993,20261609,17.04193096544586,17.04193096544586,0.0,True,102,2401,12,4,110,34,2367,2,0,110,0,2367,0.8841515954780168,0.8870089735834323,0.7747981009498288,7,6,True,False,False,3,1,103,10,2391,12,4,110,19,2372,0.8939492389206397,0.8896780595339178,0.7868267726354365,8,6,True,True,False,0.009797643442622905,0.002669085950485428,0.012028671685607728,0,1,0,0.9989881000566664,27.93441390991211
785,mc_0785,5.0,1.0,0.24754536225898166,20261610,17.038393596540367,17.038393596540367,0.0,True,100,2481,9,3,105,110,2371,1,0,105,0,2371,0.9226647882513661,0.9399306332862001,0.864031480248881,7,7,True,False,False,2,1,101,80,2401,9,3,106,16,2385,0.9406911714480874,0.9061148256355964,0.8616942466405342,8,7,True,True,False,0.01802638319672134,-0.03381580765060366,-0.0023372336083468115,0,1,0,0.9967619201813325,25.92527985572815
786,mc_0786,5.0,1.0,0.5041221680158844,20261611,17.018295368341942,17.018295368341942,0.0,True,101,2445,11,3,105,54,2391,0,0,105,0,2391,0.9226647882513661,0.8460109293668134,0.7756352494914636,7,7,True,False,False,1,1,102,21,2424,11,3,107,11,2413,0.941374231557377,0.8381484310403976,0.7852122738883641,8,7,True,True,False,0.018709443306010876,-0.007862498326415834,0.009577024396900558,0,1,0,0.9985428640815996,24.957874298095703
787,mc_0787,5.0,1.0,1.7107091937995738,20261612,17.048388529750305,17.048388529750305,0.0,True,103,2404,9,3,108,15,2389,0,0,108,0,2389,0.94140625,0.9006875859978067,0.8454555875380455,8,7,True,True,False,0,0,103,0,2404,9,3,108,15,2389,0.94140625,0.9006875859978067,0.8454555875380455,8,7,True,True,False,0.0,0.0,0.0,0,0,0,1.0,25.376858711242676
788,mc_0788,5.0,1.0,5.392126116584712,20261613,17.00923872699247,17.00923872699247,0.0,True,100,2418,12,6,109,94,2324,1,0,109,0,2324,0.888671875,0.9128791670057774,0.8119694049769429,7,6,True,False,False,2,1,101,34,2384,10,4,107,27,2357,0.9342447916666666,0.9148430318918732,0.8490878235585398,7,7,True,False,False,0.04557291666666663,0.0019638648860957897,0.037118418581596924,1,0,0,0.997530964138266,24.845598936080933
789,mc_0789,5.0,1.0,0.5714418348303147,20261614,17.018295368341942,17.018295368341942,0.0,True,99,2432,14,5,107,80,2352,0,0,107,0,2352,0.9194095799180328,0.9107004021720196,0.8374073160048194,7,7,True,False,False,1,1,100,30,2402,12,4,106,32,2370,0.9401041666666667,0.9108640016701427,0.8552681592722698,8,7,True,True,False,0.020694586748633892,0.00016359949812305707,0.01786084326745041,0,1,0,0.9978952481178661,20.58926796913147
790,mc_0790,5.0,1.0,4.039680041378801,20261615,17.048388529750305,17.048388529750305,0.0,True,102,2389,10,3,108,26,2363,1,0,108,0,2363,0.9269232411202186,0.9055131910842544,0.8359208933669566,7,7,True,False,False,2,1,103,4,2385,10,3,108,7,2378,0.9420572916666667,0.9091473145772488,0.8512046062439156,8,7,True,True,False,0.015134050546448119,0.003634123492994412,0.015283712876958955,0,1,0,0.9991500040475998,20.508111238479614
791,mc_0791,5.0,1.0,3.277940957202039,20261616,16.864523609061386,16.864523609061386,0.0,True,95,2397,10,4,100,73,2324,0,0,100,0,2324,0.9218905765396543,0.8644773240713894,0.8109987353262089,7,7,True,False,False,1,1,97,47,2350,11,4,102,27,2323,0.9338974925232609,0.8640303727229102,0.8135108159627387,8,7,True,True,False,0.012006915983606592,-0.0004469513484792742,0.0025120806365297454,0,1,0,0.9966404921881324,19.98207378387451
792,mc_0792,5.0,1.0,0.6908933134708983,20261617,17.037207611762,17.037207611762,0.0,True,99,2412,11,5,108,65,2347,0,0,108,0,2347,0.8821984704780168,0.9174985294262021,0.8122202880551642,7,6,True,False,False,1,1,100,12,2400,9,3,104,32,2368,0.9518919472539731,0.9209862737074826,0.877824630708354,8,7,True,True,True,0.06969347677595628,0.0034877442812805137,0.06560434265318982,1,1,1,0.9984214360883996,20.16913676261902
793,mc_0793,5.0,1.0,4.696658095727115,20261618,17.040104933363203,17.040104933363203,0.0,True,101,2424,11,5,108,71,2353,0,0,108,0,2353,0.9187585382513661,0.9134510518721044,0.8331460313036676,7,7,True,False,False,1,1,102,12,2412,8,2,104,12,2400,0.9993169398907104,0.9063097014285468,0.9056556274822529,8,8,True,True,True,0.08055840163934425,-0.00714135044355757,0.07250959617858532,1,1,1,0.9979357241155995,24.63793683052063
794,mc_0794,5.0,1.0,4.468999822558509,20261619,17.027820392426293,17.027820392426293,0.0,True,99,2463,12,6,110,84,2379,0,0,110,0,2379,0.8563627049180328,0.9234744923147333,0.7985169123472748,6,6,True,False,False,1,1,102,44,2419,10,5,109,24,2395,0.8750401297814208,0.9214600799113049,0.8067595362800455,7,6,True,True,False,0.01867742486338797,-0.0020144124034284783,0.008242623932770643,0,1,0,0.9979762001133328,26.5367591381073
795,mc_0795,5.0,1.0,0.6451003950267311,20261620,16.957168580496962,16.957168580496962,0.0,True,99,2361,9,3,102,50,2311,0,0,102,0,2311,0.9213627049180328,0.8911968082518044,0.8134959543500342,7,7,True,False,False,1,1,100,10,2351,7,1,101,2,2349,0.9986979166666667,0.888644964933832,0.8874692223595746,8,8,True,True,True,0.07733521174863389,-0.0025518433179723132,0.0739732680095404,1,1,1,0.9982190560997328,24.722872018814087
796,mc_0796,5.0,1.0,1.2091136170732288,20261621,17.027820392426293,17.027820392426293,0.0,True,99,2494,15,7,110,117,2377,0,0,110,0,2377,0.876637934275831,0.8987206150537308,0.7921414936462888,7,6,True,False,False,1,1,100,58,2436,13,6,109,59,2377,0.8933622341392189,0.9079374771939427,0.8119674392767555,8,6,True,True,False,0.01672429986338786,0.00921686214021189,0.01982594563046669,0,1,0,0.9982190560997328,27.575909852981567
797,mc_0797,5.0,1.0,5.952963413998422,20261622,16.832616083945528,16.832616083945528,0.0,True,93,2361,11,5,102,116,2245,0,0,102,0,2245,0.9103187346881597,0.9183664502890576,0.8529840902489896,7,7,True,False,False,1,1,94,69,2292,8,3,98,42,2250,0.9714846329122034,0.9329667785598513,0.9056935855818247,8,8,True,True,True,0.061165898224043724,0.014600328270793717,0.05270949533283509,1,1,1,0.9971262041609326,25.4152250289917
798,mc_0798,5.0,1.0,4.690043123085433,20261623,17.027820392426293,17.027820392426293,0.0,True,102,2489,13,4,109,85,2404,1,0,109,0,2404,0.9213627049180328,0.8486087065951258,0.7832370045129831,7,7,True,False,False,1,1,103,54,2435,10,3,108,19,2416,0.936005806010929,0.8470192582177921,0.7972579142608437,8,7,True,True,False,0.014643101092896127,-0.0015894483773336576,0.014020909747860633,0,1,0,0.9974904881405326,27.4414119720459
799,mc_0799,5.0,1.0,4.605725541357785,20261624,17.018295368341942,17.018295368341942,0.0,True,97,2464,12,5,105,79,2385,1,0,105,0,2385,0.9259520150273224,0.8928979208075847,0.8222411567065271,7,7,True,False,False,2,1,98,41,2423,8,2,100,19,2404,0.9979508196721312,0.8879779850486189,0.8863318041882151,8,8,True,True,True,0.07199880464480879,-0.0049199357589657655,0.06409064748168802,1,1,1,0.9969643001699992,25.86995005607605
800,mc_0800,5.0,1.0,3.730422070931645,20261625,17.038393596540367,17.038393596540367,0.0,True,100,2422,11,4,107,73,2349,0,0,107,0,2349,0.9194415983606558,0.8880498045793176,0.8084682367827074,7,7,True,False,False,1,1,101,39,2383,8,1,102,2,2381,1.0,0.8788814727015439,0.8788814727015439,8,8,True,True,True,0.08055840163934425,-0.009168331877773661,0.07041323591883653,1,1,1,0.9976523921314661,26.31073307991028
801,mc_0801,5.0,1.0,1.7050857903335646,20261626,17.027820392426293,17.027820392426293,0.0,True,100,2430,11,5,107,43,2387,0,0,107,0,2387,0.8544095799180328,0.8721053580042484,0.7436788970843766,6,6,True,False,False,1,1,101,8,2422,8,2,103,9,2413,0.9317447916666667,0.8803370563313457,0.819522753767791,7,7,True,True,True,0.07733521174863389,0.008231698327097359,0.07584385668341442,1,1,1,0.9987857200679997,27.04114603996277
802,mc_0802,5.0,1.0,2.8355132294155077,20261627,17.027820392426293,17.027820392426293,0.0,True,101,2440,11,4,108,54,2386,0,0,108,0,2386,0.9213627049180328,0.8624505013508963,0.7958091351269874,7,7,True,False,False,1,1,102,22,2418,9,3,107,7,2411,0.9407231898907104,0.8577939901583422,0.8085181723217236,8,7,True,True,False,0.019360484972677505,-0.004656511192554058,0.012709037194736261,0,1,0,0.9985023880838663,27.53181290626526
803,mc_0803,5.0,1.0,4.913670634888084,20261628,17.044626788618505,17.044626788618505,0.0,True,102,2367,9,3,105,31,2336,0,0,105,0,2336,0.9226647882513661,0.9352671204829929,0.8631478014117548,7,7,True,False,False,1,1,103,3,2364,9,3,108,7,2357,0.9407552083333333,0.9406852774482961,0.8823252754163953,8,7,True,True,False,0.01809042008196715,0.0054181569653032335,0.019177474004640427,0,1,0,0.998826196065733,27.09520697593689
804,mc_0804,5.0,1.0,2.412967204733558,20261629,17.027820392426293,17.027820392426293,0.0,True,100,2478,14,5,108,67,2411,1,0,108,0,2411,0.9213627049180328,0.8542881389438459,0.7903271436139667,7,7,True,False,False,2,1,101,51,2427,12,4,107,19,2408,0.9400401297814207,0.8679913876470947,0.8154166818354486,8,7,True,True,False,0.01867742486338786,0.013703248703248794,0.025089538221481855,0,1,0,0.9976928681291994,27.444989919662476
805,mc_0805,5.0,1.0,2.6591241766522518,20261630,16.85484258107372,16.85484258107372,0.0,True,97,2320,8,2,100,25,2295,0,0,100,0,2295,0.9254979877418401,0.8732077514844148,0.803330778458895,7,7,True,False,False,1,1,98,9,2311,7,1,99,2,2309,0.9926513347363757,0.8768838419655659,0.8699096744325616,8,8,True,True,True,0.06715334699453557,0.0036760904811511397,0.06657889597366662,1,1,1,0.998947624058933,24.980297803878784
806,mc_0806,5.0,1.0,0.9115780668360539,20261631,17.038393596540367,17.038393596540367,0.0,True,101,2412,10,3,104,38,2374,0,0,104,0,2374,0.9226647882513661,0.8712885538270834,0.7998712568650916,7,7,True,False,False,1,1,102,11,2401,8,1,103,2,2399,0.9986338797814207,0.8789790962009458,0.8776425137168224,8,8,True,True,True,0.0759690915300546,0.007690542373862463,0.07777125685173081,1,1,1,0.9984214360883996,26.084378004074097
807,mc_0807,5.0,1.0,3.6391168854060427,20261632,17.027820392426293,17.027820392426293,0.0,True,102,2450,12,5,110,96,2354,0,0,110,0,2354,0.898426925101519,0.914857065845454,0.8218405103739956,7,7,True,False,False,1,1,103,30,2420,10,4,109,57,2363,0.9158022666315737,0.9164765633117501,0.8410191222118634,8,7,True,True,False,0.01737534153005471,0.0016194974662960826,0.01917861183786773,0,1,0,0.9982595320974662,27.286197900772095
808,mc_0808,5.0,1.0,3.9235321817172006,20261633,17.027820392426293,17.027820392426293,0.0,True,101,2411,10,4,105,40,2371,0,0,105,0,2371,0.9153118470748955,0.9167712105211032,0.8442681517298161,7,7,True,False,False,1,1,102,16,2395,10,4,108,16,2379,0.9333702487142398,0.9241085896846453,0.8616704664734199,8,7,True,True,False,0.018058401639344246,0.007337379163542046,0.017402314743603875,0,1,0,0.998947624058933,26.898585081100464
809,mc_0809,5.0,1.0,2.7995737961813565,20261634,17.027820392426293,17.027820392426293,0.0,True,100,2480,11,4,106,93,2387,0,0,106,0,2387,0.9126647882513661,0.9134021505393928,0.8369897237883219,7,7,True,False,False,1,1,101,62,2418,12,5,109,55,2363,0.9178731215846995,0.914113980815022,0.8399139468670518,8,7,True,True,False,0.00520833333333337,0.000711830275629266,0.0029242230787298595,0,1,0,0.9967619201813325,26.73301100730896
810,mc_0810,5.0,1.0,2.4436882108260383,20261635,17.023194609192984,17.023194609192984,0.0,True,100,2488,11,4,107,84,2404,0,0,107,0,2404,0.9213627049180328,0.8003576255039475,0.7245316594084317,7,7,True,False,False,1,1,101,49,2439,9,3,106,30,2409,0.9380549863387978,0.799594337373638,0.7473819003770059,8,7,True,True,False,0.016692281420764954,-0.0007632881303094585,0.022850240968574242,0,1,0,0.9981785801019996,26.636265993118286
811,mc_0811,5.0,1.0,4.441760673335151,20261636,16.88348079839632,16.88348079839632,0.0,True,95,2311,9,4,101,43,2268,0,0,101,0,2268,0.9254979877418401,0.9375948399254772,0.8637648412189443,7,7,True,False,False,1,1,96,2,2309,8,3,100,19,2290,0.9933023764030424,0.9349739187292444,0.9290004049599427,8,8,True,True,True,0.06780438866120231,-0.002620921196232806,0.06523556374099848,1,1,1,0.9991095280498664,25.140244245529175
812,mc_0812,5.0,1.0,5.111082807418814,20261637,17.044626788618505,17.044626788618505,0.0,True,98,2395,11,4,105,28,2367,0,0,105,0,2367,0.9211092876318465,0.8650767648331765,0.7908563369225989,7,7,True,False,False,1,1,99,4,2391,9,2,101,4,2387,0.9928839631782946,0.8688425696412609,0.8617664931291078,8,8,True,True,True,0.07177467554644812,0.0037658048080844164,0.07091015620650887,1,1,1,0.998947624058933,24.894474983215332
813,mc_0813,5.0,1.0,0.34723556964502195,20261638,17.037207611762,17.037207611762,0.0,True,102,2418,9,2,105,29,2389,0,0,105,0,2389,0.9301784494535519,0.9034216588447488,0.8351137022251964,7,7,True,False,False,1,1,103,12,2406,10,3,108,17,2389,0.9407231898907104,0.9006459860561071,0.8471103324855738,8,7,True,True,False,0.010544740437158473,-0.002775672788641659,0.011996630260377339,0,1,0,0.9987857200679997,25.503591299057007
814,mc_0814,5.0,1.0,6.200214007535344,20261639,17.027820392426293,17.027820392426293,0.0,True,99,2445,16,6,107,99,2346,0,0,107,0,2346,0.8913080601092896,0.8260378731633902,0.7184535796408853,7,6,True,False,False,1,1,101,26,2419,12,3,106,14,2405,0.9374359631147541,0.8052613621157179,0.7520548718992963,8,7,True,True,False,0.04612790300546443,-0.020776511047672308,0.03360129225841102,1,1,0,0.997288108151866,25.46826195716858
815,mc_0815,5.0,1.0,4.235219395814131,20261640,17.027820392426293,17.027820392426293,0.0,True,101,2440,13,5,108,56,2384,0,0,108,0,2384,0.9065036362905818,0.8776174694368439,0.795025959524386,7,7,True,False,False,1,1,102,11,2429,10,2,104,14,2415,0.9857599545965927,0.8854446749210139,0.8714080896776873,8,8,True,True,True,0.07925631830601088,0.00782720548416993,0.07638213015330131,1,1,1,0.9982595320974662,25.5366690158844
816,mc_0816,5.0,1.0,5.356217371559153,20261641,17.027820392426293,17.027820392426293,0.0,True,102,2467,13,3,108,44,2423,0,0,108,0,2423,0.9262721994535519,0.8402044099574961,0.7829983705131942,7,7,True,False,False,1,1,103,27,2440,10,1,104,2,2438,0.998046875,0.8541421073076969,0.8524959188002412,8,8,True,True,True,0.07177467554644812,0.013937697350200784,0.06949754828704702,1,1,1,0.9980166761110661,25.769644021987915
817,mc_0817,5.0,1.0,2.2578375908530353,20261642,17.027820392426293,17.027820392426293,0.0,True,101,2428,11,4,109,51,2377,0,0,109,0,2377,0.896455685692084,0.8919292214048524,0.8150999631068485,7,6,True,False,False,1,1,102,26,2402,8,2,105,15,2387,0.9681663243532862,0.9103775582846214,0.8867768770744575,8,7,True,True,True,0.0717106386612022,0.01844833687976899,0.071676913967609,1,1,1,0.9982190560997328,27.409305095672607
818,mc_0818,5.0,1.0,5.096848928615786,20261643,17.027820392426293,17.027820392426293,0.0,True,101,2408,9,3,106,55,2353,1,0,106,0,2353,0.9212986680327868,0.9501757096925187,0.8776517948632411,7,7,True,False,False,2,1,102,33,2375,9,3,107,18,2357,0.9400401297814207,0.9340242654479258,0.8793558184116461,8,7,True,True,False,0.018741461748633892,-0.016151444244592916,0.0017040235484050426,0,1,0,0.9981381041042662,27.116219758987427
819,mc_0819,5.0,1.0,1.9848593654859579,20261644,16.838349502017444,16.838349502017444,0.0,True,95,2346,8,3,99,64,2282,0,0,99,0,2282,0.9213627049180328,0.874614733860995,0.8118015358251249,7,7,True,False,False,1,1,96,42,2304,8,3,100,23,2281,0.9420572916666667,0.8844814696892692,0.828228401451665,8,7,True,True,False,0.020694586748633892,0.009866735828274242,0.016426865626540055,0,1,0,0.9973690601473326,25.20029878616333
820,mc_0820,5.0,1.0,0.4488523594009197,20261645,17.040104933363203,17.040104933363203,0.0,True,100,2417,12,5,108,58,2359,1,0,108,0,2359,0.9262721994535519,0.9265131178734121,0.8531664717980287,7,7,True,False,False,2,1,101,35,2382,9,2,103,8,2374,0.9966487363387978,0.9172043438587556,0.9142376046669156,8,8,True,True,True,0.07037653688524592,-0.009308774014656462,0.06107113286888688,1,1,1,0.9976928681291994,26.97031807899475
821,mc_0821,5.0,1.0,3.998950093223445,20261646,17.018295368341942,17.018295368341942,0.0,True,97,2474,13,4,105,109,2365,0,0,105,0,2365,0.9219497096994536,0.850071908110891,0.7944557477123053,7,7,True,False,False,1,1,98,73,2401,13,4,104,42,2359,0.9406911714480874,0.8584859713092463,0.8071428652066006,8,7,True,True,False,0.018741461748633892,0.00841406319835536,0.012687117494295297,0,1,0,0.9969238241722659,22.66038703918457
822,mc_0822,5.0,1.0,2.977991291285774,20261647,17.040883946023158,17.040883946023158,0.0,True,101,2418,11,4,105,28,2390,0,0,105,0,2390,0.9226647882513661,0.8689974739943673,0.7984145110790507,7,7,True,False,False,1,1,102,8,2410,11,4,108,8,2402,0.94140625,0.8748018955754182,0.8203638292534865,8,7,True,True,False,0.018741461748633892,0.005804421581050878,0.021949318174435795,0,1,0,0.9991095280498664,22.36401891708374
823,mc_0823,5.0,1.0,2.2281092492187544,20261648,17.023194609192984,17.023194609192984,0.0,True,101,2479,12,5,112,95,2384,1,0,112,0,2384,0.8701275176091643,0.8826991189495914,0.7703368713516966,7,6,True,False,False,2,1,102,64,2415,12,5,110,50,2365,0.8864355777184539,0.8969349649188288,0.789052550976543,8,6,True,True,False,0.016308060109289646,0.014235845969237437,0.018715679624846437,0,1,0,0.9971262041609326,22.577105045318604
824,mc_0824,5.0,1.0,1.7916649359940993,20261649,17.034607659265447,17.034607659265447,0.0,True,101,2465,12,5,110,98,2367,0,0,110,0,2367,0.8893737349288113,0.8894665527218486,0.7979417181294215,7,6,True,False,False,1,1,102,57,2408,11,4,108,26,2382,0.9120854835626911,0.8850534773944059,0.8090484459671041,8,6,True,True,False,0.022711748633879814,-0.004413075327442728,0.011106727837682628,0,1,0,0.9980166761110661,20.86289095878601
825,mc_0825,5.0,1.0,0.4597587008965844,20261650,17.018295368341942,17.018295368341942,0.0,True,99,2432,14,5,107,66,2366,0,0,107,0,2366,0.9259520150273224,0.8944752797946507,0.828658663524154,7,7,True,False,False,1,1,100,31,2401,12,4,106,19,2382,0.941374231557377,0.8935625191026803,0.8398852619693388,8,7,True,True,False,0.0154222165300546,-0.0009127606919704379,0.01122659844518481,0,1,0,0.9979762001133328,20.5880069732666
826,mc_0826,5.0,1.0,0.9244462375223773,20261651,17.018295368341942,17.018295368341942,0.0,True,100,2410,11,3,104,46,2364,0,0,104,0,2364,0.9226647882513661,0.8825445652386616,0.8125030589414722,7,7,True,False,False,1,1,101,30,2380,10,3,106,14,2366,0.9393890881147541,0.886264505293112,0.8300066204226956,8,7,True,True,False,0.01672429986338797,0.0037199400544503103,0.01750356148122334,0,1,0,0.9984619120861329,20.465426206588745
827,mc_0827,5.0,1.0,5.136314482573051,20261652,17.034607659265447,17.034607659265447,0.0,True,100,2407,11,5,107,72,2335,0,0,107,0,2335,0.9213627049180328,0.9405400190878996,0.866652243327155,7,7,True,False,False,1,1,101,17,2390,10,4,107,22,2368,0.9407552083333333,0.9354127485725661,0.8811847206295849,8,7,True,True,False,0.01939250341530041,-0.005127270515333571,0.014532477302429903,0,1,0,0.9983404840929329,20.539589881896973
828,mc_0828,5.0,1.0,5.962714728953168,20261653,17.040104933363203,17.040104933363203,0.0,True,100,2467,10,3,104,60,2407,0,0,104,0,2407,0.9226647882513661,0.8472326663957355,0.7842581676369418,7,7,True,False,False,1,1,101,31,2436,10,3,106,19,2417,0.9420572916666667,0.8467478276948517,0.796547398359883,8,7,True,True,False,0.019392503415300633,-0.0004848387008837829,0.012289230722941191,0,1,0,0.9978142961223995,19.999297618865967
829,mc_0829,5.0,1.0,0.7724594230635612,20261654,17.027820392426293,17.027820392426293,0.0,True,102,2456,12,5,110,81,2375,1,0,110,0,2375,0.8959481884807239,0.8941158674365254,0.8064250756418492,7,6,True,False,False,2,1,103,45,2411,11,4,109,25,2386,0.9107513817867349,0.8914090154649675,0.8137759602015804,8,6,True,True,False,0.014803193306010987,-0.0027068519715578443,0.007350884559731208,0,1,0,0.9983404840929329,20.996912956237793
830,mc_0830,5.0,1.0,0.6628119537159263,20261655,17.027820392426293,17.027820392426293,0.0,True,100,2468,13,5,107,69,2399,1,1,108,11,2388,0.9099254864495643,0.88753456125559,0.8003641488310065,7,7,True,False,False,1,1,101,39,2429,11,4,107,21,2408,0.9306200731981982,0.8816969289682806,0.8173337658901643,8,7,True,True,False,0.020694586748633892,-0.005837632287309491,0.016969617059157782,0,1,0,0.9984619120861329,20.787114143371582
831,mc_0831,5.0,1.0,5.57740305815889,20261656,17.044626788618505,17.044626788618505,0.0,True,102,2394,12,4,108,40,2354,0,0,108,0,2354,0.9194095799180328,0.9158347654555183,0.8353684416977543,7,7,True,False,False,1,1,103,2,2392,9,1,104,2,2390,0.9986658982240437,0.9133316504011737,0.9120313419121879,8,8,True,True,True,0.07925631830601088,-0.00250311505434464,0.07666290021443367,1,1,1,0.9983809600906662,20.365297079086304
832,mc_0832,5.0,1.0,0.9568460768977916,20261657,17.015217647302862,17.015217647302862,0.0,True,101,2426,12,5,111,74,2352,0,0,111,0,2352,0.876637934275831,0.9078843689526392,0.7916769278104817,7,6,True,False,False,1,1,102,21,2405,11,4,110,30,2375,0.8966494609151752,0.9022288493343537,0.8069213334684682,8,6,True,True,False,0.020011526639344135,-0.005655519618285587,0.01524440565798646,0,1,0,0.9985833400793329,20.93376588821411
833,mc_0833,5.0,1.0,2.898745438441988,20261658,17.034607659265447,17.034607659265447,0.0,True,101,2435,12,6,110,112,2323,0,0,110,0,2323,0.890625,0.938657565274954,0.8325220341394229,7,6,True,False,False,1,1,102,39,2396,9,3,107,17,2379,0.9387700648907104,0.91779867093305,0.8642489902174497,8,7,True,True,False,0.048145064890710354,-0.020858894341904022,0.03172695607802678,1,1,0,0.9972476321541326,20.8753559589386
834,mc_0834,5.0,1.0,0.5756963104617037,20261659,16.82746389211387,16.82746389211387,0.0,True,96,2361,10,3,101,70,2291,0,0,101,0,2291,0.9205884932063211,0.8826516288810848,0.8215654904149142,7,7,True,False,False,1,1,97,39,2322,10,3,101,26,2296,0.9367257882882882,0.873983312971462,0.818749566176237,8,7,True,True,False,0.01613729508196715,-0.008668315909622804,-0.00281592423867727,0,1,0,0.9968833481745325,19.583715677261353
835,mc_0835,5.0,1.0,1.5606228255267922,20261660,17.038393596540367,17.038393596540367,0.0,True,100,2436,11,4,106,48,2388,0,0,106,0,2388,0.9194095799180328,0.8207397193369479,0.7418097517351052,7,7,True,False,False,1,1,101,13,2423,10,3,106,11,2412,0.9407231898907104,0.8216953063774406,0.7658297796525722,8,7,True,True,False,0.021313609972677505,0.0009555870404927003,0.024020027917466935,0,1,0,0.9982190560997328,20.559121131896973
836,mc_0836,5.0,1.0,5.238218442123804,20261661,17.044626788618505,17.044626788618505,0.0,True,100,2412,12,5,107,52,2360,0,0,107,0,2360,0.918911724525876,0.892860209730286,0.8230403029962126,7,7,True,False,False,1,1,101,27,2385,11,4,107,12,2373,0.9363190844985535,0.903308432596116,0.8423413873074388,8,7,True,True,False,0.017407359972677505,0.010448222865830026,0.019301084311226235,0,1,0,0.9983404840929329,20.60788607597351
837,mc_0837,5.0,1.0,4.383582202011276,20261662,17.018295368341942,17.018295368341942,0.0,True,101,2486,10,3,104,79,2407,1,0,104,0,2407,0.9226647882513661,0.8582251405760162,0.7847606818380846,7,7,True,False,False,2,1,102,43,2443,9,3,106,16,2427,0.9407231898907104,0.8516353483928527,0.7996259374900945,8,7,True,True,False,0.018058401639344246,-0.006589792183163468,0.014865255652009912,0,1,0,0.9974904881405326,20.017831802368164
838,mc_0838,5.0,1.0,4.9376937418220415,20261663,17.048388529750305,17.048388529750305,0.0,True,100,2422,15,6,109,78,2344,0,0,109,0,2344,0.8531527493169399,0.8561748674517193,0.7093276167686593,6,6,True,False,False,1,1,101,20,2402,12,3,106,10,2392,0.9393570696721312,0.8510536299935254,0.7922173725512287,8,7,True,True,False,0.08620432035519132,-0.005121237458193928,0.08288975578256941,1,1,0,0.9970047761677325,20.61370015144348
839,mc_0839,5.0,1.0,0.9550346893087807,20261664,16.92895991453264,16.92895991453264,0.0,True,97,2335,9,4,102,47,2288,1,0,102,0,2288,0.8732595558974525,0.8522623805999201,0.7432930155722212,7,6,True,False,False,2,1,98,3,2332,9,4,104,27,2305,0.8939541426460864,0.8509110292485689,0.7626362509695037,8,6,True,True,False,0.020694586748633892,-0.0013513513513512265,0.019343235397282554,0,1,0,0.9985023880838663,19.774840116500854
840,mc_0840,5.0,1.0,4.552508050116285,20261665,17.048388529750305,17.048388529750305,0.0,True,101,2383,12,5,108,47,2336,2,0,108,0,2336,0.9096056583494053,0.9351673745315605,0.8451390597782398,7,7,True,False,False,3,1,102,3,2380,11,4,108,14,2366,0.9295531481035038,0.9293457339487219,0.8645905067467994,8,7,True,True,False,0.019947489754098435,-0.0058216405828386275,0.019451446968559605,0,1,0,0.9986238160770663,20.478060960769653
841,mc_0841,5.0,1.0,1.773297947503343,20261666,17.044626788618505,17.044626788618505,0.0,True,102,2428,11,3,107,44,2384,0,0,107,0,2384,0.8854536788113501,0.8961215838818035,0.7831789186302888,7,6,True,False,False,1,1,103,29,2399,11,4,110,22,2377,0.8959984192485085,0.8959631551422638,0.7953987796090203,8,6,True,True,False,0.010544740437158473,-0.000158428739539751,0.012219860978731512,0,1,0,0.9985833400793329,22.794069051742554
842,mc_0842,5.0,1.0,5.715440769191775,20261667,17.048388529750305,17.048388529750305,0.0,True,102,2402,12,4,108,40,2362,1,1,109,5,2357,0.9155033299180328,0.9034785219800983,0.8192279414254312,7,7,True,False,False,1,1,103,13,2389,11,3,108,11,2378,0.9400401297814207,0.903744219687917,0.8446538678681506,8,7,True,True,False,0.02453679986338786,0.0002656977078187017,0.02542592644271935,0,1,0,0.9987452440702663,23.98606514930725
843,mc_0843,5.0,1.0,6.223467905268155,20261668,17.015217647302862,17.015217647302862,0.0,True,99,2412,15,7,109,72,2340,0,0,109,0,2340,0.8646978371360576,0.9101120871035745,0.7836106196810972,7,6,True,False,False,1,1,100,15,2397,13,6,109,29,2368,0.882692201890156,0.9066043831846864,0.7992977794382161,8,6,True,True,False,0.017994364754098324,-0.0035077039188881054,0.015687159757118874,0,1,0,0.9984619120861329,24.51637101173401
844,mc_0844,5.0,1.0,1.1834571761491806,20261669,17.043204459850088,17.043204459850088,0.0,True,101,2389,11,5,106,46,2343,0,0,106,0,2343,0.8552138078592093,0.9221812133617857,0.7824868175741877,6,6,True,False,False,1,1,102,4,2385,11,5,109,30,2355,0.8732401910559306,0.9280733475433935,0.8013284285264558,7,6,True,True,False,0.01802638319672134,0.005892134181607833,0.018841610952268106,0,1,0,0.9985428640815996,25.003684043884277
845,mc_0845,5.0,1.0,2.966732682443894,20261670,17.04193096544586,17.04193096544586,0.0,True,98,2387,11,4,105,35,2352,0,0,105,0,2352,0.9166214641594342,0.8929812844291627,0.8141186069442903,7,7,True,False,False,1,1,99,9,2378,11,4,105,22,2356,0.9291193295965927,0.9005851780384911,0.8305737123393622,8,7,True,True,False,0.012497865437158473,0.007603893609328449,0.01645510539507189,0,1,0,0.998947624058933,26.308400869369507
846,mc_0846,5.0,1.0,1.7254689239161245,20261671,17.033237458955394,17.033237458955394,0.0,True,101,2411,9,3,104,51,2360,1,0,104,0,2360,0.9226647882513661,0.8703196292755043,0.8025837368338011,7,7,True,False,False,2,1,102,16,2395,7,1,103,2,2393,0.9972997780054644,0.8728047626731257,0.8702507858451345,8,8,True,True,True,0.07463498975409832,0.002485133397621353,0.06766704901133336,1,1,1,0.9980976281065328,25.845776796340942
847,mc_0847,5.0,1.0,0.9249912803246721,20261672,17.048388529750305,17.048388529750305,0.0,True,101,2420,11,5,108,81,2339,2,0,108,0,2339,0.9213627049180328,0.9200212110663555,0.8427376518798939,7,7,True,False,False,3,1,102,17,2403,10,4,108,42,2361,0.9407552083333333,0.9183550371080216,0.8599950350761207,8,7,True,True,False,0.01939250341530041,-0.0016661739583339052,0.017257383196226828,0,1,0,0.9984619120861329,26.901087045669556
848,mc_0848,5.0,1.0,3.30269169729121,20261673,17.040104933363203,17.040104933363203,0.0,True,102,2405,10,3,107,39,2366,0,0,107,0,2366,0.8854536788113501,0.927597367644373,0.8197363678207377,7,6,True,False,False,1,1,103,17,2388,9,2,106,16,2372,0.9545921692485085,0.932375215431682,0.8880672976924787,8,7,True,True,True,0.06913849043715847,0.004777847787309053,0.06833092987174105,1,1,1,0.9983809600906662,27.00171709060669
849,mc_0849,5.0,1.0,2.5545836613783894,20261674,17.033237458955394,17.033237458955394,0.0,True,101,2438,9,3,104,97,2341,0,0,104,0,2341,0.9226647882513661,0.9101689041871412,0.8354309788641063,7,7,True,False,False,1,1,102,37,2401,9,3,107,18,2383,0.94140625,0.8955253331580207,0.8433662422489299,8,7,True,True,False,0.018741461748633892,-0.014643571029120506,0.007935263384823532,0,1,0,0.9978952481178661,26.34858202934265
850,mc_0850,5.0,1.0,1.8220318327664535,20261675,17.04193096544586,17.04193096544586,0.0,True,100,2430,13,6,108,101,2329,1,0,108,0,2329,0.8913080601092896,0.8672319118028864,0.7617794407766448,7,6,True,False,False,2,1,102,32,2398,10,3,107,17,2381,0.9387380464480874,0.8598150057765441,0.8045126059563754,8,7,True,True,False,0.0474299863387978,-0.007416906026342263,0.04273316517973058,1,1,0,0.9975714401359993,26.397053956985474
851,mc_0851,5.0,1.0,3.2074777128642786,20261676,17.023194609192984,17.023194609192984,0.0,True,101,2453,11,4,105,88,2365,0,0,105,0,2365,0.9259199965846995,0.9236365097778141,0.85618358115027,7,7,True,False,False,1,1,102,30,2423,9,2,104,29,2394,0.9993489583333333,0.9221374085629002,0.9216184996300594,8,8,True,True,True,0.07342896174863378,-0.0014991012149139227,0.06543491847978933,1,1,1,0.9983404840929329,24.71359419822693
852,mc_0852,5.0,1.0,2.573516055999164,20261677,17.040104933363203,17.040104933363203,0.0,True,101,2429,11,3,107,35,2394,1,0,107,0,2394,0.9269232411202186,0.8621762340998746,0.8070810398726529,7,7,True,False,False,2,1,102,39,2390,10,3,106,18,2372,0.9400401297814207,0.8825457755681017,0.834470833458049,8,7,True,True,False,0.013116888661202086,0.020369541468227004,0.02738979358539606,0,1,0,0.997409536145066,24.076181888580322
853,mc_0853,5.0,1.0,4.222262947917891,20261678,17.038393596540367,17.038393596540367,0.0,True,99,2429,10,2,102,41,2388,0,0,102,0,2388,0.9301784494535519,0.8038300459928871,0.7406650802260057,7,6,True,False,False,1,1,100,20,2409,10,3,105,27,2382,0.9407231898907104,0.809573886719076,0.7575015897476047,8,6,True,True,False,0.010544740437158473,0.005743840726188942,0.016836509521598986,0,1,0,0.9983809600906662,19.800349950790405
854,mc_0854,5.0,1.0,4.644540282820602,20261679,17.033237458955394,17.033237458955394,0.0,True,102,2423,13,4,110,59,2364,0,0,110,0,2364,0.8821984704780168,0.8813145995302353,0.7742152242087458,7,6,True,False,False,1,1,103,13,2410,13,4,110,39,2371,0.8953153591392189,0.8908663504303935,0.791157792051073,8,6,True,True,False,0.013116888661202086,0.009551750900158251,0.016942567842327172,0,1,0,0.9987452440702663,22.3456928730011
855,mc_0855,5.0,1.0,4.497706164014896,20261680,17.018295368341942,17.018295368341942,0.0,True,100,2415,8,2,103,12,2403,3,1,104,32,2371,0.9532260490299294,0.9195233897583838,0.8768139718503303,8,7,True,True,True,2,1,101,32,2383,10,4,108,39,2344,0.893330215696596,0.9244159865382364,0.8320627093597318,8,6,True,True,False,-0.05989583333333337,0.004892596779852654,-0.044751262490598465,-1,0,-1,0.9989071480611997,22.182416915893555
856,mc_0856,5.0,1.0,1.3732786095366176,20261681,17.018295368341942,17.018295368341942,0.0,True,100,2442,10,2,103,51,2391,0,0,103,0,2391,0.9301784494535519,0.8679771973075274,0.8071459758125195,7,7,True,False,False,1,1,101,27,2415,11,3,106,14,2401,0.9420572916666667,0.8673692466995768,0.8157532557085858,8,7,True,True,False,0.01187884221311486,-0.0006079506079506025,0.008607279896066355,0,1,0,0.9983809600906662,22.07562804222107
857,mc_0857,5.0,1.0,1.9385848400452983,20261682,17.040104933363203,17.040104933363203,0.0,True,101,2454,14,5,108,97,2357,0,0,108,0,2357,0.9106376500934714,0.9008489587454366,0.8222917277876453,7,7,True,False,False,1,1,102,49,2405,10,2,104,14,2391,0.9905770285087719,0.907170040512189,0.8984596570805745,8,8,True,True,True,0.07993937841530052,0.00632108176675239,0.07616792929292926,1,1,1,0.9972476321541326,26.634930849075317
858,mc_0858,5.0,1.0,0.38178110084798805,20261683,17.033237458955394,17.033237458955394,0.0,True,101,2443,10,4,108,66,2377,1,0,108,0,2377,0.8738498185172324,0.9083660929523052,0.7956658466869755,7,6,True,False,False,2,1,102,37,2406,11,5,110,32,2374,0.8837114988451014,0.9061084943507336,0.8042657589567035,8,6,True,True,False,0.009861680327868938,-0.0022575986015715976,0.008599912269728005,0,1,0,0.9976928681291994,27.214066743850708
859,mc_0859,5.0,1.0,3.504567146792809,20261684,17.027820392426293,17.027820392426293,0.0,True,102,2448,12,5,109,104,2344,0,0,109,0,2344,0.8956375997957087,0.9188810868514868,0.82898054945773,7,6,True,False,False,1,1,103,30,2418,10,4,109,45,2373,0.9150301032110092,0.9172351953601954,0.8458368902754496,8,6,True,True,False,0.01939250341530052,-0.0016458914912914624,0.016856340817719584,0,1,0,0.9980166761110661,27.34756112098694
860,mc_0860,5.0,1.0,5.1174264428971314,20261685,17.04193096544586,17.04193096544586,0.0,True,101,2408,13,5,110,69,2339,1,0,110,0,2339,0.8821984704780168,0.9242404834590755,0.8064389539370922,7,6,True,False,False,2,1,102,2,2406,13,5,110,50,2356,0.8966814793577982,0.9242404834590755,0.8209219628168737,8,6,True,True,False,0.014483008879781378,0.0,0.01448300887978149,0,1,0,0.9992309560430664,27.592388153076172
861,mc_0861,5.0,1.0,5.548026627019893,20261686,16.99772181277609,16.99772181277609,0.0,True,98,2457,15,7,109,115,2342,1,0,109,0,2342,0.8790531581485053,0.8834052324840103,0.7624583906325156,7,6,True,False,False,2,1,99,42,2415,10,4,106,14,2401,0.9278492647058824,0.8521006858960294,0.7850525687646713,8,7,True,True,False,0.048796106557377095,-0.031304546587980875,0.022594178132155696,1,1,0,0.9969643001699992,27.091372966766357
862,mc_0862,5.0,1.0,5.738412375807971,20261687,17.048388529750305,17.048388529750305,0.0,True,101,2411,11,4,108,38,2373,0,0,108,0,2373,0.9269232411202186,0.9141493892579228,0.8424896839891429,7,7,True,False,False,1,1,102,7,2404,9,2,104,9,2395,0.9973317964480874,0.9132440588309796,0.9107223923059821,8,8,True,True,True,0.07040855532786883,-0.000905330426943185,0.06823270831683914,1,1,1,0.9986238160770663,26.965429067611694
863,mc_0863,5.0,1.0,4.2488017672680725,20261688,17.027820392426293,17.027820392426293,0.0,True,101,2421,10,4,107,54,2367,2,0,107,0,2367,0.9187585382513661,0.8865865553945191,0.8069070306868882,7,7,True,False,False,3,1,102,17,2404,9,3,107,10,2394,0.94140625,0.8874480330161426,0.8314040769721865,8,7,True,True,False,0.022647711748633892,0.0008614776216234743,0.024497046285298363,0,1,0,0.9985833400793329,27.148964166641235
864,mc_0864,5.0,1.0,3.0600259555234963,20261689,17.00923872699247,17.00923872699247,0.0,True,100,2436,10,4,106,48,2388,1,0,106,0,2388,0.8786230777184539,0.8523753010859978,0.7480647833611427,7,6,True,False,False,2,1,101,17,2419,10,4,109,28,2391,0.8926151371446834,0.8607035866336266,0.7649476180600011,8,6,True,True,False,0.013992059426229497,0.008328285547628766,0.01688283469885843,0,1,0,0.9987452440702663,27.125948905944824
865,mc_0865,5.0,1.0,0.938151752795487,20261690,17.053643759695195,17.053643759695195,0.0,True,102,2389,11,4,108,36,2353,0,0,108,0,2353,0.9194095799180328,0.890706457848397,0.8114068942675619,7,7,True,False,False,1,1,103,3,2386,10,3,108,7,2379,0.9406911714480874,0.8922171806527244,0.8329232420279433,8,7,True,True,False,0.0212815915300546,0.0015107228043274024,0.02151634776038147,0,1,0,0.998704768072533,28.17873215675354
866,mc_0866,5.0,1.0,1.4623317030336371,20261691,17.023194609192984,17.023194609192984,0.0,True,101,2469,13,6,110,91,2378,0,0,110,0,2378,0.8761421869516719,0.8580638442565841,0.7478583852274103,7,6,True,False,False,1,1,102,25,2444,12,5,110,37,2407,0.8948836487003058,0.8593919747463545,0.7600644780204552,8,6,True,True,False,0.018741461748633892,0.0013281304897704294,0.012206092793044854,0,1,0,0.9985023880838663,28.822925090789795
867,mc_0867,5.0,1.0,3.558386297671144,20261692,17.048388529750305,17.048388529750305,0.0,True,102,2418,14,3,108,25,2393,0,0,108,0,2393,0.9269232411202186,0.8751014691719985,0.8020247102922171,7,7,True,False,False,1,1,103,5,2413,14,3,108,7,2406,0.9386419911202186,0.8751014691719985,0.8137434602922171,8,7,True,True,False,0.01171875,0.0,0.01171875,0,1,0,0.999069052052133,27.96021795272827
868,mc_0868,5.0,1.0,2.870780188550111,20261693,17.023194609192984,17.023194609192984,0.0,True,100,2425,9,2,102,16,2409,1,1,103,24,2385,0.9993489583333333,0.9214357092090457,0.920916800276205,8,8,True,True,True,1,1,101,24,2401,11,4,107,27,2374,0.9401041666666667,0.9167078954859049,0.8696789010884894,8,7,True,True,False,-0.05924479166666652,-0.004727813723140795,-0.051237899187715596,-1,0,-1,0.9995547640249333,27.2364399433136
869,mc_0869,5.0,1.0,5.244165714338943,20261694,17.027820392426293,17.027820392426293,0.0,True,102,2402,10,4,109,44,2358,0,0,109,0,2358,0.9199965846994536,0.9343132087019363,0.86243479340139,7,7,True,False,False,1,1,103,21,2381,7,1,104,2,2379,0.9967127732240437,0.935600738092423,0.9325266916994508,8,8,True,True,True,0.07671618852459017,0.001287529390486597,0.07009189829806084,1,1,1,0.9982595320974662,26.881195068359375
870,mc_0870,5.0,1.0,4.208786158910255,20261695,17.04193096544586,17.04193096544586,0.0,True,100,2455,11,4,106,72,2383,0,0,106,0,2383,0.9187585382513661,0.8705359463483916,0.7905512582330203,7,7,True,False,False,1,1,101,31,2424,8,1,102,2,2422,0.9966807547814207,0.8654646128179362,0.8624785174610095,8,8,True,True,True,0.0779222165300546,-0.005071333530455413,0.07192725922798915,1,1,1,0.9976119161337327,25.699919939041138
871,mc_0871,5.0,1.0,5.019418013103898,20261696,17.00923872699247,17.00923872699247,0.0,True,100,2434,12,4,108,71,2363,0,0,108,0,2363,0.9259520150273224,0.9300796401490896,0.8783457118234804,7,7,True,False,False,1,1,101,40,2394,10,3,106,28,2366,0.9373078893442623,0.9236135947432362,0.8814318702239019,8,7,True,True,False,0.011355874316939962,-0.006466045405853382,0.0030861584004214793,0,1,0,0.9983404840929329,26.51112985610962
872,mc_0872,5.0,1.0,0.5373482653857193,20261697,17.048388529750305,17.048388529750305,0.0,True,101,2397,10,3,106,30,2367,1,0,106,0,2367,0.9226647882513661,0.9225637623025683,0.8462985823679753,7,7,True,False,False,2,1,102,16,2381,10,3,108,10,2371,0.9400081113387978,0.9170212744487597,0.8596438807656654,8,7,True,True,False,0.017343323087431695,-0.00554248785380862,0.013345298397690164,0,1,0,0.9990285760543998,25.877103090286255
873,mc_0873,5.0,1.0,1.801274922903719,20261698,17.044626788618505,17.044626788618505,0.0,True,99,2419,16,8,111,116,2303,2,0,111,0,2303,0.810445140559984,0.8853555836812884,0.6980644211328687,6,5,True,False,False,3,1,100,11,2408,11,3,104,37,2371,0.9533221043577982,0.8761361222273709,0.829537739446013,8,7,True,True,True,0.14287696379781423,-0.009219461453917499,0.13147331831314424,2,1,1,0.9968428721767991,25.51694893836975
874,mc_0874,5.0,1.0,4.533792314218171,20261699,16.818424617458945,16.818424617458945,0.0,True,96,2321,7,2,100,36,2285,0,0,100,0,2285,0.9254979877418401,0.8615096900005985,0.7953849468363816,7,7,True,False,False,1,1,97,20,2301,8,3,101,20,2281,0.9367257882882882,0.8668385616183303,0.8037421592949542,8,7,True,True,False,0.011227800546448119,0.005328871617731767,0.008357212458572572,0,1,0,0.9984619120861329,23.39585518836975
875,mc_0875,5.0,1.0,4.559774122628557,20261700,16.7053807089791,16.7053807089791,0.0,True,94,2285,11,5,100,41,2244,1,0,100,0,2244,0.9125920441143892,0.9388472862263184,0.851513790046315,7,7,True,False,False,2,1,95,4,2281,12,6,102,32,2249,0.9250899095515477,0.9395531150059178,0.8646504491238707,8,7,True,True,False,0.012497865437158473,0.000705828779599349,0.013136659077555679,0,1,0,0.9987452440702663,23.62131905555725
876,mc_0876,5.0,1.0,5.672397149176296,20261701,17.027820392426293,17.027820392426293,0.0,True,101,2399,14,6,110,58,2341,1,0,110,0,2341,0.8735380202850053,0.8887859624945583,0.7625700723068638,7,6,True,False,False,2,1,102,8,2391,13,5,110,25,2366,0.8955026719243495,0.8895821923260971,0.7850922888168519,8,6,True,True,False,0.021964651639344246,0.0007962298315388194,0.02252221650998809,0,1,0,0.9985833400793329,25.89964199066162
877,mc_0877,5.0,1.0,4.232259564001164,20261702,17.040104933363203,17.040104933363203,0.0,True,101,2425,11,5,109,58,2367,0,0,109,0,2367,0.9213627049180328,0.9166591512782224,0.8447484228890012,7,7,True,False,False,1,1,102,19,2406,10,4,107,24,2382,0.9381190232240437,0.9052319122010661,0.8511308872987433,8,7,True,True,False,0.016756318306010876,-0.01142723907715626,0.006382464409742106,0,1,0,0.9980976281065328,24.03256583213806
878,mc_0878,5.0,1.0,4.321074103283927,20261703,17.040104933363203,17.040104933363203,0.0,True,99,2410,11,4,104,51,2359,0,0,104,0,2359,0.9202138078592093,0.8955208028746451,0.8239049289045092,7,7,True,False,False,1,1,100,22,2388,10,4,107,18,2370,0.933586844061395,0.9025963326984116,0.8421737258567688,8,7,True,True,False,0.013373036202185773,0.007075529823766469,0.01826879695225958,0,1,0,0.9980166761110661,22.655334949493408
879,mc_0879,5.0,1.0,4.106544856637946,20261704,17.034607659265447,17.034607659265447,0.0,True,98,2464,11,5,106,73,2391,1,0,106,0,2391,0.9187585382513661,0.831507032530709,0.7524857298607048,7,7,True,False,False,2,1,99,23,2441,8,2,102,17,2424,0.9986338797814207,0.832320397537939,0.8310536002255089,8,8,True,True,True,0.0798753415300546,0.0008133650072299492,0.07856787036480406,1,1,1,0.9977738201246661,22.10117793083191
880,mc_0880,5.0,1.0,6.243571955382775,20261705,17.065018792500013,17.065018792500013,0.0,True,103,2370,8,1,104,2,2368,1,0,104,0,2368,1.0,0.9504328952871914,0.9504328952871914,8,8,True,True,True,1,0,103,0,2370,8,1,104,2,2368,1.0,0.9504328952871914,0.9504328952871914,8,8,True,True,True,0.0,0.0,0.0,0,0,0,1.0,20.929731130599976
881,mc_0881,5.0,1.0,5.915868149099465,20261706,17.018295368341942,17.018295368341942,0.0,True,98,2392,14,7,107,70,2322,0,0,107,0,2322,0.9187585382513661,0.9545653108936808,0.8741499675784963,7,7,True,False,False,1,1,99,10,2382,11,4,103,18,2364,0.9993169398907104,0.9500076698983639,0.949367401970862,8,8,True,True,True,0.08055840163934425,-0.004557640995316858,0.07521743439236572,1,1,1,0.9983000080951996,20.529732942581177
882,mc_0882,5.0,1.0,2.209991071184239,20261707,17.04193096544586,17.04193096544586,0.0,True,100,2446,11,5,105,86,2360,0,0,105,0,2360,0.9159628887415623,0.9270865313759659,0.8632675793236139,7,7,True,False,False,1,1,101,45,2401,11,5,108,31,2370,0.9326871886049501,0.9379717450678038,0.8787082921874172,8,7,True,True,False,0.01672429986338786,0.010885213691837925,0.01544071286380333,0,1,0,0.9984619120861329,20.511960744857788
883,mc_0883,5.0,1.0,1.3245012803722487,20261708,17.00923872699247,17.00923872699247,0.0,True,100,2395,10,4,106,53,2342,0,0,106,0,2342,0.9213627049180328,0.9145840555573954,0.8414591768953652,7,7,True,False,False,1,1,101,16,2379,9,3,106,11,2368,0.9407231898907104,0.9147245484843705,0.8588454343117864,8,7,True,True,False,0.019360484972677505,0.00014049292697504434,0.01738625741642119,0,1,0,0.998704768072533,20.52180314064026
884,mc_0884,5.0,1.0,4.8036817275084225,20261709,17.00923872699247,17.00923872699247,0.0,True,99,2422,13,5,104,88,2334,1,0,104,0,2334,0.9164970250934714,0.9419476578386152,0.8680398338295703,7,7,True,False,False,2,1,100,15,2407,13,4,104,75,2332,0.9345234082901926,0.9494492661466751,0.885446741562087,8,7,True,True,False,0.01802638319672123,0.007501608308059904,0.01740690773251674,0,1,0,0.998704768072533,19.86104393005371
885,mc_0885,5.0,1.0,1.8947509070109152,20261710,17.053643759695195,17.053643759695195,0.0,True,101,2395,12,5,108,65,2330,0,0,108,0,2330,0.8907398551473906,0.8824882106847787,0.7777922025691673,7,6,True,False,False,1,1,102,12,2383,11,4,108,19,2364,0.9120534651200682,0.8757963388531844,0.7971109090658066,8,6,True,True,False,0.021313609972677616,-0.006691871831594254,0.01931870649663936,0,1,0,0.9983000080951996,20.71658182144165
886,mc_0886,5.0,1.0,0.597635079481787,20261711,17.027820392426293,17.027820392426293,0.0,True,101,2434,10,4,108,67,2367,1,0,108,0,2367,0.9213627049180328,0.8899059572787218,0.8145081310612234,7,7,True,False,False,2,1,102,29,2405,9,3,107,15,2390,0.941374231557377,0.8815448739176384,0.8247144238212452,8,7,True,True,False,0.020011526639344135,-0.008361083361083432,0.010206292760021718,0,1,0,0.9985023880838663,20.686191082000732
887,mc_0887,5.0,1.0,4.574111547170802,20261712,17.04193096544586,17.04193096544586,0.0,True,103,2425,8,2,105,4,2421,0,0,105,0,2421,0.9854651162790697,0.8714187108655378,0.8568838271446075,8,8,True,True,True,0,0,103,0,2425,8,2,105,4,2421,0.9854651162790697,0.8714187108655378,0.8568838271446075,8,8,True,True,True,0.0,0.0,0.0,0,0,0,1.0,19.85770082473755
888,mc_0888,5.0,1.0,0.3714847194655312,20261713,17.048388529750305,17.048388529750305,0.0,True,101,2411,11,3,107,28,2383,0,0,107,0,2383,0.9269232411202186,0.8644652992483933,0.7986282558766176,7,7,True,False,False,1,1,103,20,2391,9,1,104,2,2389,0.9940765881147541,0.8805704951015496,0.874923584012288,8,8,True,True,True,0.06715334699453546,0.016105195853156284,0.07629532813567041,1,1,1,0.9983000080951996,20.06401491165161
889,mc_0889,5.0,1.0,4.321078330266429,20261714,17.033237458955394,17.033237458955394,0.0,True,102,2406,13,5,110,59,2347,0,0,110,0,2347,0.8740337676091643,0.911232443436533,0.796767166001507,7,6,True,False,False,1,1,103,24,2382,12,4,110,23,2359,0.8940132758058856,0.9237919637882807,0.8229936678716656,8,6,True,True,False,0.01997950819672134,0.012559520351747677,0.026226501870158625,0,1,0,0.9983809600906662,20.917508125305176
890,mc_0890,5.0,1.0,1.6200446834717288,20261715,17.034607659265447,17.034607659265447,0.0,True,101,2470,10,3,106,65,2405,0,0,106,0,2405,0.9226647882513661,0.8692183540675175,0.7988426741921676,7,7,True,False,False,1,1,102,49,2421,10,3,107,16,2405,0.9400401297814207,0.8581038993641452,0.8062055002414472,8,7,True,True,False,0.0173753415300546,-0.011114454703372245,0.007362826049279625,0,1,0,0.9971666801586659,20.32242512702942
891,mc_0891,5.0,1.0,1.519649468042451,20261716,17.048388529750305,17.048388529750305,0.0,True,102,2410,12,4,109,46,2364,0,0,109,0,2364,0.9213627049180328,0.9095927260861081,0.8337424897645066,7,7,True,False,False,1,1,103,17,2393,11,3,108,15,2378,0.9400401297814207,0.9094996272701034,0.8505218983421204,8,7,True,True,False,0.01867742486338786,-9.309881600472192e-05,0.01677940857761384,0,1,0,0.9990285760543998,20.607431888580322
892,mc_0892,5.0,1.0,2.9834477987851993,20261717,17.038393596540367,17.038393596540367,0.0,True,100,2430,10,5,105,61,2369,0,0,105,0,2369,0.9100786727240742,0.9008080157627828,0.8178313596321618,7,7,True,False,False,1,1,101,14,2416,10,5,108,26,2390,0.9274860326967518,0.9069967736105795,0.8371647789624085,8,7,True,True,False,0.017407359972677616,0.006188757847796711,0.01933341933024668,0,1,0,0.9985023880838663,20.41103720664978
893,mc_0893,5.0,1.0,5.3251562237905965,20261718,17.033237458955394,17.033237458955394,0.0,True,102,2450,9,2,105,64,2386,0,0,105,0,2386,0.9301784494535519,0.8691322964864869,0.8116220371837254,7,7,True,False,False,1,1,103,37,2413,10,3,108,23,2390,0.9407231898907104,0.8710300496569718,0.8182877151443329,8,7,True,True,False,0.010544740437158473,0.001897753170484906,0.006665677960607463,0,1,0,0.997409536145066,20.201323986053467
894,mc_0894,5.0,1.0,2.4210550237302186,20261719,17.027820392426293,17.027820392426293,0.0,True,100,2448,12,6,108,108,2340,0,0,108,0,2340,0.8750426912568305,0.8776143624139547,0.7526570536707854,7,6,True,False,False,1,1,101,13,2435,7,1,102,2,2433,1.0,0.8572433935135741,0.8572433935135741,8,8,True,True,True,0.12495730874316946,-0.020370968900380593,0.10458633984278876,2,1,1,0.9960738282198656,20.562992811203003
895,mc_0895,5.0,1.0,0.20875642104305825,20261720,17.01452031305547,17.01452031305547,0.0,True,99,2448,12,4,104,86,2362,0,0,104,0,2362,0.9206156079234973,0.8859310773572904,0.8096775010376115,7,7,True,False,False,1,1,100,35,2413,11,4,106,29,2384,0.9407552083333333,0.8655766914963277,0.808081195549976,8,7,True,True,False,0.020139600409835978,-0.02035438586096272,-0.001596305487635452,0,1,0,0.997409536145066,20.241235971450806
896,mc_0896,5.0,1.0,4.337690606926362,20261721,17.027820392426293,17.027820392426293,0.0,True,98,2414,13,6,109,67,2347,0,0,109,0,2347,0.8735380202850053,0.8759137721607202,0.7608888777066856,7,6,True,False,False,1,1,100,46,2368,11,5,108,26,2342,0.89286648681506,0.88402612774648,0.7851325952834707,8,6,True,True,False,0.01932846653005471,0.008112355585759845,0.024243717576785118,0,1,0,0.9978547721201327,20.738150119781494
897,mc_0897,5.0,1.0,4.121822211436749,20261722,17.040104933363203,17.040104933363203,0.0,True,102,2440,13,4,108,50,2390,1,0,108,0,2390,0.9187585382513661,0.862259712937934,0.7818443696227495,7,7,True,False,False,2,1,103,12,2428,12,3,108,8,2420,0.94140625,0.8610432232072456,0.8049992671632895,8,7,True,True,False,0.022647711748633892,-0.0012164897306884415,0.02315489754054001,0,1,0,0.9985428640815996,20.97661805152893
898,mc_0898,5.0,1.0,1.0655775423895404,20261723,17.015217647302862,17.015217647302862,0.0,True,98,2453,12,5,109,74,2379,0,0,109,0,2379,0.9220137465846995,0.8968562376446374,0.8360832341583189,7,7,True,False,False,1,1,100,64,2389,10,4,106,15,2374,0.9407231898907104,0.8850777004592831,0.8390697985438469,8,7,True,True,False,0.018709443306010876,-0.011778537185354265,0.0029865643855280233,0,1,0,0.9976119161337327,20.64894723892212
899,mc_0899,5.0,1.0,4.700942637247734,20261724,17.023194609192984,17.023194609192984,0.0,True,100,2485,9,3,104,71,2414,0,0,104,0,2414,0.9226647882513661,0.8204929812784452,0.749194701347993,7,7,True,False,False,1,1,101,35,2450,8,3,106,16,2434,0.94140625,0.8080599576756236,0.7587178524124657,8,7,True,True,False,0.018741461748633892,-0.012433023602821613,0.009523151064472657,0,1,0,0.9982190560997328,20.2288498878479
900,mc_0900,5.0,1.0,3.174020177543431,20261725,17.01819455299356,17.01819455299356,0.0,True,100,2456,13,6,108,106,2350,0,0,108,0,2350,0.8805071721311475,0.8591338331555722,0.7396410052867198,7,6,True,False,False,1,1,101,29,2427,10,3,106,8,2419,0.94140625,0.8410560589635111,0.7881539336580848,8,7,True,True,False,0.060899077868852514,-0.018077774192061136,0.048512928371365005,1,1,0,0.9970452521654659,20.418477058410645
901,mc_0901,5.0,1.0,0.8602336598299725,20261726,17.048388529750305,17.048388529750305,0.0,True,102,2384,10,4,109,39,2345,2,0,109,0,2345,0.9002066413495764,0.9361116196188852,0.8427771284894433,7,6,True,False,False,3,1,103,9,2375,10,4,109,17,2358,0.9133875668960245,0.9381957554928588,0.8571790686390736,8,6,True,True,False,0.013180925546448119,0.0020841358739736027,0.014401940149630255,0,1,0,0.9989881000566664,20.848971843719482
902,mc_0902,5.0,1.0,3.0447901750156086,20261727,16.838349502017444,16.838349502017444,0.0,True,97,2355,12,3,100,55,2300,0,0,100,0,2300,0.9179843265396543,0.8686054439976906,0.793349768964344,7,7,True,False,False,1,1,98,26,2329,11,3,102,18,2311,0.937312793069709,0.8724241185106059,0.8134958566433124,8,7,True,True,False,0.01932846653005471,0.0038186745129152877,0.020146087678968416,0,1,0,0.9978547721201327,19.619555711746216
903,mc_0903,5.0,1.0,5.142477624420916,20261728,17.027820392426293,17.027820392426293,0.0,True,102,2422,10,4,108,69,2353,1,0,108,0,2353,0.9174564549180328,0.9511809541294889,0.8722278596508399,7,7,True,False,False,2,1,103,35,2387,9,3,108,21,2366,0.9393250512295082,0.9442414342503909,0.8893071687444912,8,7,True,True,False,0.021868596311475308,-0.006939519879098022,0.017079309093651296,0,1,0,0.9977738201246661,22.238598108291626
904,mc_0904,5.0,1.0,5.704851563497881,20261729,16.832616083945528,16.832616083945528,0.0,True,96,2313,9,3,100,40,2273,2,0,100,0,2273,0.9205884932063211,0.9218504746448295,0.8543495408109241,7,7,True,False,False,3,1,99,18,2295,9,3,103,12,2283,0.9263091216216216,0.9221666124773286,0.857054121836031,7,7,True,False,False,0.005720628415300522,0.0003161378324990638,0.0027045810251069557,0,0,0,0.9987857200679997,21.14842128753662
905,mc_0905,5.0,1.0,2.7079489928331815,20261730,17.038393596540367,17.038393596540367,0.0,True,99,2427,15,7,110,93,2334,2,0,110,0,2334,0.874684809275831,0.9216814949781199,0.7979282412949538,7,6,True,False,False,3,1,100,13,2414,12,4,106,52,2362,0.9525750073632626,0.9236758229375439,0.876374069086058,8,7,True,True,True,0.07789019808743158,0.0019943279594240026,0.0784458277911042,1,1,1,0.9979762001133328,23.367004871368408
906,mc_0906,5.0,1.0,3.6502382626751957,20261731,17.027820392426293,17.027820392426293,0.0,True,101,2410,12,5,108,68,2342,1,0,108,0,2342,0.8958227584348524,0.9169034504185302,0.8143389715980961,7,7,True,False,False,2,1,102,13,2397,9,2,104,11,2386,0.9770642201834863,0.9119565962021663,0.889481848727419,8,8,True,True,True,0.08124146174863389,-0.004946854216363872,0.07514287712932288,1,1,1,0.9981381041042662,22.98238706588745
907,mc_0907,5.0,1.0,2.145876514282696,20261732,17.018295368341942,17.018295368341942,0.0,True,99,2429,11,4,104,46,2383,0,0,104,0,2383,0.9328146345628415,0.8918040107916207,0.8256941200629843,7,7,True,False,False,1,1,100,33,2396,12,5,106,23,2373,0.9407231898907104,0.8886717916326372,0.8303140317663429,8,7,True,True,False,0.007908555327868827,-0.00313221915898354,0.004619911703358626,0,1,0,0.998704768072533,21.698116779327393
908,mc_0908,5.0,1.0,1.1723121201776074,20261733,17.040104933363203,17.040104933363203,0.0,True,97,2424,14,7,107,104,2320,1,0,107,0,2320,0.8779400176091643,0.9569058556153698,0.8361619945658751,7,6,True,False,False,2,1,98,19,2405,14,7,110,63,2342,0.8953793960244649,0.9436921179955235,0.8486347143001005,8,6,True,True,False,0.017439378415300633,-0.013213737619846233,0.012472719734225368,0,1,0,0.9979762001133328,21.489600896835327
909,mc_0909,5.0,1.0,4.353660094052881,20261734,17.034607659265447,17.034607659265447,0.0,True,97,2412,13,7,108,90,2322,0,0,108,0,2322,0.8907398551473906,0.9301758679860012,0.8338810167993667,7,6,True,False,False,1,1,98,16,2396,12,6,108,51,2345,0.9093852615681556,0.929478204482398,0.8538904138883631,8,6,True,True,False,0.018645406420764954,-0.0006976635036031187,0.020009397088996406,0,1,0,0.9985023880838663,20.84905481338501
910,mc_0910,5.0,1.0,4.72875276379953,20261735,17.04193096544586,17.04193096544586,0.0,True,101,2427,10,4,108,57,2370,1,0,108,0,2370,0.9269232411202186,0.8856220206850615,0.8174150358112375,7,7,True,False,False,2,1,102,22,2405,10,4,108,24,2381,0.939421106557377,0.8898745774928919,0.833624661148725,8,7,True,True,False,0.012497865437158362,0.004252556807830432,0.016209625337487488,0,1,0,0.9987452440702663,20.97781991958618
911,mc_0911,5.0,1.0,3.7354610528892676,20261736,17.027820392426293,17.027820392426293,0.0,True,100,2420,11,2,103,26,2394,0,0,103,0,2394,0.9301784494535519,0.8305946724985133,0.7641201929367265,7,7,True,False,False,1,1,101,15,2405,12,3,105,17,2388,0.9400721482240437,0.8373443218673773,0.7774311988258574,8,7,True,True,False,0.009893698770491843,0.006749649368864019,0.013311005889130922,0,1,0,0.9983000080951996,19.74265480041504
912,mc_0912,5.0,1.0,2.802939526904276,20261737,17.04193096544586,17.04193096544586,0.0,True,99,2422,13,6,107,69,2353,1,0,107,0,2353,0.9092744447828977,0.8827187443663681,0.7958868152233936,7,7,True,False,False,2,1,100,15,2407,12,5,107,29,2378,0.9312711148648649,0.8846642860186189,0.8207221541625445,8,7,True,True,False,0.021996670081967262,0.001945541652250804,0.02483533893915091,0,1,0,0.9985833400793329,20.7076632976532
913,mc_0913,5.0,1.0,4.104172644151632,20261738,17.027820392426293,17.027820392426293,0.0,True,100,2429,11,3,104,38,2391,0,0,104,0,2391,0.9226647882513661,0.8530116511287267,0.781813201269798,7,7,True,False,False,1,1,101,18,2411,11,3,106,10,2401,0.9407552083333333,0.8526451900056005,0.7991892529127287,8,7,True,True,False,0.01809042008196715,-0.00036646112312621604,0.017376051642930657,0,1,0,0.9990285760543998,20.849534034729004
914,mc_0914,5.0,1.0,2.656636936064828,20261739,17.023194609192984,17.023194609192984,0.0,True,102,2476,8,2,105,54,2422,0,0,105,0,2422,0.9334336577868853,0.8626849645536601,0.8217251641689527,7,7,True,False,False,1,1,103,53,2423,9,3,108,14,2409,0.9420572916666667,0.8839497466773989,0.8330491159027009,8,7,True,True,False,0.00862363387978149,0.021264782123738835,0.011323951733748228,0,1,0,0.9976119161337327,21.18346405029297
915,mc_0915,5.0,1.0,1.0522854545594826,20261740,17.033237458955394,17.033237458955394,0.0,True,99,2446,10,3,103,36,2410,0,0,103,0,2410,0.9301784494535519,0.8341383327697305,0.7705964735248771,7,7,True,False,False,1,1,100,13,2433,9,2,102,13,2420,0.9993169398907104,0.8408466927477423,0.8403079761955283,8,8,True,True,True,0.06913849043715847,0.00670835997801178,0.06971150267065118,1,1,1,0.998704768072533,20.438456058502197
916,mc_0916,5.0,1.0,3.0644843706913005,20261741,17.027820392426293,17.027820392426293,0.0,True,101,2434,11,4,108,34,2400,0,0,108,0,2400,0.9246179132513661,0.8441358109496578,0.799577166540747,7,7,True,False,False,1,1,102,22,2412,11,4,109,24,2388,0.9311283299180328,0.864452153449099,0.8112243729481579,8,7,True,True,False,0.006510416666666741,0.020316342499441142,0.011647206407410904,0,1,0,0.9986238160770663,20.84764814376831
917,mc_0917,5.0,1.0,5.251871737176688,20261742,17.018295368341942,17.018295368341942,0.0,True,100,2414,10,4,106,60,2354,0,0,106,0,2354,0.9194095799180328,0.888366116612167,0.813146360567914,7,7,True,False,False,1,1,101,25,2389,7,1,102,2,2387,0.9986979166666667,0.8884352193342882,0.8874713981383382,8,8,True,True,True,0.07928833674863389,6.910272212112822e-05,0.07432503757042419,1,1,1,0.997530964138266,21.798211812973022
918,mc_0918,5.0,1.0,2.2865245835936494,20261743,17.040104933363203,17.040104933363203,0.0,True,99,2432,14,6,107,80,2352,1,0,107,0,2352,0.9194095799180328,0.9118504564035923,0.833888638065782,7,7,True,False,False,1,1,100,29,2403,12,5,107,17,2386,0.9401041666666667,0.9037032633163651,0.8533706302631439,8,7,True,True,False,0.020694586748633892,-0.008147193087227222,0.019481992197361908,0,1,0,0.9981381041042662,22.194284915924072
919,mc_0919,5.0,1.0,1.8151566951557103,20261744,17.018295368341942,17.018295368341942,0.0,True,98,2435,13,6,107,72,2363,0,0,107,0,2363,0.9193135245901639,0.9206585293727454,0.8628528010893461,7,7,True,False,False,1,1,99,30,2405,11,5,106,35,2370,0.9380870047814207,0.9285012824614416,0.879750464190633,8,7,True,True,False,0.018773480191256797,0.007842753088696197,0.01689766310128682,0,1,0,0.9982595320974662,22.53010106086731
920,mc_0920,5.0,1.0,1.9965532002433464,20261745,17.027820392426293,17.027820392426293,0.0,True,101,2458,14,5,108,93,2365,0,0,108,0,2365,0.8767932286183386,0.8829630539124678,0.7623535689564055,7,6,True,False,False,1,1,102,15,2443,14,5,110,51,2392,0.8948836487003058,0.8728102622808432,0.7734827655549439,8,6,True,True,False,0.01809042008196715,-0.010152791631624525,0.011129196598538393,0,1,0,0.9984214360883996,22.602759838104248
921,mc_0921,5.0,1.0,6.014609107940496,20261746,16.823775898177065,16.823775898177065,0.0,True,96,2316,9,2,99,27,2289,0,0,99,0,2289,0.9254979877418401,0.8950047351963997,0.8334532711500293,7,7,True,False,False,1,1,97,19,2297,9,3,101,18,2279,0.937312793069709,0.9086201471482998,0.8502539526600696,8,7,True,True,False,0.011814805327868938,0.01361541195190008,0.016800681510040327,0,1,0,0.9983000080951996,20.936053037643433
922,mc_0922,5.0,1.0,0.5769867176412987,20261747,16.712263388458517,16.712263388458517,0.0,True,96,2337,9,3,101,59,2278,0,0,101,0,2278,0.9213627049180328,0.8900839642113525,0.8237905284041458,7,7,True,False,False,1,1,97,54,2283,9,3,101,24,2259,0.9393890881147541,0.8908538827527682,0.8397619766111192,8,7,True,True,False,0.01802638319672123,0.0007699185414157261,0.015971448206973382,0,1,0,0.997288108151866,21.611625909805298
923,mc_0923,5.0,1.0,4.210635351773471,20261748,17.027820392426293,17.027820392426293,0.0,True,100,2423,10,5,106,64,2359,0,0,106,0,2359,0.9023945179810958,0.9403067237635945,0.8468245998645341,7,7,True,False,False,1,1,101,25,2398,10,5,108,29,2369,0.9211359797297297,0.9309891205630125,0.857057234131126,8,7,True,True,False,0.018741461748633892,-0.009317603200581948,0.010232634266591933,0,1,0,0.9984619120861329,23.233996152877808
924,mc_0924,5.0,1.0,4.925912145668591,20261749,17.04193096544586,17.04193096544586,0.0,True,100,2398,9,3,104,45,2353,1,0,104,0,2353,0.9259199965846995,0.9020089837466443,0.8326092098152692,7,7,True,False,False,2,1,101,25,2373,7,1,102,2,2371,0.9979828381147541,0.8933101421463177,0.8914641892536285,8,8,True,True,True,0.0720628415300546,-0.008698841600326634,0.05885497943835927,1,1,1,0.9983809600906662,22.197951793670654
925,mc_0925,5.0,1.0,3.2849017175879993,20261750,17.027820392426293,17.027820392426293,0.0,True,100,2466,14,5,110,75,2391,0,0,110,0,2391,0.8744926986200933,0.8556539677722022,0.7632397646981239,7,6,True,False,False,1,1,102,42,2424,12,4,109,32,2392,0.8940132758058856,0.8637037096627327,0.7787121155327309,8,6,True,True,False,0.019520577185792365,0.008049741890530537,0.015472350834606963,0,1,0,0.997530964138266,21.700072050094604
926,mc_0926,5.0,1.0,2.070204216590354,20261751,17.038393596540367,17.038393596540367,0.0,True,99,2445,13,6,108,74,2371,1,1,109,2,2369,0.9210638661202186,0.8858636330173586,0.8071091640602606,7,7,True,False,False,2,2,101,12,2433,12,5,108,50,2383,0.9360698428961749,0.8788851606700339,0.8211324214332616,8,7,True,True,False,0.015005976775956276,-0.006978472347324738,0.01402325737300103,0,1,0,0.998704768072533,21.265687942504883
927,mc_0927,5.0,1.0,4.811990587030856,20261752,17.027820392426293,17.027820392426293,0.0,True,101,2447,11,4,107,77,2370,0,0,107,0,2370,0.8831483509424977,0.8895810756545953,0.7943164381771448,8,6,True,True,False,1,1,102,37,2410,12,4,110,26,2384,0.8960304376911314,0.9027380319855147,0.8051751883549119,8,6,True,True,False,0.012882086748633781,0.0131569563309194,0.010858750177767051,0,0,0,0.9974904881405326,21.107494831085205
928,mc_0928,5.0,1.0,4.036161496139327,20261753,17.027820392426293,17.027820392426293,0.0,True,98,2455,15,7,111,107,2348,1,0,111,0,2348,0.8542399167386598,0.9211311480380464,0.8018346311095363,7,6,True,False,False,2,1,99,24,2431,13,6,110,52,2379,0.8763326421484958,0.916731573988243,0.8135493653867714,8,6,True,True,False,0.022092725409835978,-0.004399574049803401,0.011714734277235017,0,1,0,0.9979357241155995,21.3119900226593
929,mc_0929,5.0,1.0,2.02403238085711,20261754,17.048388529750305,17.048388529750305,0.0,True,102,2411,12,4,109,37,2374,0,0,109,0,2374,0.9213627049180328,0.9127090986464784,0.8350082447447083,7,7,True,False,False,1,1,103,16,2395,10,3,108,9,2386,0.939421106557377,0.9112957082423669,0.8516798070723358,8,7,True,True,False,0.018058401639344135,-0.0014133904041114809,0.016671562327627565,0,1,0,0.9990285760543998,21.134806156158447
930,mc_0930,5.0,1.0,1.884281430215555,20261755,17.04193096544586,17.04193096544586,0.0,True,102,2381,9,3,106,33,2348,1,0,106,0,2348,0.9226647882513661,0.9456542413977758,0.8743559614673238,7,7,True,False,False,2,1,103,11,2370,9,3,108,13,2357,0.9406911714480874,0.9457947837258183,0.888288218161418,8,7,True,True,False,0.01802638319672134,0.00014054232804250333,0.013932256694094258,0,1,0,0.9991500040475998,20.9563410282135
931,mc_0931,5.0,1.0,3.0655521929633314,20261756,16.823775898177065,16.823775898177065,0.0,True,96,2361,11,4,100,49,2312,0,0,100,0,2312,0.9083335912455368,0.8548339489116268,0.7871949110709793,7,7,True,False,False,1,1,97,25,2336,11,4,102,25,2311,0.9230727476663019,0.8675318811023868,0.7995176316760586,8,7,True,True,False,0.014739156420765065,0.012697932190759986,0.01232272060507933,0,1,0,0.9981785801019996,19.68744921684265
932,mc_0932,5.0,1.0,0.9825957645001089,20261757,17.048388529750305,17.048388529750305,0.0,True,101,2392,10,3,104,57,2335,1,0,104,0,2335,0.9226647882513661,0.9161125296751826,0.8429006760463924,7,7,True,False,False,2,1,102,18,2374,10,3,107,12,2362,0.9380549863387978,0.9116388156088918,0.8548838473576392,8,7,True,True,False,0.015390198087431695,-0.004473714066290824,0.01198317131124682,0,1,0,0.9980166761110661,20.49790382385254
933,mc_0933,5.0,1.0,0.33903282438936694,20261758,17.048388529750305,17.048388529750305,0.0,True,100,2410,12,5,108,49,2361,1,0,108,0,2361,0.9213627049180328,0.9059705935422426,0.8273332984602753,7,7,True,False,False,2,1,101,6,2404,11,4,108,15,2389,0.9406911714480874,0.9027306269870585,0.8443202230480646,8,7,True,True,False,0.0193284665300546,-0.003239966555184104,0.016986924587789387,0,1,0,0.998704768072533,24.324519872665405
934,mc_0934,5.0,1.0,2.9972206921928497,20261759,17.048388529750305,17.048388529750305,0.0,True,101,2406,9,3,107,34,2372,0,0,107,0,2372,0.9269232411202186,0.8911642939788413,0.8250335223068326,7,7,True,False,False,1,1,102,19,2387,7,1,103,2,2385,0.9973638148907104,0.8994608812909728,0.8969537408867094,8,8,True,True,True,0.07044057377049173,0.008296587312131454,0.07192021857987685,1,1,1,0.9984214360883996,23.800643920898438
935,mc_0935,5.0,1.0,2.158289943618178,20261760,17.04193096544586,17.04193096544586,0.0,True,102,2426,10,4,108,52,2374,0,0,108,0,2374,0.9194095799180328,0.8848694301589424,0.8056391421450475,7,7,True,False,False,1,1,103,22,2404,9,3,108,10,2394,0.9380549863387978,0.8836981219600145,0.8276850104004793,8,7,True,True,False,0.018645406420764954,-0.0011713081989278562,0.022045868255431755,0,1,0,0.9981381041042662,24.61942219734192
936,mc_0936,5.0,1.0,1.1770198332463175,20261761,17.027820392426293,17.027820392426293,0.0,True,100,2438,11,4,108,79,2359,0,0,108,0,2359,0.9187585382513661,0.8858100017916984,0.8071159054241512,7,7,True,False,False,1,1,101,49,2389,10,3,106,25,2364,0.939421106557377,0.8771724895999065,0.8248097076510743,8,7,True,True,False,0.020662568306010876,-0.008637512191791985,0.017693802226923072,0,1,0,0.9970452521654659,24.90302610397339
937,mc_0937,5.0,1.0,5.051355484195453,20261762,16.84314791384103,16.84314791384103,0.0,True,96,2366,12,4,101,44,2322,1,0,101,0,2322,0.864617913251366,0.8540492194670724,0.7420096153227063,7,6,True,False,False,2,1,97,26,2340,12,4,102,26,2314,0.8786740095628416,0.8508964621193311,0.752140421328473,8,6,True,True,False,0.01405609631147553,-0.0031527573477412307,0.010130806005766768,0,1,0,0.9982190560997328,23.229640245437622
938,mc_0938,5.0,1.0,2.766094558679422,20261763,17.027820392426293,17.027820392426293,0.0,True,102,2415,10,4,108,55,2360,0,0,108,0,2360,0.9187585382513661,0.9110507377348053,0.8321177705777527,7,7,True,False,False,1,1,103,16,2399,7,1,104,2,2397,0.9972677595628415,0.9080092245631689,0.9056792235218276,8,8,True,True,True,0.07850922131147542,-0.0030415131716363675,0.0735614529440749,1,1,1,0.9978547721201327,23.85107183456421
939,mc_0939,5.0,1.0,5.492169650211384,20261764,16.818424617458945,16.818424617458945,0.0,True,95,2368,11,4,100,76,2292,0,0,100,0,2292,0.9225687329234973,0.9195428062815982,0.8616051352924567,7,7,True,False,False,1,1,97,70,2298,10,4,102,22,2276,0.9393570696721312,0.9209698861236684,0.8706492619970927,8,7,True,True,False,0.016788336748633892,0.0014270798420701336,0.009044126704635946,0,1,0,0.9970047761677325,22.489163160324097
940,mc_0940,5.0,1.0,1.672290996694243,20261765,17.031739086276772,17.031739086276772,0.0,True,101,2458,11,3,106,75,2383,1,0,106,0,2383,0.9206156079234973,0.9125258991758263,0.8414405435539561,7,7,True,False,False,1,1,102,53,2405,9,3,107,29,2376,0.9380549863387978,0.9015536689549013,0.8466987907613891,8,7,True,True,False,0.01743937841530052,-0.010972230220924972,0.005258247207432953,0,1,0,0.9972071561563992,22.935102939605713
941,mc_0941,5.0,1.0,4.445262799384456,20261766,17.023194609192984,17.023194609192984,0.0,True,99,2448,9,3,104,93,2355,0,0,104,0,2355,0.9233158299180328,0.8495007673086716,0.7805478156610479,7,7,True,False,False,1,1,100,47,2401,10,3,104,22,2379,0.9407552083333333,0.8342919274422975,0.7784670975103247,8,7,True,True,False,0.01743937841530041,-0.015208839866374113,-0.002080718150723193,0,1,0,0.996357160203999,20.870146989822388
942,mc_0942,5.0,1.0,4.252276949960936,20261767,17.044626788618505,17.044626788618505,0.0,True,103,2405,7,1,104,2,2403,1,0,104,0,2403,1.0,0.9110156687941565,0.9110156687941565,8,8,True,True,True,1,0,103,0,2405,7,1,104,2,2403,1.0,0.9110156687941565,0.9110156687941565,8,8,True,True,True,0.0,0.0,0.0,0,0,0,1.0,20.5968759059906
943,mc_0943,5.0,1.0,1.1607742514205581,20261768,17.033237458955394,17.033237458955394,0.0,True,101,2408,12,5,109,49,2359,0,0,109,0,2359,0.9239668715846995,0.9391476292340947,0.8741383897523488,7,7,True,False,False,1,1,102,21,2387,11,4,107,25,2362,0.9400081113387978,0.9387267973987892,0.8852700646570482,8,7,True,True,False,0.016041239754098324,-0.00042083183530550183,0.011131674904699351,0,1,0,0.9984214360883996,21.579254865646362
944,mc_0944,5.0,1.0,0.604504262281683,20261769,17.04193096544586,17.04193096544586,0.0,True,101,2415,11,4,108,42,2373,0,0,108,0,2373,0.9269232411202186,0.8901311276086059,0.8216174479693243,7,7,True,False,False,1,1,102,6,2409,9,2,104,18,2391,0.9979508196721312,0.8945869736174215,0.8925377932895525,8,8,True,True,True,0.07102757855191255,0.004455846008815545,0.07092034532022817,1,1,1,0.9987857200679997,20.860164880752563
945,mc_0945,5.0,1.0,5.421030884476001,20261770,17.037207611762,17.037207611762,0.0,True,102,2457,15,4,108,59,2398,0,0,108,0,2398,0.9194095799180328,0.8445825335157823,0.7691595358753964,7,7,True,False,False,1,1,103,20,2437,13,3,108,12,2425,0.9407552083333333,0.8455858161591547,0.7905683369904928,8,7,True,True,False,0.02134562841530041,0.0010032826433724606,0.021408801115096354,0,1,0,0.9983404840929329,21.588809967041016
946,mc_0946,5.0,1.0,1.449128663698018,20261771,17.027820392426293,17.027820392426293,0.0,True,99,2482,12,4,107,61,2421,0,0,107,0,2421,0.9239668715846995,0.8337064943452811,0.7711387388777095,7,7,True,False,False,1,1,100,52,2430,10,3,105,9,2421,0.9401041666666667,0.8272295699514596,0.7768969368982384,8,7,True,True,False,0.016137295081967262,-0.006476924393821526,0.005758198020528904,0,1,0,0.9975714401359993,21.410401582717896
947,mc_0947,5.0,1.0,4.261338489023184,20261772,17.04193096544586,17.04193096544586,0.0,True,102,2414,12,4,108,65,2349,1,0,108,0,2349,0.9194095799180328,0.914876499922082,0.8357479214073427,7,7,True,False,False,2,1,103,28,2386,10,3,108,8,2378,0.9379909494535519,0.9073672193281239,0.8535152361779065,8,7,True,True,False,0.018581369535519032,-0.0075092805939580565,0.017767314770563813,0,1,0,0.9980166761110661,21.902033805847168
948,mc_0948,5.0,1.0,4.595903280893865,20261773,16.82746389211387,16.82746389211387,0.0,True,97,2323,9,3,100,56,2267,1,0,100,0,2267,0.9212395348729877,0.9205098231230635,0.84825549974419,7,7,True,False,False,2,1,98,15,2308,7,1,99,2,2306,0.9906021544085069,0.9081716130874851,0.9004239609870404,8,8,True,True,True,0.06936261953551914,-0.012338210035578445,0.05216846124285035,1,1,1,0.9977738201246661,20.019082069396973
949,mc_0949,5.0,1.0,1.8110104214076979,20261774,17.038393596540367,17.038393596540367,0.0,True,101,2407,9,3,105,48,2359,0,0,105,0,2359,0.9226647882513661,0.9084994679657531,0.8390245878497723,7,7,True,False,False,1,1,102,24,2383,9,3,107,10,2373,0.9407231898907104,0.905621311484761,0.8481751990829423,8,7,True,True,False,0.018058401639344246,-0.0028781564809921,0.009150611233169959,0,1,0,0.9983000080951996,22.03878092765808
950,mc_0950,5.0,1.0,3.905207434097602,20261775,17.044626788618505,17.044626788618505,0.0,True,101,2436,12,6,109,69,2367,0,0,109,0,2367,0.8784849531866064,0.8673602362296917,0.7595739325960517,7,6,True,False,False,1,1,102,7,2429,11,5,109,30,2399,0.9011326649352402,0.8647798157636328,0.7795171275544235,8,6,True,True,False,0.022647711748633892,-0.002580420466058886,0.019943194958371824,0,1,0,0.9986238160770663,22.536759853363037
951,mc_0951,5.0,1.0,0.3821667050997597,20261776,17.053643759695195,17.053643759695195,0.0,True,101,2417,12,4,108,45,2372,1,0,108,0,2372,0.9122173587672774,0.9016713948926118,0.8195394462547977,7,7,True,False,False,2,1,102,21,2396,12,4,107,22,2374,0.9260173075377691,0.9050892069430205,0.8336782235301395,8,7,True,True,False,0.013799948770491732,0.0034178120504086973,0.014138777275341852,0,1,0,0.998704768072533,22.25612211227417
952,mc_0952,5.0,1.0,1.132186775446902,20261777,17.023194609192984,17.023194609192984,0.0,True,100,2438,12,5,107,73,2365,0,0,107,0,2365,0.9187585382513661,0.8890760100114056,0.820754025464096,7,7,True,False,False,1,1,101,24,2414,9,2,103,9,2405,0.9993489583333333,0.8933567165961381,0.8928473506633852,8,8,True,True,True,0.08059042008196715,0.004280706584732563,0.07209332519928913,1,1,1,0.9975714401359993,22.195376873016357
953,mc_0953,5.0,1.0,0.014110967691650367,20261778,16.88348079839632,16.88348079839632,0.0,True,96,2367,9,3,99,75,2292,0,0,99,0,2292,0.9186353682063211,0.8733649624379899,0.7968469407576986,7,7,True,False,False,1,1,97,46,2321,7,1,98,2,2319,0.9953195382882882,0.87949270865372,0.8757920140231473,8,8,True,True,True,0.07668417008196715,0.00612774621573009,0.07894507326544875,1,1,1,0.9970452521654659,19.604033946990967
954,mc_0954,5.0,1.0,0.45382873376283245,20261779,16.852157323094623,16.852157323094623,0.0,True,96,2309,9,3,99,27,2282,1,0,99,0,2282,0.9179843265396543,0.8870714910135395,0.8059425015794128,7,7,True,False,False,2,1,97,4,2305,9,3,101,16,2289,0.9360107097363757,0.8851591876306479,0.82295626095514,8,7,True,True,False,0.01802638319672134,-0.0019123033828916114,0.017013759375727133,0,1,0,0.9986642920747997,20.530328035354614
955,mc_0955,5.0,1.0,0.4315135677418583,20261780,17.044626788618505,17.044626788618505,0.0,True,99,2441,11,4,105,85,2356,0,0,105,0,2356,0.9206156079234973,0.9029121332883806,0.8256410732378752,7,7,True,False,False,1,1,100,48,2393,11,4,106,18,2375,0.9381510416666667,0.8894849996924772,0.8312977396399414,8,7,True,True,False,0.01753543374316946,-0.013427133595903418,0.0056566664020661905,0,1,0,0.9977738201246661,21.570138216018677
956,mc_0956,5.0,1.0,4.417034268373009,20261781,17.018295368341942,17.018295368341942,0.0,True,100,2432,13,5,107,62,2370,0,0,107,0,2370,0.918911724525876,0.8819211349219397,0.804672245033704,7,7,True,False,False,1,1,101,18,2414,12,4,107,17,2397,0.9375891493892639,0.8798239182905585,0.8216545614726303,8,7,True,True,False,0.01867742486338786,-0.0020972166313811824,0.016982316438926226,0,1,0,0.9985023880838663,21.865764141082764
957,mc_0957,5.0,1.0,2.0376373203537943,20261782,17.053643759695195,17.053643759695195,0.0,True,101,2398,11,5,109,43,2355,0,0,109,0,2355,0.8982535163495764,0.9074877885065075,0.8158631806629579,7,6,True,False,False,1,1,102,3,2395,11,5,109,24,2371,0.9120534651200682,0.9069725202958441,0.8299798420093265,8,6,True,True,False,0.013799948770491843,-0.0005152682106633888,0.014116661346368575,0,1,0,0.9991095280498664,21.99889898300171
958,mc_0958,5.0,1.0,6.243877042231773,20261783,17.040104933363203,17.040104933363203,0.0,True,101,2420,11,4,107,55,2365,0,0,107,0,2365,0.9187585382513661,0.8686782327400208,0.7887969030594593,7,7,True,False,False,1,1,102,11,2409,8,1,103,2,2407,0.9993489583333333,0.8643454921421978,0.863751586669561,8,8,True,True,True,0.08059042008196715,-0.004332740597822959,0.07495468361010171,1,1,1,0.9982190560997328,21.09140396118164
959,mc_0959,5.0,1.0,1.9969988695589063,20261784,17.038393596540367,17.038393596540367,0.0,True,99,2425,14,6,108,58,2367,0,0,108,0,2367,0.9071546779572485,0.911079870552874,0.827848884791455,7,7,True,False,False,1,1,100,6,2419,11,3,104,22,2397,0.9857279361539697,0.9180800644633507,0.9038740578392594,8,8,True,True,True,0.07857325819672123,0.007000193910476682,0.07602517304780443,1,1,1,0.998704768072533,21.453370809555054
960,mc_0960,5.0,1.0,2.3529654509545437,20261785,17.027820392426293,17.027820392426293,0.0,True,101,2481,12,4,109,91,2390,1,0,109,0,2390,0.9187585382513661,0.8904748649123232,0.8104206364767037,7,7,True,False,False,1,1,102,67,2414,11,3,107,25,2389,0.939421106557377,0.8764753056977744,0.8202962196963535,8,7,True,True,False,0.020662568306010876,-0.013999559214548762,0.009875583219649764,0,1,0,0.9966404921881324,21.633815050125122
961,mc_0961,5.0,1.0,3.8487807430335295,20261786,17.023194609192984,17.023194609192984,0.0,True,100,2424,12,5,108,67,2357,0,0,108,0,2357,0.9213627049180328,0.9129590031159076,0.8381610936198289,7,7,True,False,False,1,1,101,16,2408,11,4,107,41,2367,0.9393570696721312,0.9073669312950693,0.8525850020462321,8,7,True,True,False,0.017994364754098324,-0.005592071820838318,0.014423908426403176,0,1,0,0.998947624058933,22.60283589363098
962,mc_0962,5.0,1.0,0.023043954419697563,20261787,17.038393596540367,17.038393596540367,0.0,True,101,2453,12,5,107,100,2353,1,0,107,0,2353,0.8728202000927457,0.8653424026812917,0.7448760435692469,7,5,True,False,False,2,1,102,36,2417,11,4,108,23,2394,0.9120534651200682,0.845249907559591,0.7672622000893339,8,6,True,True,False,0.039233265027322495,-0.02009249512170075,0.02238615652008702,1,1,0,0.9969643001699992,22.893311262130737
963,mc_0963,5.0,1.0,3.3836527247899872,20261788,17.027820392426293,17.027820392426293,0.0,True,100,2435,14,6,108,91,2344,0,0,108,0,2344,0.9096056583494053,0.9023068241431241,0.8130642128954768,7,7,True,False,False,1,1,101,28,2407,13,5,108,37,2370,0.9302362082127933,0.9017868472771852,0.8346586595607621,8,7,True,True,False,0.02063054986338797,-0.0005199768659389647,0.021594446665285316,0,1,0,0.9983809600906662,23.558104038238525
964,mc_0964,5.0,1.0,5.548273555556161,20261789,17.012886370901654,17.012886370901654,0.0,True,100,2440,12,6,109,110,2330,0,0,109,0,2330,0.8740337676091643,0.9072547079671504,0.7919815212765249,7,6,True,False,False,1,1,101,39,2401,9,3,105,36,2365,0.9532580674725523,0.9127214768126886,0.8661481555000472,8,7,True,True,True,0.07922429986338797,0.005466768845538206,0.07416663422352232,1,1,1,0.9981785801019996,23.35229516029358
965,mc_0965,5.0,1.0,2.2133204193968794,20261790,17.027820392426293,17.027820392426293,0.0,True,101,2419,12,5,107,81,2338,0,0,107,0,2338,0.8811952259424977,0.9310903782607413,0.8143494019879232,7,6,True,False,False,1,1,102,24,2395,12,5,110,37,2358,0.8953473775818419,0.9238858894226938,0.8235101113467227,8,6,True,True,False,0.014152151639344246,-0.007204488838047474,0.009160709358799535,0,1,0,0.9980571521087995,24.033053159713745
966,mc_0966,5.0,1.0,5.218365937484512,20261791,17.018295368341942,17.018295368341942,0.0,True,100,2432,14,5,108,67,2365,0,0,108,0,2365,0.8767932286183386,0.9069231631665277,0.7914364900068944,7,6,True,False,False,1,1,101,14,2418,13,5,110,51,2367,0.8948516302576829,0.916693868694495,0.8135375478268289,8,6,True,True,False,0.018058401639344246,0.009770705527967327,0.022101057819934433,0,1,0,0.9990285760543998,24.085262775421143
967,mc_0967,5.0,1.0,6.196955311979166,20261792,17.027820392426293,17.027820392426293,0.0,True,100,2479,12,4,108,82,2397,1,0,108,0,2397,0.9259520150273224,0.8620965374665388,0.8125122957423858,7,7,True,False,False,2,1,101,62,2417,11,4,107,55,2362,0.9318113900273224,0.8894493331383,0.8310169302373913,8,7,True,True,False,0.005859375,0.027352795671761188,0.0185046344950055,0,1,0,0.9979357241155995,24.032870292663574
968,mc_0968,5.0,1.0,5.718057346805646,20261793,16.712263388458517,16.712263388458517,0.0,True,95,2316,10,6,102,57,2259,0,0,102,0,2259,0.9106313853631838,0.9465691788526434,0.8653255642158273,7,7,True,False,False,1,1,96,23,2293,10,6,103,34,2259,0.9306429120025281,0.9494587479681258,0.8826505373604726,8,7,True,True,False,0.020011526639344357,0.0028895691154824377,0.017324973144645317,0,1,0,0.9985428640815996,22.857904195785522
969,mc_0969,5.0,1.0,5.0672031637378225,20261794,17.04193096544586,17.04193096544586,0.0,True,102,2422,13,4,108,53,2369,0,0,108,0,2369,0.9213627049180328,0.9064641503862862,0.8287632964845161,7,7,True,False,False,1,1,103,14,2408,11,3,108,8,2400,0.9407552083333333,0.9009398474008433,0.8451150174688705,8,7,True,True,False,0.01939250341530041,-0.00552430298544293,0.016351720984354445,0,1,0,0.9985023880838663,24.13958501815796
970,mc_0970,5.0,1.0,1.0362688555170974,20261795,16.925365233602648,16.925365233602648,0.0,True,96,2342,11,5,101,59,2283,0,0,101,0,2283,0.9213627049180328,0.9146756978653531,0.838225544822332,7,7,True,False,False,1,1,97,13,2329,11,5,103,34,2295,0.937467981557377,0.9116764486161038,0.8519447907796073,8,7,True,True,False,0.016105276639344135,-0.002999249249249325,0.01371924595727525,0,1,0,0.9980571521087995,22.69646692276001
971,mc_0971,5.0,1.0,1.4048449741457667,20261796,17.04193096544586,17.04193096544586,0.0,True,101,2419,10,3,106,41,2378,0,0,106,0,2378,0.9324304132513661,0.9160723717804574,0.8539106839011703,8,7,True,True,False,1,1,102,33,2386,10,3,107,13,2373,0.94140625,0.9059107139585838,0.8537516230494929,8,7,True,True,False,0.008975836748633892,-0.010161657821873615,-0.00015906085167738393,0,0,0,0.9981785801019996,23.730672121047974
972,mc_0972,5.0,1.0,3.513906965666757,20261797,17.048388529750305,17.048388529750305,0.0,True,101,2389,10,4,107,38,2351,0,0,107,0,2351,0.9213627049180328,0.8799564259237667,0.8015652203690997,7,7,True,False,False,1,1,102,7,2382,9,3,107,8,2374,0.941374231557377,0.8807526557553056,0.8221343118790878,8,7,True,True,False,0.020011526639344135,0.0007962298315389305,0.02056909150998809,0,1,0,0.998826196065733,23.83202290534973
973,mc_0973,5.0,1.0,2.247012480195253,20261798,17.048388529750305,17.048388529750305,0.0,True,101,2417,11,4,107,49,2368,0,0,107,0,2368,0.9194095799180328,0.864117791434398,0.784679101755378,7,7,True,False,False,1,1,102,13,2404,10,3,107,13,2391,0.9407231898907104,0.8678376923377485,0.8085968266249257,8,7,True,True,False,0.021313609972677505,0.0037199009033505037,0.023917724869547685,0,1,0,0.9985023880838663,21.369595289230347
974,mc_0974,5.0,1.0,3.6906369748553582,20261799,17.027820392426293,17.027820392426293,0.0,True,100,2457,11,4,105,67,2390,0,0,105,0,2390,0.9057728963594742,0.8500349416467923,0.7656988333956104,7,7,True,False,False,1,1,101,25,2432,12,5,110,36,2396,0.9135853963594742,0.8528536074782987,0.7740687018691058,8,7,True,True,False,0.0078125,0.0028186658315064728,0.008369868473495412,0,1,0,0.9986238160770663,21.388264179229736
975,mc_0975,5.0,1.0,3.3286223763197786,20261800,16.818424617458945,16.818424617458945,0.0,True,94,2394,10,5,102,112,2282,1,0,102,0,2282,0.9154255813846156,0.9215318480861244,0.8439195810292905,7,7,True,False,False,2,1,95,54,2340,8,3,98,33,2307,0.986122302696091,0.8992353206851478,0.8867092351285666,8,8,True,True,True,0.07069672131147542,-0.02229652740097665,0.04278965409927604,1,1,1,0.9968023961790659,20.767066955566406
976,mc_0976,5.0,1.0,2.9383904221510098,20261801,17.027820392426293,17.027820392426293,0.0,True,101,2447,12,4,108,68,2379,0,0,108,0,2379,0.9269232411202186,0.882748481162493,0.8196360085561705,7,7,True,False,False,1,1,102,20,2427,12,4,108,47,2380,0.94140625,0.8916511030635241,0.837989486901908,8,7,True,True,False,0.014483008879781378,0.008902621901031083,0.01835347834573753,0,1,0,0.9985023880838663,21.73239302635193
977,mc_0977,5.0,1.0,3.6374827253227195,20261802,17.033237458955394,17.033237458955394,0.0,True,99,2482,10,3,104,107,2375,0,0,104,0,2375,0.9226647882513661,0.8617456455613854,0.8016099942758733,7,7,True,False,False,1,1,100,92,2390,10,3,105,16,2374,0.9407552083333333,0.8624395340327271,0.8082115060897459,8,7,True,True,False,0.01809042008196715,0.0006938884713416638,0.006601511813872585,0,1,0,0.9970452521654659,23.620685815811157
978,mc_0978,5.0,1.0,1.118844337990369,20261803,16.7053807089791,16.7053807089791,0.0,True,95,2370,10,3,99,77,2293,0,0,99,0,2293,0.9173332848729877,0.848410084926878,0.7687183114530044,7,7,True,False,False,1,1,96,35,2335,8,1,97,2,2333,0.9926193162937528,0.8383331405035188,0.8321992618100327,8,8,True,True,True,0.07528603142076506,-0.010076944423359158,0.06348095035702828,1,1,1,0.9967619201813325,22.00373125076294
979,mc_0979,5.0,1.0,4.983216626707331,20261804,17.018295368341942,17.018295368341942,0.0,True,98,2476,10,4,102,105,2371,0,0,102,0,2371,0.9128608666827387,0.9000298934857771,0.8378335955343694,7,7,True,False,False,1,1,99,53,2423,10,4,104,26,2397,0.9302362082127933,0.8910099461883142,0.8427406755412695,8,7,True,True,False,0.0173753415300546,-0.009019947297462916,0.0049070800069001,0,1,0,0.996357160203999,23.33467388153076
980,mc_0980,5.0,1.0,1.0725076390041604,20261805,17.018295368341942,17.018295368341942,0.0,True,100,2441,11,4,106,78,2363,0,0,106,0,2363,0.9187585382513661,0.8871364682017124,0.8089414042443821,7,7,True,False,False,1,1,101,34,2407,8,1,102,2,2405,0.9993169398907104,0.8832340721481535,0.8826566902893647,8,8,True,True,True,0.08055840163934425,-0.0039023960535589097,0.07371528604498256,1,1,1,0.9974904881405326,24.105287075042725
981,mc_0981,5.0,1.0,1.1808074521102458,20261806,17.015217647302862,17.015217647302862,0.0,True,101,2445,11,3,105,52,2393,0,0,105,0,2393,0.9226647882513661,0.8604603109283168,0.7952104087896028,7,7,True,False,False,1,1,102,27,2418,11,3,107,14,2404,0.9407552083333333,0.8597709489727079,0.8055429210297267,8,7,True,True,False,0.01809042008196715,-0.0006893619556088693,0.010332512240123881,0,1,0,0.9983404840929329,23.648424863815308
982,mc_0982,5.0,1.0,1.89271194767002,20261807,16.838349502017444,16.838349502017444,0.0,True,96,2299,9,4,100,44,2255,1,0,100,0,2255,0.9057294245788701,0.8973114239553842,0.8077303123715109,7,6,True,False,False,2,1,97,12,2287,9,4,102,19,2268,0.9250899095515477,0.8934073012604835,0.8258441657228028,8,6,True,True,False,0.019360484972677616,-0.0039041226949007024,0.018113853351291898,0,1,0,0.9983404840929329,22.563971996307373
983,mc_0983,5.0,1.0,5.044844982047647,20261808,17.027820392426293,17.027820392426293,0.0,True,101,2436,10,3,104,48,2388,0,0,104,0,2388,0.9226647882513661,0.8661654450288445,0.7966905649128637,7,7,True,False,False,1,1,102,16,2420,10,3,107,11,2409,0.9407231898907104,0.8606100449628311,0.8071065450869581,8,7,True,True,False,0.018058401639344246,-0.005555400066013405,0.010415980174094397,0,1,0,0.998826196065733,22.932762145996094
984,mc_0984,5.0,1.0,1.2490738248699325,20261809,17.027820392426293,17.027820392426293,0.0,True,101,2464,11,4,107,81,2383,0,0,107,0,2383,0.8779400176091643,0.8910989625369923,0.7964676486244173,7,6,True,False,False,1,1,102,45,2419,11,4,108,30,2389,0.8959984192485085,0.9020698216967717,0.8117857548475444,8,6,True,True,False,0.018058401639344246,0.010970859159779467,0.015318106223127126,0,1,0,0.9971666801586659,23.790478944778442
985,mc_0985,5.0,1.0,3.2119678643396927,20261810,17.012886370901654,17.012886370901654,0.0,True,100,2414,9,3,103,48,2366,0,0,103,0,2366,0.9226647882513661,0.8736528185308922,0.8036431655528162,7,7,True,False,False,1,1,101,13,2401,9,3,106,10,2391,0.94140625,0.876194084340205,0.8209620858804437,8,7,True,True,False,0.018741461748633892,0.0025412658093127982,0.017318920327627496,0,1,0,0.9982595320974662,23.394123077392578
986,mc_0986,5.0,1.0,2.8222975040871825,20261811,17.027820392426293,17.027820392426293,0.0,True,100,2404,11,5,108,76,2328,1,0,108,0,2328,0.9194095799180328,0.940113555355457,0.85976922480079,7,7,True,False,False,2,1,101,6,2398,10,4,108,38,2360,0.94140625,0.9361965163381231,0.8809645178783618,8,7,True,True,False,0.02199667008196715,-0.003917039017333979,0.021195293077571842,0,1,0,0.9986238160770663,24.166860818862915
987,mc_0987,5.0,1.0,0.4054417775210919,20261812,17.033237458955394,17.033237458955394,0.0,True,100,2436,14,5,109,48,2388,1,0,109,0,2388,0.9246179132513661,0.8821399387423119,0.8166981406920486,7,7,True,False,False,2,1,102,16,2420,11,2,104,15,2405,0.9973317964480874,0.8749082184617345,0.8726575811601003,8,8,True,True,True,0.07271388319672134,-0.007231720280577392,0.05595944046805168,1,1,1,0.9987452440702663,23.067965030670166
988,mc_0988,5.0,1.0,5.3943593882122824,20261813,17.027820392426293,17.027820392426293,0.0,True,101,2421,13,5,108,70,2351,0,0,108,0,2351,0.9194095799180328,0.8959829643161745,0.8173854228445856,7,7,True,False,False,1,1,102,18,2403,9,2,104,23,2380,0.9959976946721312,0.8964961363669436,0.8926817536699956,8,8,True,True,True,0.07658811475409832,0.0005131720507690618,0.07529633082540999,1,1,1,0.9981785801019996,23.08338499069214
989,mc_0989,5.0,1.0,4.7475664123404115,20261814,17.023194609192984,17.023194609192984,0.0,True,99,2467,11,3,103,75,2392,0,0,103,0,2392,0.9259199965846995,0.8574055952807649,0.7937061094346416,7,7,True,False,False,1,1,100,38,2429,12,4,106,54,2375,0.9305093066939891,0.8636752961047431,0.7993173479147848,8,7,True,True,False,0.004589310109289646,0.006269700823978264,0.005611238480143221,0,1,0,0.9981785801019996,21.321254014968872
990,mc_0990,5.0,1.0,4.377279830376132,20261815,17.058791019808645,17.058791019808645,0.0,True,102,2387,11,5,110,50,2337,0,0,110,0,2337,0.8907398551473906,0.9334516310241535,0.8278649189988806,7,6,True,False,False,1,1,103,8,2379,8,2,106,8,2371,0.9686620716774452,0.931042150311205,0.9031084488705066,8,7,True,True,True,0.0779222165300546,-0.002409480712948553,0.07524352987162597,1,1,1,0.9982190560997328,22.19938087463379
991,mc_0991,5.0,1.0,2.656238627418167,20261816,17.00500898166483,17.00500898166483,0.0,True,96,2452,13,6,105,113,2339,0,0,105,0,2339,0.9174564549180328,0.8514142382901443,0.7700224236111244,7,7,True,False,False,1,1,98,31,2421,10,4,104,45,2376,0.9401041666666667,0.828468150733241,0.7826678400876558,8,7,True,True,False,0.022647711748633892,-0.022946087556903305,0.01264541647653139,0,1,0,0.9981785801019996,21.54796290397644
992,mc_0992,5.0,1.0,0.293658626347409,20261817,17.044626788618505,17.044626788618505,0.0,True,99,2415,12,5,107,47,2368,1,0,107,0,2368,0.9194095799180328,0.8838340878302007,0.8041801089284305,7,7,True,False,False,2,1,100,11,2404,10,4,106,17,2387,0.9400401297814207,0.8813226896539088,0.8240119362975228,8,7,True,True,False,0.02063054986338786,-0.002511398176291868,0.01983182736909228,0,1,0,0.998826196065733,21.599545001983643
993,mc_0993,5.0,1.0,4.1106858867793825,20261818,17.044626788618505,17.044626788618505,0.0,True,102,2430,13,3,108,28,2402,0,0,108,0,2402,0.9288763661202186,0.836012074797041,0.7693356707615638,7,7,True,False,False,1,1,103,10,2420,13,3,108,9,2411,0.9407231898907104,0.8399320337285823,0.7832197463097732,8,7,True,True,False,0.011846823770491732,0.00391995893154129,0.013884075548209363,0,1,0,0.9991500040475998,21.53054189682007
994,mc_0994,5.0,1.0,1.2296415696270626,20261819,17.027820392426293,17.027820392426293,0.0,True,98,2426,13,7,109,81,2345,2,0,109,0,2345,0.8673013580882025,0.9065802354539394,0.794048934674134,7,6,True,False,False,3,1,99,24,2402,12,6,108,39,2363,0.8873449031701697,0.9007702823492296,0.8113930568075935,8,6,True,True,False,0.02004354508196715,-0.005809953104709775,0.017344122133459594,0,1,0,0.9988666720634664,21.988624095916748
995,mc_0995,5.0,1.0,6.008679027114502,20261820,16.823775898177065,16.823775898177065,0.0,True,93,2396,11,4,101,86,2310,0,0,101,0,2310,0.9220137465846995,0.8696870535259422,0.7958946399449626,7,7,True,False,False,1,1,94,38,2358,12,5,101,69,2289,0.9372758709016393,0.8646498942209323,0.8083573165308827,8,7,True,True,False,0.015262124316939851,-0.0050371593050099195,0.012462676585920152,0,1,0,0.9972071561563992,20.434038162231445
996,mc_0996,5.0,1.0,2.8256009049315938,20261821,17.027820392426293,17.027820392426293,0.0,True,102,2430,13,5,110,45,2385,1,0,110,0,2385,0.8625742827868852,0.8930766211235062,0.7707439065873312,6,6,True,False,False,1,1,103,20,2410,12,4,109,17,2393,0.8723719262295082,0.8841929818350968,0.7798449408462289,7,6,True,True,False,0.009797643442623016,-0.008883639288409406,0.009101034258897744,0,1,0,0.998704768072533,21.82654595375061
997,mc_0997,5.0,1.0,1.9055511026227385,20261822,17.018295368341942,17.018295368341942,0.0,True,101,2446,12,4,108,67,2379,0,0,108,0,2379,0.9213627049180328,0.8765728578166596,0.8075224043019203,7,7,True,False,False,1,1,103,44,2402,10,3,107,14,2388,0.9400721482240437,0.875252499629525,0.8254783157831563,8,7,True,True,False,0.018709443306010876,-0.001320358187134607,0.017955911481235987,0,1,0,0.9980166761110661,19.296220302581787
998,mc_0998,5.0,1.0,2.4550688766940527,20261823,16.907352976101325,16.907352976101325,0.0,True,98,2377,12,3,101,65,2312,1,0,101,0,2312,0.9213627049180328,0.8689675902932281,0.7928958755496384,7,7,True,False,False,2,1,99,25,2352,11,3,103,27,2325,0.939453125,0.8682055298750637,0.8144263242675871,8,7,True,True,False,0.01809042008196715,-0.0007620604181644008,0.021530448717948736,0,1,0,0.9974500121427993,17.94908881187439
999,mc_0999,5.0,1.0,5.61577646216013,20261824,17.027820392426293,17.027820392426293,0.0,True,102,2451,10,2,105,29,2422,0,0,105,0,2422,0.9301784494535519,0.8696068665437845,0.8069070221343813,7,7,True,False,False,1,1,103,29,2422,11,3,108,15,2407,0.9380549863387978,0.876235917866681,0.8234864619643282,8,7,True,True,False,0.007876536885245922,0.006629051322896484,0.016579439829946918,0,1,0,0.9984214360883996,17.74874711036682
